Descripcion,Cod Sku,Clasificación Valor,Clasificación Rotación ,Familia,Riesgo
MR162 | RODADO 13 165/70 79T,162-165-70R13-79T,MEDIO,C,Familia A,ALTO
MR162 | RODADO 14 165/70 81T,162-165-70R14-81T,MEDIO,C,Familia B,MEDIO
MR162 | RODADO 14 185/60 82H,162-185-60R14-82H,MEDIO,C,,
MR162 | RODADO 15 185/60 84H,162-185-60R15-84H,MEDIO,C,,
MR162 | RODADO 16 195/60 89H,162-195-60R16-89H,ALTO,C,,
MR162 | RODADO 15 195/65 91V,162-195-65R15-91V,MEDIO,C,,
MR162 | RODADO 16 215/55 97V,162-215-55R16-97VXL,ALTO,C,,
MR166 | RODADO 14 165/65 79T,166-165-65R14-79T,MEDIO,C,,
MR166 | RODADO 13 165/70 79T,166-165-70R13-79T,MEDIO,A,,
MR166 | RODADO 14 165/70 81T,166-165-70R14-81T,MEDIO,B,,
MR166 | RODADO 14 175/65 82H,166-175-65R14-82H,MEDIO,A,,
MR166 | RODADO 13 175/70 82H,166-175-70R13-82H,MEDIO,A,,
MR166 | RODADO 14 175/70 84T,166-175-70R14-84T,MEDIO,A,,
MR166 | RODADO 15 185/55 82V,166-185-55R15-82V,MEDIO,C,,
MR166 | RODADO 14 185/60 82H,166-185-60R14-82H,MEDIO,A,,
MR166 | RODADO 15 185/60 84H,166-185-60R15-84H,MEDIO,A,,
MR166 | RODADO 14 185/65 86H,166-185-65R14-86H,MEDIO,A,,
MR166 | RODADO 15 185/65 88H,166-185-65R15-88H,MEDIO,B,,
MR166 | RODADO 14 185/70 88H,166-185-70R14-88H,MEDIO,A,,
MR166 | RODADO 15 195/50 82V,166-195-50R15-82V,MEDIO,C,,
MR166 | RODADO 15 195/55 85V,166-195-55R15-85V,MEDIO,B,,
MR166 | RODADO 16 195/55 91V,166-195-55R16-91V,MEDIO,B,,
MR166 | RODADO 15 195/60 88H,166-195-60R15-88H,MEDIO,B,,
MR166 | RODADO 15 195/65 91H,166-195-65R15-91H,MEDIO,B,,
MR166 | RODADO 14 195/70 91H,166-195-70R14-91H,MEDIO,B,,
MR166 | RODADO 16 205/55 91V,166-205-55R16-91V,MEDIO,A,,
MR166 | RODADO 15 205/60 91H,166-205-60R15-91H,ALTO,C,,
MR166 | RODADO 16 205/60 92H,166-205-60R16-92H,ALTO,B,,
MR166 | RODADO 15 205/65 94H,166-205-65R15-94H,ALTO,B,,
MR166 | RODADO 15 205/70 96H,166-205-70R15-96H,ALTO,C,,
MR166 | RODADO 16 215/60 95H,166-215-60R16-95H,ALTO,C,,
MR166 | RODADO 16 215/65 98H,166-215-65R16-98H,ALTO,B,,
MR182 | RODADO 16 185/55 83V,182-185-55R16-83V,MEDIO,C,,
MR182 | RODADO 16 195/45 84V,182-195-45R16-84V,MEDIO,C,,
MR182 | RODADO 16 195/50 88V,182-195-50R16-88V,MEDIO,C,,
MR182 | RODADO 17 205/40 84W,182-205-40R17-84W,ALTO,C,,
MR182 | RODADO 17 205/45 88W,182-205-45R17-88W,ALTO,B,,
MR182 | RODADO 17 205/50 93W,182-205-50R17-93W,ALTO,C,,
MR182 | RODADO 17 215/45 91W,182-215-45R17-91WXL,ALTO,C,,
MR182 | RODADO 17 215/50 95W,182-215-50R17-95W,ALTO,C,,
MR182 | RODADO 16 215/55 97V,182-215-55R16-97V,ALTO,C,,
MR182 | RODADO 17 215/55 98W,182-215-55R17-98W,ALTO,C,,
MR182 | RODADO 18 225/40 92W,182-225-40R18-92W,ALTO,C,,
MR182 | RODADO 17 225/45 94W,182-225-45R17-94W,ALTO,B,,
MR182 | RODADO 18 225/45 95W,182-225-45R18-95W,ALTO,C,,
MR182 | RODADO 17 225/50 98W,182-225-50R17-98W,ALTO,C,,
MR182 | RODADO 18 235/40 95W,182-235-40R18-95W,ALTO,C,,
MR182 | RODADO 17 235/45 97W,182-235-45R17-97WXL,ALTO,C,,
MR182 | RODADO 18 235/50 101,182-235-50R18-101WXL,ALTO,C,,
MR182 | RODADO 18 245/40 97W,182-245-40R18-97WXL,ALTO,C,,
MR200 | RODADO 14 165/70 89-,200-165-70R14C-6PR-89,MEDIO,C,,
MR200 | RODADO 14 175/65 C,200-175-65R14C-6PR-90,MEDIO,C,,
MR200 | RODADO 16 195/65 104,200-195-65R16C-8PR-104,ALTO,C,,
MR200 | RODADO 15 195/70 104,200-195-70R15C-8PR-104,ALTO,C,,
MR200 | RODADO 16 195/75 C 107,200-195-75R16C-107.105,ALTO,C,,
MR200 | RODADO 16 195/75 107,200-195-75R16C-8PR-107,ALTO,C,,
MR200 | RODADO 16 205/65 107,200-205-65R16C-8PR-107,ALTO,C,,
MR200 | RODADO 15 205/70 106,200-205-70R15C-8PR-106,ALTO,C,,
MR200 | RODADO 16 215/65 109,200-215-65R16C-8PR-109,ALTO,C,,
MR200 | RODADO 16 215/75 116,200-215-75R16C-10PR116,ALTO,C,,
MR200 | RODADO 16 225/65 112,200-225-65R16C-112.110,ALTO,C,,
MR200 | RODADO 15 225/70 112,200-225-70R15C-112.110,ALTO,C,,
MR200 | RODADO 16 235/65 115,200-235-65R16C-115.113,ALTO,C,,
MR300 | RODADO 15 195/70 104,300-195-70R15C-8PR-104,ALTO,C,,
MR300 | RODADO 16 195/75 107,300-195-75R16C-8PR-107,ALTO,C,,
MR300 | RODADO 15 205/70 106,300-205-70R15C-8PR-106,ALTO,C,,
MR300 | RODADO 16 205/75 110,300-205-75R16C-110.108,ALTO,C,,
MR300 | RODADO 15 225/70 112,300-225-70R15C-8PR-112,ALTO,C,,
MR300 | RODADO 16 225/75 121,300-225-75R16C-12PR121,ALTO,C,,
PACK X10 CINTAS | PACK X10 ROLLOS CINT,3M_1550X10SUR,BAJO,C,,
OTROS ADHESIVOS | PN08115,3M_34931,ALTO,D,,
CINTAS DE EMPAQ | 3M™ CINTA DE EMPAQUE,3M_42385,BAJO,A,,
CINTAS REFLECTI | S/LITE 983-32 ROJO/B,3M_43522,ALTO,C,,
CINTAS REFLECTI | S/LITE ARG983-10 BLA,3M_43525,ALTO,C,,
CINTAS REFLECTI | S/LITE 983-72 ROJO I,3M_43535,ALTO,C,,
CINTAS REFLECTI | BANDA PERIM ARG 983-,3M_45360,ALTO,C,,
CINTAS AISLADOR | SCOTCH SUPER 33+ 19,3M_45611,BAJO,C,,
CINTAS AISLADOR | TEMFLEX 1550 AMARILL,3M_45817,BAJO,C,,
CINTAS AISLADOR | TEMFLEX 1550 AZUL 18,3M_45818,BAJO,D,,
CINTAS AISLADOR | TEMFLEX 1550 BLANCO,3M_45821,BAJO,C,,
CINTAS AISLADOR | TEMFLEX 1550 AMARILL,3M_45823,BAJO,C,,
CINTAS AISLADOR | SCOTCH 770 AMARILLO,3M_45829,BAJO,C,,
CINTAS AISLADOR | SCOTCH 770 AMARILLO,3M_45838,BAJO,D,,
CINTAS AISLADOR | SCOTCH 770 AZUL 19 M,3M_45839,BAJO,C,,
CINTAS AISLADOR | SCOTCH 770 BLANCO 19,3M_45840,BAJO,C,,
CINTAS AISLADOR | SCOTCH 770 ROJO 19 M,3M_45841,BAJO,C,,
CINTAS AISLADOR | SCOTCH 770 VERDE 19,3M_45842,BAJO,C,,
CINTAS DE ENMAS | 3M™ CINTA DUCTO PG N,3M_48921,BAJO,C,,
CINTAS DE ENMAS | 3M™ CINTA DUCTO PG G,3M_48923,BAJO,C,,
CINTAS DE ENMAS | 3M™ CINTA DUCTO PG R,3M_48925,BAJO,C,,
CINTAS DE ENMAS | 3M™ CINTA DUCTO PG B,3M_48927,BAJO,C,,
CINTAS DE ENMAS | 3M™ CINTA DUCTO PG A,3M_48928,BAJO,C,,
CINTAS DE ENMAS | 3M™ CINTA DUCTO PG A,3M_48929,BAJO,C,,
COMPUESTO PULID | PN06084,3M_52333,MEDIO,C,,
CINTAS DE ENMAS | PN26344,3M_53851,BAJO,C,,
CAR CARE | PN39006,3M_56906,ALTO,D,,
OTROS ADHESIVOS | PN08069,3M_56914,BAJO,C,,
CAR CARE | PN08898,3M_58537,MEDIO,C,,
CAR CARE | PN39000,3M_59126,MEDIO,C,,
CAR CARE | PN08812,3M_60113,MEDIO,C,,
COMPUESTO PULID | PN05973,3M_61752,MEDIO,C,,
COMPUESTO PULID | PN05990,3M_61753,MEDIO,C,,
COMPUESTO PULID | PN06068,3M_62702,ALTO,C,,
COMPUESTO PULID | PN05996,3M_62703,MEDIO,D,,
COMPUESTO PULID | PN06000,3M_62704,ALTO,C,,
COMPUESTO PULID | PN06094,3M_62892,ALTO,C,,
CINTAS DE ENMAS | CINTA DE ENMASCARAR,3M_62952,BAJO,C,,
CINTAS DE ENMAS | CINTA DE ENMASCARAR,3M_62953,BAJO,C,,
CINTAS DE ENMAS | CINTA DE ENMASCARAR,3M_62954,BAJO,C,,
TERMOCONTRAIBLE | FP 221 VW 11.0/5.5 R,3M_62981,MEDIO,C,,
CINTAS DE EMPAQ | 3M CINTA DE EMPAQUE,3M_63101,BAJO,C,,
CINTA DOBLE FAZ | 3M CINTA DOBLE FAZ 9,3M_64639,BAJO,C,,
CINTAS DE ENMAS | 3M™ CINTA DE ENMASCA,3M_65537,BAJO,C,,
CINTA AISLADORA | TEMFLEX 165 19MM x 9,3M_66061,BAJO,A,,
CINTA AISLADORA | TEMFLEX 175 19MM X 9,3M_66069,BAJO,A,,
CINTA AISLADORA | TEMFLEX 175 19MM X 1,3M_66070,BAJO,A,,
CINTA AISLADORA | TEMFLEX 165 19MM x 2,3M_67049,BAJO,A,,
CABLE 2 EN 1 | FUCSIA,ACCAC103FUCS,BAJO,C,,
CABLE 2 EN 1 | ROJO,ACCAC103ROJO,BAJO,C,,
CABLE 2 EN 1 | VERDE,ACCAC103VER,BAJO,D,,
CABLE LLAVERO | DORADO,ACCAC106GOLD,BAJO,C,,
CABLE LLAVERO | RIBETES VERDES,ACCAC106RIBVE,BAJO,C,,
POWER BANK SPER | POWER BANK / SPEAKER,ACCPOWJAN,BAJO,C,,
ALMOHADON DE VI | ALMOHADA DE VIAJE ME,AFA-AS01,BAJO,B,,
ALMOHADON CERVI | ALMOHADA PARA CUELLO,AFA-CER001,BAJO,B,,
ALMOHADON PARA | ALMOHADON PARA ASIEN,AFA-CER002,BAJO,B,,
PARASOL | PARASOL DELANTERO ME,AFA-PS001,BAJO,A,,
PARASOL | PARASOL LATERAL DE T,AFA-PS002,BAJO,A,,
PARASOL | PARASOL DELANTERO DE,AFA-PS003,BAJO,A,,
SOPORTE LUMBAR | ALMOHADON LUMBAR MES,AFA-RESP001,BAJO,B,,
MRAT172 PARA AU | RODADO 15 215/75 100,AT172-215-75R15-100S,ALTO,C,,
MRAT172 PARA AU | RODADO 16 235/70 106,AT172-235-70R16-106T,ALTO,C,,
MRAT172 PARA AU | RODADO 15 235/75 109,AT172-235-75R15-109S,ALTO,B,,
MRAT172 PARA AU | RODADO 17 245/65 107,AT172-245-65R17-107T,ALTO,C,,
MRAT172 PARA AU | RODADO 16 245/70 107,AT172-245-70R16-107T,ALTO,C,,
MRAT172 PARA AU | RODADO 16 255/70 111,AT172-255-70R16-111T,ALTO,B,,
MRAT172 PARA AU | RODADO 17 265/65 112,AT172-265-65R17-112T,ALTO,C,,
MRAT172 PARA AU | RODADO 16 265/70 112,AT172-265-70R16-112T,ALTO,C,,
MRAT172 PARA AU | RODADO 17 265/70 120,AT172-265-70R17-115T,ALTO,C,,
MRAT172 PARA AU | RODADO 16 265/75 116,AT172-265-75R16-116S,ALTO,C,,
MRAT172 PARA AU | RODADO 15 31X10.5 10,AT172-31X10.50R15LT-6P,ALTO,C,,
MRAT172 PARA AU | RODADO 16 235-85 120,AT172-LT235-85R16-10PR,ALTO,C,,
MRAT172 PARA AU | RODADO 16 285/75 126,AT172-LT285-75R16-10PR,ALTO,C,,
MRAT172 PARA AU | RODADO 17 285/70 117,AT172-P285-70R17-117T,ALTO,C,,
PLATINO DE DIST | VOLKSWAGEN BMW - FIA,BER161V,BAJO,C,,
PLATINO DE DIST | VOLKSWAGEN 1500 - DO,BER337V,BAJO,C,,
PLATINO DE DIST | FIAT 600 - 750 - 800,BER438V,BAJO,C,,
PLATINO DE DIST | FIAT 125 - 128 EUROP,BER451V,BAJO,C,,
PLATINO DE DIST | FORD FALCON ENTERIZO,BER511V,BAJO,C,,
BUJIA INCANDESC | VW VENTO 2.0 TDI Y 2,BERGE101,BAJO,D,,
BUJIA INCANDESC | BMW SERIE 1/SERIE 3/,BERGE102,MEDIO,D,,
BUJIA INCANDESC | CHRYSLER 3.0 CRD/MER,BERGE105,MEDIO,D,,
BUJIA INCANDESC | CHEVROLET SPIN 4.4 V,BERGE112,MEDIO,D,,
BUJIA INCANDESC | VW AMAROK 2.0 TDI Y,BERGE115,MEDIO,C,,
BUJIA INCANDESC | CHRYSLER 2.2 CRD/JEE,BERGN003,BAJO,C,,
BUJIA INCANDESC | ALFA ROMEO 2.5 TD/AU,BERGN007,BAJO,D,,
BUJIA INCANDESC | MERCEDES BENZ1.7 CDI,BERGN010,BAJO,D,,
BUJIA INCANDESC | CITROEN 2.8 HDI/FIAT,BERGN012,BAJO,D,,
BUJIA INCANDESC | CITROEN BERLINGO/XSA,BERGN016,BAJO,C,,
BUJIA INCANDESC | ALFA ROMEO 1.9 JTD/2,BERGN017,BAJO,C,,
BUJIA INCANDESC | RENAULT CLIO 2/KANGO,BERGN019,BAJO,C,,
BUJIA INCANDESC | CHEVROLET 2.0 DTI/2.,BERGN033,BAJO,D,,
BUJIA INCANDESC | FORD TD27/MITSUBISHI,BERGN039,BAJO,D,,
BUJIA INCANDESC | ALFA ROMEO 1.9 JTD/2,BERGN041,BAJO,D,,
BUJIA INCANDESC | NISSAN ( LARGO 17/AN,BERGN044,MEDIO,D,,
BUJIA INCANDESC | ALFA ROMEO 2.5 TD/AU,BERGN046,BAJO,D,,
BUJIA INCANDESC | CITROEN 1.4 HDI/1.4,BERGN047,BAJO,D,,
BUJIA INCANDESC | CHEVROLET 1.3 CDTI 1,BERGN053,BAJO,C,,
"BUJIA INCANDESC | Toyota: Corolla 2,0",BERGN065,MEDIO,C,,
BUJIA INCANDESC | CHEVROLET CORSA 1.5,BERGN103,BAJO,C,,
BUJIA INCANDESC | CHEVROLET ASTRA 1.7,BERGN104,MEDIO,D,,
BUJIA INCANDESC | HYUNDAI 2.5 TC/TCI/T,BERGN107,MEDIO,C,,
BUJIA INCANDESC | AUDI 2.5 TDI/1.9 TDI,BERGN855,BAJO,C,,
BUJIA INCANDESC | AUDI 1.6 D/2.0 D/2.4,BERGN857,BAJO,C,,
BUJIA INCANDESC | Fiat,BERGN925,BAJO,D,,
BUJIA INCANDESC | ALEKO 1.8 D/BEDFORD,BERGN927,BAJO,D,,
BUJIA INCANDESC | Ford: Mondeo 2.0 TDC,BERGN939,BAJO,D,,
BUJIA INCANDESC | CHEVROLET 2.0 DI 16V,BERGN944,BAJO,D,,
BUJIA INCANDESC | MERCEDES BENZ 1.8 D/,BERGN948,MEDIO,D,,
BUJIA INCANDESC | FIAT DUNA - PEUGEOT,BERGN954,BAJO,C,,
BUJIA INCANDESC | MITSUBISHI 1.9 D/TD/,BERGN959,BAJO,D,,
BUJIA INCANDESC | CITROEN 2.5 TDI/PEUG,BERGN964,BAJO,D,,
BUJIA INCANDESC | FIAT 1.7 TD/1.9 D/TD,BERGN970,BAJO,D,,
BUJIA INCANDESC | LAND ROVER 2.5 TDI/2,BERGN985,MEDIO,D,,
BUJIA INCANDESC | RENAULT CLIO/MEGANE,BERGN991,BAJO,D,,
BUJIA INCANDESC | FORD FOCUS/FIESTA/MO,BERGN993,BAJO,D,,
BUJIA INCANDESC | FORD 2.7 TD/NISSAN 2,BERGN994,BAJO,D,,
BUJIA INCANDESC | HOLDEN 3.0 DI/ISUZU,BERGN997,MEDIO,D,,
BUJIA INCANDESC | HONDA 2.0 TDI/LAND R,BERGN999,BAJO,D,,
BUJIA INCANDESC | AM GENERAL V8/CHEVRO,BERGV004,BAJO,D,,
BUJIA INCANDESC | ALEKO 1.8 D/BEDFORD,BERGV661,BAJO,D,,
BUJIA INCANDESC | ALEKO 1.8 D/BEDFORD,BERGV666,BAJO,C,,
BUJIA INCANDESC | HYUNDAI 2.5 D/TD/TCI,BERGV673,BAJO,D,,
BUJIA INCANDESC | TOYOTA CRESSIDA 11V,BERGV688,BAJO,D,,
BUJIA INCANDESC | FORD TD27/MITSUBISHI,BERGV728,BAJO,D,,
BUJIA INCANDESC | CHEVROLET 2.5 TD/DLX,BERGV783,BAJO,D,,
BUJIA INCANDESC | BEDFORD C240/CHEVROL,BERGV946,MEDIO,D,,
BUJIA INCANDESC | TOYOTA 2.2L/ 2.2D/2.,BERGV968,MEDIO,D,,
BUJIA DE ENCEND | ,BERUX56,BAJO,D,,
BUJIA DE ENCEND | ,BERUXF56,BAJO,C,,
BUJIA DE ENCEND | ,BERUXK56,BAJO,D,,
BUJIA DE ENCEND | CODIGO BERU / EQUIVA,BERUXK79,BAJO,C,,
BUJIA DE ENCEND | CODIGO BERU / EQUIVA,BERUXT15,BAJO,D,,
BUJIA DE ENCEND | CODIGO BERU 14-7 DU,BERZ11,BAJO,C,,
BUJIA DE ENCEND | CODIGO BERU 14 R-7 D,BERZ20,BAJO,D,,
BUJIA DE ENCEND | CODIGO BERU 14 F-7 H,BERZ200,BAJO,C,,
BUJIA DE ENCEND | CODIGO BERU 12 FR-7,BERZ234,BAJO,C,,
BUJIA DE ENCEND | CODIGO BERU 14F7HURV,BERZ272,BAJO,D,,
BUJIA DE ENCEND | CODIGO BERU 14F7HTUR,BERZ344,BAJO,C,,
BUJIA DE ENCEND | CODIGO BERU 14 KR-6,BERZ49,BAJO,D,,
BUJIA DE ENCEND | CODIGO BERU 14 K-8 D,BERZ6,BAJO,C,,
BUJIA DE ENCEND | CODIGO BERU 14 R-8 D,BERZ8,BAJO,C,,
"CABLE DE BUJIA | RENAULT: CLIO, KANGO",BERZEF1604,BAJO,C,,
BOBINA DE IGNIC | Fiat: Brava y Bravo,BERZS029,BAJO,D,,
"BOBINA DE IGNIC | VW: Vento 2.5 VR5, N",BERZS037,BAJO,D,,
BOBINA DE IGNIC | Fiat: Stilo 1.6 16V,BERZS320,BAJO,D,,
BOBINA DE IGNIC | Citroën: C5 y C6 3.0,BERZS347,BAJO,D,,
"BOBINA DE IGNIC | RENAULT: CLIO, KANGO",BERZS375,BAJO,C,,
BOBINA DE IGNIC | VW: GOLF III 1.6 Y 2,BERZSE001,BAJO,C,,
"BOBINA DE IGNIC | VW: BORA 2.0, GOL 1.",BERZSE003,BAJO,D,,
BOBINA DE IGNIC | Fiat: Barchetta 1.8,BERZSE020,BAJO,D,,
BOBINA DE IGNIC | VW: Golf IV 1.6 y 1.,BERZSE030,BAJO,D,,
"BOBINA DE IGNIC | VW: BORA, GOLF, NEW",BERZSE043,BAJO,D,,
BOBINA DE IGNIC | VW GOLG VII - 1.2 -,BERZSE067,BAJO,C,,
BOBINA DE IGNIC | AUDI A3 1.4 TFSI - V,BERZSE126,BAJO,D,,
BOBINA DE IGNIC | BMW - CITROEN - PEUG,BERZSE143,BAJO,D,,
BOBINA DE IGNIC | Renault Fluence 2.0,BERZSE161,BAJO,D,,
BUJIA INCANDESC | Bujia Incandescente,BOS0250201032,BAJO,D,,
BUJIA INCANDESC | Bujia Incandescente,BOS0250202001,BAJO,D,,
BUJIA INCANDESC | Bujia Incandescente,BOS0250202002,BAJO,D,,
BUJIA INCANDESC | Bujia Incandescente,BOS0250202020,BAJO,D,,
BUJIA INCANDESC | Bujia Incandescente,BOS0250202129,BAJO,D,,
BUJIA INCANDESC | Bujia Incandescente,BOS0250202131,BAJO,D,,
BUJIAS DE ENCEN | FIAT PALIO 1.3 - PUN,BOSFR7LDC+,BAJO,D,,
BUJIAS DE ENCEN | PEUGEOT 206-207-307,BOSVR8SC+,BAJO,D,,
BUJIAS DE ENCEN | ,BOSW6DC,BAJO,D,,
BUJIAS DE ENCEN | ,BOSW8AC,BAJO,D,,
BUJIAS DE ENCEN | FIAT TEMPRA - REGATT,BOSWR6DC+,BAJO,D,,
BUJIAS DE ENCEN | VW QUANTUM - SANTANA,BOSWR7LTC+,BAJO,D,,
BUJIAS DE ENCEN | Fiat Duna - Uno 1.3,BOSWR8DC,BAJO,D,,
BUJE PARA AUTOM | BUJE DE BRONCE AUTOL,BYC1001,BAJO,D,,
BUJE PARA AUTOM | BUJE DE BRONCE AUTOL,BYC1002,BAJO,C,,
BUJE PARA AUTOM | BUJE DE BRONCE AUTOL,BYC1002-1X,BAJO,C,,
BUJE PARA AUTOM | BUJE DE BRONCE AUTOL,BYC1008,BAJO,C,,
BUJE PARA AUTOM | BUJE DE BRONCE AUTOL,BYC1010,BAJO,C,,
BUJE PARA AUTOM | BUJE DE BRONCE AUTOL,BYC1010-1X,BAJO,C,,
BUJE PARA AUTOM | BUJE DE BRONCE AUTOL,BYC1016,BAJO,C,,
BUJE PARA AUTOM | BUJE DE BRONCE AUTOL,BYC1016-1X,BAJO,C,,
BUJE PARA AUTOM | BUJE DE BRONCE AUTOL,BYC1017-1X,BAJO,C,,
BUJE PARA AUTOM | BUJE DE BRONCE AUTOL,BYC1018,BAJO,D,,
BUJE PARA AUTOM | BUJE DE BRONCE AUTOL,BYC1018-1X,BAJO,D,,
BUJE PARA AUTOM | BUJE DE BRONCE AUTOL,BYC1018-2X,BAJO,C,,
BUJE PARA AUTOM | BUJE DE BRONCE AUTOL,BYC1019,BAJO,C,,
BUJE PARA AUTOM | BUJE DE BRONCE AUTOL,BYC1019-1X,BAJO,D,,
BUJE PARA AUTOM | BUJE DE BRONCE AUTOL,BYC1019-4X,BAJO,D,,
BUJE PARA AUTOM | BUJE DE BRONCE AUTOL,BYC1020,BAJO,C,,
BUJE PARA AUTOM | BUJE DE BRONCE AUTOL,BYC1020-1X,BAJO,C,,
BUJE PARA AUTOM | BUJE DE BRONCE AUTOL,BYC1020-2X,BAJO,C,,
BUJE PARA AUTOM | BUJE DE BRONCE AUTOL,BYC1020-4X,BAJO,C,,
BUJE PARA AUTOM | BUJE DE BRONCE AUTOL,BYC1021-1X,BAJO,D,,
BUJE PARA AUTOM | BUJE DE BRONCE AUTOL,BYC1021-4X,BAJO,D,,
BUJE PARA AUTOM | BUJE DE BRONCE AUTOL,BYC1024,BAJO,C,,
BUJE PARA AUTOM | BUJE DE BRONCE AUTOL,BYC1024-1X,BAJO,C,,
BUJE PARA AUTOM | BUJE DE BRONCE AUTOL,BYC1024-4X,BAJO,D,,
BUJE PARA AUTOM | BUJE DE BRONCE AUTOL,BYC1025,BAJO,C,,
BUJE PARA AUTOM | BUJE DE BRONCE AUTOL,BYC1025-1X,BAJO,C,,
BUJE PARA AUTOM | BUJE DE BRONCE AUTOL,BYC1025-2X,BAJO,C,,
BUJE PARA AUTOM | BUJE DE BRONCE AUTOL,BYC1025-4X,BAJO,C,,
BUJE PARA AUTOM | BUJE DE BRONCE AUTOL,BYC1026,BAJO,C,,
BUJE PARA AUTOM | BUJE DE BRONCE AUTOL,BYC1026-1X,BAJO,C,,
BUJE PARA AUTOM | BUJE DE BRONCE AUTOL,BYC1026-2X,BAJO,C,,
BUJE PARA AUTOM | BUJE DE BRONCE AUTOL,BYC1026-4X,BAJO,C,,
BUJE PARA AUTOM | BUJE DE BRONCE AUTOL,BYC1027,BAJO,C,,
BUJE PARA AUTOM | BUJE DE BRONCE AUTOL,BYC1027-1X,BAJO,C,,
BUJE PARA AUTOM | BUJE DE BRONCE AUTOL,BYC1027-2X,BAJO,C,,
BUJE PARA AUTOM | BUJE DE BRONCE AUTOL,BYC1028,BAJO,C,,
BUJE PARA AUTOM | BUJE DE BRONCE AUTOL,BYC1028-1X,BAJO,C,,
BUJE PARA AUTOM | BUJE DE BRONCE AUTOL,BYC1029,BAJO,C,,
BUJE PARA AUTOM | BUJE DE BRONCE AUTOL,BYC1029-1X,BAJO,D,,
BUJE PARA AUTOM | BUJE DE BRONCE AUTOL,BYC1030,BAJO,C,,
BUJE PARA AUTOM | BUJE DE BRONCE AUTOL,BYC1030-2X,BAJO,D,,
BUJE PARA AUTOM | BUJE DE BRONCE AUTOL,BYC1031,BAJO,D,,
BUJE PARA AUTOM | BUJE DE BRONCE AUTOL,BYC1031-2X,BAJO,D,,
BUJE PARA AUTOM | BUJE DE BRONCE AUTOL,BYC1031-4X,BAJO,D,,
BUJE PARA AUTOM | BUJE DE BRONCE AUTOL,BYC1032-1X,BAJO,D,,
BUJE PARA AUTOM | BUJE DE BRONCE AUTOL,BYC1032-4X,BAJO,D,,
BUJE PARA AUTOM | BUJE DE BRONCE AUTOL,BYC1034,BAJO,D,,
BUJE PARA AUTOM | BUJE DE BRONCE AUTOL,BYC1034-1X,BAJO,D,,
BUJE PARA AUTOM | BUJE DE BRONCE AUTOL,BYC1034-2X,BAJO,D,,
BUJE PARA AUTOM | BUJE DE BRONCE AUTOL,BYC1034-4X,BAJO,D,,
BUJE PARA AUTOM | BUJE DE BRONCE AUTOL,BYC1035-1X,BAJO,D,,
BUJE PARA AUTOM | BUJE DE BRONCE AUTOL,BYC1037-1X,BAJO,D,,
BUJE PARA AUTOM | BUJE DE BRONCE AUTOL,BYC1037-2X,BAJO,D,,
BUJE PARA AUTOM | BUJE DE BRONCE AUTOL,BYC1039,BAJO,B,,
BUJE PARA AUTOM | BUJE DE BRONCE AUTOL,BYC1039-1X,BAJO,C,,
BUJE PARA AUTOM | BUJE DE BRONCE AUTOL,BYC1039-2X,BAJO,C,,
BUJE PARA AUTOM | BUJE DE BRONCE AUTOL,BYC1039-4X,BAJO,C,,
BUJE PARA AUTOM | BUJE DE BRONCE AUTOL,BYC1040,BAJO,B,,
BUJE PARA AUTOM | BUJE DE BRONCE AUTOL,BYC1040-1X,BAJO,B,,
BUJE PARA AUTOM | BUJE DE BRONCE AUTOL,BYC1040-2X,BAJO,C,,
BUJE PARA AUTOM | BUJE DE BRONCE AUTOL,BYC1040-4X,BAJO,C,,
BUJE PARA AUTOM | BUJE DE BRONCE AUTOL,BYC1041,BAJO,C,,
BUJE PARA AUTOM | BUJE DE BRONCE AUTOL,BYC1041-1X,BAJO,C,,
BUJE PARA AUTOM | BUJE DE BRONCE AUTOL,BYC1041-2X,BAJO,C,,
BUJE PARA AUTOM | BUJE DE BRONCE AUTOL,BYC1041-4X,BAJO,C,,
BUJE PARA AUTOM | BUJE DE BRONCE AUTOL,BYC1043,BAJO,D,,
BUJE PARA AUTOM | BUJE DE BRONCE AUTOL,BYC1043-1X,BAJO,C,,
BUJE PARA AUTOM | BUJE DE BRONCE AUTOL,BYC1043-2X,BAJO,D,,
BUJE PARA AUTOM | BUJE DE BRONCE AUTOL,BYC1043-4X,BAJO,D,,
BUJE PARA AUTOM | BUJE DE BRONCE AUTOL,BYC1044,BAJO,D,,
BUJE PARA AUTOM | BUJE DE BRONCE AUTOL,BYC1044-2X,BAJO,D,,
BUJE PARA AUTOM | BUJE DE BRONCE AUTOL,BYC1045,BAJO,D,,
BUJE PARA AUTOM | BUJE DE BRONCE AUTOL,BYC1045-1X,BAJO,D,,
BUJE PARA AUTOM | BUJE DE BRONCE AUTOL,BYC1045-2X,BAJO,D,,
BUJE PARA AUTOM | BUJE DE BRONCE AUTOL,BYC1046,BAJO,C,,
BUJE PARA AUTOM | BUJE DE BRONCE AUTOL,BYC1046-1X,BAJO,D,,
BUJE PARA AUTOM | BUJE DE BRONCE AUTOL,BYC1046-2X,BAJO,D,,
BUJE PARA AUTOM | BUJE DE BRONCE AUTOL,BYC1047,BAJO,C,,
BUJE PARA AUTOM | BUJE DE BRONCE AUTOL,BYC1047-1X,BAJO,D,,
BUJE PARA AUTOM | BUJE DE BRONCE AUTOL,BYC1047-2X,BAJO,D,,
BUJE PARA AUTOM | BUJE DE BRONCE AUTOL,BYC1048,BAJO,D,,
BUJE PARA AUTOM | BUJE DE BRONCE AUTOL,BYC1048-1X,BAJO,D,,
BUJE PARA AUTOM | BUJE DE BRONCE AUTOL,BYC1048-2X,BAJO,D,,
BUJE PARA AUTOM | BUJE DE BRONCE AUTOL,BYC1050,BAJO,D,,
BUJE PARA AUTOM | BUJE DE BRONCE AUTOL,BYC1050-1X,BAJO,D,,
BUJE PARA AUTOM | BUJE DE BRONCE AUTOL,BYC1050-2X,BAJO,D,,
BUJE PARA AUTOM | BUJE DE BRONCE AUTOL,BYC1051,BAJO,D,,
BUJE PARA AUTOM | BUJE DE BRONCE AUTOL,BYC1051-1X,BAJO,D,,
BUJE PARA AUTOM | BUJE DE BRONCE AUTOL,BYC1051-2X,BAJO,D,,
BUJE PARA AUTOM | BUJE DE BRONCE AUTOL,BYC1052-1X,BAJO,D,,
BUJE PARA AUTOM | BUJE DE BRONCE AUTOL,BYC1053,BAJO,D,,
BUJE PARA AUTOM | BUJE DE BRONCE AUTOL,BYC1053-1X,BAJO,D,,
BUJE PARA AUTOM | BUJE DE BRONCE AUTOL,BYC1053-2X,BAJO,D,,
BUJE PARA AUTOM | BUJE DE BRONCE AUTOL,BYC1054-1X,BAJO,D,,
BUJE PARA AUTOM | BUJE DE BRONCE AUTOL,BYC1054-2X,BAJO,D,,
BUJE PARA AUTOM | BUJE DE BRONCE AUTOL,BYC1055,BAJO,C,,
BUJE PARA AUTOM | BUJE DE BRONCE AUTOL,BYC1055-1X,BAJO,D,,
BUJE PARA AUTOM | BUJE DE BRONCE AUTOL,BYC1055-2X,BAJO,D,,
BUJE PARA AUTOM | BUJE DE BRONCE AUTOL,BYC1056,BAJO,D,,
BUJE PARA AUTOM | BUJE DE BRONCE AUTOL,BYC1056-1X,BAJO,D,,
BUJE PARA AUTOM | BUJE DE BRONCE AUTOL,BYC1056-2X,BAJO,D,,
BUJE PARA AUTOM | BUJE DE BRONCE AUTOL,BYC1057,BAJO,D,,
BUJE PARA AUTOM | BUJE DE BRONCE AUTOL,BYC1057-1X,BAJO,D,,
BUJE PARA AUTOM | BUJE DE BRONCE AUTOL,BYC1057-2X,BAJO,D,,
BUJE PARA AUTOM | BUJE DE BRONCE AUTOL,BYC1059,BAJO,D,,
BUJE PARA AUTOM | BUJE DE BRONCE AUTOL,BYC1059-1X,BAJO,D,,
BUJE PARA AUTOM | BUJE DE BRONCE AUTOL,BYC1059-2X,BAJO,D,,
BUJE PARA AUTOM | BUJE DE BRONCE AUTOL,BYC1060,BAJO,C,,
BUJE PARA AUTOM | BUJE DE BRONCE AUTOL,BYC1060-1X,BAJO,C,,
BUJE PARA AUTOM | BUJE DE BRONCE AUTOL,BYC1061,BAJO,C,,
BUJE PARA AUTOM | BUJE DE BRONCE AUTOL,BYC1061-1X,BAJO,D,,
BUJE PARA AUTOM | BUJE DE BRONCE AUTOL,BYC1061-2X,BAJO,D,,
BUJE PARA AUTOM | BUJE DE BRONCE AUTOL,BYC1062,BAJO,C,,
BUJE PARA AUTOM | BUJE DE BRONCE AUTOL,BYC1063,BAJO,C,,
BUJE PARA AUTOM | BUJE DE BRONCE AUTOL,BYC1063-2X,BAJO,C,,
BUJE PARA AUTOM | BUJE DE BRONCE AUTOL,BYC1064,BAJO,C,,
BUJE PARA AUTOM | BUJE DE BRONCE AUTOL,BYC1064-1X,BAJO,C,,
BUJE PARA AUTOM | BUJE DE BRONCE AUTOL,BYC1064-2X,BAJO,C,,
BUJE PARA AUTOM | BUJE DE BRONCE AUTOL,BYC1065,BAJO,D,,
BUJE PARA AUTOM | BUJE DE BRONCE AUTOL,BYC1065-1X,BAJO,D,,
BUJE PARA AUTOM | BUJE DE BRONCE AUTOL,BYC1070,BAJO,D,,
BUJE PARA AUTOM | BUJE DE BRONCE AUTOL,BYC1070-2X,BAJO,D,,
BUJE PARA AUTOM | BUJE DE BRONCE AUTOL,BYC1072,BAJO,D,,
BUJE PARA AUTOM | BUJE DE BRONCE AUTOL,BYC1073,BAJO,D,,
BUJE PARA AUTOM | BUJE DE BRONCE AUTOL,BYC1073-2X,BAJO,D,,
BUJE PARA AUTOM | BUJE DE BRONCE AUTOL,BYC1074,BAJO,C,,
BUJE PARA AUTOM | BUJE DE BRONCE AUTOL,BYC1074-1X,BAJO,C,,
BUJE PARA AUTOM | BUJE DE BRONCE AUTOL,BYC1074-2X,BAJO,C,,
BUJE PARA AUTOM | BUJE DE BRONCE AUTOL,BYC1076,BAJO,C,,
BUJE PARA AUTOM | BUJE DE BRONCE AUTOL,BYC1076-1X,BAJO,C,,
BUJE PARA AUTOM | BUJE DE BRONCE AUTOL,BYC1080,BAJO,D,,
BUJE PARA AUTOM | BUJE DE BRONCE AUTOL,BYC1080-1X,BAJO,D,,
BUJE PARA AUTOM | BUJE DE BRONCE AUTOL,BYC1080-2X,BAJO,D,,
BUJE PARA AUTOM | BUJE DE BRONCE AUTOL,BYC1093-1X,BAJO,D,,
BUJE PARA AUTOM | BUJE DE BRONCE AUTOL,BYC1093-2X,BAJO,D,,
BUJE PARA AUTOM | BUJE DE BRONCE AUTOL,BYC1099,BAJO,C,,
BUJE PARA AUTOM | BUJE DE BRONCE AUTOL,BYC1099-1X,BAJO,C,,
BUJE PARA AUTOM | BUJE DE BRONCE AUTOL,BYC1099-2X,BAJO,C,,
BUJE PARA AUTOM | BUJE DE BRONCE AUTOL,BYC1099-4X,BAJO,C,,
BUJE PARA AUTOM | BUJE DE BRONCE AUTOL,BYC1100,BAJO,C,,
BUJE PARA AUTOM | BUJE DE BRONCE AUTOL,BYC1100-1X,BAJO,C,,
BUJE PARA AUTOM | BUJE DE BRONCE AUTOL,BYC1100-2X,BAJO,C,,
BUJE PARA AUTOM | BUJE DE BRONCE AUTOL,BYC1100-4X,BAJO,C,,
BUJE PARA AUTOM | BUJE DE BRONCE AUTOL,BYC1101,BAJO,C,,
BUJE PARA AUTOM | BUJE DE BRONCE AUTOL,BYC1101-1X,BAJO,C,,
BUJE PARA AUTOM | BUJE DE BRONCE AUTOL,BYC1101-2X,BAJO,C,,
BUJE PARA AUTOM | BUJE DE BRONCE AUTOL,BYC1101-4X,BAJO,C,,
BUJE PARA AUTOM | BUJE DE BRONCE AUTOL,BYC1102,BAJO,C,,
BUJE PARA AUTOM | BUJE DE BRONCE AUTOL,BYC1102-1X,BAJO,C,,
BUJE PARA AUTOM | BUJE DE BRONCE AUTOL,BYC1102-2X,BAJO,C,,
BUJE PARA AUTOM | BUJE DE BRONCE AUTOL,BYC1102-3X,BAJO,C,,
BUJE PARA AUTOM | BUJE DE BRONCE AUTOL,BYC1103,BAJO,D,,
BUJE PARA AUTOM | BUJE DE BRONCE AUTOL,BYC1103-1X,BAJO,D,,
BUJE PARA AUTOM | BUJE DE BRONCE AUTOL,BYC1103-2X,BAJO,D,,
BUJE PARA AUTOM | BUJE DE BRONCE AUTOL,BYC1104,BAJO,C,,
BUJE PARA AUTOM | BUJE DE BRONCE AUTOL,BYC1104-1X,BAJO,D,,
BUJE PARA AUTOM | BUJE DE BRONCE AUTOL,BYC1104-2X,BAJO,D,,
BUJE PARA AUTOM | BUJE DE BRONCE AUTOL,BYC1105,BAJO,D,,
BUJE PARA AUTOM | BUJE DE BRONCE AUTOL,BYC1105-1X,BAJO,D,,
BUJE PARA AUTOM | BUJE DE BRONCE AUTOL,BYC1106,BAJO,D,,
BUJE PARA AUTOM | BUJE DE BRONCE AUTOL,BYC1106-1X,BAJO,D,,
BUJE PARA AUTOM | BUJE DE BRONCE AUTOL,BYC1106-2X,BAJO,D,,
BUJE PARA AUTOM | BUJE DE BRONCE AUTOL,BYC1107,BAJO,C,,
BUJE PARA AUTOM | BUJE DE BRONCE AUTOL,BYC1107-1X,BAJO,D,,
BUJE PARA AUTOM | BUJE DE BRONCE AUTOL,BYC1109,BAJO,C,,
BUJE PARA AUTOM | BUJE DE BRONCE AUTOL,BYC1109-1X,BAJO,D,,
BUJE PARA AUTOM | BUJE DE BRONCE AUTOL,BYC1109-2X,BAJO,D,,
BUJE PARA AUTOM | BUJE DE BRONCE AUTOL,BYC1110,BAJO,C,,
BUJE PARA AUTOM | BUJE DE BRONCE AUTOL,BYC1110-2X,BAJO,D,,
BUJE PARA AUTOM | BUJE DE BRONCE AUTOL,BYC1226,BAJO,C,,
BUJE PARA AUTOM | BUJE DE BRONCE AUTOL,BYC1226-1X,BAJO,C,,
BUJE PARA AUTOM | BUJE DE BRONCE AUTOL,BYC1226-2X,BAJO,C,,
BUJE PARA AUTOM | BUJE DE BRONCE AUTOL,BYC1227,BAJO,C,,
BUJE PARA AUTOM | BUJE DE BRONCE AUTOL,BYC1227-1X,BAJO,C,,
BUJE PARA AUTOM | BUJE DE BRONCE AUTOL,BYC1227-2X,BAJO,C,,
BUJE PARA AUTOM | BUJE DE BRONCE AUTOL,BYC1246,BAJO,C,,
BUJE PARA AUTOM | BUJE DE BRONCE AUTOL,BYC1246-1X,BAJO,D,,
BUJE PARA AUTOM | BUJE DE BRONCE AUTOL,BYC1261/564,BAJO,C,,
BUJE PARA AUTOM | BUJE DE BRONCE AUTOL,BYC1261/564-1X,BAJO,C,,
BUJE PARA AUTOM | BUJE DE BRONCE AUTOL,BYC1261/564-2X,BAJO,C,,
BUJE PARA AUTOM | BUJE DE BRONCE AUTOL,BYC1316,BAJO,D,,
BUJE PARA AUTOM | BUJE DE BRONCE AUTOL,BYC1337,BAJO,C,,
BUJE PARA AUTOM | BUJE DE BRONCE AUTOL,BYC1337-1X,BAJO,C,,
BUJE PARA AUTOM | BUJE DE BRONCE AUTOL,BYC1337-2X,BAJO,D,,
BUJE PARA AUTOM | BUJE DE BRONCE AUTOL,BYC1340,BAJO,C,,
BUJE PARA AUTOM | BUJE DE BRONCE AUTOL,BYC1340-1X,BAJO,D,,
BUJE PARA AUTOM | BUJE DE BRONCE AUTOL,BYC1340-2X,BAJO,D,,
BUJE PARA AUTOM | BUJE DE BRONCE AUTOL,BYC1343BIM,BAJO,B,,
BUJE PARA AUTOM | BUJE DE BRONCE AUTOL,BYC1343BIM-1X,BAJO,B,,
BUJE PARA AUTOM | BUJE DE BRONCE AUTOL,BYC1343BIM-2X,BAJO,C,,
BUJE PARA AUTOM | BUJE DE BRONCE AUTOL,BYC1346BIM,BAJO,C,,
BUJE PARA AUTOM | BUJE DE BRONCE AUTOL,BYC1347,BAJO,C,,
BUJE PARA AUTOM | BUJE DE BRONCE AUTOL,BYC1347-1X,BAJO,C,,
BUJE PARA AUTOM | BUJE DE BRONCE AUTOL,BYC1347-2X,BAJO,C,,
BUJE PARA AUTOM | BUJE DE BRONCE AUTOL,BYC1348,BAJO,C,,
BUJE PARA AUTOM | BUJE DE BRONCE AUTOL,BYC1348-1X,BAJO,D,,
BUJE PARA AUTOM | BUJE DE BRONCE AUTOL,BYC1348-2X,BAJO,C,,
BUJE PARA AUTOM | BUJE DE BRONCE AUTOL,BYC1349,BAJO,C,,
BUJE PARA AUTOM | BUJE DE BRONCE AUTOL,BYC1349-1X,BAJO,C,,
BUJE PARA AUTOM | BUJE DE BRONCE AUTOL,BYC1349-2X,BAJO,C,,
BUJE PARA AUTOM | BUJE DE BRONCE AUTOL,BYC1350,BAJO,C,,
BUJE PARA AUTOM | BUJE DE BRONCE AUTOL,BYC1350-1X,BAJO,C,,
BUJE PARA AUTOM | BUJE DE BRONCE AUTOL,BYC1351,BAJO,D,,
BUJE PARA AUTOM | BUJE DE BRONCE AUTOL,BYC1351-2X,BAJO,D,,
BUJE PARA AUTOM | BUJE DE BRONCE AUTOL,BYC1351-4X,BAJO,D,,
BUJE PARA AUTOM | BUJE DE BRONCE AUTOL,BYC1352,BAJO,C,,
BUJE PARA AUTOM | BUJE DE BRONCE AUTOL,BYC1352-1X,BAJO,C,,
BUJE PARA AUTOM | BUJE DE BRONCE AUTOL,BYC1352-2X,BAJO,C,,
BUJE PARA AUTOM | BUJE DE BRONCE AUTOL,BYC1352-4X,BAJO,C,,
BUJE PARA AUTOM | BUJE DE BRONCE AUTOL,BYC1353,BAJO,C,,
BUJE PARA AUTOM | BUJE DE BRONCE AUTOL,BYC1354,BAJO,C,,
BUJE PARA AUTOM | BUJE DE BRONCE AUTOL,BYC1354-4X,BAJO,D,,
BUJE PARA AUTOM | BUJE DE BRONCE AUTOL,BYC1355,BAJO,C,,
BUJE PARA AUTOM | BUJE DE BRONCE AUTOL,BYC1355-1X,BAJO,C,,
BUJE PARA AUTOM | BUJE DE BRONCE AUTOL,BYC1355-2X,BAJO,C,,
BUJE PARA AUTOM | BUJE DE BRONCE AUTOL,BYC1355-4X,BAJO,C,,
BUJE PARA AUTOM | BUJE DE BRONCE AUTOL,BYC1357,BAJO,C,,
BUJE PARA AUTOM | BUJE DE BRONCE AUTOL,BYC1357-2X,BAJO,C,,
BUJE PARA AUTOM | BUJE DE BRONCE AUTOL,BYC1358,BAJO,C,,
BUJE PARA AUTOM | BUJE DE BRONCE AUTOL,BYC1358-4X,BAJO,D,,
BUJE PARA AUTOM | BUJE DE BRONCE AUTOL,BYC1359,BAJO,C,,
BUJE PARA AUTOM | BUJE DE BRONCE AUTOL,BYC1359-4X,BAJO,C,,
BUJE PARA AUTOM | BUJE DE BRONCE AUTOL,BYC1360,BAJO,C,,
BUJE PARA AUTOM | BUJE DE BRONCE AUTOL,BYC1361,BAJO,C,,
BUJE PARA AUTOM | BUJE DE BRONCE AUTOL,BYC1361-4X,BAJO,D,,
BUJE PARA AUTOM | BUJE DE BRONCE AUTOL,BYC1362,BAJO,C,,
BUJE PARA AUTOM | BUJE DE BRONCE AUTOL,BYC1362-4X,BAJO,D,,
BUJE PARA AUTOM | BUJE DE BRONCE AUTOL,BYC1363,BAJO,C,,
BUJE PARA AUTOM | BUJE DE BRONCE AUTOL,BYC1364,BAJO,C,,
BUJE PARA AUTOM | BUJE DE BRONCE AUTOL,BYC1365,BAJO,C,,
BUJE PARA AUTOM | BUJE DE BRONCE AUTOL,BYC1365-4X,BAJO,C,,
BUJE PARA AUTOM | BUJE DE BRONCE AUTOL,BYC1367,BAJO,C,,
BUJE PARA AUTOM | BUJE DE BRONCE AUTOL,BYC1367-1X,BAJO,C,,
BUJE PARA AUTOM | BUJE DE BRONCE AUTOL,BYC1367-2X,BAJO,D,,
BUJE PARA AUTOM | BUJE DE BRONCE AUTOL,BYC1369,BAJO,C,,
BUJE PARA AUTOM | BUJE DE BRONCE AUTOL,BYC1369-1X,BAJO,C,,
BUJE PARA AUTOM | BUJE DE BRONCE AUTOL,BYC1369-2X,BAJO,C,,
BUJE PARA AUTOM | BUJE DE BRONCE AUTOL,BYC1370,BAJO,C,,
BUJE PARA AUTOM | BUJE DE BRONCE AUTOL,BYC1370-2X,BAJO,C,,
BUJE PARA AUTOM | BUJE DE BRONCE AUTOL,BYC1371,BAJO,C,,
BUJE PARA AUTOM | BUJE DE BORNCE AUTOL,BYC1371-2X,BAJO,C,,
BUJE PARA AUTOM | BUJE DE BRONCE AUTOL,BYC1372,BAJO,C,,
BUJE PARA AUTOM | BUJE DE BRONCE AUTOL,BYC1372-2X,BAJO,C,,
BUJE PARA AUTOM | BUJE DE BRONCE AUTOL,BYC1373BIM,BAJO,C,,
BUJE PARA AUTOM | BUJE DE BRONCE AUTOL,BYC500,BAJO,D,,
BUJE PARA AUTOM | BUJE DE BRONCE AUTOL,BYC500-1X,BAJO,C,,
BUJE PARA AUTOM | BUJE DE BRONCE AUTOL,BYC500-4X,BAJO,D,,
BUJE PARA AUTOM | BUJE DE BRONCE AUTOL,BYC504,BAJO,D,,
BUJE PARA AUTOM | BUJE DE BRONCE AUTOL,BYC504-2X,BAJO,D,,
BUJE PARA AUTOM | BUJE DE BRONCE AUTOL,BYC505,BAJO,D,,
BUJE PARA AUTOM | BUJE DE BRONCE AUTOL,BYC505-10X,BAJO,D,,
BUJE PARA AUTOM | BUJE DE BRONCE AUTOL,BYC509,BAJO,D,,
BUJE PARA AUTOM | BUJE DE BRONCE AUTOL,BYC527-4X,BAJO,D,,
BUJE PARA AUTOM | BUJE DE BRONCE AUTOL,BYC540,BAJO,C,,
BUJE PARA AUTOM | BUJE DE BRONCE AUTOL,BYC540-1X,BAJO,C,,
BUJE PARA AUTOM | BUJE DE BRONCE AUTOL,BYC540-4X,BAJO,D,,
BUJE PARA AUTOM | BUJE DE BRONCE AUTOL,BYC541,BAJO,D,,
BUJE PARA AUTOM | BUJE DE BRONCE AUTOL,BYC541-2X,BAJO,D,,
BUJE PARA AUTOM | BUJE DE BRONCE AUTOL,BYC541-4X,BAJO,D,,
BUJE PARA AUTOM | BUJE DE BRONCE AUTOL,BYC568,BAJO,C,,
BUJE PARA AUTOM | BUJE DE BRONCE AUTOL,BYC568-1X,BAJO,D,,
BUJE PARA AUTOM | BUJE DE BRONCE AUTOL,BYC568-2X,BAJO,D,,
BUJE PARA AUTOM | BUJE DE BRONCE AUTOL,BYC568-4X,BAJO,D,,
BUJE PARA AUTOM | BUJE DE BRONCE AUTOL,BYC568-5X,BAJO,D,,
BUJE PARA AUTOM | BUJE DE BRONCE AUTOL,BYC569,BAJO,D,,
BUJE PARA AUTOM | BUJE DE BRONCE AUTOL,BYC575,BAJO,D,,
BUJE PARA AUTOM | BUJE DE BRONCE AUTOL,BYC575-1X,BAJO,C,,
BUJE PARA AUTOM | BUJE DE BRONCE AUTOL,BYC575-2X,BAJO,D,,
BUJE PARA AUTOM | BUJE DE BRONCE AUTOL,BYC580,BAJO,D,,
BUJE PARA AUTOM | BUJE DE BRONCE AUTOL,BYC580-2X,BAJO,D,,
BUJE PARA AUTOM | BUJE DE BRONCE AUTOL,BYC581,BAJO,D,,
BUJE PARA AUTOM | BUJE DE BRONCE AUTOL,BYC581-1X,BAJO,D,,
BUJE PARA AUTOM | BUJE DE BRONCE AUTOL,BYC581-2X,BAJO,D,,
BUJE PARA AUTOM | BUJE DE BRONCE AUTOL,BYC587,BAJO,D,,
BUJE PARA AUTOM | BUJE DE BRONCE AUTOL,BYC587-1X,BAJO,D,,
BUJE PARA AUTOM | BUJE DE BRONCE AUTOL,BYC587-2X,BAJO,D,,
BUJE PARA AUTOM | BUJE DE BRONCE AUTOL,BYC587-4X,BAJO,D,,
BUJE PARA AUTOM | BUJE DE BRONCE AUTOL,BYC591,BAJO,D,,
BUJE PARA AUTOM | BUJE DE BRONCE AUTOL,BYC591-1X,BAJO,D,,
BUJE PARA AUTOM | BUJE DE BRONCE AUTOL,BYC591-2X,BAJO,D,,
BUJE PARA AUTOM | BUJE DE BRONCE AUTOL,BYC594,BAJO,C,,
BUJE PARA AUTOM | BUJE DE BRONCE AUTOL,BYC594-1X,BAJO,C,,
BUJE PARA AUTOM | BUJE DE BRONCE AUTOL,BYC594-2X,BAJO,C,,
BUJE PARA AUTOM | BUJE DE BRONCE AUTOL,BYC594-4X,BAJO,C,,
BUJE PARA AUTOM | BUJE DE BRONCE AUTOL,BYC595,BAJO,D,,
BUJE PARA AUTOM | BUJE DE BRONCE AUTOL,BYC595-1X,BAJO,C,,
BUJE PARA AUTOM | BUJE DE BRONCE AUTOL,BYC595-2X,BAJO,C,,
BUJE PARA AUTOM | BUJE DE BRONCE AUTOL,BYC595-4X,BAJO,D,,
BUJE PARA AUTOM | BUJE DE BRONCE AUTOL,BYC598,BAJO,D,,
BUJE PARA AUTOM | BUJE DE BRONCE AUTOL,BYC598-1X,BAJO,D,,
BUJE PARA AUTOM | BUJE DE BRONCE AUTOL,BYC598-4X,BAJO,D,,
BUJE PARA AUTOM | BUJE DE BRONCE AUTOL,BYC599,BAJO,C,,
BUJE PARA AUTOM | BUJE DE BRONCE AUTOL,BYC599-1X,BAJO,D,,
BUJE PARA AUTOM | BUJE DE BRONCE AUTOL,BYC599-2X,BAJO,D,,
BUJE PARA AUTOM | BUJE DE BRONCE AUTOL,BYC601-2X,BAJO,D,,
BUJE PARA AUTOM | BUJE DE BRONCE AUTOL,BYC602,BAJO,D,,
BUJE PARA AUTOM | BUJE DE BRONCE AUTOL,BYC602-2X,BAJO,D,,
BUJE PARA AUTOM | BUJE DE BRONCE AUTOL,BYC602-4X,BAJO,D,,
BUJE PARA AUTOM | BUJE DE BRONCE AUTOL,BYC603,BAJO,D,,
BUJE PARA AUTOM | BUJE DE BRONCE AUTOL,BYC603-1X,BAJO,D,,
BUJE PARA AUTOM | BUJE DE BRONCE AUTOL,BYC603-2X,BAJO,D,,
BUJE PARA AUTOM | BUJE DE BRONCE AUTOL,BYC603-4X,BAJO,D,,
BUJE PARA AUTOM | BUJE DE BRONCE AUTOL,BYC604-2X,BAJO,D,,
BUJE PARA AUTOM | BUJE DE BRONCE AUTOL,BYC604-4X,BAJO,D,,
BUJE PARA AUTOM | BUJE DE BRONCE AUTOL,BYC608,BAJO,C,,
BUJE PARA AUTOM | BUJE DE BRONCE AUTOL,BYC608-10X,BAJO,D,,
BUJE PARA AUTOM | BUJE DE BRONCE AUTOL,BYC608-1X,BAJO,C,,
BUJE PARA AUTOM | BUJE DE BRONCE AUTOL,BYC608-2X,BAJO,D,,
BUJE PARA AUTOM | BUJE DE BRONCE AUTOL,BYC608-4X,BAJO,D,,
BUJE PARA AUTOM | BUJE DE BRONCE AUTOL,BYC609,BAJO,D,,
BUJE PARA AUTOM | BUJE DE BRONCE AUTOL,BYC609-10X,BAJO,D,,
BUJE PARA AUTOM | BUJE DE BRONCE AUTOL,BYC609-1X,BAJO,D,,
BUJE PARA AUTOM | BUJE DE BRONCE AUTOL,BYC609-2X,BAJO,D,,
BUJE PARA AUTOM | BUJE DE BRONCE AUTOL,BYC612,BAJO,B,,
BUJE PARA AUTOM | BUJE DE BRONCE AUTOL,BYC612-10X,BAJO,C,,
BUJE PARA AUTOM | BUJE DE BRONCE AUTOL,BYC612-1X,BAJO,C,,
BUJE PARA AUTOM | BUJE DE BRONCE AUTOL,BYC612-20X,BAJO,D,,
BUJE PARA AUTOM | BUJE DE BRONCE AUTOL,BYC612-2X,BAJO,C,,
BUJE PARA AUTOM | BUJE DE BRONCE AUTOL,BYC612-3X,BAJO,C,,
BUJE PARA AUTOM | BUJE DE BRONCE AUTOL,BYC612-4X,BAJO,C,,
BUJE PARA AUTOM | BUJE DE BRONCE AUTOL,BYC613,BAJO,D,,
BUJE PARA AUTOM | BUJE DE BRONCE AUTOL,BYC613-1X,BAJO,D,,
BUJE PARA AUTOM | BUJE DE BRONCE AUTOL,BYC615,BAJO,C,,
BUJE PARA AUTOM | BUJE DE BRONCE AUTOL,BYC615-1X,BAJO,D,,
BUJE PARA AUTOM | BUJE DE BRONCE AUTOL,BYC615-2X,BAJO,D,,
BUJE PARA AUTOM | BUJE DE BRONCE AUTOL,BYC615-4X,BAJO,D,,
BUJE PARA AUTOM | BUJE DE BRONCE AUTOL,BYC618,BAJO,D,,
BUJE PARA AUTOM | BUJE DE BRONCE AUTOL,BYC618-1X,BAJO,D,,
BUJE PARA AUTOM | BUJE DE BRONCE AUTOL,BYC618-2X,BAJO,D,,
BUJE PARA AUTOM | BUJE DE BRONCE AUTOL,BYC619,BAJO,D,,
BUJE PARA AUTOM | BUJE DE BRONCE AUTOL,BYC619-1X,BAJO,D,,
BUJE PARA AUTOM | BUJE DE BRONCE AUTOL,BYC619-2X,BAJO,D,,
BUJE PARA AUTOM | BUJE DE BRONCE AUTOL,BYC619-4X,BAJO,D,,
BUJE PARA AUTOM | BUJE DE BRONCE AUTOL,BYC620,BAJO,C,,
BUJE PARA AUTOM | BUJE DE BRONCE AUTOL,BYC620-10X,BAJO,D,,
BUJE PARA AUTOM | BUJE DE BRONCE AUTOL,BYC620-1X,BAJO,C,,
BUJE PARA AUTOM | BUJE DE BRONCE AUTOL,BYC620-2X,BAJO,C,,
BUJE PARA AUTOM | BUJE DE BRONCE AUTOL,BYC620-4X,BAJO,D,,
BUJE PARA AUTOM | BUJE DE BRONCE AUTOL,BYC621-1X,BAJO,D,,
BUJE PARA AUTOM | BUJE DE BRONCE AUTOL,BYC621-2X,BAJO,D,,
BUJE PARA AUTOM | BUJE DE BRONCE AUTOL,BYC625,BAJO,C,,
BUJE PARA AUTOM | BUJE DE BRONCE AUTOL,BYC625-10X,BAJO,C,,
BUJE PARA AUTOM | BUJE DE BRONCE AUTOL,BYC625-1X,BAJO,C,,
BUJE PARA AUTOM | BUJE DE BRONCE AUTOL,BYC625-2X,BAJO,C,,
BUJE PARA AUTOM | BUJE DE BRONCE AUTOL,BYC625-4X,BAJO,C,,
BUJE PARA AUTOM | BUJE DE BRONCE AUTOL,BYC626,BAJO,C,,
BUJE PARA AUTOM | BUJE DE BRONCE AUTOL,BYC626-1X,BAJO,D,,
BUJE PARA AUTOM | BUJE DE BRONCE AUTOL,BYC626-2X,BAJO,D,,
BUJE PARA AUTOM | BUJE DE BRONCE AUTOL,BYC626-4X,BAJO,D,,
BUJE PARA AUTOM | BUJE DE BRONCE AUTOL,BYC627,BAJO,C,,
BUJE PARA AUTOM | BUJE DE BRONCE AUTOL,BYC627-2X,BAJO,D,,
BUJE PARA AUTOM | BUJE DE BRONCE AUTOL,BYC627-4X,BAJO,D,,
BUJE PARA AUTOM | BUJE DE BRONCE AUTOL,BYC632,BAJO,D,,
BUJE PARA AUTOM | BUJE DE BRONCE AUTOL,BYC632-1X,BAJO,D,,
BUJE PARA AUTOM | BUJE DE BRONCE AUTOL,BYC632-2X,BAJO,D,,
BUJE PARA AUTOM | BUJE DE BRONCE AUTOL,BYC632-4X,BAJO,D,,
BUJE PARA AUTOM | BUJE DE BRONCE AUTOL,BYC634,BAJO,D,,
BUJE PARA AUTOM | BUJE DE BRONCE AUTOL,BYC634-10X,BAJO,D,,
BUJE PARA AUTOM | BUJE DE BRONCE AUTOL,BYC636,BAJO,D,,
BUJE PARA AUTOM | BUJE DE BRONCE AUTOL,BYC636-1X,BAJO,D,,
BUJE PARA AUTOM | BUJE DE BRONCE AUTOL,BYC636-4X,BAJO,D,,
BUJE PARA AUTOM | BUJE DE BRONCE AUTOL,BYC637,BAJO,D,,
BUJE PARA AUTOM | BUJE DE BRONCE AUTOL,BYC637-1X,BAJO,D,,
BUJE PARA AUTOM | BUJE DE BRONCE AUTOL,BYC637-2X,BAJO,D,,
BUJE PARA AUTOM | BUJE DE BRONCE AUTOL,BYC638,BAJO,D,,
BUJE PARA AUTOM | BUJE DE BRONCE AUTOL,BYC638-1X,BAJO,D,,
BUJE PARA AUTOM | BUJE DE BRONCE AUTOL,BYC642,BAJO,D,,
BUJE PARA AUTOM | BUJE DE BRONCE AUTOL,BYC642-1X,BAJO,D,,
BUJE PARA AUTOM | BUJE DE BRONCE AUTOL,BYC642-2X,BAJO,D,,
BUJE PARA AUTOM | BUJE DE BRONCE AUTOL,BYC642-4X,BAJO,D,,
BUJE PARA AUTOM | BUJE DE BRONCE AUTOL,BYC642-5X,BAJO,D,,
BUJE PARA AUTOM | BUJE DE BRONCE AUTOL,BYC643,BAJO,D,,
BUJE PARA AUTOM | BUJE DE BRONCE AUTOL,BYC643-1X,BAJO,D,,
BUJE PARA AUTOM | BUJE DE BRONCE AUTOL,BYC643-2X,BAJO,D,,
BUJE PARA AUTOM | BUJE DE BRONCE AUTOL,BYC643-4X,BAJO,D,,
BUJE PARA AUTOM | BUJE DE BRONCE AUTOL,BYC645,BAJO,C,,
BUJE PARA AUTOM | BUJE DE BRONCE AUTOL,BYC645-1X,BAJO,C,,
BUJE PARA AUTOM | BUJE DE BRONCE AUTOL,BYC645-2X,BAJO,C,,
BUJE PARA AUTOM | BUJE DE BRONCE AUTOL,BYC645-4X,BAJO,C,,
BUJE PARA AUTOM | BUJE DE BRONCE AUTOL,BYC646,MEDIO,C,,
BUJE PARA AUTOM | BUJE DE BRONCE AUTOL,BYC646-1X,MEDIO,C,,
BUJE PARA AUTOM | BUJE DE BRONCE AUTOL,BYC648,BAJO,D,,
BUJE PARA AUTOM | BUJE DE BRONCE AUTOL,BYC648-1X,BAJO,D,,
BUJE PARA AUTOM | BUJE DE BRONCE AUTOL,BYC648-2X,BAJO,D,,
BUJE PARA AUTOM | BUJE DE BRONCE AUTOL,BYC648-4X,BAJO,D,,
BUJE PARA AUTOM | BUJE DE BRONCE AUTOL,BYC649,BAJO,C,,
BUJE PARA AUTOM | BUJE DE BRONCE AUTOL,BYC649-1X,BAJO,C,,
BUJE PARA AUTOM | BUJE DE BRONCE AUTOL,BYC649-2X,BAJO,D,,
BUJE PARA AUTOM | BUJE DE BRONCE AUTOL,BYC649-4X,BAJO,D,,
BUJE PARA AUTOM | BUJE DE BRONCE AUTOL,BYC652,BAJO,D,,
BUJE PARA AUTOM | BUJE DE BRONCE AUTOL,BYC652-1X,BAJO,D,,
BUJE PARA AUTOM | BUJE DE BRONCE AUTOL,BYC652-2X,BAJO,D,,
BUJE PARA AUTOM | BUJE DE BRONCE AUTOL,BYC652-4X,BAJO,D,,
BUJE PARA AUTOM | BUJE DE BRONCE AUTOL,BYC654,BAJO,C,,
BUJE PARA AUTOM | BUJE DE BRONCE AUTOL,BYC654-1X,BAJO,C,,
BUJE PARA AUTOM | BUJE DE BRONCE AUTOL,BYC654-2X,BAJO,C,,
BUJE PARA AUTOM | BUJE DE BRONCE AUTOL,BYC654-4X,BAJO,D,,
BUJE PARA AUTOM | BUJE DE BRONCE AUTOL,BYC659,BAJO,D,,
BUJE PARA AUTOM | BUJE DE BRONCE AUTOL,BYC659-2X,BAJO,D,,
BUJE PARA AUTOM | BUJE DE BRONCE AUTOL,BYC665,BAJO,D,,
BUJE PARA AUTOM | BUJE DE BRONCE AUTOL,BYC665-1X,BAJO,D,,
BUJE PARA AUTOM | BUJE DE BRONCE AUTOL,BYC665-2X,BAJO,D,,
BUJE PARA AUTOM | BUJE DE BRONCE AUTOL,BYC665-4X,BAJO,D,,
BUJE PARA AUTOM | BUJE DE BRONCE AUTOL,BYC668,BAJO,D,,
BUJE PARA AUTOM | BUJE DE BRONCE AUTOL,BYC668-1X,BAJO,D,,
BUJE PARA AUTOM | BUJE DE BRONCE AUTOL,BYC668-2X,BAJO,D,,
BUJE PARA AUTOM | BUJE DE BRONCE AUTOL,BYC669,BAJO,C,,
BUJE PARA AUTOM | BUJE DE BRONCE AUTOL,BYC669-1X,BAJO,C,,
BUJE PARA AUTOM | BUJE DE BRONCE AUTOL,BYC669-2X,BAJO,D,,
BUJE PARA AUTOM | BUJE DE BRONCE AUTOL,BYC669-4X,BAJO,D,,
BUJE PARA AUTOM | BUJE DE BRONCE AUTOL,BYC671,BAJO,C,,
BUJE PARA AUTOM | BUJE DE BRONCE AUTOL,BYC673,BAJO,D,,
BUJE PARA AUTOM | BUJE DE BRONCE AUTOL,BYC673-1X,BAJO,D,,
BUJE PARA AUTOM | BUJE DE BRONCE AUTOL,BYC673-4X,BAJO,D,,
BUJE PARA AUTOM | BUJE DE BRONCE AUTOL,BYC674-1X,BAJO,D,,
BUJE PARA AUTOM | BUJE DE BRONCE AUTOL,BYC675,BAJO,C,,
BUJE PARA AUTOM | BUJE DE BRONCE AUTOL,BYC675-1X,BAJO,C,,
BUJE PARA AUTOM | BUJE DE BRONCE AUTOL,BYC675-2X,BAJO,C,,
BUJE PARA AUTOM | BUJE DE BRONCE AUTOL,BYC675-4X,BAJO,C,,
BUJE PARA AUTOM | BUJE DE BRONCE AUTOL,BYC677,BAJO,D,,
BUJE PARA AUTOM | BUJE DE BRONCE AUTOL,BYC677-2X,BAJO,D,,
BUJE PARA AUTOM | BUJE DE BRONCE AUTOL,BYC679,BAJO,D,,
BUJE PARA AUTOM | BUJE DE BRONCE AUTOL,BYC680,BAJO,D,,
BUJE PARA AUTOM | BUJE DE BRONCE AUTOL,BYC680-1X,BAJO,D,,
BUJE PARA AUTOM | BUJE DE BRONCE AUTOL,BYC680-4X,BAJO,D,,
BUJE PARA AUTOM | BUJE DE BRONCE AUTOL,BYC683,BAJO,C,,
BUJE PARA AUTOM | BUJE DE BRONCE AUTOL,BYC683-1X,BAJO,D,,
BUJE PARA AUTOM | BUJE DE BRONCE AUTOL,BYC683-2X,BAJO,D,,
BUJE PARA AUTOM | BUJE DE BRONCE AUTOL,BYC684,BAJO,D,,
BUJE PARA AUTOM | BUJE DE BRONCE AUTOL,BYC684-2X,BAJO,D,,
BUJE PARA AUTOM | BUJE DE BRONCE AUTOL,BYC685,BAJO,C,,
BUJE PARA AUTOM | BUJE DE BRONCE AUTOL,BYC685-1X,BAJO,D,,
BUJE PARA AUTOM | BUJE DE BRONCE AUTOL,BYC685-2X,BAJO,D,,
BUJE PARA AUTOM | BUJE DE BRONCE AUTOL,BYC686,BAJO,D,,
BUJE PARA AUTOM | BUJE DE BRONCE AUTOL,BYC686-2X,BAJO,D,,
BUJE PARA AUTOM | BUJE DE BRONCE AUTOL,BYC695,BAJO,D,,
BUJE PARA AUTOM | BUJE DE BRONCE AUTOL,BYC695-1X,BAJO,D,,
BUJE PARA AUTOM | BUJE DE BRONCE AUTOL,BYC695-2X,BAJO,D,,
BUJE PARA AUTOM | BUJE DE BRONCE AUTOL,BYC696-1X,BAJO,D,,
BUJE PARA AUTOM | BUJE DE BRONCE AUTOL,BYC696-2X,BAJO,D,,
BUJE PARA AUTOM | BUJE DE BRONCE AUTOL,BYC699,BAJO,D,,
BUJE PARA AUTOM | BUJE DE BRONCE AUTOL,BYC708,BAJO,D,,
BUJE PARA AUTOM | BUJE DE BRONCE AUTOL,BYC708-1X,BAJO,D,,
BUJE PARA AUTOM | BUJE DE BRONCE AUTOL,BYC708-4X,BAJO,D,,
BUJE PARA AUTOM | BUJE DE BRONCE AUTOL,BYC727,BAJO,C,,
BUJE PARA AUTOM | BUJE DE BRONCE AUTOL,BYC727-1X,BAJO,C,,
BUJE PARA AUTOM | BUJE DE BRONCE AUTOL,BYC727-2X,BAJO,C,,
BUJE PARA AUTOM | BUJE DE BRONCE AUTOL,BYC730,BAJO,B,,
BUJE PARA AUTOM | BUJE DE BRONCE AUTOL,BYC730-1X,BAJO,B,,
BUJE PARA AUTOM | BUJE DE BRONCE AUTOL,BYC730-2X,BAJO,C,,
BUJE PARA AUTOM | BUJE DE BRONCE AUTOL,BYC730-3X,BAJO,C,,
BUJE PARA AUTOM | BUJE DE BRONCE AUTOL,BYC730-4X,BAJO,C,,
BUJE PARA AUTOM | BUJE DE BRONCE AUTOL,BYC731-1X,BAJO,D,,
BUJE PARA AUTOM | BUJE DE BRONCE AUTOL,BYC830-2X,BAJO,C,,
BUJE PARA AUTOM | BUJE DE BRONCE AUTOL,BYC832,BAJO,D,,
BUJE PARA AUTOM | BUJE DE BRONCE AUTOL,BYC844,BAJO,D,,
BUJE PARA AUTOM | BUJE DE BRONCE AUTOL,BYC844-2X,BAJO,D,,
BUJE PARA AUTOM | BUJE DE BRONCE AUTOL,BYC846,BAJO,D,,
BUJE PARA AUTOM | BUJE DE BRONCE AUTOL,BYC852,BAJO,C,,
BUJE PARA AUTOM | BUJE DE BRONCE AUTOL,BYC852-10X,BAJO,D,,
BUJE PARA AUTOM | BUJE DE BRONCE AUTOL,BYC852-1X,BAJO,C,,
BUJE PARA AUTOM | BUJE DE BRONCE AUTOL,BYC852-2X,BAJO,C,,
BUJE PARA AUTOM | BUJE DE BRONCE AUTOL,BYC852-4X,BAJO,D,,
BUJE PARA AUTOM | BUJE DE BRONCE AUTOL,BYC854,BAJO,C,,
BUJE PARA AUTOM | BUJE DE BRONCE AUTOL,BYC854-1X,BAJO,C,,
BUJE PARA AUTOM | BUJE DE BRONCE AUTOL,BYC854-2X,BAJO,C,,
BUJE PARA AUTOM | BUJE DE BRONCE AUTOL,BYC855,BAJO,C,,
BUJE PARA AUTOM | BUJE DE BRONCE AUTOL,BYC855-10X,BAJO,C,,
BUJE PARA AUTOM | BUJE DE BRONCE AUTOL,BYC855-1X,BAJO,B,,
BUJE PARA AUTOM | BUJE DE BRONCE AUTOL,BYC855-2X,BAJO,C,,
BUJE PARA AUTOM | BUJE DE BRONCE AUTOL,BYC855-3X,BAJO,C,,
BUJE PARA AUTOM | BUJE DE BRONCE AUTOL,BYC855-4X,BAJO,C,,
BUJE PARA AUTOM | BUJE DE BRONCE AUTOL,BYC856,BAJO,C,,
BUJE PARA AUTOM | BUJE DE BRONCE AUTOL,BYC856-1X,BAJO,C,,
BUJE PARA AUTOM | BUJE DE BRONCE AUTOL,BYC856-2X,BAJO,D,,
BUJE PARA AUTOM | BUJE DE BRONCE AUTOL,BYC856-4X,BAJO,D,,
BUJE PARA AUTOM | BUJE DE BRONCE AUTOL,BYC857,BAJO,D,,
BUJE PARA AUTOM | BUJE DE BRONCE AUTOL,BYC857-1X,BAJO,C,,
BUJE PARA AUTOM | BUJE DE BRONCE AUTOL,BYC857-2X,BAJO,C,,
BUJE PARA AUTOM | BUJE DE BRONCE AUTOL,BYC857-4X,BAJO,D,,
BUJE PARA AUTOM | BUJE DE BRONCE AUTOL,BYC859-2X,BAJO,D,,
BUJE PARA AUTOM | BUJE DE BRONCE AUTOL,BYC859-4X,BAJO,D,,
BUJE PARA AUTOM | BUJE DE BRONCE AUTOL,BYC862,BAJO,D,,
BUJE PARA AUTOM | BUJE DE BRONCE AUTOL,BYC862-1X,BAJO,D,,
BUJE PARA AUTOM | BUJE DE BRONCE AUTOL,BYC863,BAJO,D,,
BUJE PARA AUTOM | BUJE DE BRONCE AUTOL,BYC863-1X,BAJO,D,,
BUJE PARA AUTOM | BUJE DE BRONCE AUTOL,BYC863-2X,BAJO,D,,
BUJE PARA AUTOM | BUJE DE BRONCE AUTOL,BYC863-4X,BAJO,D,,
BUJE PARA AUTOM | BUJE DE BRONCE AUTOL,BYC866,BAJO,D,,
BUJE PARA AUTOM | BUJE DE BRONCE AUTOL,BYC866-1X,BAJO,D,,
BUJE PARA AUTOM | BUJE DE BRONCE AUTOL,BYC866-2X,BAJO,D,,
BUJE PARA AUTOM | BUJE DE BRONCE AUTOL,BYC866-4X,BAJO,D,,
BUJE PARA AUTOM | BUJE DE BRONCE AUTOL,BYC867,BAJO,C,,
BUJE PARA AUTOM | BUJE DE BRONCE AUTOL,BYC867-1X,BAJO,D,,
BUJE PARA AUTOM | BUJE DE BRONCE AUTOL,BYC867-2X,BAJO,D,,
BUJE PARA AUTOM | BUJE DE BRONCE AUTOL,BYC867-4X,BAJO,D,,
BUJE PARA AUTOM | BUJE DE BRONCE AUTOL,BYC872,BAJO,C,,
BUJE PARA AUTOM | BUJE DE BRONCE AUTOL,BYC872-1X,BAJO,D,,
BUJE PARA AUTOM | BUJE DE BRONCE AUTOL,BYC872-2X,BAJO,D,,
BUJE PARA AUTOM | BUJE DE BRONCE AUTOL,BYC873,BAJO,C,,
BUJE PARA AUTOM | BUJE DE BRONCE AUTOL,BYC873-1X,BAJO,D,,
BUJE PARA AUTOM | BUJE DE BRONCE AUTOL,BYC873-2X,BAJO,D,,
BUJE PARA AUTOM | BUJE DE BRONCE AUTOL,BYC873-4X,BAJO,D,,
BUJE PARA AUTOM | BUJE DE BRONCE AUTOL,BYC875,BAJO,D,,
BUJE PARA AUTOM | BUJE DE BRONCE AUTOL,BYC885,BAJO,C,,
BUJE PARA AUTOM | BUJE DE BRONCE AUTOL,BYC885-1X,BAJO,C,,
BUJE PARA AUTOM | BUJE DE BRONCE AUTOL,BYC885-2X,BAJO,C,,
BUJE PARA AUTOM | BUJE DE BRONCE AUTOL,BYC887,BAJO,D,,
BUJE PARA AUTOM | BUJE DE BRONCE AUTOL,BYC888,BAJO,C,,
BUJE PARA AUTOM | BUJE DE BRONCE AUTOL,BYC888-1X,BAJO,C,,
BUJE PARA AUTOM | BUJE DE BRONCE AUTOL,BYC888-2X,BAJO,C,,
BUJE PARA AUTOM | BUJE DE BRONCE AUTOL,BYC888-4X,BAJO,D,,
BUJE PARA AUTOM | BUJE DE BRONCE AUTOL,BYC889,BAJO,C,,
BUJE PARA AUTOM | BUJE DE BRONCE AUTOL,BYC894,BAJO,D,,
BUJE PARA AUTOM | BUJE DE BRONCE AUTOL,BYC895,BAJO,D,,
BUJE PARA AUTOM | BUJE DE BRONCE AUTOL,BYC895-4X,BAJO,D,,
BUJE PARA AUTOM | BUJE DE BRONCE AUTOL,BYC897,BAJO,C,,
BUJE PARA AUTOM | BUJE DE BRONCE AUTOL,BYC899-2X,BAJO,D,,
BUJE PARA AUTOM | BUJE DE BRONCE AUTOL,BYC900-2X,BAJO,D,,
BUJE PARA AUTOM | BUJE DE BRONCE AUTOL,BYC901,BAJO,C,,
BUJE PARA AUTOM | BUJE DE BRONCE AUTOL,BYC902,BAJO,C,,
BUJE PARA AUTOM | BUJE DE BRONCE AUTOL,BYC902-1X,BAJO,C,,
BUJE PARA AUTOM | BUJE DE BRONCE AUTOL,BYC902-20X,BAJO,D,,
BUJE PARA AUTOM | BUJE DE BRONCE AUTOL,BYC902-2X,BAJO,C,,
BUJE PARA AUTOM | BUJE DE BRONCE AUTOL,BYC902-4X,BAJO,D,,
BUJE PARA AUTOM | BUJE DE BRONCE AUTOL,BYC903,BAJO,C,,
BUJE PARA AUTOM | BUJE DE BRONCE AUTOL,BYC903-1X,BAJO,C,,
BUJE PARA AUTOM | BUJE DE BRONCE AUTOL,BYC903-2X,BAJO,C,,
BUJE PARA AUTOM | BUJE DE BRONCE AUTOL,BYC903-4X,BAJO,C,,
BUJE PARA AUTOM | BUJE DE BRONCE AUTOL,BYC904,BAJO,D,,
BUJE PARA AUTOM | BUJE DE BRONCE AUTOL,BYC904-1X,BAJO,D,,
BUJE PARA AUTOM | BUJE DE BRONCE AUTOL,BYC904-2X,BAJO,D,,
BUJE PARA AUTOM | BUJE DE BRONCE AUTOL,BYC904-4X,BAJO,D,,
BUJE PARA AUTOM | BUJE DE BRONCE AUTOL,BYC906-1X,BAJO,C,,
BUJE PARA AUTOM | BUJE DE BRONCE AUTOL,BYC907,BAJO,C,,
BUJE PARA AUTOM | BUJE DE BRONCE AUTOL,BYC907-1X,BAJO,C,,
BUJE PARA AUTOM | BUJE DE BRONCE AUTOL,BYC907-2X,BAJO,D,,
BUJE PARA AUTOM | BUJE DE BRONCE AUTOL,BYC907-4X,BAJO,D,,
BUJE PARA AUTOM | BUJE DE BRONCE AUTOL,BYC910-1X,BAJO,D,,
BUJE PARA AUTOM | BUJE DE BRONCE AUTOL,BYC910-2X,BAJO,D,,
BUJE PARA AUTOM | BUJE DE BRONCE AUTOL,BYC910-4X,BAJO,D,,
BUJE PARA AUTOM | BUJE DE BRONCE AUTOL,BYC911,BAJO,C,,
BUJE PARA AUTOM | BUJE DE BRONCE AUTOL,BYC911-1X,BAJO,C,,
BUJE PARA AUTOM | BUJE DE BRONCE AUTOL,BYC911-2X,BAJO,C,,
BUJE PARA AUTOM | BUJE DE BRONCE AUTOL,BYC912,BAJO,C,,
BUJE PARA AUTOM | BUJE DE BRONCE AUTOL,BYC912-1X,BAJO,C,,
BUJE PARA AUTOM | BUJE DE BRONCE AUTOL,BYC912-2X,BAJO,C,,
BUJE PARA AUTOM | BUJE DE BRONCE AUTOL,BYC912-4X,BAJO,C,,
BUJE PARA AUTOM | BUJE DE BRONCE AUTOL,BYC913,BAJO,C,,
BUJE PARA AUTOM | BUJE DE BRONCE AUTOL,BYC914,BAJO,D,,
BUJE PARA AUTOM | BUJE DE BRONCE AUTOL,BYC914-1X,BAJO,C,,
BUJE PARA AUTOM | BUJE DE BRONCE AUTOL,BYC915,BAJO,D,,
BUJE PARA AUTOM | BUJE DE BRONCE AUTOL,BYC915-1X,BAJO,D,,
BUJE PARA AUTOM | BUJE DE BRONCE AUTOL,BYC915-4X,BAJO,D,,
BUJE PARA AUTOM | BUJE DE BRONCE AUTOL,BYC916,BAJO,D,,
BUJE PARA AUTOM | BUJE DE BRONCE AUTOL,BYC916-4X,BAJO,D,,
BUJE PARA AUTOM | BUJE DE BRONCE AUTOL,BYC917,BAJO,C,,
BUJE PARA AUTOM | BUJE DE BRONCE AUTOL,BYC917-1X,BAJO,C,,
BUJE PARA AUTOM | BUJE DE BRONCE AUTOL,BYC917-2X,BAJO,D,,
BUJE PARA AUTOM | BUJE DE BRONCE AUTOL,BYC918,BAJO,D,,
BUJE PARA AUTOM | BUJE DE BRONCE AUTOL,BYC918-2X,BAJO,D,,
BUJE PARA AUTOM | BUJE DE BRONCE AUTOL,BYC918-4X,BAJO,D,,
BUJE PARA AUTOM | BUJE DE BRONCE AUTOL,BYC919,BAJO,C,,
BUJE PARA AUTOM | BUJE DE BRONCE AUTOL,BYC919-1X,BAJO,C,,
BUJE PARA AUTOM | BUJE DE BRONCE AUTOL,BYC919-2X,BAJO,C,,
BUJE PARA AUTOM | BUJE DE BRONCE AUTOL,BYC920,BAJO,D,,
BUJE PARA AUTOM | BUJE DE BRONCE AUTOL,BYC920-2X,BAJO,C,,
BUJE PARA AUTOM | BUJE DE BRONCE AUTOL,BYC920-4X,BAJO,D,,
BUJE PARA AUTOM | BUJE DE BRONCE AUTOL,BYC923,BAJO,D,,
BUJE PARA AUTOM | BUJE DE BRONCE AUTOL,BYC925,BAJO,D,,
BUJE PARA AUTOM | BUJE DE BRONCE AUTOL,BYC925-1X,BAJO,C,,
BUJE PARA AUTOM | BUJE DE BRONCE AUTOL,BYC925-2X,BAJO,D,,
BUJE PARA AUTOM | BUJE DE BRONCE AUTOL,BYC926,BAJO,C,,
BUJE PARA AUTOM | BUJE DE BRONCE AUTOL,BYC926-10X,BAJO,C,,
BUJE PARA AUTOM | BUJE DE BRONCE AUTOL,BYC926-1X,BAJO,C,,
BUJE PARA AUTOM | BUJE DE BRONCE AUTOL,BYC926-2X,BAJO,C,,
BUJE PARA AUTOM | BUJE DE BRONCE AUTOL,BYC926-4X,BAJO,C,,
BUJE PARA AUTOM | BUJE DE BRONCE AUTOL,BYC927,BAJO,D,,
BUJE PARA AUTOM | BUJE DE BRONCE AUTOL,BYC927-1X,BAJO,C,,
BUJE PARA AUTOM | BUJE DE BRONCE AUTOL,BYC927-2X,BAJO,D,,
BUJE PARA AUTOM | BUJE DE BRONCE AUTOL,BYC927-4X,BAJO,D,,
BUJE PARA AUTOM | BUJE DE BRONCE AUTOL,BYC929,BAJO,D,,
BUJE PARA AUTOM | BUJE DE BRONCE AUTOL,BYC930-4X,BAJO,D,,
BUJE PARA AUTOM | BUJE DE BRONCE AUTOL,BYC931,BAJO,C,,
BUJE PARA AUTOM | BUJE DE BRONCE AUTOL,BYC931-1X,BAJO,D,,
BUJE PARA AUTOM | BUJE DE BRONCE AUTOL,BYC931-2X,BAJO,D,,
BUJE PARA AUTOM | BUJE DE BRONCE AUTOL,BYC931-4X,BAJO,D,,
BUJE PARA AUTOM | BUJE DE BRONCE AUTOL,BYC932,BAJO,C,,
BUJE PARA AUTOM | BUJE DE BRONCE AUTOL,BYC932-1X,BAJO,D,,
BUJE PARA AUTOM | BUJE DE BRONCE AUTOL,BYC932-2X,BAJO,C,,
BUJE PARA AUTOM | BUJE DE BRONCE AUTOL,BYC932-4X,BAJO,C,,
BUJE PARA AUTOM | BUJE DE BRONCE AUTOL,BYC933,BAJO,D,,
BUJE PARA AUTOM | BUJE DE BRONCE AUTOL,BYC935,BAJO,C,,
BUJE PARA AUTOM | BUJE DE BRONCE AUTOL,BYC936,BAJO,D,,
BUJE PARA AUTOM | BUJE DE BRONCE AUTOL,BYC943,BAJO,D,,
BUJE PARA AUTOM | BUJE DE BRONCE AUTOL,BYC943-1X,BAJO,D,,
BUJE PARA AUTOM | BUJE DE BRONCE AUTOL,BYC945,BAJO,C,,
BUJE PARA AUTOM | BUJE DE BRONCE AUTOL,BYC945-1X,BAJO,D,,
BUJE PARA AUTOM | BUJE DE BRONCE AUTOL,BYC945-2X,BAJO,D,,
BUJE PARA AUTOM | BUJE DE BRONCE AUTOL,BYC946,BAJO,C,,
BUJE PARA AUTOM | BUJE DE BRONCE AUTOL,BYC946-1X,BAJO,C,,
BUJE PARA AUTOM | BUJE DE BRONCE AUTOL,BYC946-2X,BAJO,C,,
BUJE PARA AUTOM | BUJE DE BRONCE AUTOL,BYC946-3X,BAJO,C,,
BUJE PARA AUTOM | BUJE DE BRONCE AUTOL,BYC946-4X,BAJO,C,,
BUJE PARA AUTOM | BUJE DE BRONCE AUTOL,BYC946-6X,BAJO,D,,
BUJE PARA AUTOM | BUJE DE BRONCE AUTOL,BYC947,BAJO,C,,
BUJE PARA AUTOM | BUJE DE BRONCE AUTOL,BYC947-10X,BAJO,C,,
BUJE PARA AUTOM | BUJE DE BRONCE AUTOL,BYC947-1X,BAJO,C,,
BUJE PARA AUTOM | BUJE DE BRONCE AUTOL,BYC947-2X,BAJO,C,,
BUJE PARA AUTOM | BUJE DE BRONCE AUTOL,BYC947-4X,BAJO,C,,
BUJE PARA AUTOM | BUJE DE BRONCE AUTOL,BYC948,BAJO,B,,
BUJE PARA AUTOM | BUJE DE BRONCE AUTOL,BYC948-10X,BAJO,C,,
BUJE PARA AUTOM | BUJE DE BRONCE AUTOL,BYC948-1X,BAJO,B,,
BUJE PARA AUTOM | BUJE DE BRONCE AUTOL,BYC948-2X,BAJO,B,,
BUJE PARA AUTOM | BUJE DE BRONCE AUTOL,BYC948-3X,BAJO,C,,
BUJE PARA AUTOM | BUJE DE BRONCE AUTOL,BYC948-4X,BAJO,C,,
BUJE PARA AUTOM | BUJE DE BRONCE AUTOL,BYC949,BAJO,C,,
BUJE PARA AUTOM | BUJE DE BRONCE AUTOL,BYC949-1X,BAJO,C,,
BUJE PARA AUTOM | BUJE DE BRONCE AUTOL,BYC949-2X,BAJO,D,,
BUJE PARA AUTOM | BUJE DE BRONCE AUTOL,BYC950-1X,BAJO,C,,
BUJE PARA AUTOM | BUJE DE BRONCE AUTOL,BYC950-2X,BAJO,D,,
BUJE PARA AUTOM | BUJE DE BRONCE AUTOL,BYC951-1X,BAJO,D,,
BUJE PARA AUTOM | BUJE DE BRONCE AUTOL,BYC951-2X,BAJO,D,,
BUJE PARA AUTOM | BUJE DE BRONCE AUTOL,BYC952,BAJO,B,,
BUJE PARA AUTOM | BUJE DE BRONCE AUTOL,BYC952-10X,BAJO,D,,
BUJE PARA AUTOM | BUJE DE BRONCE AUTOL,BYC952-1X,BAJO,B,,
BUJE PARA AUTOM | BUJE DE BRONCE AUTOL,BYC952-2X,BAJO,C,,
BUJE PARA AUTOM | BUJE DE BRONCE AUTOL,BYC952-3X,BAJO,C,,
BUJE PARA AUTOM | BUJE DE BRONCE AUTOL,BYC952-4X,BAJO,C,,
BUJE PARA AUTOM | BUJE DE BRONCE AUTOL,BYC953,BAJO,C,,
BUJE PARA AUTOM | BUJE DE BRONCE AUTOL,BYC953-1X,BAJO,C,,
BUJE PARA AUTOM | BUJE DE BRONCE AUTOL,BYC953-2X,BAJO,C,,
BUJE PARA AUTOM | BUJE DE BRONCE AUTOL,BYC953-4X,BAJO,C,,
BUJE PARA AUTOM | BUJE DE BRONCE AUTOL,BYC954,BAJO,C,,
BUJE PARA AUTOM | BUJE DE BRONCE AUTOL,BYC954-1X,BAJO,C,,
BUJE PARA AUTOM | BUJE DE BRONCE AUTOL,BYC954-2X,BAJO,C,,
BUJE PARA AUTOM | BUJE DE BRONCE AUTOL,BYC954-4X,BAJO,D,,
BUJE PARA AUTOM | BUJE DE BRONCE AUTOL,BYC955,BAJO,C,,
BUJE PARA AUTOM | BUJE DE BRONCE AUTOL,BYC955-1X,BAJO,C,,
BUJE PARA AUTOM | BUJE DE BRONCE AUTOL,BYC955-2X,BAJO,C,,
BUJE PARA AUTOM | BUJE DE BRONCE AUTOL,BYC955-4X,BAJO,C,,
BUJE PARA AUTOM | BUJE DE BRONCE AUTOL,BYC956,BAJO,D,,
BUJE PARA AUTOM | BUJE DE BRONCE AUTOL,BYC956-1X,BAJO,D,,
BUJE PARA AUTOM | BUJE DE BRONCE AUTOL,BYC956-2X,BAJO,D,,
BUJE PARA AUTOM | BUJE DE BRONCE AUTOL,BYC956-4X,BAJO,D,,
BUJE PARA AUTOM | BUJE DE BRONCE AUTOL,BYC957,BAJO,C,,
BUJE PARA AUTOM | BUJE DE BRONCE AUTOL,BYC957-2X,BAJO,C,,
BUJE PARA AUTOM | BUJE DE BRONCE AUTOL,BYC957-5X,BAJO,D,,
BUJE PARA AUTOM | BUJE DE BRONCE AUTOL,BYC958,BAJO,C,,
BUJE PARA AUTOM | BUJE DE BRONCE AUTOL,BYC958-1X,BAJO,C,,
BUJE PARA AUTOM | BUJE DE BRONCE AUTOL,BYC958-2X,BAJO,C,,
BUJE PARA AUTOM | BUJE DE BRONCE AUTOL,BYC958-4X,BAJO,C,,
BUJE PARA AUTOM | BUJE DE BRONCE AUTOL,BYC959,BAJO,C,,
BUJE PARA AUTOM | BUJE DE BRONCE AUTOL,BYC959-1X,BAJO,C,,
BUJE PARA AUTOM | BUJE DE BRONCE AUTOL,BYC959-2X,BAJO,C,,
BUJE PARA AUTOM | BUJE DE BRONCE AUTOL,BYC959-4X,BAJO,C,,
BUJE PARA AUTOM | BUJE DE BRONCE AUTOL,BYC960,BAJO,C,,
BUJE PARA AUTOM | BUJE DE BRONCE AUTOL,BYC960-10X,BAJO,C,,
BUJE PARA AUTOM | BUJE DE BRONCE AUTOL,BYC960-1X,BAJO,C,,
BUJE PARA AUTOM | BUJE DE BRONCE AUTOL,BYC960-2X,BAJO,C,,
BUJE PARA AUTOM | BUJE DE BRONCE AUTOL,BYC960-4X,BAJO,C,,
BUJE PARA AUTOM | BUJE DE BRONCE AUTOL,BYC961,BAJO,C,,
BUJE PARA AUTOM | BUJE DE BRONCE AUTOL,BYC961-1X,BAJO,C,,
BUJE PARA AUTOM | BUJE DE BRONCE AUTOL,BYC961-2X,BAJO,C,,
BUJE PARA AUTOM | BUJE DE BRONCE AUTOL,BYC961-4X,BAJO,D,,
BUJE PARA AUTOM | BUJE DE BRONCE AUTOL,BYC962,BAJO,C,,
BUJE PARA AUTOM | BUJE DE BRONCE AUTOL,BYC962-2X,BAJO,C,,
BUJE PARA AUTOM | BUJE DE BRONCE AUTOL,BYC963,BAJO,D,,
BUJE PARA AUTOM | BUJE DE BRONCE AUTOL,BYC963-1X,BAJO,D,,
BUJE PARA AUTOM | BUJE DE BRONCE AUTOL,BYC963-2X,BAJO,D,,
BUJE PARA AUTOM | BUJE DE BRONCE AUTOL,BYC963-4X,BAJO,D,,
BUJE PARA AUTOM | BUJE DE BRONCE AUTOL,BYC965,BAJO,D,,
BUJE PARA AUTOM | BUJE DE BRONCE AUTOL,BYC965-1X,BAJO,D,,
BUJE PARA AUTOM | BUJE DE BRONCE AUTOL,BYC965-2X,BAJO,D,,
BUJE PARA AUTOM | BUJE DE BRONCE AUTOL,BYC965-4X,BAJO,D,,
BUJE PARA AUTOM | BUJE DE BRONCE AUTOL,BYC966,BAJO,C,,
BUJE PARA AUTOM | BUJE DE BRONCE AUTOL,BYC966-1X,BAJO,D,,
BUJE PARA AUTOM | BUJE DE BRONCE AUTOL,BYC966-2X,BAJO,C,,
BUJE PARA AUTOM | BUJE DE BRONCE AUTOL,BYC966-4X,BAJO,C,,
BUJE PARA AUTOM | BUJE DE BRONCE AUTOL,BYC967,BAJO,C,,
BUJE PARA AUTOM | BUJE DE BRONCE AUTOL,BYC967-1X,BAJO,C,,
BUJE PARA AUTOM | BUJE DE BRONCE AUTOL,BYC967-2X,BAJO,D,,
BUJE PARA AUTOM | BUJE DE BRONCE AUTOL,BYC967-4X,BAJO,D,,
BUJE PARA AUTOM | BUJE DE BRONCE AUTOL,BYC968,BAJO,D,,
BUJE PARA AUTOM | BUJE DE BRONCE AUTOL,BYC968-2X,BAJO,D,,
BUJE PARA AUTOM | BUJE DE BRONCE AUTOL,BYC969,BAJO,C,,
BUJE PARA AUTOM | BUJE DE BRONCE AUTOL,BYC969-10X,BAJO,D,,
BUJE PARA AUTOM | BUJE DE BRONCE AUTOL,BYC969-1X,BAJO,C,,
BUJE PARA AUTOM | BUJE DE BRONCE AUTOL,BYC969-2X,BAJO,C,,
BUJE PARA AUTOM | BUJE DE BRONCE AUTOL,BYC969-4X,BAJO,D,,
BUJE PARA AUTOM | BUJE DE BRONCE AUTOL,BYC970,BAJO,D,,
BUJE PARA AUTOM | BUJE DE BRONCE AUTOL,BYC970-1X,BAJO,D,,
BUJE PARA AUTOM | BUJE DE BRONCE AUTOL,BYC970-2X,BAJO,D,,
BUJE PARA AUTOM | BUJE DE BRONCE AUTOL,BYC970-3X,BAJO,D,,
BUJE PARA AUTOM | BUJE DE BRONCE AUTOL,BYC971,BAJO,D,,
BUJE PARA AUTOM | BUJE DE BRONCE AUTOL,BYC971-1X,BAJO,D,,
BUJE PARA AUTOM | BUJE DE BRONCE AUTOL,BYC971-2X,BAJO,D,,
BUJE PARA AUTOM | BUJE DE BRONCE AUTOL,BYC973,BAJO,D,,
BUJE PARA AUTOM | BUJE DE BRONCE AUTOL,BYC975,BAJO,D,,
BUJE PARA AUTOM | BUJE DE BRONCE AUTOL,BYC975-1X,BAJO,D,,
BUJE PARA AUTOM | BUJE DE BRONCE AUTOL,BYC975-2X,BAJO,D,,
BUJE PARA AUTOM | BUJE DE BRONCE AUTOL,BYC975-4X,BAJO,D,,
BUJE PARA AUTOM | BUJE DE BRONCE AUTOL,BYC976,BAJO,C,,
BUJE PARA AUTOM | BUJE DE BRONCE AUTOL,BYC976-1X,BAJO,D,,
BUJE PARA AUTOM | BUJE DE BRONCE AUTOL,BYC976-4X,BAJO,D,,
BUJE PARA AUTOM | BUJE DE BRONCE AUTOL,BYC977,BAJO,D,,
BUJE PARA AUTOM | BUJE DE BRONCE AUTOL,BYC977-2X,BAJO,D,,
BUJE PARA AUTOM | BUJE DE BRONCE AUTOL,BYC977-4X,BAJO,D,,
BUJE PARA AUTOM | BUJE DE BRONCE AUTOL,BYC978,BAJO,D,,
BUJE PARA AUTOM | BUJE DE BRONCE AUTOL,BYC978-1X,BAJO,D,,
BUJE PARA AUTOM | BUJE DE BRONCE AUTOL,BYC979-1X,BAJO,D,,
BUJE PARA AUTOM | BUJE DE BRONCE AUTOL,BYC979-4X,BAJO,D,,
BUJE PARA AUTOM | BUJE DE BRONCE AUTOL,BYC980,BAJO,B,,
BUJE PARA AUTOM | BUJE DE BRONCE AUTOL,BYC980-10X,BAJO,C,,
BUJE PARA AUTOM | BUJE DE BRONCE AUTOL,BYC980-1X,BAJO,B,,
BUJE PARA AUTOM | BUJE DE BRONCE AUTOL,BYC980-2X,BAJO,C,,
BUJE PARA AUTOM | BUJE DE BRONCE AUTOL,BYC980-3X,BAJO,D,,
BUJE PARA AUTOM | BUJE DE BRONCE AUTOL,BYC980-4X,BAJO,C,,
BUJE PARA AUTOM | BUJE DE BRONCE AUTOL,BYC981,BAJO,C,,
BUJE PARA AUTOM | BUJE DE BRONCE AUTOL,BYC981-10X,BAJO,D,,
BUJE PARA AUTOM | BUJE DE BRONCE AUTOL,BYC981-1X,BAJO,C,,
BUJE PARA AUTOM | BUJE DE BRONCE AUTOL,BYC981-2X,BAJO,C,,
BUJE PARA AUTOM | BUJE DE BRONCE AUTOL,BYC981-4X,BAJO,C,,
BUJE PARA AUTOM | BUJE DE BRONCE AUTOL,BYC982,BAJO,B,,
BUJE PARA AUTOM | BUJE DE BRONCE AUTOL,BYC982-10X,BAJO,C,,
BUJE PARA AUTOM | BUJE DE BRONCE AUTOL,BYC982-1X,BAJO,B,,
BUJE PARA AUTOM | BUJE DE BRONCE AUTOL,BYC982-2X,BAJO,C,,
BUJE PARA AUTOM | BUJE DE BRONCE AUTOL,BYC982-3X,BAJO,C,,
BUJE PARA AUTOM | BUJE DE BRONCE AUTOL,BYC982-4X,BAJO,C,,
BUJE PARA AUTOM | BUJE DE BRONCE AUTOL,BYC982-6X,BAJO,D,,
BUJE PARA AUTOM | BUJE DE BRONCE AUTOL,BYC983,BAJO,D,,
BUJE PARA AUTOM | BUJE DE BRONCE AUTOL,BYC983-1X,BAJO,D,,
BUJE PARA AUTOM | BUJE DE BRONCE AUTOL,BYC983-2X,BAJO,C,,
BUJE PARA AUTOM | BUJE DE BRONCE AUTOL,BYC983-4X,BAJO,D,,
BUJE PARA AUTOM | BUJE DE BRONCE AUTOL,BYC984,BAJO,D,,
BUJE PARA AUTOM | BUJE DE BRONCE AUTOL,BYC984-1X,BAJO,D,,
BUJE PARA AUTOM | BUJE DE BRONCE AUTOL,BYC985,BAJO,D,,
BUJE PARA AUTOM | BUJE DE BRONCE AUTOL,BYC985-1X,BAJO,D,,
BUJE PARA AUTOM | BUJE DE BRONCE AUTOL,BYC985-2X,BAJO,D,,
BUJE PARA AUTOM | BUJE DE BRONCE AUTOL,BYC985-4X,BAJO,D,,
BUJE PARA AUTOM | BUJE DE BRONCE AUTOL,BYC986,BAJO,C,,
BUJE PARA AUTOM | BUJE DE BRONCE AUTOL,BYC986-1X,BAJO,C,,
BUJE PARA AUTOM | BUJE DE BRONCE AUTOL,BYC986-2X,BAJO,C,,
BUJE PARA AUTOM | BUJE DE BRONCE AUTOL,BYC986-4X,BAJO,D,,
BUJE PARA AUTOM | BUJE DE BRONCE AUTOL,BYC987,BAJO,C,,
BUJE PARA AUTOM | BUJE DE BRONCE AUTOL,BYC987-1X,BAJO,C,,
BUJE PARA AUTOM | BUJE DE BRONCE AUTOL,BYC987-2X,BAJO,C,,
BUJE PARA AUTOM | BUJE DE BRONCE AUTOL,BYC987-3X,BAJO,C,,
BUJE PARA AUTOM | BUJE DE BRONCE AUTOL,BYC987-4X,BAJO,C,,
BUJE PARA AUTOM | BUJE DE BRONCE AUTOL,BYC988,BAJO,C,,
BUJE PARA AUTOM | BUJE DE BRONCE AUTOL,BYC988-1X,BAJO,C,,
BUJE PARA AUTOM | BUJE DE BRONCE AUTOL,BYC988-2X,BAJO,D,,
BUJE PARA AUTOM | BUJE DE BRONCE AUTOL,BYC988-4X,BAJO,D,,
BUJE PARA AUTOM | BUJE DE BRONCE AUTOL,BYC996,BAJO,D,,
BUJE PARA AUTOM | BUJE DE BRONCE AUTOL,BYC996-1X,BAJO,D,,
BUJE PARA AUTOM | BUJE DE BRONCE AUTOL,BYC996-2X,BAJO,D,,
BUJE PARA AUTOM | BUJE DE BRONCE AUTOL,BYCTH130,BAJO,D,,
BUJE PARA AUTOM | BUJE DE BRONCE AUTOL,BYCTH135,BAJO,D,,
BUJE PARA AUTOM | BUJE DE BRONCE AUTOL,BYCTH136,BAJO,D,,
BUJE PARA AUTOM | BUJE DE BRONCE AUTOL,BYCTH139,BAJO,D,,
BUJE PARA AUTOM | BUJE DE BRONCE AUTOL,BYCTH140,BAJO,D,,
BUJE PARA AUTOM | BUJE DE BRONCE AUTOL,BYCTH142,BAJO,D,,
BUJE PARA AUTOM | BUJE DE BRONCE AUTOL,BYCTH143,MEDIO,D,,
BUJE PARA AUTOM | BUJE DE BRONCE AUTOL,BYCTH144,BAJO,C,,
BUJE PARA AUTOM | BUJE DE BRONCE AUTOL,BYCTH145,BAJO,D,,
BUJE PARA AUTOM | BUJE DE BRONCE AUTOL,BYCTH146,BAJO,D,,
BUJE PARA AUTOM | BUJE DE BRONCE AUTOL,BYCTH147,MEDIO,D,,
BUJE PARA AUTOM | BUJE DE BRONCE AUTOL,BYCTH150,BAJO,C,,
BUJE PARA AUTOM | BUJE DE BRONCE AUTOL,BYCTH162,BAJO,D,,
BUJE PARA AUTOM | BUJE DE BRONCE AUTOL,BYCTH173,BAJO,D,,
BUJE PARA AUTOM | BUJE DE BRONCE AUTOL,BYCTH176,BAJO,C,,
BUJE PARA AUTOM | BUJE DE BRONCE AUTOL,BYCTH179,BAJO,D,,
BUJE PARA AUTOM | BUJE DE BRONCE AUTOL,BYCTH182,BAJO,C,,
BUJE PARA AUTOM | BUJE DE BRONCE AUTOL,BYCTH184,BAJO,D,,
BUJE PARA AUTOM | BUJE DE BRONCE AUTOL,BYCTH185,BAJO,D,,
BUJE PARA AUTOM | BUJE DE BRONCE AUTOL,BYCTH186,MEDIO,D,,
BUJE PARA AUTOM | BUJE DE BRONCE AUTOL,BYCTH187,BAJO,D,,
BUJE PARA AUTOM | BUJE DE BRONCE AUTOL,BYCTH190,BAJO,D,,
BUJE PARA AUTOM | BUJE DE BRONCE AUTOL,BYCTH198,BAJO,C,,
BUJE PARA AUTOM | BUJE DE BRONCE AUTOL,BYCTH205,BAJO,D,,
BUJE PARA AUTOM | BUJE DE BRONCE AUTOL,BYCTH209,BAJO,D,,
BUJE PARA AUTOM | BUJE DE BRONCE AUTOL,BYCTH210,BAJO,D,,
BUJE PARA AUTOM | BUJE DE BRONCE AUTOL,BYCTH211,BAJO,D,,
BUJE PARA AUTOM | BUJE DE BRONCE AUTOL,BYCTH215,BAJO,D,,
BUJE PARA AUTOM | BUJE DE BRONCE AUTOL,BYCTH216,BAJO,C,,
BUJE PARA AUTOM | BUJE DE BRONCE AUTOL,BYCTH217,BAJO,D,,
BUJE PARA AUTOM | BUJE DE BRONCE AUTOL,BYCTH218,BAJO,D,,
BUJE PARA AUTOM | BUJE DE BRONCE AUTOL,BYCTH219,BAJO,D,,
BUJE PARA AUTOM | BUJE DE BRONCE AUTOL,BYCTH227,BAJO,C,,
BUJE PARA AUTOM | BUJE DE BRONCE AUTOL,BYCTH237,BAJO,D,,
BUJE PARA AUTOM | BUJE DE BRONCE AUTOL,BYCTH238,BAJO,D,,
BUJIA DE ENCEND | ,CHAC11YCC,BAJO,D,,
BUJIA DE ENCEND | BUJIA DE COMPETICION,CHAC61,BAJO,C,,
BUJIA DE ENCEND | ,CHAC6BYC,BAJO,D,,
BUJIA DE ENCEND | ,CHAC7YCX,BAJO,D,,
BUJIA DE ENCEND | BUJÍA DE ENCENDIDO R,CHAC9YCC,BAJO,C,,
BUJIA DE ENCEND | ,CHAC9YCX,BAJO,D,,
BUJIA INCANDESC | ALEKO 1.8 D/BEDFORD,CHACH147,BAJO,D,,
BUJIA INCANDESC | BEDFORD 2.0 D/TD/CHE,CHACH158,BAJO,C,,
BUJIA INCANDESC | CITROEN BERLINGO/C4/,CHACH170,BAJO,C,,
BUJIA INCANDESC | JEEP 2.1 TD/RENAULT,CHACH173,BAJO,D,,
BUJIA INCANDESC | CHEVROLET 2.5 TD/DLX,CHACH178,BAJO,C,,
BUJIA INCANDESC | ALFA ROMEO 2.5 TD/AU,CHACH181,BAJO,C,,
BUJIA INCANDESC | CITROEN BERLINGO/XSA,CHACH185,BAJO,C,,
BUJIA INCANDESC | ALFA ROMEO 1.9 D/TD/,CHACH189,BAJO,C,,
BUJIA INCANDESC | FORD FOCUS/FIESTA/MO,CHACH196,BAJO,C,,
BUJIA INCANDESC | CITROEN 1.4 HDI/1.4,CHACH200,BAJO,C,,
BUJIA INCANDESC | FORD COURIER/ESCORT,CHACH205,BAJO,C,,
BUJIA INCANDESC | RENAULT CLIO/MEGANE,CHACH206,BAJO,C,,
BUJIA INCANDESC | BMW 3.0 D/CHEVROLET,CHACH207,BAJO,C,,
BUJIA INCANDESC | OPEL 1.9 D/RENAULT C,CHACH217,BAJO,C,,
BUJIA INCANDESC | CHRYSLER 2.2 CRD/JEE,CHACH218,BAJO,D,,
BUJIA INCANDESC | HYUNDAI 2.5 D/TD/TCI,CHACH221,BAJO,D,,
BUJIA INCANDESC | CHEVROLET 1.3 CDTI 1,CHACH223,BAJO,C,,
BUJIA INCANDESC | RENAULT CLIO 2/KANGO,CHACH233,BAJO,C,,
BUJIA INCANDESC | AUDI 1.6 D/2.0 D/2.4,CHACH260,BAJO,C,,
BUJIA INCANDESC | AUDI 2.5 TDI/1.9 TDI,CHACH271,BAJO,D,,
BUJIA INCANDESC | CHEVROLET CORSA 1.5,CHACH601,BAJO,C,,
BUJIA DE ENCEND | ,CHACJ7Y,BAJO,C,,
BUJIA DE ENCEND | 0 CANTIDAD POR CAJA,CHACJ8,BAJO,A,,
BUJIA DE ENCEND | ,CHADJ7J,BAJO,D,,
BUJIA DE ENCEND | BUJIA MOTOSIERRA,CHADJ8J,BAJO,C,,
BUJIA DE ENCEND | FORD FALCON - SIERRA,CHAF11YC,BAJO,B,,
BUJIA DE ENCEND | FORD FALCON - F100 C,CHAF14YC,BAJO,C,,
BUJIA DE ENCEND | ,CHAF7YC,BAJO,D,,
BUJIA DE ENCEND | ,CHAF9YC,BAJO,C,,
BUJIA DE ENCEND | ,CHAJ11C,BAJO,C,,
BUJIA DE ENCEND | ,CHAJ17LM,BAJO,C,,
BUJIA DE ENCEND | ,CHAJ19LM,BAJO,C,,
BUJIA DE ENCEND | RENAULT IKA MOTOR CO,CHAJ8C,BAJO,C,,
BUJIA DE ENCEND | ,CHAKC8ZPYPB4,BAJO,C,,
BUJIA DE ENCEND | ,CHAL77JC4,BAJO,C,,
BUJIA DE ENCEND | ,CHAL82YC,BAJO,C,,
BUJIA DE ENCEND | ,CHAL86C,BAJO,D,,
BUJIA DE ENCEND | ROSCA CORTA CANTIDAD,CHAL87YC,BAJO,C,,
BUJIA DE ENCEND | ROSCA CORTA CANTIDAD,CHAL92YC,BAJO,B,,
BUJIA DE ENCEND | ROSCA CORTA,CHAL95YC,BAJO,D,,
BUJIA DE ENCEND | 0 CANTIDAD POR CAJA,CHAN11YC,BAJO,C,,
BUJIA DE ENCEND | CHEVROLET,CHAN12YC,BAJO,C,,
BUJIA DE ENCEND | CHEVROLET,CHAN14Y,BAJO,C,,
BUJIA DE ENCEND | ,CHAN14YC,BAJO,C,,
BUJIA DE ENCEND | VOLKSWAGEN POLARA-VA,CHAN16YC,BAJO,C,,
BUJIA DE ENCEND | ,CHAN3C,BAJO,C,,
BUJIA DE ENCEND | ,CHAN3G,BAJO,D,,
BUJIA DE ENCEND | BUJIA CHAMPION,CHAN6YC,BAJO,C,,
BUJIA DE ENCEND | ,CHAN7BMC,BAJO,C,,
BUJIA DE ENCEND | ,CHAN7BYC,BAJO,D,,
BUJIA DE ENCEND | BUJIA CHAMPION,CHAN7YC,BAJO,C,,
BUJIA DE ENCEND | ,CHAN9BYC,BAJO,C,,
BUJIA DE ENCEND | ROSCA LARGA CANTIDAD,CHAN9YC,BAJO,A,,
BUJIA DE ENCEND | CHAMPION BUJIA,CHARA4HCX,BAJO,C,,
BUJIA DE ENCEND | ,CHARA6HC,BAJO,C,,
BUJIA DE ENCEND | ,CHARC10DMC,BAJO,C,,
BUJIA DE ENCEND | ,CHARC10PYP4,BAJO,C,,
BUJIA DE ENCEND | ,CHARC12LC4,BAJO,D,,
BUJIA DE ENCEND | ,CHARC12LYC,BAJO,C,,
BUJIA DE ENCEND | ,CHARC12MC4,BAJO,C,,
BUJIA DE ENCEND | PEUGEOT 405-ESCORT C,CHARC12YC,BAJO,C,,
BUJIA DE ENCEND | ,CHARC6YCC,BAJO,D,,
BUJIA DE ENCEND | PEUGEOT 405 ROSCA FI,CHARC7YC,BAJO,C,,
BUJIA DE ENCEND | ,CHARC7YCC,BAJO,D,,
BUJIA DE ENCEND | ,CHARC87YCL,BAJO,C,,
BUJIA DE ENCEND | ,CHARC89TMC,BAJO,C,,
BUJIA DE ENCEND | ,CHARC8BYC,BAJO,C,,
BUJIA DE ENCEND | ,CHARC8DMC,BAJO,C,,
BUJIA DE ENCEND | ,CHARC8VTYC4,BAJO,C,,
BUJIA DE ENCEND | ,CHARC8YC,BAJO,D,,
BUJIA DE ENCEND | ,CHARC8YCL,BAJO,C,,
BUJIA DE ENCEND | ,CHARC9MCC,BAJO,C,,
BUJIA DE ENCEND | PEUGEOT 405 ROSCA FI,CHARC9YC,BAJO,B,,
BUJIA DE ENCEND | ,CHARC9YC4,BAJO,C,,
BUJIA DE ENCEND | ,CHARC9YCC,BAJO,D,,
BUJIA DE ENCEND | ,CHARCJ7Y,BAJO,D,,
BUJIA DE ENCEND | ,CHARE14MCC5,BAJO,C,,
BUJIA DE ENCEND | ,CHARE14PLP5,BAJO,C,,
BUJIA DE ENCEND | ,CHARE7PYP6,BAJO,D,,
BUJIA DE ENCEND | BUJIA CHAMPION,CHAREA8MCL,BAJO,C,,
BUJIA DE ENCEND | BUJIA CHAMPION,CHAREA8MX,BAJO,C,,
BUJIA DE ENCEND | ,CHAREC9MCLX,BAJO,C,,
BUJIA DE ENCEND | 0 CANTIDAD POR CAJA,CHAREC9YCL,BAJO,C,,
BUJIA DE ENCEND | FORD ESCORT NUEVO FO,CHARES9YCC4,BAJO,C,,
BUJIA DE ENCEND | ,CHARF11YC,BAJO,C,,
BUJIA DE ENCEND | ,CHARF14YC,BAJO,C,,
BUJIA DE ENCEND | ,CHARF9YC,BAJO,D,,
BUJIA DE ENCEND | ,CHARFN14LY,BAJO,D,,
BUJIA DE ENCEND | ,CHARJ19LM,BAJO,C,,
BUJIA DE ENCEND | ,CHARL87YC,BAJO,D,,
BUJIA DE ENCEND | ,CHARN10VTYC4,BAJO,C,,
BUJIA DE ENCEND | ,CHARN11YC,BAJO,C,,
BUJIA DE ENCEND | ,CHARN11YCC,BAJO,D,,
BUJIA DE ENCEND | ,CHARN12MC4,BAJO,D,,
BUJIA DE ENCEND | ROSCA LARGA,CHARN12YC,BAJO,D,,
BUJIA DE ENCEND | ,CHARN14PMP5,BAJO,C,,
BUJIA DE ENCEND | ROSCA LARGA,CHARN14YC,BAJO,C,,
BUJIA DE ENCEND | ,CHARN16YC5,BAJO,D,,
BUJIA DE ENCEND | ROSCA LARGA,CHARN7YC,BAJO,C,,
BUJIA DE ENCEND | ,CHARN8VTYC4,BAJO,C,,
BUJIA DE ENCEND | 0 CANTIDAD POR CAJA,CHARN9YC,BAJO,B,,
BUJIA DE ENCEND | ,CHARN9YCC,BAJO,C,,
BUJIA DE ENCEND | ,CHARS12PYP,BAJO,C,,
BUJIA DE ENCEND | ,CHARS12YC,BAJO,D,,
BUJIA DE ENCEND | ,CHARS14YC,BAJO,D,,
BUJIA DE ENCEND | ,CHARS9YC,BAJO,C,,
BUJIA DE ENCEND | ,CHARS9YCC,BAJO,D,,
BUJIA DE ENCEND | ,CHARV12YC,BAJO,D,,
BUJIA DE ENCEND | ,CHARV9YC,BAJO,D,,
BUJIA DE ENCEND | ,CHAS12YC,BAJO,D,,
BUJIA DE ENCEND | ,CHAS6YC,BAJO,D,,
BUJIA DE ENCEND | RENAULT 18 2000-FORD,CHAS7YC,BAJO,C,,
BUJIA DE ENCEND | RENAULT 18 2000 - FO,CHAS9YC,BAJO,C,,
BUJIA DE ENCEND | ,CHAV12YC,BAJO,D,,
BUJIA DE ENCEND | 0 CANTIDAD POR CAJA,CHAZ9Y,BAJO,C,,
CABLE BUJIA 8 M | FORD ESCORT 1600 CC,CHE822,BAJO,D,,
CABLE BUJIA 8 M | FIAT DUNA MOTOR TIPO,CHE871,BAJO,C,,
CABLES NORMALIZ | CABLES UNIPOLARES 1X,COB1X0.25CELESTE,MEDIO,C,,
CABLES NORMALIZ | CABLES UNIPOLARES 1X,COB1X0.25GRIS,MEDIO,D,,
CABLES NORMALIZ | CABLES UNIPOLARES 1X,COB1X0.25MARRON,MEDIO,D,,
CABLES NORMALIZ | CABLES UNIPOLARES 1X,COB1X0.35NEGRO,MEDIO,C,,
CABLES NORMALIZ | CABLES UNIPOLARES 1X,COB1X0.50MARRON,MEDIO,C,,
CABLES UNIPOLAR | CABLES UNIPOLARES 1,COB1X1.5AMAR,MEDIO,C,,
CABLES UNIPOLAR | CABLES UNIPOLARES 1,COB1X1.5AZUL,MEDIO,C,,
CABLES UNIPOLAR | CABLES UNIPOLARES 1,COB1X1.5BLANCO,MEDIO,C,,
CABLES UNIPOLAR | ,COB1X1.5GRIS,MEDIO,C,,
CABLES UNIPOLAR | CABLES UNIPOLARES 1,COB1X1.5MARRON,MEDIO,C,,
CABLES UNIPOLAR | CABLES UNIPOLARES 1,COB1X1.5NEGRO,MEDIO,C,,
CABLES UNIPOLAR | CABLES UNIPOLARES 1,COB1X1.5ROJO,MEDIO,C,,
CABLES UNIPOLAR | CABLES UNIPOLARES 1,COB1X1.5VERDE,MEDIO,C,,
CABLES UNIPOLAR | CABLES UNIPOLARES 1,COB1X10ROJO,ALTO,C,,
CABLES ARRANQUE | CABLES ARRANQUES 1 X,COB1X16NEGRO,ALTO,C,,
CABLES ARRANQUE | CABLES ARRANQUES 1 X,COB1X16ROJO,ALTO,C,,
CABLES UNIPOLAR | CABLES UNIPOLARES 1,COB1X1AMARI,MEDIO,C,,
CABLES UNIPOLAR | CABLES UNIPOLARES 1,COB1X1AZUL,MEDIO,C,,
CABLES UNIPOLAR | CABLES UNIPOLARES 1,COB1X1BLANCO,MEDIO,C,,
CABLES UNIPOLAR | CABLES UNIPOLARES 1,COB1X1GRIS,MEDIO,C,,
CABLES UNIPOLAR | CABLES UNIPOLARES 1,COB1X1MARRON,MEDIO,C,,
CABLES UNIPOLAR | CABLES UNIPOLARES 1,COB1X1NEGRO,MEDIO,C,,
CABLES UNIPOLAR | CABLES UNIPOLARES 1,COB1X1ROJO,MEDIO,C,,
CABLES UNIPOLAR | CABLES UNIPOLARES 1,COB1X1VE-AMA,MEDIO,C,,
CABLES UNIPOLAR | CABLES UNIPOLARES 1,COB1X1VERDE,MEDIO,C,,
CABLES UNIPOLAR | CABLES UNIPOLARES 1,COB1X2.5AMAR,MEDIO,C,,
CABLES UNIPOLAR | CABLES UNIPOLARES 1,COB1X2.5AZUL,MEDIO,C,,
CABLES UNIPOLAR | CABLES UNIPOLARES 1,COB1X2.5GRIS,MEDIO,C,,
CABLES UNIPOLAR | CABLES UNIPOLARES 1,COB1X2.5MARRON,MEDIO,C,,
CABLES UNIPOLAR | CABLES UNIPOLARES 1,COB1X2.5NEGRO,MEDIO,C,,
CABLES UNIPOLAR | CABLES UNIPOLARES 1,COB1X2.5ROJO,MEDIO,C,,
CABLES UNIPOLAR | CABLES UNIPOLARES 1,COB1X2.5VERDE,MEDIO,C,,
CABLES ARRANQUE | CABLES ARRANQUES 1 X,COB1X25NEGRO,ALTO,C,,
CABLES ARRANQUE | CABLES ARRANQUES 1 X,COB1X25ROJO,ALTO,C,,
CABLES UNIPOLAR | CABLES UNIPOLARES 1,COB1X2AMARILLO,MEDIO,C,,
CABLES UNIPOLAR | CABLES UNIPOLARES 1,COB1X2AZUL,MEDIO,C,,
CABLES UNIPOLAR | CABLES UNIPOLARES 1,COB1X2BLANCO,MEDIO,C,,
CABLES UNIPOLAR | CABLES UNIPOLARES 1,COB1X2MARRON,MEDIO,C,,
CABLES UNIPOLAR | CABLES UNIPOLARES 1,COB1X2NEGRO,MEDIO,C,,
CABLES UNIPOLAR | CABLES UNIPOLARES 1,COB1X2ROJO,MEDIO,C,,
CABLES UNIPOLAR | CABLES UNIPOLARES 1,COB1X2VERDE,MEDIO,C,,
CABLES ARRANQUE | CABLES ARRANQUES 1 X,COB1X35NEGRO,ALTO,C,,
CABLES ARRANQUE | CABLES ARRANQUES 1 X,COB1X35ROJO,ALTO,C,,
CABLES UNIPOLAR | CABLES UNIPOLARES 1,COB1X3AZUL,ALTO,C,,
CABLES UNIPOLAR | CABLES UNIPOLARES 1,COB1X3GRIS,ALTO,C,,
CABLES UNIPOLAR | CABLES UNIPOLARES 1,COB1X3MARRON,ALTO,C,,
CABLES UNIPOLAR | CABLES UNIPOLARES 1,COB1X3NEGRO,ALTO,C,,
CABLES UNIPOLAR | CABLES UNIPOLARES 1,COB1X3ROJO,ALTO,C,,
CABLES UNIPOLAR | CABLES UNIPOLARES 1,COB1X3VERDE,ALTO,D,,
CABLES UNIPOLAR | CABLES UNIPOLARES AM,COB1X4.00AMARILLO,ALTO,D,,
CABLES UNIPOLAR | CABLES UNIPOLARES 1,COB1X4AZUL,ALTO,C,,
CABLES UNIPOLAR | CABLES UNIPOLARES 1,COB1X4GRIS,ALTO,D,,
CABLES UNIPOLAR | CABLES UNIPOLARES 1,COB1X4MARRON,ALTO,C,,
CABLES UNIPOLAR | CABLES UNIPOLARES 1,COB1X4NEGRO,ALTO,C,,
CABLES UNIPOLAR | CABLES UNIPOLARES 1,COB1X4ROJO,ALTO,C,,
CABLES UNIPOLAR | CABLES UNIPOLARES 1,COB1X4VERDE,ALTO,C,,
CABLES ARRANQUE | CABLES ARRANQUES 1 X,COB1X50NEGRO,ALTO,C,,
CABLES ARRANQUE | CABLES ARRANQUES 1 X,COB1X50ROJO,ALTO,C,,
CABLES UNIPOLAR | CABLES UNIPOLARES AM,COB1X6.00AMARILLO,ALTO,D,,
CABLES UNIPOLAR | CABLES UNIPOLARES 1,COB1X6AZUL,ALTO,C,,
CABLE UNIPOLARE | CABLES UNIPOLARES 1,COB1X6BLANCO,ALTO,C,,
CABLES UNIPOLAR | ,COB1X6GRIS,ALTO,D,,
CABLES UNIPOLAR | CABLES UNIPOLARES 1,COB1X6MARRON,ALTO,C,,
CABLES UNIPOLAR | CABLES UNIPOLARES 1,COB1X6NEGRO,ALTO,C,,
CABLES UNIPOLAR | CABLES UNIPOLARES 1,COB1X6ROJO,ALTO,C,,
CABLES UNIPOLAR | CABLES UNIPOLARES 1,COB1X6VERDE,ALTO,C,,
CABLES ARRANQUE | CABLES ARRANQUES 1 X,COB1X70NEGRO,ALTO,C,,
CABLES ARRANQUE | CABLES ARRANQUES 1 X,COB1X70ROJO,ALTO,C,,
CABLES ARRANQUE | CABLES ARRANQUES 1 X,COB1X90NEGRO,ALTO,C,,
CABLES ARRANQUE | CABLES ARRANQUES 1 X,COB1X90ROJO,ALTO,D,,
CABLE BAFLE INY | CABLE BAFLE INYECTAD,COB2X0.35BAFLE,MEDIO,C,,
CABLE BAFLE INY | CABLE BAFLE INYECTAD,COB2X0.5BAFLE,MEDIO,B,,
CABLE BAFLE INY | CABLE BAFLE INYECTAD,COB2X0.8BAFLE,MEDIO,C,,
CABLE TIPO TALL | CABLE TIPO TALLER 2,COB2X1.5TALLER,ALTO,C,,
CABLE BAFLE INY | CABLE BAFLE INYECTAD,COB2X1BAFLE,MEDIO,C,,
CABLE TIPO TALL | CABLE TIPO TALLER 2,COB2X1TALLER,ALTO,C,,
CABLE TIPO TALL | CABLE TIPO TALLER 2,COB2X4TALLER,ALTO,C,,
CABLE TIPO TALL | CABLE TIPO TALLER 3,COB3X1.5TALLER,ALTO,C,,
CABLE TIPO TALL | CABLE TIPO TALLER 3,COB3X1TALLER,ALTO,C,,
CABLE TIPO TALL | CABLE TIPO TALLER 4,COB4x1TALLER,ALTO,C,,
CABLE TIPO TALL | CABLE TIPO TALLER 5,COB5X1.5TALLER,ALTO,C,,
CABLE TIPO TALL | CABLE TIPO TALLER 5,COB5X1TALLER,ALTO,C,,
CABLE TIPO TALL | CABLE TIPO TALLER 7,COB7X1.5TALLER,ALTO,C,,
CABLE TIPO TALL | CABLE TIPO TALLER 7,COB7x1TALLER,ALTO,C,,
RECIPIENTE ESPU | UNIVERSAL,CROCRS-BOT001,BAJO,A,,
BOTELLA CON SPR | UNIVERSAL 1.5 LTS,CROCRS-BOT002,BAJO,B,,
KIT DE CEPILLOS | 5 PIEZAS COLOR NEGRO,CROCRS-BRUSH002,BAJO,A,,
KIT DE CEPILLOS | 5 PIEZAS COLOR NEGRO,CROCRS-BRUSH003,BAJO,A,,
KI T DE CEPILLO | 3 PIEZAS VARIOS,CROCRS-BRUSH004,BAJO,A,,
KIT DE CEPILLOS | UNIVERSAL DE MADERA,CROCRS-BRUSH005,BAJO,A,,
"CEPILLO | UNIVERSAL 4""",CROCRS-BRUSH006,BAJO,B,,
"CEPILLO | UNIVERSAL 5""",CROCRS-BRUSH007,BAJO,B,,
CEPILLO | UNIVERSAL,CROCRS-BRUSH008,BAJO,A,,
CEPILLO | UNIVERSAL COLOR NEGR,CROCRS-BRUSH009,BAJO,A,,
KIT DE CEPILLOS | KIT DE CEPILLOS 9 PI,CROCRS-BRUSH010,BAJO,B,,
KIT DE CEPILLOS | KIT 5 CEPILLOS PARA,CROCRS-BRUSH011,BAJO,C,,
DISCO DE PULIDO | UNIVERSAL,CROCRS-DISC001,BAJO,B,,
ESPONJA PARA DI | UNIVERSAL COLOR NARA,CROCRS-DISC002,BAJO,B,,
ESPONJA PARA DI | UNIVERSAL COLOR NARA,CROCRS-DISC003,BAJO,B,,
ESPONJA PARA DI | UNIVERSAL COLOR NARA,CROCRS-DISC004,BAJO,B,,
ESPONJA PARA DI | UNIVERSAL COLOR NARA,CROCRS-DISC005,BAJO,B,,
ESPONJA PARA DI | UNIVERSAL COLOR NARA,CROCRS-DISC006,BAJO,B,,
"KIT DE PULIDO C | UNIVERSAL 3""",CROCRS-DISC007,BAJO,A,,
"KIT DE PULIDO C | UNIVERSAL 4""",CROCRS-DISC008,BAJO,B,,
"KIT DE PULIDO C | UNIVERSAL 5""",CROCRS-DISC009,BAJO,A,,
"KIT DE PULIDO C | UNIVERSAL 6""",CROCRS-DISC010,BAJO,B,,
"KIT DE PULIDO C | UNIVERSAL 7""",CROCRS-DISC011,BAJO,B,,
ARCILLA DE LAVA | COLOR AZUL 50 GSM,CROCRS-MUD001,BAJO,A,,
ADAPTADOR | UNIVERSAL 6 FUNCIONE,CROCRS-NOZ001,BAJO,C,,
MAQUINA DE PULI | UNIVERSAL 220V,CROCRS-POL001,ALTO,C,,
ESPONJA CON ELA | ESPONJA CHENILLE AZU,CROCRS-SPON001,BAJO,A,,
ESPONJA CON ELA | ESPONJA CHENILLE NAR,CROCRS-SPON002,BAJO,A,,
ESPONJA CON ELA | ESPONJA CHENILLE VIO,CROCRS-SPON003,BAJO,A,,
ESPONJA CON ELA | ESPONJA CHENILLE VER,CROCRS-SPON004,BAJO,A,,
"ESPONJA PARA RU | AMARILLA Y NEGRA
 10",CROCRS-SPON005,BAJO,A,,
"ESPONJA DE PULI | UNIVERSAL 4""",CROCRS-SPON006,BAJO,A,,
"ESPONJA CIRCULA | CELESTE 5""",CROCRS-SPON007,BAJO,A,,
"ESPONJA MANOPLA | GUANTE MANOPLA
 CHEN",CROCRS-SPON008,BAJO,A,,
"ESPONJA MANOPLA | GUANTE MANOPLA
 CHEN",CROCRS-SPON009,BAJO,A,,
"ESPONJA MANOPLA | GUANTE MANOPLA
 CHEN",CROCRS-SPON010,BAJO,A,,
PAÑO DE TOALLA | AMARILLO Y GRIS 600G,CROCRS-TOWEL001,BAJO,A,,
PAÑO DE TOALLA | AMARILLO Y GRIS 600G,CROCRS-TOWEL002,BAJO,A,,
PAÑO DE TOALLA | AMARILLO Y GRIS 600G,CROCRS-TOWEL003,BAJO,A,,
PAÑO DE TOALLA | AMARILLO Y GRIS 800G,CROCRS-TOWEL004,BAJO,A,,
PAÑO DE TOALLA | AMARILLO Y GRIS 800G,CROCRS-TOWEL005,BAJO,A,,
PAÑO DE TOALLA | AMARILLO Y GRIS 800G,CROCRS-TOWEL006,BAJO,A,,
PAÑO DIAMANTE T | CELESTE 250 GSM 60CM,CROCRS-TOWEL007,BAJO,A,,
PAÑO DIAMANTE T | ROSA OSCURO 250 GSM,CROCRS-TOWEL008,BAJO,B,,
"PAÑO LIMPIEZA V | CELESTE
 280 GSM 60C",CROCRS-TOWEL009,BAJO,A,,
"PAÑO LIMPIEZA V | ROSA OSCURO
 280 GSM",CROCRS-TOWEL010,BAJO,B,,
"PAÑO DE GAMUZA | CELESTE
 200 GSM 60C",CROCRS-TOWEL011,BAJO,A,,
"PAÑO DE GAMUZA | ROSA OSCURO
 200 GSM",CROCRS-TOWEL012,BAJO,A,,
"PAÑO DE MICROFI | CELESTE
 230 GSM 60C",CROCRS-TOWEL013,BAJO,A,,
PAÑO DE MICROFI | ROSA 260 GSM 60CM *,CROCRS-TOWEL014,BAJO,A,,
ROLLO DE PANOS | ROLLO DE PANOS MICRO,CROCRS-TOWEL015,BAJO,B,,
ROLLO DE PANOS | ROLLO DE PANOS MICRO,CROCRS-TOWEL016,BAJO,B,,
ROLLO DE PANOS | ROLLO DE PANOS MICRO,CROCRS-TOWEL017,MEDIO,C,,
PISTOLA DE AGUA | PISTOLA MANUAL MULTI,CROCRS-WAT001,BAJO,B,,
PALANCA DE VIRA | VOLKSWAGEN DODGE SIN,DAE1346,BAJO,C,,
PORTACARBON ARR | VOLKSWAGEN DODGE 150,DAE167,BAJO,D,,
PLAQUETA DE VIR | FORD FALCON 68-72 SI,DAE2101,BAJO,C,,
PLAQUETA DE VIR | FORD F100 - 350 MODE,DAE2102,BAJO,C,,
PLAQUETA DE VIR | FORD F100 - 350 MODE,DAE2103,BAJO,C,,
PLAQUETA DE VIR | FORD F100 - 350 MODE,DAE2104,BAJO,C,,
PLAQUETA DE VIR | FORD F600 - 700 MODE,DAE2105,BAJO,C,,
PLAQUETA DE VIR | FORD F600 - 700 MODE,DAE2106,BAJO,C,,
FORD F6000 - 70 | ,DAE2107,BAJO,D,,
PLAQUETA DE VIR | CHEVROLET 400 SIN BA,DAE2109,BAJO,C,,
PLAQUETA DE VIR | CHEVROLET CHEVY 77-7,DAE2110,MEDIO,C,,
PLAQUETA DE VIR | CHEVROLET CHEVY - PI,DAE2111,MEDIO,C,,
PLAQUETA DE VIR | FORD FALCON 73-78 CO,DAE2112,MEDIO,C,,
PLAQUETA DE VIR | RENAULT TORINO HASTA,DAE2113,BAJO,C,,
PLAQUETA DE VIR | RENAULT TORINO MODEL,DAE2114,BAJO,C,,
PLAQUETA DE VIR | FORD FALCON CON BALI,DAE2120,MEDIO,C,,
PLAQUETA DE VIR | FORD FALCON CON BALI,DAE2121,MEDIO,C,,
PLAQUETA DE VIR | FORD F100 CON BALIZA,DAE2123,MEDIO,C,,
PLAQUETA DE VIR | FORD FALCON CON BALI,DAE2124,MEDIO,C,,
PLAQUETA DE VIR | FORD RANGER 2 CARBON,DAE2126,MEDIO,C,,
PLAQUETA DE VIR | VOLKSWAGEN POLARA Y,DAE2157,MEDIO,C,,
PLAQUETA DE VIR | VOLKSWAGEN DODGE POL,DAE2172,BAJO,C,,
PLAQUETA DE VIR | VOLKSWAGEN DODGE 150,DAE2173,BAJO,D,,
VOLKSWAGEN DODG | ,DAE2174,BAJO,D,,
VOLKSWAGEN DODG | ,DAE2176,BAJO,D,,
PLAQUETA DE VIR | VOLKSWAGEN DODGE PIC,DAE2177,BAJO,C,,
PLAQUETA DE VIR | VOLKSWAGEN DODGE 150,DAE2270,MEDIO,D,,
VOLKSWAGEN VALI | ,DAE2422,BAJO,D,,
VOLKSWAGEN DODG | ,DAE2453,ALTO,D,,
TAPA DE DISTRIB | VOLKSWAGEN DODGE 150,DAE2461,BAJO,D,,
PLAQUETA DE VIR | VOLKSWAGEN DODGE 150,DAE2823,MEDIO,C,,
PLAQUETA DE VIR | VOLKSWAGEN DODGE 150,DAE2965,MEDIO,C,,
SOLENOIDE DE AR | ,DAE3008,BAJO,D,,
VOLKSWAGEN DODG | ,DAE3032,BAJO,D,,
VOLKSWAGEN DODG | ,DAE3158,BAJO,D,,
AVANCE AL VACIO | VOLKSWAGEN DODGE 150,DAE3209,BAJO,C,,
AVANCE AL VACIO | VOLKSWAGEN DODGE 6 C,DAE3211,BAJO,C,,
SOLENOIDE DE AR | VOLKSWAGEN KOMBI,DAE3235,BAJO,C,,
VOLKSWAGEN KOMB | ,DAE3266,BAJO,D,,
VOLKSWAGEN CARA | ,DAE3290,BAJO,D,,
VOLKSWAGEN GACE | ,DAE3314,BAJO,D,,
TAPA DE DISTRIB | VOLKSWAGEN GACEL - C,DAE3353,BAJO,D,,
VOLKSWAGEN GACE | ,DAE3359,BAJO,D,,
AVANCE AL VACIO | VOLKSWAGEN GACEL HAS,DAE3368,BAJO,D,,
VOLKSWAGEN GACE | ,DAE3383,BAJO,D,,
PLATINO DE DIST | VOLKSWAGEN GACEL,DAE3386,BAJO,C,,
VOLKSWAGEN GACE | ,DAE3440,BAJO,D,,
AVANCE AL VACIO | VOLKSWAGEN 1500 D89,DAE3452,BAJO,D,,
VOLKSWAGEN 1500 | ,DAE3456,BAJO,D,,
PLATINERA | VOLKSWAGEN 1500 DESD,DAE3550,BAJO,D,,
RENAULT - PEUGE | ,DAE3604,BAJO,D,,
PLATINO DE DIST | VOLKSWAGEN 1500 DESD,DAE3625,BAJO,C,,
VOLKSWAGEN 1500 | ,DAE3782,ALTO,D,,
VOLKSWAGEN 1500 | ,DAE3812,BAJO,D,,
VW GACEL REEMPL | ,DAE3820,MEDIO,D,,
CONDENSADOR | VOLKSWAGEN GACEL DES,DAE3825,BAJO,C,,
VOLKSWAGEN GACE | ,DAE3833,BAJO,D,,
SOLENOIDE DE AR | RENAULT 4 - 6 - 12,DAE3898,BAJO,C,,
PORTACARBON DE | FORD ESCORT 1.8,DAE3924,BAJO,D,,
VOLKSWAGEN CARA | ,DAE3961,BAJO,D,,
AVANCE AL VACIO | RENAULT ARGELITE,DAE4020,BAJO,C,,
AVANCE AL VACIO | PEUGEOT ARGELITE,DAE4021,BAJO,C,,
TAPA DE DISTRIB | VOLKSWAGEN GACEL - C,DAE4029,BAJO,C,,
RENAULT 9 - 11 | ,DAE4030,BAJO,D,,
AVANCE AL VACIO | RENAULT TRAFIC 2000C,DAE4031,BAJO,D,,
VOLKSWAGEN GACE | ,DAE4043,MEDIO,D,,
AVANCE BOSCH | ,DAE4044,MEDIO,D,,
TAPA DE DISTRIB | VOLKSWAGEN DODGE 6 C,DAE410,BAJO,D,,
INTERRUPTOR DE | VOLKSWAGEN DODGE POL,DAE4105,BAJO,D,,
INTERRUPTOR | FORD GENERAL LUCES F,DAE4106,BAJO,C,,
INTERRUPTOR | FORD GENERAL LUCES F,DAE4107,BAJO,C,,
INTERRUPTOR | FORD GENERAL LUCES F,DAE4108,BAJO,C,,
INTERRUPTOR | CHEVROLET GENERAL LU,DAE4110,BAJO,C,,
VOLKSWAGEN 1500 | ,DAE4113,BAJO,D,,
AVANCE AL VACIO | VOLKSWAGEN CARAT 2 0,DAE4115,BAJO,D,,
VOLKSWAGEN GACE | ,DAE4123,ALTO,D,,
VOLKSWAGEN POIN | ,DAE4124,ALTO,D,,
TAPA DE DISTRIB | VOLKSWAGEN 1500 DESD,DAE4143,BAJO,D,,
VOLKSWAGEN GACE | ,DAE4204,BAJO,D,,
PLAQUETA DE VIR | VOLKSWAGEN 1500 D89,DAE4233,BAJO,C,,
SOLENOIDE DE AR | VOLKSWAGEN GACEL - C,DAE4239,BAJO,C,,
"SOLENOIDE DE AR | FORD ESCORT 1,8",DAE4331,BAJO,C,,
VOLKSWAGEN DODG | ,DAE434,BAJO,D,,
VOLKSWAGEN DODG | ,DAE435,BAJO,D,,
VOLKSWAGEN DODG | ,DAE4386,BAJO,D,,
VOLKSWAGEN DODG | ,DAE4387,BAJO,D,,
"FORD ESCORT 1,8 | ",DAE4397,ALTO,D,,
SOLENOIDE DE AR | RENAULT 9 - 11 - 18,DAE4448,BAJO,C,,
SOLENOIDE DE AR | RENAULT 18 2 0L - 21,DAE4449,BAJO,D,,
PLATINO DE DIST | VOLKSWAGEN DODGE 150,DAE450,BAJO,D,,
PALANCA DE VIRA | FORD FALCON CON GUIÑ,DAE4501,BAJO,C,,
PALANCA DE VIRA | FORD FALCON 73-78 CO,DAE4502,BAJO,C,,
PALANCA DE VIRA | FORD FALCON 78-80 CO,DAE4503,BAJO,C,,
PALANCA DE VIRA | FORD FALCON 78-80 CO,DAE4504,BAJO,C,,
PALANCA DE VIRA | FORD F100 - 350 74-7,DAE4505,BAJO,C,,
PALANCA DE VIRA | FORD F100 - 350 74-7,DAE4506,BAJO,C,,
FORD F6000 - 70 | ,DAE4507,BAJO,D,,
PALANCA DE VIRA | FORD FALCON 80-82 -,DAE4508,BAJO,C,,
PALANCA DE VIRA | FORD FALCON H82 CABL,DAE4509,BAJO,D,,
PALANCA DE VIRA | FORD FALCON DESDE 82,DAE4510,BAJO,C,,
CONMUTADOR DE L | FIAT DUNA - UNO SIN,DAE4515,BAJO,D,,
CONMUTADOR DE L | RENAULT 6 TODOS ALTA,DAE4516,BAJO,C,,
AVANCE AL VACIO | VOLKSWAGEN GOL Y SAV,DAE4520,BAJO,C,,
TAPA DE DISTRIB | FORD GALAXY - ESCORT,DAE4525,BAJO,D,,
VOLKSWAGEN KOMB | ,DAE4527,BAJO,D,,
VOLKSWAGEN GACE | ,DAE4528,BAJO,D,,
ENCENDIDO ELECT | ,DAE4530,BAJO,D,,
FIAT 128 - EURO | ,DAE4531,MEDIO,D,,
CONMUTADOR DE L | FIAT LUCES 147 - GUI,DAE4534,MEDIO,C,,
INTERRUPTOR DE | FORD FALCON - F100 -,DAE4541,BAJO,C,,
CONMUTADOR DE L | RENAULT 12 TODOS - T,DAE4542,BAJO,C,,
CONMUTADOR DE L | FIAT DUNA - UNO,DAE4548,BAJO,C,,
VOLKSWAGEN GACE | ,DAE4563,BAJO,D,,
VOLKSWAGEN GACE | ,DAE4590,BAJO,D,,
VOLKSWAGEN SEND | ,DAE4591,BAJO,D,,
INTERRUPTOR DE | VOLKSWAGEN GOL-SAVEI,DAE4592,BAJO,C,,
FORD F100 | ,DAE4593,BAJO,D,,
INTERRUPTOR DE | FIAT 128 - SUPER EUR,DAE4649,BAJO,C,,
INTERRUPTOR DE | RENAULT 12 D - 79,DAE4651,BAJO,C,,
INTERRUPTOR DE | RENAULT 18-FUEGO,DAE4653,BAJO,C,,
INTERRUPTOR DE | RENAULT 9-11-4-TRAFI,DAE4654,BAJO,C,,
INTERRUPTOR DE | PEUGEOT 505 DIESEL -,DAE4655,BAJO,C,,
INTERRUPTOR DE | RENAULT 21,DAE4656,BAJO,C,,
INTERRUPTOR DE | RENAULT 19-CLIO,DAE4657,BAJO,C,,
INTERRUPTOR DE | RENAULT 12 H - 79,DAE4658,BAJO,C,,
INTERRUPTOR DE | VOLKSWAGEN GACEL - G,DAE4659,BAJO,C,,
INTERRUPTOR DE | PEUGEOT 405,DAE4660,BAJO,C,,
INTERRUPTOR DE | VOLKSWAGEN POLO 6 TE,DAE4662,BAJO,C,,
INTERRUPTOR DE | VOLKSWAGEN GOL D - 9,DAE4663,BAJO,C,,
INTERRUPTOR DE | VOLKSWAGEN GOLF,DAE4664,BAJO,C,,
PEUGEOT 505 H - | ,DAE4665,BAJO,D,,
INTERRUPTOR DE | FORD ESCORT 88 - 94,DAE4669,BAJO,C,,
INTERRUPTOR DE | FORD ESCORT 94 - 98,DAE4670,BAJO,C,,
INTERRUPTOR DE | FORD FIESTA - KA,DAE4672,BAJO,C,,
INTERRUPTOR DE | FIAT DUNA - UNO - RE,DAE4674,BAJO,C,,
INTERRUPTOR DE | FIAT REGATTA - TAPA,DAE4675,BAJO,C,,
INTERRUPTOR DE | FIAT DUNA - UNO - TA,DAE4676,BAJO,C,,
FIAT DUNA - UNO | ,DAE4677,BAJO,C,,
PEUGEOT 404 NAF | ,DAE4680,BAJO,D,,
PEUGEOT 404 DIE | ,DAE4681,BAJO,D,,
PEUGEOT 205 | ,DAE4682,BAJO,D,,
INTERRUPTOR DE | FIAT PALIO - FIAT SI,DAE4687,BAJO,C,,
RENAULT CLIO II | ,DAE4688,BAJO,C,,
INTERRUPTOR DE | MERCEDES BENZ SPRINT,DAE4697,BAJO,C,,
INTERRUPTOR DE | CHEVROLET CORSA TODO,DAE4852,BAJO,D,,
CONMUTADOR DE L | FIAT LUZ - GIRO - LA,DAE4929,MEDIO,C,,
CONMUTADOR DE L | FIAT UNO-DUNA WEEKEN,DAE4930,MEDIO,C,,
CONMUTADOR DE L | RENAULT LUCES RENAUL,DAE4931,BAJO,C,,
CONMUTADOR DE L | RENAULT LUCES RENAUL,DAE4932,BAJO,C,,
CONMUTADOR DE L | RENAULT LUCES RENAUL,DAE4933,BAJO,C,,
CONMUTADOR DE L | RENAULT LUCES RENAUL,DAE4934,BAJO,C,,
CONMUTADOR DE L | RENAULT LUCES RENAUL,DAE4935,BAJO,C,,
CONMUTADOR DE L | RENAULT LUCES RENAUL,DAE4936,BAJO,C,,
CONMUTADOR DE L | RENAULT LUCES RENAUL,DAE4937,BAJO,C,,
CONMUTADOR DE L | PEUGEOT 505,DAE4938,BAJO,C,,
CONMUTADOR DE L | PEUGEOT 405,DAE4939,BAJO,C,,
CONMUTADOR DE L | RENAULT TWINGO GRIS,DAE4944,BAJO,C,,
CONMUTADOR DE L | FORD LUCES-GIRO-BOCI,DAE4945,MEDIO,C,,
INTERRUPTOR DE | VOLKSWAGEN GOL-SAVEI,DAE4946,BAJO,C,,
LLAVE - TECLA | VOLKSWAGEN FAROS AUX,DAE4947,BAJO,C,,
ROTOR DE DISTRI | VOLKSWAGEN DODGE 150,DAE495,BAJO,C,,
CONMUTADOR DE L | CHEVROLET CORSA,DAE4952,BAJO,C,,
CONMUTADOR DE L | FORD LUCES - LIMPIAP,DAE4955,MEDIO,C,,
CONMUTADOR DE L | FORD LUCES - LIMPIAP,DAE4956,MEDIO,B,,
CONMUTADOR DE L | FORD LUCES - LIMPIAP,DAE4957,MEDIO,C,,
CONMUTADOR DE L | FORD LUCES - LIMPIAP,DAE4958,MEDIO,C,,
VOLKSWAGEN POIN | ,DAE4960,MEDIO,D,,
"INTERRUPTOR | CHEVROLET VECTRA , C",DAE4990,BAJO,C,,
INTERRUPTOR | CHEVROLET VECTRA - C,DAE4991,BAJO,C,,
ESCOBILLA DE AR | FORD BEDFORD PERKINS,DAE6001,BAJO,B,,
ESCOBILLA DE AR | FIAT 1600 - 125 - JS,DAE6002,BAJO,C,,
ESCOBILLA DE AR | FIAT 600 - 750 - 110,DAE6003,BAJO,C,,
ESCOBILLA DE AR | FIAT 1500 - VOLKSWAG,DAE6004,BAJO,C,,
LUCAS M 50-PERK | ,DAE6005,BAJO,D,,
ESCOBILLA DE AR | FORD - RENAULT TORIN,DAE6006,BAJO,C,,
ESCOBILLA DE AR | FORD TAUNUS CON TERM,DAE6007,BAJO,C,,
ESCOBILLA DE AR | FIAT 125 CON TERMINA,DAE6008,BAJO,D,,
ESCOBILLA DE AR | CITROEN Y RENAULT -,DAE6009,BAJO,A,,
FIAT - PEUGEOT | ,DAE6010,BAJO,D,,
ESCOBILLA DE AR | VOLKSWAGEN DODGE POL,DAE6011,BAJO,D,,
ESCOBILLA DE AR | VOLKSWAGEN DODGE 150,DAE6012,BAJO,C,,
ESCOBILLA DE AR | PERKINS Y J DEERE -A,DAE6013,BAJO,C,,
ESCOBILLA DE AR | CHEVROLET B40,DAE6014,BAJO,C,,
ESCOBILLA DE AR | MERCEDES BENZ 170-RA,DAE6015,BAJO,C,,
VOLKSWAGEN BSX | ,DAE6016,BAJO,D,,
ESCOBILLA DE AR | VOLKSWAGEN VALIANT-D,DAE6017,BAJO,C,,
PEUGEOT RASTROJ | ,DAE6018,BAJO,D,,
ESCOBILLA DE AR | RENAULT IKA -TORINO,DAE6020,BAJO,C,,
ESCOBILLA DE AR | RENAULT 11 - TRAFIC,DAE6021,BAJO,A,,
ESCOBILLA DE AR | PEUGEOT TAMATEL PSX,DAE6022,BAJO,C,,
ESCOBILLA DE AR | VOLKSWAGEN CARAT - F,DAE6023,BAJO,C,,
"ESCOBILLA DE AR | MITSUBISHI,MAZDA FMX",DAE6025,BAJO,C,,
MERCEDES BENZ B | ,DAE6026,BAJO,C,,
ESCOBILLA DE AR | MERCEDES BENZ BRASIL,DAE6027,BAJO,C,,
ESCOBILLA DE AR | MERCEDES BENZ BRASIL,DAE6028,BAJO,D,,
MERCEDES BENZ B | ,DAE6031,BAJO,D,,
ESCOBILLA DE AR | MERCEDES BENZ BOSCH,DAE6032,BAJO,D,,
BPD BSX 36 | ,DAE6033,BAJO,D,,
SCANIA Y FIAT F | ,DAE6034,BAJO,D,,
ESCOBILLA DE AR | FIAT 147 - FIORINO -,DAE6035,BAJO,C,,
ESCOBILLA DE AR | FORD F100NASHVILLE B,DAE6036,BAJO,D,,
DAHIATSU DATSUN | ,DAE6038,BAJO,D,,
ESCOBILLA DE AR | TOYOTA - DAIHATSU -,DAE6039,BAJO,C,,
ESCOBILLA DE AR | FIAT 682 - 780 - JSX,DAE6040,BAJO,D,,
ESCOBILLA DE AR | FIAT 147- VOLKSWAGEN,DAE6041,BAJO,C,,
SIAM DI TELLA - | ,DAE6042,BAJO,D,,
ESCOBILLA DE AR | FIAT 147 DIESEL - JS,DAE6043,BAJO,C,,
KAWASAKI - HOND | ,DAE6045,BAJO,D,,
ESCOBILLA DE AR | PEUGEOT 505 DIESEL P,DAE6046,BAJO,D,,
ESCOBILLA DE AR | CHEVROLET 30 - 53 -,DAE6047,BAJO,C,,
ESCOBILLA DE AR | CHEVROLET 53 - 71 -,DAE6048,BAJO,C,,
TRACTOR CASSE A | ,DAE6049,BAJO,D,,
ESCOBILLA DE AR | CITROEN - RENAULT -,DAE6050,BAJO,C,,
ESCOBILLA DE AR | FORD FRONTAL MODELO,DAE6051,BAJO,C,,
"ESCOBILLA DE AR | FIAT DUNA 1,7 DIESEL",DAE6052,BAJO,C,,
ESCOBILLA DE AR | MERCEDES BENZ BSX173,DAE6053,BAJO,D,,
ESCOBILLA DE AR | VOLKSWAGEN GOL-BOSCH,DAE6054,BAJO,C,,
FORD MWM BRASIL | ,DAE6055,BAJO,D,,
ESCOBILLA DE AR | FIAT - RENAULT MAREL,DAE6056,BAJO,C,,
FIAT - CHEVROLE | ,DAE6057,BAJO,D,,
JDEERE - CATERP | ,DAE6058,BAJO,D,,
CATERPILLAR - D | ,DAE6060,BAJO,D,,
DELCO REMY RX 5 | ,DAE6061,BAJO,D,,
MERCEDES BENZ S | ,DAE6062,BAJO,D,,
ESCOBILLA DE AR | PEUGEOT - 4 CILINDRO,DAE6064,BAJO,C,,
TOYOTA - ISUZU | ,DAE6065,BAJO,C,,
ESCOBILLA DE AR | VALEO FRONT SIN TERM,DAE6066,BAJO,D,,
ESCOBILLA DE AR | VALEO FRONT CON TERM,DAE6067,BAJO,C,,
ESCOBILLA DE AR | LUCAS INDIEL CON RED,DAE6068,BAJO,D,,
ESCOBILLA DE AR | HONDA - ISUZU - NISS,DAE6070,BAJO,D,,
"ESCOBILLA DE AR | SUBARU,DATSUN FNSX14",DAE6071,BAJO,D,,
SUZUKI 450 - 55 | ,DAE6072,BAJO,D,,
MAZDA - SHADOW | ,DAE6073,BAJO,D,,
"HONDA,YAMAHA,VA | ",DAE6074,BAJO,D,,
SCOOTER CSMB 5 | ,DAE6076,BAJO,D,,
MWM INDIEL12V T | ,DAE6077,BAJO,D,,
ESCOBILLA DE AR | CAMION DATSUN FNSX 1,DAE6081,BAJO,D,,
TOYOTA CAMION F | ,DAE6082,BAJO,D,,
ESCOBILLA DE AR | PEUGEOT 205 - FORD B,DAE6083,BAJO,C,,
ESCOBILLA DE AR | RENAULT TRAF VALEO R,DAE6085,BAJO,C,,
ESCOBILLA DE AR | FORD A - LASX 40 - 4,DAE6086,BAJO,C,,
ESCOBILLA DE AR | PEUGEOT 205 - FORD E,DAE6087,BAJO,C,,
ESCOBILLA DE AR | FIAT DUNA - VOLKSWAG,DAE6088,BAJO,C,,
RENAULT TRAFIC | ,DAE6089,BAJO,D,,
ESCOBILLA DE AR | PEUGEOT 405 MITSUBIS,DAE6091,BAJO,D,,
FORD KA MOTORCR | ,DAE6092,BAJO,D,,
ESCOBILLA DE AR | PEUGEOT 306 FTSX 140,DAE6093,BAJO,C,,
ESCOBILLA DE AR | FIAT DUCATO BOSCH -,DAE6094,BAJO,C,,
ESCOBILLA DE AR | FIAT DUCATO MARELLI,DAE6095,BAJO,C,,
ESCOBILLA DE AR | MAZDA - NISSAN MITSU,DAE6096,BAJO,D,,
FIAT DUCATO BOS | ,DAE6097,BAJO,D,,
MERCEDES BENZ - | ,DAE6098,BAJO,D,,
ESCOBILLA DE AR | MERCEDES BENZ-ORION,DAE6099,BAJO,C,,
ESCOBILLA DE AR | FIAT - PEUGEOT 306 -,DAE6100,BAJO,C,,
ESCOBILLA DE AR | CHEVROLET D20 MAXION,DAE6101,BAJO,C,,
ESCOBILLA DE AR | FORD 100 MOTOR 2000,DAE6102,BAJO,C,,
DELCO REMY 12V | ,DAE6103,BAJO,D,,
ESCOBILLA DE AR | FORD 100 2000-CUMMIN,DAE6105,BAJO,D,,
ESCOBILLA DE AR | MITSUBSHI-NISSAN-MAZ,DAE6107,BAJO,D,,
MERCEDES BENZ | ,DAE6110,BAJO,D,,
ESCOBILLA DE AR | RENAULT PSX 155,DAE6111,BAJO,C,,
ESCOBILLA DE AR | ,DAE6113,BAJO,D,,
ESCOBILLA DE AR | TOYOTA HILUX JSXD 35,DAE6131,BAJO,D,,
ESCOBILLA DE AL | INDIEL Y NASHVILLE C,DAE6501,BAJO,B,,
ESCOBILLA DE AL | FIAT - PEUGEOT - FOR,DAE6502,BAJO,C,,
ESCOBILLA DE AL | FIAT - PEUGEOT - FOR,DAE6503,BAJO,C,,
ESCOBILLA DE AL | INDIEL REGULADOR INC,DAE6504,BAJO,C,,
VOLKSWAGEN DODG | ,DAE6505,BAJO,D,,
ESCOBILLA DE AL | MERCEDES BENZ - SIER,DAE6506,BAJO,C,,
ESCOBILLA DE AL | BOSCH BRASILERO ALE,DAE6507,BAJO,C,,
ESCOBILLA DE AL | RENAULT 21 - 18 P RH,DAE6508,BAJO,C,,
ESCOBILLA DE AL | RENAULT 18 - FUEGO A,DAE6509,BAJO,C,,
ESCOBILLA DE AL | TOYOTA - MITSUBISHI,DAE6510,BAJO,D,,
ESCOBILLA DE AL | PRESTOLITE CON FICHA,DAE6511,BAJO,C,,
ESCOBILLA DE AL | INDIEL FRONTAL CON F,DAE6512,BAJO,D,,
ESCOBILLA DE AL | TAMATEL Y RHOER ALE,DAE6515,BAJO,D,,
NASHVILLE CON F | ,DAE6516,BAJO,D,,
ESCOBILLA DE AL | CITROEN DUCELLIER -,DAE6517,BAJO,C,,
ESCOBILLA DE AL | PRESTOLITE CHICO CON,DAE6518,BAJO,C,,
BOSCH BRASILERO | ,DAE6519,BAJO,D,,
PRESTOLITE REGU | ,DAE6520,BAJO,D,,
ESCOBILLA DE AL | TOYOTA ALE 39,DAE6521,BAJO,C,,
ESCOBILLA DE AL | NASHVILLE REGULADOR,DAE6522,BAJO,C,,
ESCOBILLA DE AL | HONDA - SUSANA -YAMA,DAE6523,BAJO,C,,
ESCOBILLA DE AL | FORD - ESCORT - SIER,DAE6524,BAJO,C,,
CARBON DE ARRAN | VOLKSWAGEN GOL - SEN,DAE6525,BAJO,C,,
CARBON DE ARRAN | FIAT DUNA DIESEL - U,DAE6526,BAJO,C,,
MERCEDES BENZ - | ,DAE6527,BAJO,D,,
ESCOBILLA DE AL | TOYOTA ALE 39 (REEMP,DAE6529,BAJO,C,,
ESCOBILLA DE EL | FIAT 128 - EV 39 -,DAE6601,BAJO,D,,
ESCOBILLA DE EL | FIAT 125 - EV 41 -,DAE6603,BAJO,D,,
ESCOBILLA DE EL | PEUGEOT EV 42,DAE6604,BAJO,D,,
ESCOBILLA DE EL | FIAT 128 - 125- VOLK,DAE6605,BAJO,D,,
ESCOBILLA DE AR | VARIOS EQUIPO VALEO,DAE6606,BAJO,D,,
PEUGEOT 405 EV | ,DAE6607,BAJO,D,,
ESCOBILLA DE EL | VARIOS EQUIPO VALEO,DAE6611,BAJO,D,,
VOLKSWAGEN GACE | ,DAE6612,BAJO,D,,
FIAT - VFX 02 - | ,DAE6613,BAJO,D,,
AB 5 | ,DAE6650,BAJO,D,,
RENAULT | ,DAE6660,BAJO,D,,
ESCOBILLA DE DI | RENAULT,DAE6661,BAJO,C,,
FIAT 600 - 750 | ,DAE6701,BAJO,C,,
CHEVROLET - VOL | ,DAE6702,BAJO,D,,
FORD FALCON LP | ,DAE6703,BAJO,D,,
RENAULT 12 LP 4 | ,DAE6704,BAJO,D,,
CALEFACTOR NORM | ,DAE6705,BAJO,D,,
VOLKSWAGEN -FIA | ,DAE6706,BAJO,C,,
VOLKSWAGEN -FOR | ,DAE6707,BAJO,D,,
ESCOBILLA DE DI | MERCEDES BENZ 1112-1,DAE6801,BAJO,D,,
ESCOBILLA DE DI | RASTROJERO Y DKW BX,DAE6802,BAJO,D,,
MERCEDES BENZ 1 | ,DAE6803,BAJO,D,,
CHEVROLET DELCO | ,DAE6804,BAJO,D,,
FIAT 1500 JX 16 | ,DAE6805,BAJO,D,,
ESCOBILLA DE DI | FIAT 600 - 750 - 110,DAE6806,BAJO,D,,
FORD INDIEL FX | ,DAE6807,BAJO,D,,
"RENAULT 4L,4S,6 | ",DAE6808,BAJO,D,,
CITROEN FINO - | ,DAE6809,BAJO,D,,
RENAULT - DAUPH | ,DAE6810,BAJO,D,,
"RENAULT IKA, CH | ",DAE6811,BAJO,D,,
RENAULT - PEUGE | ,DAE6812,BAJO,D,,
ESCOBILLA DE DI | CITROEN 2CV GRUESA T,DAE6813,BAJO,D,,
ESCOBILLA DE DI | CITROEN - C X 4 -,DAE6814,BAJO,D,,
DI TELLA GRUESO | ,DAE6815,BAJO,D,,
DKW GRUESO MAX | ,DAE6816,BAJO,D,,
TAPA DE DISTRIB | VOLKSWAGEN DODGE 150,DAE761,BAJO,D,,
TAPA DE DISTRIB | VOLKSWAGEN DODGE 8 C,DAE781,BAJO,D,,
FORMA JUNTA | GREY GASKET MAKER 85,DERGRIS,BAJO,A,,
PEGA JUNTA | HIGH TEMP SILICONE 8,DERROJO,BAJO,A,,
KIT DE DISTRIBU | RENAULT CLIO / KANGO,DEXKD-D001,ALTO,C,,
KIT DE DISTRIBU | RENAULT CLIO II / KA,DEXKD-D002,MEDIO,C,,
KIT DE DISTRIBU | RENAULT CLIO 1.9D /,DEXKD-D003,MEDIO,C,,
KIT DE DISTRIBU | RENAULT CLIO II / KA,DEXKD-D004,ALTO,D,,
KIT DE DISTRIBU | RENAULT CLIO / KANGO,DEXKD-D005,MEDIO,D,,
KIT DE DISTRIBU | RENAULT MASTER 2.5 D,DEXKD-D006,ALTO,D,,
KIT DE DISTRIBU | RENAULT CLIO / LOGAN,DEXKD-D007,MEDIO,D,,
KIT DE DISTRIBU | RENAULT CLIO 1.2 1.4,DEXKD-D008,MEDIO,C,,
KIT DE DISTRIBU | RENAULT 19 / TRAFFIC,DEXKD-D009,MEDIO,D,,
"KIT DE DISTRIBU | RENAULT MEGANE 1,9 D",DEXKD-D010,ALTO,D,,
KIT DE DISTRIBU | RENAULT TRAFFIC 1.9,DEXKD-D012,ALTO,D,,
KIT DE DISTRIBU | RENAULT MASTER 2.8 T,DEXKD-D013,ALTO,D,,
KIT DE DISTRIBU | RENAULT R18 / TRAFFI,DEXKD-D014,ALTO,D,,
KIT DE DISTRIBU | RENAULT R19 - CLIO 1,DEXKD-D015,MEDIO,D,,
KIT DE DISTRIBU | RENAULT MEGANE / LAG,DEXKD-D016,ALTO,D,,
KIT DE DISTRIBU | RENAULT 18 / 21 / TR,DEXKD-D017,ALTO,D,,
KIT DE DISTRIBU | RENAULT CLIO / TWING,DEXKD-D018,MEDIO,C,,
KIT DE DISTRIBU | RENAULT LOGAN / SAND,DEXKD-D019,MEDIO,C,,
"KIT DE DISTRIBU | RENAULT DUSTER 2,0 F",DEXKD-D020,ALTO,D,,
KIT DE DISTRIBU | PEUGEOT 206 / 306 /,DEXKD-D102,MEDIO,C,,
KIT DE DISTRIBU | CITROEN C3 1.6 VTI /,DEXKD-D103,MEDIO,C,,
KIT DE DISTRIBU | CITROEN BERLINGO II,DEXKD-D107,ALTO,C,,
KIT DE DISTRIBU | PEUGEOT 205 / 306 /,DEXKD-D109,MEDIO,D,,
KIT DE DISTRIBU | PEUGEOT 106 / 205 /,DEXKD-D111,MEDIO,C,,
KIT DE DISTRIBU | FIAT DUCATO 2.3 MULT,DEXKD-D113,ALTO,D,,
"KIT DE DISTRIBU | PEUGEOT 406 1,8 / 30",DEXKD-D114,ALTO,D,,
"KIT DE DISTRIBU | PEUGEOT 306 2,0 / 40",DEXKD-D116,MEDIO,D,,
KIT DE DISTRIBU | CITROEN C5 2.0 HDI -,DEXKD-D117,ALTO,C,,
KIT DE DISTRIBU | CITROEN C4 / C5 2.0I,DEXKD-D118,ALTO,D,,
KIT DE DISTRIBU | CITROEN C3 / BERLING,DEXKD-D201,MEDIO,C,,
KIT DE DISTRIBU | CITROEN XSARA / XANT,DEXKD-D204,ALTO,C,,
KIT DE DISTRIBU | CITROEN C3 1.4 HDI -,DEXKD-D206,ALTO,C,,
KIT DE DISTRIBU | PEUGEOT 206 1.6 16V,DEXKD-D208,ALTO,C,,
KIT DE DISTRIBU | CITROEN SAXO / ZX 1.,DEXKD-D210,MEDIO,C,,
KIT DE DISTRIBU | PEUGEOT / CITROEN 30,DEXKD-D218,ALTO,C,,
KIT DE DISTRIBU | FORD COURIER / ESCOR,DEXKD-D303,ALTO,D,,
"KIT DE DISTRIBU | FORD ESCORT 1,8 16V",DEXKD-D304,MEDIO,D,,
KIT DE DISTRIBU | FORD FIESTA / FOCUS,DEXKD-D305,MEDIO,C,,
KIT DE DISTRIBU | FORD ECOSPORT / FOCU,DEXKD-D307,MEDIO,D,,
KIT DE DISTRIBU | FORD ESCORT / FIESTA,DEXKD-D308,ALTO,D,,
KIT DE DISTRIBU | FORD FOCUS II 1.6 16,DEXKD-D312,MEDIO,C,,
KIT DE DISTRIBU | FORD COURIER / FIEST,DEXKD-D313,MEDIO,D,,
KIT DE DISTRIBU | FORD FOCUS / MONDEO,DEXKD-D314,ALTO,D,,
KIT DE DISTRIBU | CHEVROLET CORSA II 1,DEXKD-D401,MEDIO,C,,
KIT DE DISTRIBU | CHEVROLET CORSA 1.2,DEXKD-D402,MEDIO,C,,
KIT DE DISTRIBU | CHEVROLET CHEVROLET,DEXKD-D403,MEDIO,C,,
KIT DE DISTRIBU | CHEVROLET AVEO 1.6 1,DEXKD-D404,ALTO,C,,
KIT DE DISTRIBU | CHEVROLET CORSA II 1,DEXKD-D405,MEDIO,C,,
KIT DE DISTRIBU | CHEVROLET ASTRA 1.7,DEXKD-D406,ALTO,D,,
"KIT DE DISTRIBU | CHEVROLET ASTRA 2,0",DEXKD-D407,ALTO,C,,
KIT DE DISTRIBU | CHEVROLET VECTRA 2.2,DEXKD-D408,ALTO,D,,
KIT DE DISTRIBU | CHEVROLET CORSA 1.0,DEXKD-D409,ALTO,D,,
KIT DE DISTRIBU | CHEVROLET ASTRA 1.7,DEXKD-D410,ALTO,D,,
KIT DE DISTRIBU | CHEVROLET ASTRA / VE,DEXKD-D411,ALTO,D,,
KIT DE DISTRIBU | VOLKSWAGEN CROSSFOX,DEXKD-D502,MEDIO,C,,
KIT DE DISTRIBU | VOLKSWAGEN GOL / GOL,DEXKD-D503,MEDIO,C,,
KIT DE DISTRIBU | VOLKSWAGEN GOLF 1.6,DEXKD-D504,MEDIO,C,,
KIT DE DISTRIBU | VOLKSWAGEN GACEL / G,DEXKD-D505,MEDIO,C,,
KIT DE DISTRIBU | VW / AUDI - BORA / V,DEXKD-D506,ALTO,C,,
"KIT DE DISTRIBU | VW AMAROK 2,0 TDI 12",DEXKD-D507,ALTO,C,,
KIT DE DISTRIBU | VOLKSWAGEN FOX / SUR,DEXKD-D508,MEDIO,C,,
"KIT DE DISTRIBU | AUDI / VW A3 1,9 TDI",DEXKD-D509,ALTO,D,,
KIT DE DISTRIBU | VOLKSWAGEN SURAN 1.9,DEXKD-D512,ALTO,D,,
KIT DE DISTRIBU | VOLKSWAGEN AMAROK /,DEXKD-D513,ALTO,C,,
KIT DE DISTRIBU | VOLKSWAGEN PASSAT 1.,DEXKD-D514,MEDIO,D,,
"KIT DE DISTRIBU | AUDI / VW PASAT 1,8",DEXKD-D515,ALTO,D,,
KIT DE DISTRIBU | A3 SPORTBACK (16) 1.,DEXKD-D516,ALTO,C,,
KIT DE DISTRIBU | FIAT DUNA / UNO / FI,DEXKD-D602,BAJO,C,,
KIT DE DISTRIBU | FIAT PALIO / SIENA /,DEXKD-D603,MEDIO,C,,
"KIT DE DISTRIBU | FIAT FIAT FIORINO, I",DEXKD-D604,MEDIO,C,,
KIT DE DISTRIBU | FIAT DUNA / UNO / SI,DEXKD-D605,MEDIO,D,,
KIT DE DISTRIBU | FIAT DUNA / FIORINO,DEXKD-D608,MEDIO,D,,
KIT DE DISTRIBU | FIAT PALIO / SIENA /,DEXKD-D609,ALTO,C,,
KIT DE DISTRIBU | FIAT 128 SUPER EUROP,DEXKD-D613,MEDIO,D,,
KIT DE DISTRIBU | AUDI 80 / 100 MOTOR,DEXKD-D701,BAJO,C,,
KIT DE DISTRIBU | TOYOTA HILUX 2.4D -,DEXKD-D761,ALTO,C,,
KIT DE DISTRIBU | TOYOTA HILUX 2.5 D 2,DEXKD-D762,MEDIO,C,,
KIT DE DISTRIBU | TOYOTA HILUX / LAND,DEXKD-D763,MEDIO,D,,
KIT DE DISTRIBU | ALFA ROMEO MITO 1.4T,DEXKD-D851,MEDIO,C,,
KIT DE DISTRIBU | IVECO DAILY 2.5 D MO,DEXKD-D866,ALTO,D,,
KIT DE DISTRIBU | ISUZU Trooper 2.8 TD,DEXKD-D870,ALTO,D,,
KIT DE DISTRIBU | RENAULT RENAULT CLIO,DEXKD-DBA001,ALTO,C,,
KIT DISTRIBUCIO | VW VOLKSWAGEN CROSSF,DEXKD-DBA502,MEDIO,C,,
KIT DISTRIBUCIO | ,DEXKD-DBA508,MEDIO,D,,
"KIT DE REPARACI | VW FOX, SURAN, GOL D",DEXKD-PV508R,MEDIO,C,,
CERRADURA DE IG | (CODIGO ANTERIOR: DV,DIV10001,BAJO,A,,
CERRADURA DE IG | (CODIGO ANTERIOR: DV,DIV10002,BAJO,A,,
CERRADURA DE IG | (CODIGO ANTERIOR: DV,DIV10003,BAJO,A,,
CORTA CORRIENTE | (CODIGO ANTERIOR: DV,DIV10004,BAJO,A,,
CORTA CORRIENTE | (CODIGO ANTERIOR: DV,DIV10005,BAJO,A,,
LLAVE 2 PUNTOS | (CODIGO ANTERIOR: DV,DIV10006,BAJO,A,,
LLAVE 2 PUNTOS | (CODIGO ANTERIOR: DV,DIV10007,BAJO,A,,
ENCENDEDOR | (CODIGO ANTERIOR: DV,DIV10008,BAJO,A,,
ENCENDEDOR | (CODIGO ANTERIOR: DV,DIV10009,BAJO,A,,
ENCENDEDOR | (CODIGO ANTERIOR: DV,DIV10010,BAJO,B,,
ENCENDEDOR | (CODIGO ANTERIOR: DV,DIV10011,BAJO,A,,
FUSIBLE TERMICO | FUSIBLE TERMICO DE 1,DIV100115,BAJO,C,,
FUSIBLERA | (CODIGO ANTERIOR: DV,DIV10012,BAJO,B,,
FUSIBLE TERMICO | (CODIGO ANTERIOR: DV,DIV100120,BAJO,C,,
FUSIBLE TERMICO | (CODIGO ANTERIOR: DV,DIV100125,BAJO,C,,
FUSIBLERA | (CODIGO ANTERIOR: DV,DIV10013,BAJO,C,,
FUSIBLE TERMICO | (CODIGO ANTERIOR: DV,DIV100130,BAJO,C,,
FUSIBLE TERMICO | (CODIGO ANTERIOR: DV,DIV100135,BAJO,C,,
FUSIBLERA | (CODIGO ANTERIOR: DV,DIV10014,BAJO,A,,
FUSIBLE TERMICO | (CODIGO ANTERIOR: DV,DIV100140,BAJO,C,,
FUSIBLERA | (CODIGO ANTERIOR: DV,DIV10015,BAJO,B,,
AUTOMATICO DE A | (CODIGO ANTERIOR: DV,DIV10017,BAJO,B,,
AUTOMATICO DE A | (CODIGO ANTERIOR: DV,DIV10018,BAJO,A,,
CONMUTADOR DE L | (CODIGO ANTERIOR: DV,DIV10101,BAJO,C,,
CONMUTADOR DE L | (CODIGO ANTERIOR: DV,DIV10102,BAJO,C,,
CONMUTADOR DE L | (CODIGO ANTERIOR: DV,DIV10103,BAJO,C,,
CONMUTADOR DE L | (CODIGO ANTERIOR: DV,DIV10104,BAJO,C,,
CONMUTADOR DE L | (CODIGO ANTERIOR: V0,DIV10105,BAJO,C,,
CONMUTADOR DE L | (CODIGO ANTERIOR: V0,DIV10106,BAJO,C,,
CONMUTADOR DE L | (CODIGO ANTERIOR: V1,DIV10107,BAJO,C,,
CONMUTADOR DE L | (CODIGO ANTERIOR: V1,DIV10108,BAJO,C,,
CONMUTADOR DE L | (CODIGO ANTERIOR: V1,DIV10109,BAJO,C,,
CONMUTADOR DE L | (CODIGO ANTERIOR: V1,DIV10110,BAJO,C,,
CONMUTADOR DE L | (CODIGO ANTERIOR: V0,DIV10111,BAJO,C,,
CONMUTADOR DE L | (CODIGO ANTERIOR: DV,DIV10112,BAJO,C,,
CONMUTADOR DE L | (CODIGO ANTERIOR: DV,DIV10113,BAJO,C,,
CONMUTADOR DE L | (CODIGO ANTERIOR: DV,DIV10201,BAJO,C,,
CONMUTADOR DE L | (CODIGO ANTERIOR: DV,DIV10202,BAJO,C,,
CONMUTADOR DE L | (CODIGO ANTERIOR: DV,DIV10203,BAJO,C,,
CONMUTADOR DE L | (CODIGO ANTERIOR: DV,DIV10204,BAJO,C,,
CONMUTADOR DE L | (CODIGO ANTERIOR: DV,DIV10205,BAJO,C,,
CONMUTADOR DE L | (CODIGO ANTERIOR: V1,DIV10206,BAJO,C,,
CONMUTADOR DE L | (CODIGO ANTERIOR: V1,DIV10207,BAJO,C,,
CONMUTADOR DE L | (CODIGO ANTERIOR: V1,DIV10208,BAJO,C,,
CONMUTADOR DE L | (CODIGO ANTERIOR: V1,DIV10209,BAJO,C,,
CONMUTADOR DE L | (CODIGO ANTERIOR: V1,DIV10210,BAJO,C,,
CONMUTADOR DE L | (CODIGO ANTERIOR: DV,DIV10211,BAJO,C,,
CONMUTADOR DE L | (CODIGO ANTERIOR: V1,DIV10212,BAJO,C,,
CONMUTADOR DE L | (CODIGO ANTERIOR: V1,DIV10213,BAJO,C,,
CONMUTADOR DE L | (CODIGO ANTERIOR: V1,DIV10214,BAJO,C,,
CONMUTADOR DE L | (CODIGO ANTERIOR: V1,DIV10215,BAJO,C,,
CONMUTADOR DE L | (CODIGO ANTERIOR: DV,DIV10216,BAJO,C,,
LLAVE DE LIMPIA | (CODIGO ANTERIOR: DV,DIV10217,BAJO,C,,
CONMUTADOR DE L | (CODIGO ANTERIOR: V1,DIV10218,MEDIO,C,,
CONMUTADOR DE L | (CODIGO ANTERIOR: DV,DIV10219,BAJO,C,,
CONMUTADOR DE L | (CODIGO ANTERIOR: V1,DIV10220,BAJO,C,,
CONMUTADOR DE L | (CODIGO ANTERIOR: DV,DIV10221,BAJO,C,,
CONMUTADOR DE L | (CODIGO ANTERIOR: DV,DIV10222,BAJO,C,,
CONMUTADOR DE L | (CODIGO ANTERIOR: DV,DIV10301,BAJO,C,,
CONMUTADOR DE L | (CODIGO ANTERIOR: DV,DIV10302,BAJO,C,,
CONMUTADOR COMP | (CODIGO ANTERIOR: V1,DIV10303,BAJO,C,,
CONMUTADOR DE L | (CODIGO ANTERIOR: V1,DIV10304,BAJO,C,,
CONMUTADOR DE L | (CODIGO ANTERIOR: DV,DIV10401,MEDIO,C,,
CONMUTADOR COMP | (CODIGO ANTERIOR: V0,DIV10402,MEDIO,C,,
CONMUTADOR DE L | (CODIGO ANTERIOR: DV,DIV10403,MEDIO,C,,
CONMUTADOR COMP | (CODIGO ANTERIOR: V0,DIV10404,MEDIO,C,,
CONMUTADOR DE L | (CODIGO ANTERIOR: DV,DIV10405,MEDIO,C,,
CONMUTADOR DE L | (CODIGO ANTERIOR: DV,DIV10406,MEDIO,C,,
CONMUTADOR DE L | (CODIGO ANTERIOR: DV,DIV10407,MEDIO,C,,
CONMUTADOR COMP | (CODIGO ANTERIOR: V1,DIV10408,MEDIO,C,,
CONMUTADOR MULT | (CODIGO ANTERIOR: DV,DIV10501,MEDIO,C,,
CONMUTADOR DE L | (CODIGO ANTERIOR: DV,DIV10502,MEDIO,C,,
CONMUTADOR DE L | (CODIGO ANTERIOR: DV,DIV10503,MEDIO,C,,
CONMUTADOR MULT | (CODIGO ANTERIOR: DV,DIV10504,MEDIO,C,,
CONMUTADOR LUCE | (CODIGO ANTERIOR: DV,DIV10505,ALTO,C,,
CONMUTADOR COMP | (CODIGO ANTERIOR: V1,DIV10506,ALTO,C,,
CONMUTADOR DE L | (CODIGO ANTERIOR: V1,DIV10701,BAJO,C,,
CONMUTADOR DE L | (CODIGO ANTERIOR: DV,DIV10702,BAJO,B,,
CONMUTADOR DE L | (CODIGO ANTERIOR: V0,DIV10703,BAJO,C,,
CONMUTADOR DE L | (CODIGO ANTERIOR: V1,DIV10704,BAJO,C,,
CONMUTADOR DE L | (CODIGO ANTERIOR: V1,DIV10705,BAJO,C,,
CONMUTADOR DE L | (CODIGO ANTERIOR: V1,DIV10706,BAJO,C,,
CONMUTADOR DE L | (CODIGO ANTERIOR: V0,DIV10707,BAJO,C,,
CONMUTADOR DE L | (CODIGO ANTERIOR: DV,DIV10708,BAJO,C,,
CONMUTADOR COMP | (CODIGO ANTERIOR: V1,DIV10709,MEDIO,C,,
CONMUTADOR DE L | (CODIGO ANTERIOR: V1,DIV10710,BAJO,C,,
CONMUTADOR DE L | (CODIGO ANTERIOR: V1,DIV10711,MEDIO,C,,
CONMUTADOR COMP | FORD FIESTA/KA/ECOSP,DIV10712,MEDIO,C,,
CONMUTADOR COMP | FIAT UNO / DUNA 95/,DIV10715,MEDIO,C,,
CONMUTADOR COMP | NISSAN B13 ISUZU (LI,DIV10716,MEDIO,C,,
CONMUTADOR COMP | MERCEDES BENZ SPRINT,DIV10717,MEDIO,C,,
CONMUTADOR COMP | FIAT PALIO/WEEKEND /,DIV10718,MEDIO,C,,
CONMUTADOR COMP | FIAT DOBLO 06/ PALIO,DIV10719,MEDIO,C,,
CONMUTADOR COMP | FIAT PALIO - SIENA 0,DIV10720,MEDIO,C,,
CONMUTADOR COMP | FIAT UNO 09 SIN LAVA,DIV10721,MEDIO,C,,
CONMUTADOR COMP | FIAT UNO - VIVACE -,DIV10722,MEDIO,C,,
CONMUTADOR COMP | FIAT UNO 09,DIV10723,MEDIO,C,,
CONMUTADOR COMP | PALIO FIRE 09/,DIV10724,MEDIO,C,,
CONMUTADOR COMP | PALIO FIRE 09/,DIV10725,MEDIO,C,,
CONMUTADOR COMP | FORD FIESTA HATCH 96,DIV10726,MEDIO,C,,
CONMUTADOR COMP | FORD FIESTA HATCH 96,DIV10727,MEDIO,C,,
CONMUTADOR COMP | FORD KA 00/ FIESTA 9,DIV10728,MEDIO,C,,
CONMUTADOR COMP | FORD FIESTA 96/03 CO,DIV10729,MEDIO,C,,
CONMUTADOR COMP | FORD ESCORT/WAGON 97,DIV10730,MEDIO,C,,
CONMUTADOR COMP | FORD KA 97/99,DIV10731,MEDIO,C,,
CONMUTADOR COMP | FORD FIESTA/KA/ECOSP,DIV10732,MEDIO,C,,
CONMUTADOR COMP | CHEVROLET CELTA 01/0,DIV10733,MEDIO,C,,
CONMUTADOR COMP | CHEVROLET CELTA 07/,DIV10734,MEDIO,C,,
CONMUTADOR COMP | CHEVROLET CELTA 10/,DIV10735,MEDIO,C,,
CONMUTADOR COMP | CHEVROLET CELTA 10/,DIV10736,MEDIO,C,,
CONMUTADOR COMP | CHEVROLET CELTA 10/,DIV10737,MEDIO,C,,
CONMUTADOR DE L | VW FOX 04/16 SPACEFO,DIV10739,BAJO,C,,
CONMUTADOR DE L | MERCEDES BENZ,DIV10740,MEDIO,C,,
"CONMUTADOR DE L | MERCEDES BENZ,CAMION",DIV10741,MEDIO,C,,
CONMUTADOR DE L | FORD TRANSIT V184 01,DIV10742,BAJO,C,,
CONMUTADOR DE L | FORD TRANSIT FOCUS C,DIV10743,BAJO,C,,
CONMUTADOR DE L | FORD TRANSIT V347 06,DIV10744,MEDIO,C,,
CONMUTADOR DE L | FORD TRANSIT V347 06,DIV10745,BAJO,C,,
CONMUTADOR DE L | FORD F 250 2011 RANG,DIV10746,MEDIO,C,,
CONMUTADOR DE L | FORD E-150 E-250 E-3,DIV10747,MEDIO,C,,
CONMUTADOR DE L | FORD EXPLORER 95/98,DIV10748,MEDIO,C,,
CONMUTADOR DE L | FORD EXPLORER 99/03,DIV10749,MEDIO,C,,
CONMUTADOR DE L | FORD RANGER 01 FORD,DIV10750,MEDIO,C,,
INTERRUPTOR DE | FORD FOCUS 08,DIV10751,,C,,
CONMUTADOR DE L | CHEVROLET ONIX/PRISM,DIV10752,MEDIO,C,,
CONMUTADOR MULT | CHEVROLET S-10 PICKU,DIV10753,MEDIO,C,,
CONMUTADOR MULT | CHEVROLET S-10 PICKU,DIV10754,MEDIO,C,,
CONMUTADOR MULT | CHEVROLET S-10 PICKU,DIV10755,MEDIO,C,,
CONMUTADOR DE L | VW GOL G5 08/12 FOX,DIV10756,BAJO,C,,
CONMUTADOR DE L | CHEVROLET CORSA 94 V,DIV10757,BAJO,C,,
CONMUTADOR DE L | CHEVROLET S-10 PICKU,DIV10758,MEDIO,C,,
CONMUTADOR DE L | FORD TRANSIT V347 06,DIV10759,BAJO,C,,
CONMUTADOR DE L | FORD FOCUS MONDEO TR,DIV10760,MEDIO,C,,
CONMUTADOR DE L | FORD CARGO TRUCK 11/,DIV10761,MEDIO,C,,
CONMUTADOR DE L | CHEVROLET ONIX/PRISM,DIV10762,BAJO,C,,
CONMUTADOR DE L | CHEVROLET ASTRA 99/,DIV10763,BAJO,C,,
CONMUTADOR DE L | CHEVROLET ASTRA 99/,DIV10764,BAJO,C,,
CONMUTADOR DE L | SCANIA 114/124 98/00,DIV10765,BAJO,C,,
CONMUTADOR DE L | SCANIA 114/124 98/00,DIV10766,MEDIO,C,,
CONMUTADOR DE L | SCANIA 113,DIV10767,BAJO,C,,
CONMUTADOR DE L | VOLVO FH12 E FM12 TO,DIV10768,MEDIO,C,,
CONMUTADOR DE L | VOLVO FH12 / NH12 /,DIV10769,MEDIO,C,,
CONMUTADOR DE L | VOLVO B12 B7 B9 FH S,DIV10770,MEDIO,C,,
CONMUTADOR DE L | VW FOX / CROSSFOX,DIV10771,MEDIO,C,,
CONMUTADOR DE L | VW FOX / CROSSFOX 09,DIV10772,MEDIO,C,,
CONMUTADOR DE L | RENAULT MASTER MEGAN,DIV10773,BAJO,C,,
CONMUTADOR DE L | RENAULT KANGOO MEGAN,DIV10774,BAJO,C,,
CONMUTADOR DE L | MERCEDES BENZ ATEGO,DIV10776,MEDIO,C,,
CONMUTADOR DE L | RENAULT DUSTER / LOG,DIV10777,BAJO,C,,
CONMUTADOR DE L | RENAULT R19 V1013 08,DIV10778,BAJO,C,,
CONMUTADOR DE L | VOLKSWAGEN GOL AB9 V,DIV10779,BAJO,C,,
CONMUTADOR DE L | FORD FIESTA 7 10/ V1,DIV10780,MEDIO,C,,
CONMUTADOR DE L | FORD FIESTA 09/ V108,DIV10781,MEDIO,C,,
CONMUTADOR DE L | FORD FIESTA / TRANSI,DIV10782,BAJO,C,,
CONMUTADOR DE L | CHEVROLET ASTRA / VE,DIV10783,BAJO,C,,
CONMUTADOR COMP | FIAT UNO WAY V1335/2,DIV10784,MEDIO,C,,
CONMUTADOR COMP | FIAT PALIO V1335/1 1,DIV10785,MEDIO,C,,
CONMUTADOR DE L | HYUNDAI ACCENT 10/11,DIV10786,MEDIO,C,,
CONMUTADOR COMP | TOYOTA HILUX / HIACE,DIV10787,MEDIO,C,,
CONMUTADOR DE L | TOYOTA HILUX / CAMRY,DIV10788,BAJO,C,,
CONMUTADOR COMP | TOYOTA HILUX LN30/40,DIV10789,MEDIO,C,,
CONMUTADOR DE L | TOYOTA COROLLA 03/07,DIV10790,MEDIO,C,,
CONMUTADOR DE L | TOYOTA VIGO / VIOS /,DIV10791,MEDIO,C,,
ANTIRROBO | FIAT 600 - 125,DIV1308,BAJO,C,,
ANTIRROBO | (CODIGO ANTERIOR: DV,DIV20101,BAJO,B,,
ANTIRROBO | (CODIGO ANTERIOR: DV,DIV20102,BAJO,C,,
ANTIRROBO | (CODIGO ANTERIOR: DV,DIV20103,BAJO,C,,
ANTIRROBO | (CODIGO ANTERIOR: DV,DIV20104,BAJO,B,,
ANTIRROBO | (CODIGO ANTERIOR: DV,DIV20105,BAJO,B,,
ANTIRROBO | (CODIGO ANTERIOR: DV,DIV20106,BAJO,B,,
ANTIRROBO | (CODIGO ANTERIOR: DV,DIV20107,BAJO,C,,
ANTIRROBO | (CODIGO ANTERIOR: DV,DIV20108,BAJO,C,,
ANTIRROBO | (CODIGO ANTERIOR: DV,DIV20109,BAJO,C,,
CERRADURA DE IG | (CODIGO ANTERIOR: DV,DIV20110,BAJO,C,,
ANTIRROBO | (CODIGO ANTERIOR: DV,DIV20111,BAJO,C,,
ANTIRROBO | (CODIGO ANTERIOR: DV,DIV20112,BAJO,B,,
ANTIRROBO | (CODIGO ANTERIOR: DV,DIV20202,BAJO,C,,
ANTIRROBO | (CODIGO ANTERIOR: DV,DIV20203,BAJO,B,,
ANTIRROBO | (CODIGO ANTERIOR: DV,DIV20204,BAJO,B,,
LLAVE ENTRADA | (CODIGO ANTERIOR: DV,DIV20205,BAJO,B,,
ANTIRROBO | (CODIGO ANTERIOR: DV,DIV20206,BAJO,A,,
ANTIRROBO | (CODIGO ANTERIOR: DV,DIV20207,BAJO,B,,
ANTIRROBO | (CODIGO ANTERIOR: DV,DIV20208,BAJO,B,,
ANTIRROBO | (CODIGO ANTERIOR: DV,DIV20209,BAJO,A,,
ANTIRROBO | (CODIGO ANTERIOR: DV,DIV20210,BAJO,C,,
ANTIRROBO | (CODIGO ANTERIOR: DV,DIV20211,BAJO,B,,
ANTIRROBO | (CODIGO ANTERIOR: DV,DIV20212,BAJO,A,,
ANTIRROBO | (CODIGO ANTERIOR: DV,DIV20213,BAJO,B,,
ANTIRROBO | (CODIGO ANTERIOR: DV,DIV20214,BAJO,A,,
CERRADURA DE IG | (CODIGO ANTERIOR: DV,DIV20301,BAJO,B,,
CERRADURA DE IG | (CODIGO ANTERIOR: DV,DIV20302,BAJO,B,,
CERRADURA DE IG | (CODIGO ANTERIOR: DV,DIV20303,BAJO,B,,
CERRADURA DE IG | (CODIGO ANTERIOR: DV,DIV20304,BAJO,C,,
COLLAR COMPLETO | (CODIGO ANTERIOR: DV,DIV20305,BAJO,C,,
CERRADURA DE IG | (CODIGO ANTERIOR: DV,DIV20306,MEDIO,B,,
ANTIRROBO | (CODIGO ANTERIOR: DV,DIV20401,BAJO,C,,
ANTIRROBO | (CODIGO ANTERIOR: DV,DIV20402,BAJO,A,,
ANTIRROBO | (CODIGO ANTERIOR: DV,DIV20403,MEDIO,A,,
ANTIRROBO | (CODIGO ANTERIOR: DV,DIV20404,MEDIO,A,,
COLLAR | (CODIGO ANTERIOR: DV,DIV20405,BAJO,C,,
ANTIRROBO | (CODIGO ANTERIOR: DV,DIV20406,BAJO,A,,
ANTIRROBO | (CODIGO ANTERIOR: DV,DIV20407,BAJO,B,,
ANTIRROBO | (CODIGO ANTERIOR: DV,DIV20408,BAJO,B,,
ANTIRROBO | (CODIGO ANTERIOR: DV,DIV20409,BAJO,C,,
CERRADURA DE IG | (CODIGO ANTERIOR: DV,DIV20410,BAJO,C,,
CERRADURA DE IG | (CODIGO ANTERIOR: DV,DIV20501,BAJO,C,,
CERRADURA DE IG | (CODIGO ANTERIOR: DV,DIV20502,BAJO,B,,
CERRADURA DE IG | (CODIGO ANTERIOR: DV,DIV20503,BAJO,B,,
CERRADURA DE IG | (CODIGO ANTERIOR: DV,DIV20505,BAJO,C,,
CERRADURA DE IG | (CODIGO ANTERIOR: DV,DIV20506,BAJO,B,,
CILINDRO DE IGN | (CODIGO ANTERIOR: DV,DIV20507,BAJO,C,,
INTERRUPTOR DE | (CODIGO ANTERIOR: DV,DIV20508,BAJO,C,,
CERRADURA DE IG | (CODIGO ANTERIOR: DV,DIV20701,BAJO,C,,
CERRADURA DE IG | (CODIGO ANTERIOR: DV,DIV20702,MEDIO,C,,
COLLAR COMPLETO | MERCEDES BENZ 1634 1,DIV20703,MEDIO,C,,
INTERRUPTOR DE | MERCEDES BENZ ATEGO,DIV20704,,C,,
INTERRUPTOR DE | FORD TRANSIT,DIV20705,,C,,
TECLA ALZA CRIS | (CODIGO ANTERIOR: DV,DIV30101,BAJO,C,,
TECLA ALZA CRIS | (CODIGO ANTERIOR: DV,DIV30102,BAJO,C,,
TECLA ALZA CRIS | (CODIGO ANTERIOR: DV,DIV30103,BAJO,C,,
TECLA ALZA CRIS | (CODIGO ANTERIOR: DV,DIV30104,BAJO,C,,
TECLA FAROS | (CODIGO ANTERIOR: DV,DIV30105,BAJO,C,,
TECLA LUNETA | (CODIGO ANTERIOR: DV,DIV30106,BAJO,C,,
TECLA BALIZA | (CODIGO ANTERIOR: DV,DIV30107,BAJO,C,,
TECLA ALZA CRIS | (CODIGO ANTERIOR: V1,DIV30108,BAJO,C,,
TECLA ALZA CRIS | (CODIGO ANTERIOR: DV,DIV30109,BAJO,C,,
TECLA ALZA CRIS | (CODIGO ANTERIOR: DV,DIV30110,BAJO,C,,
TECLA ALZA CRIS | (CODIGO ANTERIOR: DV,DIV30111,BAJO,C,,
TECLA ALZA CRIS | (CODIGO ANTERIOR: DV,DIV30112,BAJO,C,,
TECLA ALZA CRIS | (CODIGO ANTERIOR: DV,DIV30113,BAJO,C,,
TECLA ALZA CRIS | (CODIGO ANTERIOR: DV,DIV30114,BAJO,C,,
TECLA ALZA CRIS | (CODIGO ANTERIOR: DV,DIV30115,BAJO,C,,
TECLA ALZA CRIS | (CODIGO ANTERIOR: DV,DIV30116,BAJO,C,,
TECLA ALZA CRIS | (CODIGO ANTERIOR: DV,DIV30117,BAJO,C,,
TECLA ALZA CRIS | (CODIGO ANTERIOR: DV,DIV30118,BAJO,A,,
TECLA DE BALIZA | (CODIGO ANTERIOR: DV,DIV30119,BAJO,B,,
TECLA BALIZA | (CODIGO ANTERIOR: DV,DIV30120,BAJO,C,,
TECLA BALIZA | (CODIGO ANTERIOR: DV,DIV30121,BAJO,C,,
TECLA BALIZA | (CODIGO ANTERIOR: DV,DIV30122,BAJO,C,,
TECLA BALIZA | (CODIGO ANTERIOR: DV,DIV30123,BAJO,C,,
TECLA BALIZA | (CODIGO ANTERIOR: DV,DIV30124,BAJO,B,,
TECLA BALIZA | TECLA BALIZA MERCEDE,DIV30125,BAJO,C,,
TECLA BALIZA | (CODIGO ANTERIOR: DV,DIV30126,BAJO,C,,
TECLA BALIZA | (CODIGO ANTERIOR: DV,DIV30127,BAJO,B,,
TECLA BALIZA | (CODIGO ANTERIOR: DV,DIV30128,BAJO,C,,
CONMUTADOR DE L | (CODIGO ANTERIOR: DV,DIV30129,BAJO,B,,
CONMUTADOR DE L | (CODIGO ANTERIOR: DI,DIV30130,BAJO,B,,
BOTON DE ARRANQ | (CODIGO ANTERIOR: DV,DIV30131,BAJO,A,,
CAMBIO DE LUZ | (CODIGO ANTERIOR: DV,DIV30132,BAJO,B,,
CAMBIO DE LUZ | (CODIGO ANTERIOR: DV,DIV30133,BAJO,A,,
LLAVE DE UN PUN | (CODIGO ANTERIOR: DV,DIV30134,BAJO,A,,
LLAVE DE UN PUN | (CODIGO ANTERIOR: DV,DIV30135,BAJO,A,,
LLAVE INVERSORA | (CODIGO ANTERIOR: DV,DIV30136,BAJO,A,,
LLAVE INVERSORA | (CODIGO ANTERIOR: DV,DIV30137,BAJO,A,,
LLAVE DE UN PUN | (CODIGO ANTERIOR: DV,DIV30138,BAJO,A,,
LLAVE DE UN PUN | (CODIGO ANTERIOR: DV,DIV30139,BAJO,A,,
TECLAS | (codigo anterior: DV,DIV30140B,BAJO,C,,
TECLAS | (codigo anterior: DV,DIV30140R,BAJO,B,,
BOTON DE ARRANQ | (CODIGO ANTERIOR: DV,DIV30141,BAJO,A,,
BOTON DE ARRANQ | (CODIGO ANTERIOR: DV,DIV30142,BAJO,B,,
BOTON DE ARRANQ | (CODIGO ANTERIOR: DV,DIV30143,BAJO,A,,
BOTON DE ARRANQ | (CODIGO ANTERIOR: DV,DIV30144,BAJO,A,,
TECLA AUXILIAR | (CODIGO ANTERIOR: DV,DIV30145,BAJO,A,,
TECLA DE 2 PUNT | (CODIGO ANTERIOR: DV,DIV30146,BAJO,A,,
BOTON PULSADOR | (CODIGO ANTERIOR: DV,DIV30147,BAJO,A,,
TECLA BALIZA | (CODIGO ANTERIOR: DV,DIV30148,BAJO,C,,
TECLA BALIZA | (CODIGO ANTERIOR: DV,DIV30149,BAJO,C,,
TECLA ALZA CRIS | (CODIGO ANTERIOR: DV,DIV30150,BAJO,C,,
TECLA ALZA CRIS | (CODIGO ANTERIOR: DV,DIV30151,BAJO,C,,
TECLA ALZA CRIS | (CODIGO ANTERIOR: DV,DIV30152,BAJO,C,,
TECLA ALZA CRIS | (CODIGO ANTERIOR: DV,DIV30153,BAJO,C,,
TECLA ALZA CRIS | (CODIGO ANTERIOR: DV,DIV30154,BAJO,C,,
TECLA ALZA CRIS | (CODIGO ANTERIOR: DV,DIV30155,BAJO,C,,
TECLA ALZA CRIS | (CODIGO ANTERIOR: DV,DIV30156,MEDIO,C,,
TECLA FAROS | (CODIGO ANTERIOR: DV,DIV30157,BAJO,C,,
TECLA BALIZA | (CODIGO ANTERIOR: DV,DIV30158,BAJO,C,,
LLAVE ROTATIVA | (CODIGO ANTERIOR: DV,DIV30159,BAJO,C,,
TECLA BALIZA | (CODIGO ANTERIOR: DV,DIV30160,BAJO,C,,
TECLA BALIZA | (CODIGO ANTERIOR: DV,DIV30161,BAJO,C,,
TECLA BALIZA | (CODIGO ANTERIOR: DV,DIV30162,BAJO,C,,
TECLA ALZA CRIS | (CODIGO ANTERIOR: DV,DIV30163,BAJO,C,,
COMANDO ROTATIV | MERCEDES BENZ,DIV30164,BAJO,C,,
COMANDO ROTATIV | CHEVROLET AGILE 10/,DIV30165,MEDIO,C,,
COMANDO ROTATIV | CHEVROLET AGILE 09/1,DIV30166,MEDIO,C,,
COMANDO ROTATIV | FORD RANGER 05/12,DIV30167,BAJO,C,,
COMANDO ALZA CR | JEEP CHEROKEE 97/01,DIV30168,MEDIO,C,,
COMANDO ALZA CR | DODGE DAKOTA 01/04 R,DIV30169,MEDIO,C,,
COMANDO ALZA CR | FORD ECOSPORT 07/12,DIV30170,MEDIO,C,,
COMANDO ALZA CR | FORD-FIESTA ECOSPORT,DIV30171,BAJO,C,,
COMANDO ALZA CR | CHEVROLET ONIX/PRISM,DIV30172,BAJO,C,,
COMANDO ALZA CR | NISSAN FRONTIER 05/0,DIV30173,MEDIO,C,,
COMANDO ALZA CR | HONDA CIVIC 01/05 20,DIV30174,MEDIO,C,,
COMANDO ALZA CR | FIAT PALIO SIENA 05,DIV30175,BAJO,C,,
TECLA ALZA CRIS | VW POLO LADO DERECHO,DIV30176,BAJO,C,,
TECLA ALZA CRIS | CHEVROLET CORSA/ASTR,DIV30177,BAJO,C,,
TECLA ALZA CRIS | NUEVO UNO LADO IZQUI,DIV30178,BAJO,C,,
TECLA ALZA CRIS | CHEVROLET ONIX/PRISM,DIV30179,BAJO,C,,
TECLA ALZA CRIS | FIAT PALIO YOUNG DEL,DIV30180,BAJO,C,,
TECLA ALZA CRIS | FIAT PALIO YOUNG DEL,DIV30181,BAJO,C,,
TECLA ALZA CRIS | FIAT PALIO DELANTERA,DIV30182,BAJO,C,,
TECLA ALZA CRIS | FIAT PALIO DELANTERA,DIV30183,BAJO,C,,
TECLA ALZA CRIS | FIAT PALIO FIRE DELA,DIV30184,BAJO,C,,
TECLA ALZA CRIS | FIAT UNO 04 DELANTER,DIV30185,BAJO,C,,
TECLA ALZA CRIS | VW-GOL GIV/ FOX,DIV30186,BAJO,C,,
TECLA ALZA CRIS | FIAT PALIO YOUNG DEL,DIV30187,BAJO,C,,
TECLA ALZA CRIS | FIAT PALIO YOUNG DEL,DIV30188,BAJO,C,,
TECLA ALZA CRIS | FIAT PALIO DELANTERA,DIV30189,BAJO,C,,
TECLA ALZA CRIS | FIAT PALIO DELANTERA,DIV30190,BAJO,C,,
TECLA ALZA CRIS | FIAT PALIO YOUNG DEL,DIV30191,BAJO,C,,
TECLA CIERRE CE | VW FOX,DIV30192,BAJO,C,,
TECLA CIERRE CE | VW GOL G5,DIV30193,BAJO,C,,
TECLA CIERRE CE | VW FOX,DIV30194,BAJO,C,,
COMANDO ESPEJO | CHEVROLET S10 BLAZER,DIV30195,BAJO,C,,
TECLA BALIZA | MERCEDES BENZ MARCOP,DIV30196,BAJO,C,,
TECLA BALIZA | CHEVROLET CORSA/MONT,DIV30197,BAJO,C,,
TECLA BALIZA | ONIBUS VW MANN 17230,DIV30198,BAJO,C,,
TECLA BALIZA | RENAULT KANGOO 13797,DIV30199,BAJO,C,,
TECLA BALIZA | RENAULT CLIO ? 13788,DIV30200,BAJO,C,,
TECLA BALIZA Y | RENAULT LOGAN SANDER,DIV30201,BAJO,C,,
TECLA BALIZA | RENAULT MEGANE CLIO,DIV30202,BAJO,C,,
TECLA BALIZA Y | RENAULT FLUENCE MEGA,DIV30203,BAJO,C,,
TECLA BALIZA | RENAULT DUSTER SANDE,DIV30204,BAJO,C,,
TECLA BALIZA | RENAULT 9 - 11 RTCBA,DIV30205,BAJO,C,,
COMANDO ESPEJO | VOLKSWAGEN GOLF III,DIV30206,BAJO,C,,
TECLA BALIZA | VOLKSWAGEN GOLF IV 9,DIV30207,BAJO,C,,
TECLA BALIZA | VOLKSWAGEN POLO V139,DIV30208,BAJO,C,,
TECLA BALIZA | VOLKSWAGEN CARAT QUA,DIV30209,BAJO,C,,
TECLA BALIZA | CHEVROLET CORSA 94/,DIV30210,BAJO,C,,
TECLA BALIZA | VOLKSWAGEN CARAT/GAC,DIV30211,BAJO,C,,
TECLA BALIZA | CHEVROLET VECTRA 97/,DIV30212,BAJO,C,,
COMANDO ALZA CR | CHEVROLET CORSA ASTR,DIV30213,BAJO,C,,
TECLA ALZA CRIS | CHEVROLET ASTRA ZAFI,DIV30214,BAJO,C,,
TECLA ALZA CRIS | FORD FIESTA TRANSIT,DIV30215,BAJO,C,,
TECLA ALZA CRIS | FORD FIESTA / ECOSPO,DIV30216,BAJO,C,,
TECLA ALZA CRIS | FORD KA 96/08 D.D 13,DIV30217,BAJO,C,,
TECLA ALZA CRIS | FORD FIESTA NUEVO/EC,DIV30218,BAJO,C,,
COMANDO ALZA CR | CHEVROLET 95-03 BLAZ,DIV30219,MEDIO,C,,
COMANDO ALZA CR | CHEVROLET 95-03 BLAZ,DIV30220,MEDIO,C,,
COMANDO ALZA CR | CHEVROLET 95-03 BLAZ,DIV30221,MEDIO,C,,
TECLA ALZA CRIS | CHEVROLET ASTRA 1398,DIV30222,BAJO,C,,
TECLA ALZA CRIS | CHEVROLET SPARK DAEW,DIV30223,BAJO,C,,
TECLA ALZA CRIS | CHEVROLET SPARK DAEW,DIV30224,BAJO,C,,
TECLA ALZA CRIS | FORD FIESTA 13832 48,DIV30225,BAJO,C,,
TECLA ALZA CRIS | FORD FIESTA 13833 RT,DIV30226,BAJO,C,,
COMANDO ALZA CR | FORD FIESTA 57-21313,DIV30227,BAJO,C,,
COMANDO ALZA CR | FORD MONDEO 93-06 13,DIV30228,BAJO,C,,
COMANDO ALZA CR | FORD ECOSPORT FIESTA,DIV30229,MEDIO,C,,
COMANDO ALZA CR | FORD FOCUS 12- 13376,DIV30230,ALTO,C,,
COMANDO ALZA CR | FORD F150 63-5284,DIV30231,MEDIO,C,,
TECLA ALZA CRIS | FORD ESCORT 90-92 13,DIV30232,BAJO,C,,
TECLA ALZA CRIS | FORD ESCORT 90-92 V0,DIV30233,BAJO,C,,
COMANDO ALZA CR | FORD FIESTA 02 13844,DIV30234,BAJO,C,,
COMANDO ALZA CR | FORD ESCORT 95-00 13,DIV30235,BAJO,C,,
COMANDO ALZA CR | FORD FOCUS 98-05 63-,DIV30236,BAJO,C,,
COMANDO ALZA CR | FORD MONDEO 97-01 63,DIV30237,BAJO,C,,
TECLA ALZA CRIS | FORD FIESTA 63-5248,DIV30238,BAJO,C,,
COMANDO ALZA CR | CHEVROLET ASTRA / VE,DIV30239,MEDIO,C,,
COMANDO ALZA CR | CHEVROLET ASTRA / CO,DIV30240,BAJO,C,,
COMANDO ALZA CR | CHEVROLET ASTRA / CO,DIV30241,BAJO,C,,
TECLA ALZA CRIS | CHEVROLET CORSA PICK,DIV30242,BAJO,C,,
TECLA ALZA CRIS | CHEVROLET CORSA 94 1,DIV30243,BAJO,C,,
COMANDO ALZA CR | FORD RANGER / ECOSPO,DIV30244,BAJO,C,,
TECLA ALZA CRIS | FIAT UNO D.E /2004 A,DIV30245,BAJO,C,,
TECLA ALZA CRIS | FIAT UNO D.D /2004 V,DIV30246,BAJO,C,,
TECLA ALZA CRIS | FIAT DUCATO? V0724 1,DIV30247,BAJO,C,,
TECLA ALZA CRIS | FIAT SIENA / STRADA,DIV30248,BAJO,C,,
TECLA ALZA CRIS | FIAT SIENA / PUNTO /,DIV30249,BAJO,C,,
TECLA ALZA CRIS | FIAT DUCATO PEUGEOT,DIV30250,BAJO,C,,
TECLA ALZA CRIS | FIAT PALIO 96-01 / S,DIV30251,BAJO,C,,
TECLA ALZA CRIS | FIAT PALIO 96-01 / S,DIV30252,BAJO,C,,
COMANDO ALZA CR | FIAT DUCATO PEUGEOT,DIV30253,MEDIO,C,,
COMANDO ALZA CR | HONDA CIVIC 2006 133,DIV30254,MEDIO,C,,
COMANDO ALZA CR | HONDA CRV/FIT 07-11,DIV30255,MEDIO,C,,
TECLA ALZA CRIS | HONDA FIT /08 63-528,DIV30256,BAJO,C,,
COMANDO ALZA CR | TOYOTA COROLLA / CAM,DIV30257,MEDIO,C,,
COMANDO ALZA CR | TOYOTA COROLLA 97-02,DIV30258,MEDIO,C,,
COMANDO ALZA CR | TOYOTA YARIS 99-06 /,DIV30259,MEDIO,C,,
TECLA ALZA CRIS | TOYOTA CAMRY 92-96 /,DIV30260,BAJO,C,,
TECLA ALZA CRIS | TOYOTA COROLLA / PRI,DIV30261,BAJO,C,,
COMANDO ALZA CR | TOYOTA LAND CRUISER,DIV30262,MEDIO,C,,
COMANDO ALZA CR | TOYOTA HILUX VIGO 14,DIV30263,MEDIO,C,,
COMANDO ALZA CR | PEUGEOT 307 63-5015,DIV30264,BAJO,C,,
TECLA ALZA CRIS | PEUGEOT 307 63-5118,DIV30265,BAJO,C,,
COMANDO ALZA CR | PEUGEOT 307 RTCALZ00,DIV30266,BAJO,C,,
COMANDO ALZA CR | PEUGEOT 307 63-5099,DIV30267,MEDIO,C,,
COMANDO ALZA CR | PEUGEOT 206 63-5163,DIV30268,BAJO,C,,
COMANDO ALZA CR | FIAT SCUDO III CITRO,DIV30269,MEDIO,C,,
TECLA ALZA CRIS | PEUGEOT 301 CITROEN,DIV30270,BAJO,C,,
TECLA ALZA CRIS | RENAULT TRAFIC II ME,DIV30271,BAJO,C,,
TECLA ALZA CRIS | RENAULT SCENIC / MEG,DIV30272,BAJO,C,,
TECLA ALZA CRIS | RENAULT TRAFIC II /,DIV30273,BAJO,C,,
TECLA ALZA CRIS | RENAULT MAGANE / TRA,DIV30274,BAJO,C,,
TECLA ALZA CRIS | RENAULT CLIO / KANGO,DIV30275,BAJO,C,,
TECLA ALZA CRIS | RENAULT CLIO / KANGO,DIV30276,BAJO,C,,
TECLA ALZA CRIS | RENAULT CLIO / KANGO,DIV30277,BAJO,C,,
TECLA ALZA CRIS | RENAULT CLIO / KANGO,DIV30278,BAJO,C,,
TECLA ALZA CRIS | RENAULT CLIO / KANGO,DIV30279,BAJO,C,,
TECLA ALZA CRIS | RENAULT MASTER II 6,DIV30280,BAJO,C,,
TECLA ALZA CRIS | RENAULT MASTER II /,DIV30281,BAJO,C,,
TECLA ALZA CRIS | RENAULT MEGANE / SCE,DIV30282,BAJO,C,,
TECLA ALZA CRIS | RENAULT CLIO 13786 R,DIV30283,BAJO,C,,
TECLA ALZA CRIS | RENAULT MEGANE / LAG,DIV30284,BAJO,C,,
TECLA ALZA CRIS | RENAULT CLIO / SCENI,DIV30285,BAJO,C,,
TECLA ALZA CRIS | VOLKSWAGEN GOLF MK5,DIV30286,BAJO,C,,
COMANDO ALZA CR | VOLKSWAGEN GOLF 5 /,DIV30287,BAJO,C,,
TECLA ALZA CRIS | VOLKSWAGEN POLO 04/0,DIV30288,BAJO,C,,
COMANDO ALZA CR | VOLKSWAGEN BORA 99/1,DIV30289,BAJO,C,,
COMANDO ALZA CR | VOLKSWAGEN BORA 99/1,DIV30290,BAJO,C,,
COMANDO ALZA CR | VOLKSWAGEN GOLF 5 /,DIV30291,BAJO,C,,
COMANDO ALZA CR | VOLKSWAGEN GOLF 5 /,DIV30292,BAJO,C,,
TECLA ALZA CRIS | VOLKSWAGEN GOLF 5 /,DIV30293,BAJO,C,,
TECLA ALZA CRIS | VOLKSWAGEN POLO 04/0,DIV30294,BAJO,C,,
TECLA ALZA CRIS | VOLKSWAGEN TRANSPORT,DIV30295,BAJO,C,,
COMANDO ALZA CR | VOLKSWAGEN GOLF 7 /,DIV30296,BAJO,C,,
TECLA ALZA CRIS | VOLKSWAGEN GOLF GII,DIV30297,BAJO,C,,
TECLA ALZA CRIS | VOLKSWAGEN GOL G4 13,DIV30298,BAJO,C,,
TECLA ALZA CRIS | VOLKSWAGEN GOL V0916,DIV30299,BAJO,C,,
COMANDO ALZA CR | VOLKSWAGEN PASSAT (3,DIV30300,BAJO,C,,
TECLA ALZA CRIS | VOLKSWAGEN CADDY II,DIV30301,BAJO,C,,
COMANDO ROTATIV | VOLKSWAGEN POLO 1361,DIV30302,BAJO,C,,
COMANDO ROTATIV | VOLKSWAGEN PASSAT B6,DIV30303,BAJO,C,,
COMANDO ROTATIV | VOLKSWAGEN AMAROK /,DIV30304,BAJO,C,,
COMANDO ROTATIV | GOL SAVEIRO LUZ ROJA,DIV30305,MEDIO,C,,
COMANDO ROTATIV | POLO 2003 13619 48-4,DIV30306,BAJO,C,,
COMANDO ROTATIV | VOLKSWAGEN PASSAT B5,DIV30307,BAJO,C,,
COMANDO ROTATIV | VOLKSWAGEN GOLF 4 /,DIV30308,BAJO,C,,
COMANDO ROTATIV | VOLKSWAGEN GOL AB9 9,DIV30309,BAJO,C,,
COMANDO ROTATIV | VOLKSWAGEN PASSAT B6,DIV30310,BAJO,C,,
COMANDO ROTATIV | VOLKSWAGEN GOL SAVEI,DIV30311,MEDIO,C,,
TECLA LUCES CON | VOLKSWAGEN CARAT QUA,DIV30312,BAJO,C,,
COMANDO ROTATIV | VOLKSWAGEN GOL SAVEI,DIV30313,MEDIO,C,,
COMANDO ROTATIV | CHEVROLET ASTRA ZAFI,DIV30314,MEDIO,C,,
COMANDO ROTATIV | CHEVROLET CORSA CLAS,DIV30315,BAJO,C,,
COMANDO ROTATIV | CHEVROLET ONIX PRISM,DIV30316,BAJO,C,,
TECLA ALZA CRIS | CHEVROLET ONIX/PRISM,DIV30317,BAJO,D,,
COMANDO ALZA CR | CHEVROLET ONIX/PRISM,DIV30318,BAJO,D,,
INTERRUPTOR BAS | INTERRUPTOR DE PALAN,DIV80148,BAJO,A,,
INTERRUPTOR BAS | INTERRUPTOR DE PALAN,DIV80149,BAJO,A,,
INTERRUPTOR BAS | INTERRUPTOR DE PALAN,DIV80150,BAJO,A,,
NTERRUPTOR BASC | NTERRUPTOR BASCULANT,DIV80151,BAJO,A,,
INTERRUPTOR BAS | INTERRUPTOR BASCULAN,DIV80153,BAJO,A,,
INTERRUPTOR BAS | INTERRUPTOR BASCULAN,DIV80154,BAJO,A,,
INTERRUPTOR UNI | INTERRUPTOR UNIVERSA,DIV80155,BAJO,B,,
INTERRUPTOR BAS | INTERRUPTOR BASCULAN,DIV80156,BAJO,A,,
INTERRUPTOR BAS | INTERRUPTOR BASCULAN,DIV80157,BAJO,A,,
INTERRUPTOR BAS | INTERRUPTOR BASCULAN,DIV80158,BAJO,A,,
INTERRUPTOR BAS | INTERRUPTOR BASCULAN,DIV80159,BAJO,A,,
INTERRUPTOR BAS | INTERRUPTOR BASCULAN,DIV80160,BAJO,A,,
INTERRUPTOR BAS | INTERRUPTOR BASCULAN,DIV80161,BAJO,A,,
INTERRUPTOR BAS | INTERRUPTOR BASCULAN,DIV80162,BAJO,A,,
INTERRUPTOR BAS | INTERRUPTOR BASCULAN,DIV80163,BAJO,A,,
INTERRUPTOR BAS | INTERRUPTOR BASCULAN,DIV80164,BAJO,A,,
INTERRUPTOR UNI | BOTON METALICO PULSA,DIV80165,BAJO,B,,
INTERRUPTOR UNI | BOTON METALICO PULSA,DIV80166,BAJO,C,,
INTERRUPTOR UNI | BOTON METALICO PULSA,DIV80167,BAJO,C,,
INTERRUPTOR UNI | BOTON METALICO PULSA,DIV80168,BAJO,C,,
INTERRUPTOR UNI | BOTON METALICO PULSA,DIV80169,BAJO,C,,
INTERRUPTOR UNI | BOTON METALICO PULSA,DIV80170,BAJO,C,,
INTERRUPTOR UNI | BOTON METALICO PULSA,DIV80171,BAJO,C,,
INTERRUPTOR UNI | BOTON METALICO PULSA,DIV80172,BAJO,C,,
INTERRUPTOR UNI | BOTON METALICO PULSA,DIV80173,BAJO,C,,
INTERRUPTOR UNI | BOTON METALICO PULSA,DIV80174,BAJO,B,,
INTERRUPTOR UNI | BOTON METALICO PULSA,DIV80175,BAJO,C,,
INTERRUPTOR UNI | BOTON METALICO PULSA,DIV80176,BAJO,C,,
INTERRUPTOR UNI | BOTON METALICO SELF,DIV80177,BAJO,C,,
INTERRUPTOR UNI | BOTON METALICO SELF,DIV80178,BAJO,C,,
INTERRUPTOR UNI | BOTON METALICO SELF,DIV80179,BAJO,C,,
INTERRUPTOR UNI | BOTON METALICO SELF,DIV80180,BAJO,C,,
INTERRUPTOR UNI | BOTON METALICO SELF,DIV80181,BAJO,B,,
INTERRUPTOR UNI | BOTON METALICO SELF,DIV80182,BAJO,C,,
INTERRUPTOR UNI | BOTON METALICO SELF,DIV80183,BAJO,C,,
INTERRUPTOR UNI | BOTON METALICO SELF,DIV80184,BAJO,C,,
INTERRUPTOR UNI | BOTON METALICO SELF,DIV80185,BAJO,C,,
INTERRUPTOR UNI | BOTON METALICO SELF,DIV80186,BAJO,C,,
INTERRUPTOR UNI | BOTON METALICO SELF,DIV80187,BAJO,C,,
INTERRUPTOR UNI | BOTON METALICO SELF,DIV80188,BAJO,C,,
CERRADURA DE IG | CHEVROLET 400 - CHEV,DIV8080,BAJO,C,,
BOCINA TIPO DIS | MERCEDES BENZ. 2 TER,DIVBOC20001,BAJO,B,,
BOCINA TIPO DIS | MERCEDES BENZ. 2 TER,DIVBOC20002,BAJO,B,,
BOCINA TIPO DIS | MERCEDES BENZ. 2 TER,DIVBOC20015,BAJO,A,,
BOCINA TIPO DIS | MERCEDES BENZ. 1 TER,DIVBOC20016,BAJO,C,,
BOCINA TIPO DIS | MERCEDES BENZ. 2 TER,DIVBOC20017,BAJO,B,,
BOCINA TIPO DIS | MERCEDES BENZ. 2 TER,DIVBOC20018,BAJO,B,,
BOCINA TIPO DIS | MERCEDES BENZ. 1 TER,DIVBOC20019,BAJO,C,,
BOCINA TIPO KLA | GALLETA FICHA TIPO F,DIVBOC20025,BAJO,C,,
BOCINA TIPO DIS | MERCEDES BENZ FICHA,DIVBOC20026,BAJO,C,,
BOCINA TIPO DIS | MERCEDES BENZ. FICHA,DIVBOC20027,BAJO,C,,
BOCINA TIPO KLA | 2 TERMINALES VOLTAJE,DIVBOC20244,BAJO,A,,
BOCINA TIPO KLA | 1 TERMINAL VOLTAJE 1,DIVBOC20245,BAJO,C,,
BOCINA TIPO KLA | 2 TERMINALES VOLTAJE,DIVBOC20246,BAJO,B,,
BOCINA TIPO KLA | 1 TERMINAL VOLTAJE12,DIVBOC20247,BAJO,C,,
BOCINA TIPO KLA | 2 TERMINALES VOLTAJE,DIVBOC20248,BAJO,B,,
BOCINA TIPO KLA | FICHA TIPO RENAULT M,DIVBOC20262,BAJO,C,,
BOCINA TIPO KLA | FICHA TIPO RENAULT M,DIVBOC20263,BAJO,C,,
BOCINA TIPO KLA | FICHA TIPO AUDI I VO,DIVBOC20264,BAJO,B,,
BOCINA TIPO KLA | FICHA TIPO AUDI I VO,DIVBOC20265,BAJO,C,,
BOCINA TIPO KLA | FICHA TIPO FORO MODE,DIVBOC20266,BAJO,C,,
BOCINA TIPO KLA | FICHA TIPO FORO MODE,DIVBOC20267,BAJO,C,,
BOCINA TIPO KLA | FICHA TIPO FIAT I PE,DIVBOC20268,BAJO,A,,
BOCINA TIPO KLA | FICHA TIPO FIAT I PE,DIVBOC20269,BAJO,C,,
BOCINA TIPO KLA | FICHA TIPO VOLKSWAGE,DIVBOC20270,BAJO,C,,
BOCINA TIPO KLA | FICHA TIPO VOLKSWAGE,DIVBOC20271,BAJO,C,,
BOCINA TIPO DIS | MERCEDES BENZ. 2 TER,DIVBOC20301,BAJO,C,,
BOCINA TIPO DIS | MERCEDES BENZ. 2 TER,DIVBOC20302,MEDIO,C,,
BOCINA CON COMP | VOLTAJE12V ENVASE PO,DIVBOC20501,BAJO,A,,
BOCINA CON COMP | VOLTAJE 24V ENVASE P,DIVBOC20502,BAJO,C,,
BOCINA CON COMP | CORNETA DOBLE VOLTAJ,DIVBOC20507,BAJO,A,,
BOCINA CON COMP | CORNETA DOBLE VOLTAJ,DIVBOC20508,BAJO,C,,
BOCINA CON COMP | CORNETA TRIPLE VOLTA,DIVBOC20510,BAJO,B,,
BOCINA CON COMP | CORNETA TRIPLE VOLTA,DIVBOC20511,BAJO,C,,
BOCINA CON COMP | SORPASSO CORNETA TRI,DIVBOC20513,BAJO,C,,
BOCINA CON COMP | SORPASSO CORNETA TRI,DIVBOC20514,MEDIO,C,,
BOBINA CON COMP | CORNETA SEXTUPLE. MU,DIVBOC20517,MEDIO,C,,
BOCINA DE AIRE | CORNETA DOBLE VOLTAJ,DIVBOC20519,BAJO,A,,
BOCINA DE AIRE | CORNETA SIMPLE VOLTA,DIVBOC20535,BAJO,B,,
BOCINAS DE AIRE | CORNETA TRIPLE VOLTA,DIVBOC20538,MEDIO,C,,
BOCINA DE AIRE | CORNETA TRIPLE VOLTA,DIVBOC20539,MEDIO,C,,
VALVULA PARA BO | VOLTAJE 12V - 24V EN,DIVBOC20547,BAJO,A,,
SIRENA DE RETRO | 90-110 DB VOLTAJE 12,DIVBOC20802,BAJO,B,,
SIRENA DE RETRO | 90-110 DB VOLTAJE 12,DIVBOC20829,BAJO,A,,
SIRENA DE RETRO | 90-110 DB VOLTAJE 12,DIVBOC20830,BAJO,A,,
INTERRUPTOR UNI | INTERRUPTOR A PALANC,DIVDSP100,BAJO,B,,
BOTON DE ARRANQ | UNIVERSAL 12V - 20 A,DIVDSP1000,BAJO,C,,
INTERRUPTOR UNI | INTERRUPTOR A PALANC,DIVDSP101,BAJO,B,,
INTERRUPTOR UNI | INTERRUPTOR A PALANC,DIVDSP102,BAJO,B,,
INTERRUPTOR UNI | INTERRUPTOR A PALANC,DIVDSP103,BAJO,B,,
INTERRUPTOR UNI | INTERRUPTOR A PALANC,DIVDSP104,BAJO,B,,
TOMA USB DOBLE | ENTRADA: 12V-24V VOL,DIVDSP2030BLUE,BAJO,B,,
TOMA USB DOBLE | ENTRADA: 12V-24V VOL,DIVDSP2030REDD,BAJO,B,,
TOMA USB DOBLE | ENTRADA: 12V-24V VOL,DIVDSP2030WHITE,BAJO,B,,
PANEL DE INTERR | PANEL DE INTERRUPTOR,DIVDSP3000,BAJO,C,,
PANEL DE INTERR | PANEL INTERRUPTOR DE,DIVDSP3011,BAJO,C,,
PANEL VACIO | PANEL VACÍO 3 AGUJER,DIVDSPAD3,BAJO,C,,
PANEL VACIO | PANEL VACÍO 2 AGUJER,DIVDSPAS2,BAJO,C,,
PANEL VACIO | PANEL VACÍO 3 AGUJER,DIVDSPAS3,BAJO,C,,
PANEL VACIO | PANEL VACÍO 4 AGUJER,DIVDSPAS4,BAJO,C,,
PANEL VACIO | PANEL VACÍO 5 AGUJER,DIVDSPAS5,BAJO,C,,
INTERRUPTOR BAS | VOLTAJE DE ENTRADA:,DIVDSPLJ10BLUE,BAJO,C,,
INTERRUPTOR BAS | VOLTAJE DE ENTRADA:,DIVDSPLJ10REDD,BAJO,C,,
INTERRUPTOR BAS | VOLTAJE DE ENTRADA:,DIVDSPLJ10WHITE,BAJO,C,,
INTERRUPTOR BAS | VOLTAJE DE ENTRADA:,DIVDSPLJ11BLUE,BAJO,C,,
INTERRUPTOR BAS | VOLTAJE DE ENTRADA:,DIVDSPLJ11REDD,BAJO,C,,
INTERRUPTOR BAS | VOLTAJE DE ENTRADA:,DIVDSPLJ11WHITE,BAJO,C,,
INTERRUPTOR BAS | VOLTAJE DE ENTRADA:,DIVDSPLJ15BLUE,BAJO,C,,
INTERRUPTOR BAS | VOLTAJE DE ENTRADA:,DIVDSPLJ15REDD,BAJO,C,,
INTERRUPTOR BAS | VOLTAJE DE ENTRADA:,DIVDSPLJ15WHITE,BAJO,C,,
INTERRUPTOR BAS | VOLTAJE DE ENTRADA:,DIVDSPLJ21BLUE,BAJO,C,,
INTERRUPTOR BAS | VOLTAJE DE ENTRADA:,DIVDSPLJ21REDD,BAJO,C,,
INTERRUPTOR BAS | VOLTAJE DE ENTRADA:,DIVDSPLJ21WHITE,BAJO,C,,
INTERRUPTOR BAS | VOLTAJE DE ENTRADA:,DIVDSPLJ22BLUE,BAJO,C,,
INTERRUPTOR BAS | VOLTAJE DE ENTRADA:,DIVDSPLJ22REDD,BAJO,C,,
INTERRUPTOR BAS | VOLTAJE DE ENTRADA:,DIVDSPLJ22WHITE,BAJO,C,,
INTERRUPTOR BAS | VOLTAJE DE ENTRADA:,DIVDSPLJ2BLUEE,BAJO,C,,
INTERRUPTOR BAS | VOLTAJE DE ENTRADA:,DIVDSPLJ2RED,BAJO,C,,
INTERRUPTOR BAS | VOLTAJE DE ENTRADA:,DIVDSPLJ2WHITE,BAJO,C,,
INTERRUPTOR BAS | VOLTAJE DE ENTRADA:,DIVDSPLJ3BLUEE,BAJO,C,,
INTERRUPTOR BAS | VOLTAJE DE ENTRADA:,DIVDSPLJ3RED,BAJO,C,,
INTERRUPTOR BAS | VOLTAJE DE ENTRADA:,DIVDSPLJ3WHITE,BAJO,C,,
INTERRUPTOR BAS | VOLTAJE DE ENTRADA:,DIVDSPLJ7BLUEE,BAJO,C,,
INTERRUPTOR BAS | VOLTAJE DE ENTRADA:,DIVDSPLJ7RED,BAJO,C,,
INTERRUPTOR BAS | VOLTAJE DE ENTRADA:,DIVDSPLJ7WHITE,BAJO,C,,
FUSIBLE MINIFIC | FUSIBLE MINIFICHA 3,DIVT101-3,BAJO,C,,
FUSIBLE MINIFIC | FUSIBLE MINIFICHA EN,DIVT101A10,BAJO,A,,
FUSIBLE MINIFIC | FUSIBLE MINIFICHA EN,DIVT101A15,BAJO,A,,
FUSIBLE MINIFIC | FUSIBLE MINIFICHA EN,DIVT101A20,BAJO,A,,
FUSIBLE MINIFIC | FUSIBLE MINIFICHA EN,DIVT101A25,BAJO,A,,
FUSIBLE MINIFIC | FUSIBLE MINIFICHA EN,DIVT101A30,BAJO,A,,
FUSIBLE MINIFIC | FUSIBLE MINIFICHA EN,DIVT101A5,BAJO,A,,
FUSIBLE MINIFIC | FUSIBLE MINIFICHA EN,DIVT101A7,BAJO,A,,
FUSIBLE MINIFIC | FUSIBLE MINIFICHA EN,DIVT101S,BAJO,A,,
FUSIBLE MINIFIC | FUSIBLE MINIFICHA PE,DIVT102A10,BAJO,A,,
FUSIBLE MINIFIC | FUSIBLE MINIFICHA PE,DIVT102A15,BAJO,A,,
FUSIBLE MINIFIC | FUSIBLE MINIFICHA PE,DIVT102A20,BAJO,A,,
FUSIBLE MINIFIC | FUSIBLE MINIFICHA PE,DIVT102A25,BAJO,B,,
FUSIBLE MINIFIC | FUSIBLE MINIFICHA PE,DIVT102A30,BAJO,B,,
FUSIBLE FICHA E | FUSIBLE FICHA EN BLI,DIVT105A10,BAJO,A,,
FUSIBLE FICHA E | FUSIBLE FICHA EN BLI,DIVT105A15,BAJO,A,,
FUSIBLE FICHA E | FUSIBLE FICHA EN BLI,DIVT105A20,BAJO,A,,
FUSIBLE FICHA E | FUSIBLE FICHA EN BLI,DIVT105A25,BAJO,A,,
FUSIBLE FICHA E | FUSIBLE FICHA EN BLI,DIVT105A3,BAJO,C,,
FUSIBLE FICHA E | FUSIBLE FICHA EN BLI,DIVT105A30,BAJO,A,,
FUSIBLE FICHA E | FUSIBLE FICHA EN BLI,DIVT105A4,BAJO,B,,
FUSIBLE FICHA E | FUSIBLE FICHA EN BLI,DIVT105A40,BAJO,B,,
FUSIBLE FICHA E | FUSIBLE FICHA EN BLI,DIVT105A5,BAJO,A,,
FUSIBLE FICHA E | FUSIBLE FICHA EN BLI,DIVT105A7,BAJO,B,,
FUSIBLE FICHA E | FUSIBLE FICHA EN CAJ,DIVT105CA10,BAJO,A,,
FUSIBLE FICHA E | FUSIBLE FICHA EN CAJ,DIVT105CA15,BAJO,A,,
FUSIBLE FICHA E | FUSIBLE FICHA EN CAJ,DIVT105CA20,BAJO,B,,
FUSIBLE FICHA E | FUSIBLE FICHA EN CAJ,DIVT105CA25,BAJO,B,,
FUSIBLE FICHA E | FUSIBLE FICHA EN CAJ,DIVT105CA3,BAJO,C,,
FUSIBLE FICHA E | FUSIBLE FICHA EN CAJ,DIVT105CA30,BAJO,B,,
FUSIBLE FICHA E | FUSIBLE FICHA EN CAJ,DIVT105CA4,BAJO,C,,
FUSIBLE FICHA E | FUSIBLE FICHA EN CAJ,DIVT105CA40,BAJO,C,,
FUSIBLE FICHA E | FUSIBLE FICHA EN CAJ,DIVT105CA5,BAJO,B,,
FUSIBLE FICHA E | FUSIBLE FICHA EN CAJ,DIVT105CA7,BAJO,C,,
FUSIBLE FICHA E | FUSIBLE FICHA EN CAJ,DIVT105CS,BAJO,A,,
FUSIBLE FICHA E | FUSIBLE FICHA EN BLI,DIVT105S,BAJO,A,,
FUSIBLE FICHA I | FUSIBLE FICHA INTELI,DIVT109S,BAJO,B,,
FUSIBLE MAXI FI | FUSIBLE MAXI FICHA E,DIVT114A100,BAJO,C,,
FUSIBLE MAXI FI | FUSIBLE MAXI FICHA E,DIVT114A20,BAJO,B,,
FUSIBLE MAXI FI | FUSIBLE MAXI FICHA E,DIVT114A30,BAJO,A,,
FUSIBLE MAXI FI | FUSIBLE MAXI FICHA E,DIVT114A40,BAJO,A,,
FUSIBLE MAXI FI | FUSIBLE MAXI FICHA E,DIVT114A50,BAJO,A,,
FUSIBLE MAXI FI | FUSIBLE MAXI FICHA E,DIVT114A60,BAJO,A,,
FUSIBLE MAXI FI | FUSIBLE MAXI FICHA E,DIVT114A70,BAJO,B,,
FUSIBLE MAXI FI | FUSIBLE MAXI FICHA E,DIVT114A80,BAJO,B,,
FUSIBLE MAXI FI | FUSIBLE MAXI FICHA E,DIVT114S,BAJO,A,,
FUSIBLE MUELA M | FUSIBLE MUELA MACHO,DIVT117A30,BAJO,C,,
FUSIBLE MUELA M | FUSIBLE MUELA MACHO,DIVT117A40,BAJO,C,,
FUSIBLE MUELA M | FUSIBLE MUELA MACHO,DIVT117A50,BAJO,C,,
FUSIBLE MUELA M | FUSIBLE MUELA MACHO,DIVT117A60,BAJO,C,,
FUSIBLE MUELA M | FUSIBLE MUELA MACHO,DIVT117A80,BAJO,C,,
FUSIBLE MUELA H | FUSIBLE MUELA HEMBRA,DIVT119A100,BAJO,C,,
FUSIBLE MUELA H | FUSIBLE MUELA HEMBRA,DIVT119A30,BAJO,C,,
FUSIBLE MUELA H | FUSIBLE MUELA HEMBRA,DIVT119A40,BAJO,C,,
FUSIBLE MUELA H | FUSIBLE MUELA HEMBRA,DIVT119A50,BAJO,C,,
FUSIBLE MUELA H | FUSIBLE MUELA HEMBRA,DIVT119A60,BAJO,C,,
FUSIBLE MUELA H | FUSIBLE MUELA HEMBRA,DIVT119A70,BAJO,C,,
FUSIBLE MUELA H | FUSIBLE MUELA HEMBRA,DIVT119A80,BAJO,C,,
FUSIBLE MUELA M | FUSIBLE MUELA MACHO,DIVT126A30,BAJO,C,,
FUSIBLE MUELA M | FUSIBLE MUELA MACHO,DIVT126A40,BAJO,C,,
FUSIBLE MUELA M | FUSIBLE MUELA MACHO,DIVT126A50,BAJO,C,,
FUSIBLE MUELA M | FUSIBLE MUELA MACHO,DIVT126A60,BAJO,C,,
FUSIBLE MUELA M | FUSIBLE MUELA MACHO,DIVT126A80,BAJO,C,,
FUSIBLE MUELA H | FUSIBLE MUELA HEMBRA,DIVT127A30,BAJO,C,,
FUSIBLE MUELA H | FUSIBLE MUELA HEMBRA,DIVT127A40,BAJO,C,,
FUSIBLE MUELA H | FUSIBLE MUELA HEMBRA,DIVT127A50,BAJO,C,,
FUSIBLE MUELA H | FUSIBLE MUELA HEMBRA,DIVT127A60,BAJO,C,,
FUSIBLE MUELA H | FUSIBLE MUELA HEMBRA,DIVT127A70,BAJO,C,,
FUSIBLE MUELA H | FUSIBLE MUELA HEMBRA,DIVT127A80,BAJO,C,,
FUSIBLE VIDRIO | FUSIBLE VIDRIO 25MM,DIVT132CA10,BAJO,A,,
FUSIBLE VIDRIO | FUSIBLE VIDRIO 25MM,DIVT132CA15,BAJO,A,,
FUSIBLE VIDRIO | FUSIBLE VIDRIO 25MM,DIVT132CA20,BAJO,A,,
FUSIBLE VIDRIO | FUSIBLE VIDRIO 25MM,DIVT132CA25,BAJO,B,,
FUSIBLE VIDRIO | FUSIBLE VIDRIO 32MM,DIVT132LA10,BAJO,A,,
FUSIBLE VIDRIO | FUSIBLE VIDRIO 32MM,DIVT132LA15,BAJO,A,,
FUSIBLE VIDRIO | FUSIBLE VIDRIO 32MM,DIVT132LA20,BAJO,A,,
FUSIBLE VIDRIO | FUSIBLE VIDRIO 32MM,DIVT132LA25,BAJO,A,,
FUSIBLE VIDRIO | FUSIBLE VIDRIO 32MM,DIVT132LA30,BAJO,B,,
FUSIBLE VIDRIO | FUSIBLE VIDRIO 32MM,DIVT132LA5,BAJO,B,,
FUSIBLE VIDRIO | FUSIBLE VIDRIO 32MM,DIVT132LS,BAJO,A,,
FUSIBLE ARAÑA E | FUSIBLE ARAÑA EN CAJ,DIVT134A100,MEDIO,C,,
FUSIBLE ARAÑA E | FUSIBLE ARAÑA EN CAJ,DIVT134A130,MEDIO,C,,
FUSIBLE ARAÑA E | FUSIBLE ARAÑA EN CAJ,DIVT134A150,MEDIO,C,,
FUSIBLE ARAÑA E | FUSIBLE ARAÑA EN CAJ,DIVT134A180,MEDIO,C,,
FUSIBLE ARAÑA E | FUSIBLE ARAÑA EN CAJ,DIVT134A80,MEDIO,C,,
FUSIBLE CERAMIC | FUSIBLE CERAMICO EN,DIVT136A16,BAJO,B,,
FUSIBLE CERAMIC | FUSIBLE CERAMICO EN,DIVT136A20,BAJO,B,,
FUSIBLE CERAMIC | FUSIBLE CERAMICO EN,DIVT136A25,BAJO,B,,
FUSIBLE CERAMIC | FUSIBLE CERAMICO EN,DIVT136A30,BAJO,C,,
FUSIBLE CERAMIC | FUSIBLE CERAMICO EN,DIVT136A5,BAJO,C,,
FUSIBLE CERAMIC | FUSIBLE CERAMICO EN,DIVT136A8,BAJO,C,,
FUSIBLE CERAMIC | FUSIBLE CERAMICO EN,DIVT136S,BAJO,A,,
FUSIBLE DESNUDO | FUSIBLE DESNUDO EN B,DIVT140A100,BAJO,C,,
FUSIBLE DESNUDO | FUSIBLE DESNUDO EN B,DIVT140A20,BAJO,C,,
FUSIBLE DESNUDO | FUSIBLE DESNUDO EN B,DIVT140A30,BAJO,C,,
FUSIBLE DESNUDO | FUSIBLE DESNUDO EN B,DIVT140A40,BAJO,C,,
FUSIBLE DESNUDO | FUSIBLE DESNUDO EN B,DIVT140A50,BAJO,C,,
FUSIBLE DESNUDO | FUSIBLE DESNUDO EN B,DIVT140A60,BAJO,C,,
FUSIBLE DESNUDO | FUSIBLE DESNUDO EN B,DIVT140A70,BAJO,C,,
FUSIBLE DESNUDO | FUSIBLE DESNUDO EN B,DIVT140A80,BAJO,C,,
FUSIBLE MINIFIC | FUSIBLE MINIFICHA TI,DIVT201A10,BAJO,C,,
FUSIBLE MINIFIC | FUSIBLE MINIFICHA TI,DIVT201A20,BAJO,C,,
FUSIBLE MINIFIC | FUSIBLE MINIFICHA TI,DIVT201A30,BAJO,C,,
CERRADURA DE IG | FIAT PALIO SIENA - I,DOG1365,MEDIO,C,,
CERRADURA DE IG | RENAULT TORINO II D-,DOG2128,MEDIO,D,,
INTERRUPTOR DE | FORD KA-FIESTA,DOG7240,BAJO,D,,
TESTER ELECTRON | VOLTIMETRO DIGITAL,DOLDIGI BAT,MEDIO,C,,
TESTER ELECTRON | IND.DEL FUNC.ELEC.DE,DOLTEST24VP/T,BAJO,D,,
BIDON MULTIUSO | BIDON MULTIUSO TRANS,DRIBM05-T,BAJO,C,,
"PORTAEQUIPAJE | 1,10 METROS UNIVERSA",DUCP110,BAJO,C,,
"PORTAEQUIPAJE | 1,20 METROS UNIVERSA",DUCP120,BAJO,C,,
"PORTAEQUIPAJE | 1,30 METROS UNIVERSA",DUCP130,BAJO,C,,
PORTAEQUIPAJE | FIAT TIPO-TEMPRA,DUCP605,MEDIO,D,,
PORTAEQUIPAJE | FIAT FIORUNO,DUCP606,MEDIO,D,,
PORTAEQUIPAJE | FIAT REGATTA 2000,DUCP608,MEDIO,D,,
PORTAEQUIPAJE | FIAT DUNA WEEKEND 2,DUCP610,MEDIO,D,,
PORTAEQUIPAJE | FIAT DUNA WEEKEND 3,DUCP611,MEDIO,D,,
PORTAEQUIPAJE | FIAT UNO FIRE 5 PUER,DUCP612,MEDIO,D,,
PORTAEQUIPAJE | RENAULT 18,DUCP613,MEDIO,C,,
PORTAEQUIPAJE | RENAULT 21,DUCP615,MEDIO,D,,
PORTAEQUIPAJE | RENAULT CLIO 3 PUERT,DUCP616,MEDIO,C,,
PORTAEQUIPAJE | RENAULT CLIO 5 PUERT,DUCP618,MEDIO,C,,
PORTAEQUIPAJE | RENAULT KANGOO 3 B,DUCP619,MEDIO,C,,
PORTAEQUIPAJE | RENAULT EXPRESS,DUCP620,MEDIO,D,,
PORTAEQUIPAJE | VOLKSWAGEN GOL AB9 /,DUCP623,MEDIO,C,,
PORTAEQUIPAJE | VOLKSWAGEN GOLF,DUCP625,MEDIO,D,,
PORTAEQUIPAJE | FORD FIESTA 3 PUERTA,DUCP626,MEDIO,D,,
PORTAEQUIPAJE | FORD FIESTA 5 PUERTA,DUCP627,MEDIO,D,,
PORTAEQUIPAJE | FORD GALAXY,DUCP628,MEDIO,D,,
PORTAEQUIPAJE | FORD KA,DUCP630,MEDIO,C,,
PORTAEQUIPAJE | FORD COURRIER,DUCP631,MEDIO,D,,
PORTAEQUIPAJE | CHEVROLET CORSA WEEK,DUCP633,MEDIO,C,,
PORTAEQUIPAJE | VOLKSWAGEN CADDY,DUCP634,MEDIO,D,,
PORTAEQUIPAJE | PEUGEOT 205,DUCP635,MEDIO,D,,
PORTAEQUIPAJE | PEUGEOT 306,DUCP636,MEDIO,C,,
PORTAEQUIPAJE | PEUGEOT 405,DUCP637,MEDIO,D,,
PORTAEQUIPAJE | PEUGEOT PARTNER-BERL,DUCP638,MEDIO,C,,
PORTAEQUIPAJE | PEUGEOT 206 3 PUERTA,DUCP640,MEDIO,C,,
PORTAEQUIPAJE | PEUGEOT 106 5 PUERTA,DUCP643,MEDIO,D,,
PORTAEQUIPAJE | PEUGEOT 205 3 PUERTA,DUCP644,MEDIO,D,,
PORTAEQUIPAJE | CITROEN C3,DUCP648,MEDIO,C,,
PORTAEQUIPAJE | CITROEN PICCASO,DUCP649,MEDIO,D,,
PORTAEQUIPAJE | CHEVROLET COMBO,DUCP650,MEDIO,D,,
PORTAEQUIPAJE | RENAULT TWINGO,DUCP652,MEDIO,D,,
PORTAEQUIPAJE | RENAULT CLIO 2 - 3 P,DUCP653,MEDIO,C,,
PORTAEQUIPAJE | RENAULT CLIO 2 - 4-5,DUCP654,MEDIO,D,,
PORTAEQUIPAJE | CORSA DESDE 2002 3 P,DUCP656,MEDIO,C,,
PORTAEQUIPAJE | CHEVROLET ASTRA,DUCP657,MEDIO,D,,
PORTAEQUIPAJE | MERIVA,DUCP658,MEDIO,C,,
PORTAEQUIPAJE | FORD FOCUS 4 Y 5 PUE,DUCP659,MEDIO,C,,
PORTAEQUIPAJE | FORD FIESTA MAX,DUCP660,MEDIO,C,,
PORTAEQUIPAJE | SUZUKI FUN 5 PUERTAS,DUCP662,MEDIO,C,,
PORTAEQUIPAJE | VOLKSWAGEN FOX 3 PUE,DUCP663,MEDIO,D,,
PORTAEQUIPAJE | VOLKSWAGEN FOX 5 PUE,DUCP664,MEDIO,D,,
PORTAEQUIPAJE | PORTAEQUIPAJE FIAT U,DUCP690,MEDIO,D,,
PORTAEQUIPAJE | ,DUCP697,MEDIO,D,,
PORTAEQUIPAJE | PORTAEQUIPAJE NISSAN,DUCP701,MEDIO,D,,
PORTAEQUIPAJE | PORTAEQUIPAJE RENAUL,DUCP703,MEDIO,D,,
PORTAEQUIPAJE | PORTAEQUIPAJE TOYOTA,DUCP705,MEDIO,C,,
PORTAEQUIPAJE | FIAT MOBI,DUCP707,MEDIO,C,,
PORTAEQUIPAJE | S10 LTZ - BERLINGO M,DUCPO1300,MEDIO,C,,
PORTAEQUIPAJE | VOLKSWAGEN SURAN CAÑ,DUCPO670,MEDIO,D,,
PORTAEQUIPAJE | FORD ECO SPORT DESDE,DUCPO671,MEDIO,D,,
PORTAEQUIPAJE | RENAUTL STEWAY CAÑO,DUCPO672,MEDIO,D,,
PORTAEQUIPAJE | FIAT IDEA OVALADO,DUCPO673,MEDIO,D,,
PORTAEQUIPAJE | FIAT QUBO OVALADO,DUCPO674,MEDIO,D,,
PORTAEQUIPAJE | CHEVROLET CORSA WEEK,DUCPO675,MEDIO,D,,
PORTAEQUIPAJE | PEUGEOT PARTNER,DUCPO676,MEDIO,D,,
PORTAEQUIPAJE | RENAULT DUSTER OVALA,DUCPO677,MEDIO,D,,
PORTAEQUIPAJE | VW CROSS FOX,DUCPO678,MEDIO,C,,
PORTAEQUIPAJE | FIAT DUNA WEEKEND OV,DUCPO679,MEDIO,D,,
PORTAEQUIPAJE | FIAT PALIO WEEKEND O,DUCPO680,MEDIO,D,,
PORTAEQUIPAJE | CHEVROLET SPIN CAÑO,DUCPO681,MEDIO,D,,
PORTAEQUIPAJE | C3 PICASSO AIRCROSS,DUCPO682,MEDIO,C,,
PORTAEQUIPAJE | GOL COUNTRY CAÑO OVA,DUCPO683,MEDIO,D,,
PORTAEQUIPAJE | DUSTER DESDE 2010 OV,DUCPO684,MEDIO,D,,
PORTAEQUIPAJE | 206 SW FAMILIAR CAÑO,DUCPO685,MEDIO,D,,
PORTAEQUIPAJE | PORTAEQUIPAJE OVALAD,DUCPO686,MEDIO,C,,
BOBINA DE IGNIC | ,DZE10099,BAJO,D,,
TEMPORIZADOR | TEMPORIZADOR SURAN,DZE10227,BAJO,C,,
ABRAZADERA DE B | VOLKSWAGEN DODGE POL,DZE103,BAJO,C,,
ABRAZADERA DE B | FIAT - PEUGEOT-RENAU,DZE105,BAJO,C,,
BOCINA | JUEGO BOCINA 12 V CA,DZE11754,BAJO,C,,
BOCINA | JUEGO BOCINA 12 V DI,DZE11755,BAJO,C,,
BOCINA | BOCINA UNITARIA 12V,DZE11756,BAJO,C,,
BOBINA DE IGNIC | UNIVERSAL ESPECIAL P,DZE210,MEDIO,C,,
BOBINA DE IGNIC | PEUGEOT 403-404-504-,DZE220,MEDIO,C,,
BOBINA DE IGNIC | VOLKSWAGEN VALIANT P,DZE226,MEDIO,D,,
BOBINA DE IGNIC | FORD FALCON/FAIRLANE,DZE227,MEDIO,C,,
BOBINA DE IGNIC | CHEVROLET CHEVY/PICK,DZE228,MEDIO,C,,
BOBINA DE IGNIC | FORD FALCON CON ENCE,DZE234,MEDIO,C,,
BOBINA DE IGNIC | FORD SIERRA ENCENDID,DZE235,MEDIO,C,,
"BOBINA DE IGNIC | RENAULT 18,21 CON EN",DZE236,MEDIO,C,,
BOBINA DE IGNIC | PEUGEOT 504/505 CON,DZE237,MEDIO,C,,
BOBINA DE IGNIC | PEUGEOT 505 ENCENDID,DZE238,MEDIO,C,,
BOBINA DE IGNIC | FIAT 147/DUNA/FIORIN,DZE244,MEDIO,C,,
BOBINA DE IGNIC | VOLKSWAGEN CARAT/GAC,DZE245,MEDIO,C,,
BOBINA DE IGNIC | VOLKSWAGEN GACEL-GOL,DZE248,MEDIO,C,,
BOBINA DE IGNIC | RENAULT 9-11-12-18-2,DZE251,MEDIO,C,,
BOBINA DE IGNIC | UNIVERSAL PARA AUTOS,DZE252,MEDIO,C,,
BOBINA DE IGNIC | LADA ENCENDIDO CON P,DZE253,MEDIO,D,,
AUTOMATICO DE A | FORD V8 CON PULSADOR,DZE305,BAJO,D,,
AUTOMATICO DE A | UNIVERSAL CON PULSAD,DZE309,BAJO,D,,
AUTOMATICO DE A | UNIVERSAL CON PULSAD,DZE311,BAJO,C,,
AUTOMATICO DE A | UNIVERSAL SIN PULSAD,DZE317,BAJO,C,,
AUTOMATICO DE A | FORD 100-150-250-350,DZE319,BAJO,C,,
AUTOMATICO DE A | UNIVERSAL SIN PULSAD,DZE327,MEDIO,C,,
AUTOMATICO DE A | FORD 100-150-250-350,DZE328,MEDIO,C,,
BOBINA DE IGNIC | UNIVERSAL PARA AUTOS,DZE6006,MEDIO,C,,
BOBINA DE IGNIC | UNIVERSAL PARA AUTOS,DZE6012,BAJO,C,,
PLATINO DE DIST | CHEVROLET 29-33 VENT,DZE601RV,BAJO,C,,
PLATINO DE DIST | CHEVROLET 41-47 VENT,DZE605RV,BAJO,C,,
PLATINO DE DIST | RENAULT IKA-JEEP-EST,DZE615RV,BAJO,C,,
PLATINO DE DIST | CHEVROLET CHEVY-OPEL,DZE621RV,BAJO,B,,
PLATINO DE DIST | VOLKSWAGEN DODGE 150,DZE625RV,BAJO,C,,
PLATINO DE DIST | VOLKSWAGEN GACEL-PAS,DZE626RV,BAJO,C,,
PLATINO DE DIST | CITROEN 2CV VENTILAD,DZE627RV,BAJO,C,,
PLATINO DE DIST | RENAULT IKA--PEUGEOT,DZE628,BAJO,C,,
PLATINO DE DIST | FIAT 1500-1600 VENTI,DZE630RV,BAJO,C,,
PLATINO DE DIST | CITROEN CX PALLAS,DZE639,BAJO,D,,
PLATINO DE DIST | PEUGEOT 505,DZE641,BAJO,C,,
PLATINO DE DIST | RENAULT 4-6-12-PEUG,DZE647RV,BAJO,B,,
PLATINO DE DIST | RENAULT DAUPH-GORDI,DZE648RV,BAJO,D,,
PLATINO DE DIST | FORD F100-600-FALCON,DZE664RV,BAJO,C,,
PLATINO DE DIST | FIAT 600 - 850,DZE666RV,BAJO,C,,
PLATINO DE DIST | FORD TAUNUS MOTORCRA,DZE694RV,BAJO,D,,
PLATINO DE DIST | FIAT 125-133-PEUGEOT,DZE695RV,BAJO,C,,
PLATINO DE DIST | FORD TAUNUS INDIEL H,DZE696RV,BAJO,C,,
PLATINO DE DIST | FORD TAUNUS INDIEL D,DZE697RV,BAJO,C,,
PLATINO DE DIST | FIAT 128 VENTILADO,DZE698RV,BAJO,C,,
SOLENOIDE DE AR | VOLKSWAGEN GOLF GTI,DZE715,MEDIO,D,,
SOLENOIDE DE AR | ,DZE723,BAJO,C,,
"SOLENOIDE DE AR | FORD ESCORT XR3 - 1,",DZE736,MEDIO,D,,
SOLENOIDE DE AR | FORD-CHEVROLET INDIE,DZE750,MEDIO,C,,
SOLENOIDE DE AR | FIAT 128 INDIEL,DZE759,MEDIO,D,,
SOLENOIDE DE AR | FIAT 125 SIN POTENCI,DZE764,MEDIO,D,,
"SOLENOIDE DE AR | FIAT WEEKEND 1,7 DIE",DZE7700,MEDIO,D,,
SOLENOIDE DE AR | RENAULT 11-19-9-CLIO,DZE7701,MEDIO,D,,
SOLENOIDE DE AR | RENAULT 19 1 8,DZE7703,MEDIO,D,,
SOLENOIDE DE AR | RENAULT 19 1 6I,DZE7704,MEDIO,D,,
SOLENOIDE DE AR | VOLKSWAGEN GOL-SENDA,DZE7705,MEDIO,D,,
"SOLENOIDE DE AR | VOLKSWAGEN GOL 1,6 -",DZE7706,MEDIO,D,,
SOLENOIDE DE AR | FORD F100 FORD F1000,DZE7710,MEDIO,D,,
SOLENOIDE DE AR | FORD COURIER-ESCORT-,DZE7711,MEDIO,D,,
SOLENOIDE DE AR | FORD F100-150-250-TR,DZE7713,MEDIO,D,,
SOLENOIDE DE AR | CHEVROLET PICK UP CO,DZE7714,MEDIO,D,,
SOLENOIDE DE AR | CITROEN BERLINGO-BX-,DZE7715,MEDIO,D,,
SOLENOIDE DE AR | SOLENOIDE ARRANQUE,DZE7716,MEDIO,D,,
SOLENOIDE DE AR | CHEVROLET BORGW-VOLK,DZE775,MEDIO,D,,
SOLENOIDE DE AR | FIAT CAMION-TRACTOR,DZE780,MEDIO,D,,
SOLENOIDE DE AR | FIAT - MERCEDES BENZ,DZE781,MEDIO,D,,
SOLENOIDE DE AR | IME RASTROJERO CABEZ,DZE784,MEDIO,D,,
SOLENOIDE DE AR | VOLKSWAGEN 1500 SERI,DZE786,MEDIO,D,,
SOLENOIDE DE AR | BORGWARD-DEUTZ-IME-J,DZE789,MEDIO,D,,
SOLENOIDE DE AR | PEUGEOT 505 PARIS RH,DZE791,BAJO,C,,
SOLENOIDE DE AR | MERCEDES BENZ -PEUGE,DZE792,MEDIO,D,,
SOLENOIDE DE AR | RENAULT 18-GTX-FENSA,DZE795,BAJO,C,,
DESTELLADOR ELE | ELECTRONICO 12V 3 TE,DZE829,BAJO,C,,
DESTELLADOR ELE | ,DZE9323,BAJO,C,,
DESTELLADOR ELE | CAMIONES VW,DZE9328,BAJO,C,,
DESTELLADOR ELE | DESTELLADOR,DZED10020,BAJO,C,,
DESTELLADOR ELE | ELECTRONICO SIN CONE,DZED801,BAJO,C,,
DESTELLADOR ELE | ELECTRONICO SIN CONE,DZED802,BAJO,C,,
DESTELLADOR ELE | ELECTRONICO SIN CONE,DZED803,BAJO,C,,
DESTELLADOR ELE | ELECTRONICO SIN CONE,DZED804,BAJO,C,,
DESTELLADOR MEC | MECANICO CARGA VARIA,DZED805,BAJO,D,,
DESTELLADOR MEC | MECANICO CARGA VARIA,DZED806,BAJO,C,,
DESTELLADOR MEC | MECANICO CARGA VARIA,DZED807,BAJO,C,,
DESTELLADOR ELE | ELECTRONICO FORD SIE,DZED809,BAJO,C,,
DESTELLADOR ELE | ELECTRONICO FIAT 147,DZED810,BAJO,C,,
DESTELLADOR ELE | ELECTRONICO VOLKSWAG,DZED811,BAJO,C,,
DESTELLADOR ELE | ELECTRONICO FORD ESC,DZED812,BAJO,C,,
DESTELLADOR ELE | ELECTRONICO SIN CONE,DZED814,BAJO,C,,
DESTELLADOR ELE | ELECTRONICO SIN CONE,DZED816,BAJO,D,,
DESTELLADOR ELE | ELECTRONICO SIN CONE,DZED817,BAJO,C,,
DESTELLADOR ELE | ELECTRONICO SIN CONE,DZED818,BAJO,C,,
DESTELLADOR ELE | ELECTRONICO SIN CONE,DZED819,BAJO,C,,
DESTELLADOR ELE | ELECTRONICO SIN CONE,DZED820,BAJO,C,,
DESTELLADOR ELE | ELECTRONICO SIN CONE,DZED821,BAJO,C,,
DESTELLADOR ELE | ELECTRONICO FORD FAL,DZED822,BAJO,C,,
DESTELLADOR ELE | ELECTRONICO VOLKSWAG,DZED823,BAJO,C,,
DESTELLADOR ELE | ELECTRONICO RENAULT,DZED825,BAJO,C,,
DESTELLADOR ELE | ELECTRONICO VOLKSWAG,DZED826,BAJO,D,,
DESTELLADOR ELE | ELECTRONICO FIAT REG,DZED827,BAJO,C,,
DESTELLADOR ELE | ELECTRONICO FORD F10,DZED830,BAJO,C,,
DESTELLADOR ELE | ELECTRONICO VOLKSWAG,DZED831,BAJO,C,,
DESTELLADOR ELE | ELECTRONICO FIAT TEM,DZED832,BAJO,C,,
DESTELLADOR ELE | ELECTRONICO VOLKSWAG,DZED833,BAJO,C,,
DESTELLADOR ELE | CHEVROLET ELECTRONIC,DZED834,BAJO,C,,
DESTELLADOR ELE | ELECTRONICO RENAULT,DZED835,BAJO,C,,
DESTELLADOR ELE | ELECTRONICO RENAULT,DZED836,BAJO,C,,
DESTELLADOR ELE | ELECTRONICO RENAULT,DZED837,BAJO,D,,
DESTELLADOR ELE | ELECTRONICO FIAT 128,DZED838,BAJO,C,,
DESTELLADOR ELE | ELECTRONICO FIAT SPA,DZED839,BAJO,C,,
DESTELLADOR ELE | ELECTRONICO PEUGEOT,DZED840,BAJO,C,,
DESTELLADOR ELE | ELECTRONICO MERCEDES,DZED841,BAJO,C,,
DESTELLADOR ELE | ELECTRONICO FIAT DUN,DZED842,BAJO,C,,
DESTELLADOR ELE | CHEVROLET ELECTRONIC,DZED843,BAJO,D,,
DESTELLADOR ELE | CHEVROLET ELECTRONIC,DZED845,BAJO,C,,
DESTELLADOR ELE | DESTELLADOR,DZED846,BAJO,C,,
DESTELLADOR ELE | ELECTRONICO CON CONE,DZED847,BAJO,C,,
DESTELLADOR ELE | ELECTRONICO CON CONE,DZED848,BAJO,C,,
DESTELLADOR ELE | ELECTRONICO CON CONE,DZED849,BAJO,C,,
DESTELLADOR ELE | RENAULT ELECTRONICO,DZED850,BAJO,C,,
DESTELLADOR ELE | ELECTRONICO MERCEDES,DZED851,BAJO,C,,
DESTELLADOR ELE | ELECTRONICO VOLKSWAG,DZED852,BAJO,D,,
DESTELLADOR ELE | ELECTRONICO VOLKSWAG,DZED854,BAJO,C,,
DESTELLADOR ELE | ELECTRONICO VOLKSWAG,DZED855,BAJO,D,,
DESTELLADOR ELE | ELECTRONICO FORD FIE,DZED856,BAJO,C,,
DESTELLADOR ELE | CHEVROLET ELECTRONIC,DZED857,BAJO,C,,
DESTELLADOR ELE | CHEVROLET ELECTRONIC,DZED858,BAJO,C,,
DESTELLADOR ELE | CHEVROLET ELECTRONIC,DZED859,BAJO,C,,
DESTELLADOR ELE | ELECTRONICO RENAULT,DZED860,BAJO,C,,
DESTELLADOR ELE | CHEVROLET ELECTRONIC,DZED861,BAJO,C,,
DESTELLADOR ELE | CHEVROLET ELECTRONIC,DZED862,BAJO,C,,
DESTELLADOR ELE | ELECTRONICO PEUGEOT,DZED863,BAJO,C,,
DESTELLADOR ELE | ELECTRONICO MERCEDES,DZED864,BAJO,C,,
DESTELLADOR ELE | ELECTRONICO VOLKSWAG,DZED865,BAJO,C,,
DESTELLADOR ELE | ELECTRONICO FORD TRA,DZED866,BAJO,C,,
DESTELLADOR ELE | ELECTRONICO FORD ESC,DZED867,BAJO,C,,
DESTELLADOR ELE | ELECTRONICO VOLKSWAG,DZED868,BAJO,C,,
DESTELLADOR ELE | ELECTRONICO RENAULT,DZED869,BAJO,C,,
DESTELLADOR ELE | ELECTRONICO SIN CONE,DZED871,BAJO,C,,
DESTELLADOR ELE | ELECTRONICO SIN CONE,DZED872,BAJO,C,,
DESTELLADOR ELE | ELECTRONICO SIN CONE,DZED873,BAJO,C,,
DESTELLADOR ELE | ELECTRONICO SIN CONE,DZED874,BAJO,C,,
DESTELLADOR ELE | ELECTRONICO DAEWO 12,DZED875,BAJO,C,,
DESTELLADOR ELE | ELECTRONICO DAEWO 84,DZED876,BAJO,D,,
DESTELLADOR ELE | CAMIONETA RANGER 12V,DZED877,BAJO,C,,
DESTELLADOR ELE | PEUGEOT 205 -CITROEN,DZED878,BAJO,C,,
DESTELLADOR ELE | RENAULT TRAFFIC 95 1,DZED879,BAJO,C,,
DESTELLADOR ELE | RENAULT KANGOO-SCENI,DZED880,BAJO,C,,
DESTELLADOR ELE | ELECTRONICO ORIGINAL,DZED881,BAJO,C,,
DESTELLADOR ELE | ELECTRONICO,DZED882,BAJO,C,,
DESTELLADOR ELE | ELECTRONICO RANGER 2,DZED884,BAJO,C,,
DESTELLADOR ELE | ,DZED885,BAJO,C,,
DESTELLADOR ELE | ,DZED892,BAJO,D,,
RELAY | VOLKSWAGEN POLO 05 E,DZER10004,BAJO,C,,
RELAY | RELAY,DZER10023,BAJO,C,,
RELAY | RELAY,DZER10024,BAJO,C,,
RELAY | UNIVERSAL B B-L-AA-L,DZER900,BAJO,C,,
RELAY | UNIVERSAL B B-L-AA-L,DZER901,BAJO,B,,
RELAY | PEUGEOT 306-PARTNER-,DZER9012,BAJO,D,,
RELAY | FIAT TEMPRA - REGATT,DZER9015,BAJO,D,,
RELAY | UNIVERSAL B B-L-AA-L,DZER902,BAJO,C,,
RELAY | FIAT TEMPRA-DUNA-UNO,DZER9021,BAJO,C,,
RELAY | VOLKSWAGEN GOL D-95,DZER9022,BAJO,C,,
RELAY | FORD GALAXI-VOLKSWAG,DZER9023,BAJO,C,,
RELAY | FORD GALAXI-VOLKSWAG,DZER9024,BAJO,C,,
RELAY | FORD GALAXY-VW GOL S,DZER9025,BAJO,C,,
RELAY | UNIVERSAL B B-L-AC-L,DZER903,BAJO,C,,
RELAY | UNIVERSAL B BOCINA 6,DZER9030,BAJO,D,,
RELAY | UNIVERSAL B BOCINA 1,DZER9031,BAJO,C,,
RELAY | UNIVERSAL B BOCINA 2,DZER9032,BAJO,C,,
RELAY | CHEVROLET MONZA CHEV,DZER9033,BAJO,C,,
RELAY | CHEVROLET CORSA - AS,DZER9035,BAJO,C,,
RELAY | VOLKSWAGEN GOL H-95-,DZER9037,BAJO,C,,
RELAY | PEUGEOT 405 40-20 AM,DZER9039,BAJO,C,,
RELAY | UNIVERSAL B B-L-AA-L,DZER904,BAJO,A,,
RELAY | UNIVERSAL B TP-AC-AA,DZER9040,BAJO,C,,
RELAY | UNIVERSAL B TP-AC-AA,DZER9041,BAJO,C,,
RELAY | UNIVERSAL B TP-AC-AA,DZER9042,BAJO,C,,
RELAY | FORD ORION-ESCORT- V,DZER9043,BAJO,C,,
RELAY | RENAULT DACIA 4 PUER,DZER9047,BAJO,C,,
RELAY | SCANIA CAMION-OMNIBU,DZER9048,BAJO,C,,
RELAY | UNIVERSAL B B-L-AA-L,DZER905,BAJO,B,,
RELAY | VOLKSWAGEN CARAT AIR,DZER9051,BAJO,C,,
RELAY | CHEVROLET MONZA AIRE,DZER9053,BAJO,C,,
RELAY | UNIVERSAL A TP-AC-AA,DZER906,BAJO,C,,
RELAY | VOLKSWAGEN GOL D-95,DZER9062,BAJO,C,,
RELAY | VOLKSWAGEN PASSAT -,DZER9063,BAJO,C,,
RELAY | FORD MONDEO-TRANIT-F,DZER9064,BAJO,C,,
RELAY | UNIVERSAL A TP-AC-AA,DZER907,BAJO,C,,
RELAY | FORD MONDEO-TRASIT-E,DZER9071,BAJO,C,,
RELAY | FORD ESCORT DESDE 97,DZER9073,BAJO,C,,
RELAY | FORD ESCORT DESDE 97,DZER9074,BAJO,C,,
RELAY | PEUGEOT 405-306 ELEC,DZER9076,BAJO,C,,
RELAY | PEUGEOT 405-306 BOCI,DZER9077,BAJO,C,,
RELAY | PEUGEOT 405-306 AIRE,DZER9078,BAJO,C,,
RELAY | PEUGEOT 405-306 5T,DZER9079,BAJO,C,,
RELAY | UNIVERSAL A TP-AC-AA,DZER908,BAJO,C,,
RELAY | FIAT IVECO CAMION AU,DZER9083,BAJO,C,,
RELAY | CHEVROLET MONZA CHEV,DZER9085,BAJO,D,,
RELAY | CHEVROLET CORSA - VE,DZER9087,BAJO,C,,
RELAY | CHEVROLET CORSA BOMB,DZER9088,BAJO,C,,
RELAY | FORD FALCON - SIERRA,DZER909,BAJO,C,,
RELAY | RENAULT 9-11-21-19 5,DZER9090,BAJO,C,,
RELAY | FORD ESCORT DESDE 97,DZER9091,BAJO,C,,
RELAY | FORD ESCORT DESDE 97,DZER9092,BAJO,C,,
RELAY | FIAT IVECO CAMION BO,DZER9095,BAJO,C,,
RELAY | VOLKSWAGEN GOLF - PO,DZER9096,BAJO,C,,
RELAY | VOLKSWAGEN POLO DIES,DZER9098,BAJO,C,,
RELAY | FORD FALCON - SIERRA,DZER910,BAJO,C,,
RELAY | PEUGEOT 306-PARTNER-,DZER9103,BAJO,C,,
RELAY | PEUGEOT 306-PARTNER-,DZER9104,BAJO,C,,
RELAY | MERCEDES BENZ CAMION,DZER9108,BAJO,C,,
RELAY | FIAT PALIO - SIENA A,DZER9111,BAJO,C,,
RELAY | FORD FIESTA 94-96 SI,DZER9114,BAJO,C,,
RELAY | FORD FIESTA DESDE 96,DZER9115,BAJO,C,,
RELAY | VOLKSWAGEN GACEL-SAV,DZER912,BAJO,C,,
RELAY | MERCEDES BENZ CAMION,DZER9128,BAJO,D,,
RELAY | RENAULT 9-11-19-21-T,DZER9131,BAJO,C,,
RELAY | FIAT 125-133-128 BOC,DZER9132,BAJO,D,,
RELAY | RENAULT 21 SOPLADOR,DZER9133,BAJO,C,,
RELAY | RENAULT 9-11-TRAFIC-,DZER915,BAJO,C,,
RELAY | FIAT SIENA-PALIO ACC,DZER9151,BAJO,C,,
RELAY | UNIVERSAL B INTER C-,DZER9154,BAJO,C,,
RELAY | FORD FOCUS ELECTRONI,DZER9156,BAJO,C,,
RELAY | FORD FOCUS SISTEMA I,DZER9157,BAJO,C,,
RELAY | VOLKSWAGEN SEAT CORD,DZER9163,BAJO,C,,
RELAY | FIAT SIENA-PALIO LUN,DZER9167,BAJO,C,,
RELAY | UNIVERSAL B >>901 SI,DZER9180,BAJO,C,,
RELAY | UNIVERSAL B >>904 SI,DZER9181,BAJO,C,,
RELAY | UNIVERSAL B >>9041 S,DZER9182,BAJO,C,,
RELAY | RENAULT 19-TWINGO-CL,DZER9183,BAJO,C,,
RELAY | ELECTRONICO VENTILAD,DZER9188,BAJO,C,,
RELAY | FIAT ELECTRONICO BOC,DZER9189,BAJO,C,,
RELAY | MERCEDES BENZ AUXILI,DZER9192,BAJO,C,,
RELAY | MERCEDES BENZ FAROS-,DZER9193,BAJO,C,,
RELAY | RENAULT 9-R19-CLIO-E,DZER9194,BAJO,C,,
RELAY | MULTIFUNCION 24V CAM,DZER9195,BAJO,D,,
RELAY | RENAULT CLIO2-R19-KA,DZER9197,BAJO,C,,
RELAY | FORD ESCORT,DZER9199,BAJO,D,,
RELAY | FIAT AIRE ACONDICION,DZER9200,BAJO,D,,
RELAY | FIAT BOCINA-LUNETA-T,DZER9201,BAJO,D,,
RELAY | FIAT DUCATO-,DZER9202,BAJO,C,,
RELAY | CHEVROLET ACCESORIOS,DZER9203,BAJO,C,,
RELAY | CHEVROLET ACCESORIOS,DZER9204,BAJO,C,,
RELAY | FIAT PALIO 2001,DZER9206,BAJO,C,,
RELAY | FIAT AIRE ACONDICIOM,DZER9207,BAJO,C,,
RELAY | PEUGEOT 406-106-306,DZER9208,BAJO,C,,
RELAY | VOLKSWAGEN GOLF-AUDI,DZER9209,BAJO,D,,
RELAY | CHEVROLET ACCESORIOS,DZER9210,BAJO,D,,
RELAY | MERCEDES BENZ CAMION,DZER9211,BAJO,C,,
RELAY | MINI RELAY,DZER9215,BAJO,D,,
RELAY | RENAULT,DZER9217,BAJO,C,,
RELAY | PEUGEOT-CITROEN,DZER9218,BAJO,D,,
RELAY | MINI RELAY,DZER9220,BAJO,C,,
RELAY | RENAULT,DZER9221,BAJO,C,,
RELAY | RENAULT MEGANNE-CLIO,DZER9222,BAJO,C,,
RELAY | MINI RELAY,DZER9223,BAJO,C,,
RELAY | MINI RELAY,DZER9224,BAJO,C,,
RELAY | ,DZER9225,BAJO,C,,
RELAY | VOLKSWAGEN CADDY-DER,DZER9227,BAJO,C,,
RELAY | FORD SIERRA ARRANQUE,DZER923,BAJO,C,,
RELAY | RELAY,DZER9230,BAJO,C,,
RELAY | VOLKSWAGEN POLO - SU,DZER9231,BAJO,C,,
RELAY | CHEVROLET CORSA DIES,DZER9234,BAJO,C,,
RELAY | CHEVROLET CORSA CLAS,DZER9235,BAJO,C,,
RELAY | VW POLO,DZER9239,BAJO,C,,
RELAY | FORD FALCON AIRE ACO,DZER924,BAJO,C,,
RELAY | FORD FALCON AIRE ACO,DZER925,BAJO,D,,
RELAY | 24V INT DOBLE SALIDA,DZER9250,BAJO,C,,
RELAY | 24V INV UNIVERSAL,DZER9251,BAJO,C,,
RELAY | BRAVA - DUCATO - NUE,DZER9252,BAJO,C,,
RELAY | BRAVA - DUCATO - DUN,DZER9253,BAJO,C,,
RELAY | BRAVA - DUCATO - DUN,DZER9254,BAJO,C,,
RELAY | ,DZER9255,BAJO,C,,
RELAY | ,DZER9256,BAJO,C,,
RELAY | UNIVERSAL B ARR-AA 1,DZER926,BAJO,A,,
RELAY | ,DZER9260,BAJO,C,,
RELAY | ,DZER9274,BAJO,C,,
RELAY | MINI RELEAY 24V 20/1,DZER9277,BAJO,C,,
RELAY | MINI RELEAY 24V 20/1,DZER9279,BAJO,C,,
RELAY | UNIVERSAL B B-L-AA-L,DZER930,BAJO,C,,
RELAY | RELAY,DZER9307,BAJO,C,,
RELAY | ,DZER9308,BAJO,C,,
RELAY | RELAY,DZER9309,BAJO,C,,
RELAY | ,DZER9310,BAJO,C,,
RELAY | RELAY,DZER9311,BAJO,C,,
RELAY | EQUIPO VIGIA NORMAL,DZER933,BAJO,D,,
RELAY | UNIVERSAL A B-L-AA-L,DZER934,BAJO,C,,
RELAY | FORD SIERRA AIRE ACO,DZER935,BAJO,C,,
RELAY | VOLKSWAGEN CARAT -GO,DZER938,BAJO,C,,
RELAY | FORD SIERRA - ESCORT,DZER939,BAJO,C,,
RELAY | FIAT REGATTA ACC-PEU,DZER943,BAJO,D,,
RELAY | FIAT REGATA - PEUGEO,DZER944,BAJO,D,,
RELAY | CHEVROLET MONZA AIRE,DZER947,BAJO,D,,
RELAY | EQUIPO VIGIA NORMAL,DZER950,BAJO,C,,
RELAY | PARA CIRCUITO IMPRES,DZER958,BAJO,D,,
RELAY | EQUIPO VIGIA INVERSO,DZER971,BAJO,C,,
RELAY | VOLKSWAGEN DODGE 150,DZER972,BAJO,D,,
RELAY | CHEVROLET CHEVETTE A,DZER979,BAJO,C,,
RELAY | FORD ESCORT-FIESTA,DZER980,BAJO,C,,
RELAY | FORD ESCORT H-94 4 T,DZER981,BAJO,C,,
RELAY | UNIVERSAL A B-L-AA-L,DZER983,BAJO,C,,
RELAY | UNIVERSAL A B-L-AA-L,DZER984,BAJO,C,,
RELAY | FIAT 600-750-1500-12,DZER985,BAJO,D,,
RELAY | UNIVERSAL A TP-AC-AA,DZER987,BAJO,C,,
RELAY | LADA NIVA BOCINA 12V,DZER991,BAJO,D,,
RELAY | FIAT DUNA-UNO-REGATT,DZER993,BAJO,C,,
RELAY | FORD ORION-GALAXY -,DZER995,BAJO,C,,
RELAY | FORD F100-150-4000 D,DZER996,BAJO,C,,
RELAY | PEUGEOT 504-505,DZER997,BAJO,C,,
RELAY | FIAT DUNA - UNO - RE,DZER998,BAJO,C,,
RELAY | FIAT DUNA - UNO - 14,DZER999,BAJO,C,,
RELAY | FORD ORION - VOLKSWA,DZERM9009,BAJO,C,,
RELAY | FORD ESCORT H-94 ARR,DZERM9010,BAJO,C,,
RELAY | FIAT DUNA-UNO D-95EV,DZERM9020,BAJO,C,,
RELAY | CHEVROLET C20-D20-KA,DZERM9026,BAJO,C,,
RELAY | UNIVERSAL TRABAPUERT,DZERM9044,BAJO,C,,
RELAY | UNIVERSAL B-L-AB-AA-,DZERM9050,BAJO,C,,
RELAY | UNIVERSAL DESCONEXIO,DZERM9052,BAJO,C,,
RELAY | FORD ESCORT H-94ALZA,DZERM9058,BAJO,C,,
RELAY | FORD FIESTA DESDE 96,DZERM9068,BAJO,C,,
RELAY | FORD FIESTA DESDE 96,DZERM9072,BAJO,D,,
RELAY | FORD ORION- VOLKSWAG,DZERM9081,BAJO,C,,
RELAY | FORD FIESTA-ESCORT H,DZERM9082,BAJO,C,,
RELAY | FORD TRANSIT,DZERM9086,BAJO,C,,
RELAY | FORD RANGER,DZERM9108,BAJO,C,,
RELAY | FORD FIESTA DESDE 94,DZERM9119,BAJO,C,,
RELAY | FORD TRANSIT -MONDEO,DZERM9120,BAJO,C,,
RELAY | FORD MONDEO AIRE ACO,DZERM9130,BAJO,C,,
RELAY | RENAULT,DZERM9208,BAJO,C,,
RELAY | MERCEDES BENZ,DZERM9219,BAJO,C,,
RELAY | ,DZERM9229,BAJO,C,,
RELAY | ,DZERM9312,BAJO,C,,
RELAY | RANGER BOM COMB -BOC,DZERM9313,BAJO,C,,
RELAY | RELAY,DZERM9314,BAJO,C,,
RELAY | ,DZERM9315,BAJO,C,,
RELAY | ,DZERM9316,BAJO,C,,
TEMPORIZADOR DE | VOLKSWAGEN SURAN,DZET10019,BAJO,C,,
TEMPORIZADOR | FORD FOCUS ALZA CRIS,DZET10086,ALTO,C,,
TEMPORIZADOR DE | FORD F100-150-F4000,DZET9001,BAJO,C,,
TEMPORIZADOR DE | FORD F100-150-4000 H,DZET9003,BAJO,D,,
TEMPORIZADOR DE | VOLKSWAGEN SENDA DIE,DZET9004,MEDIO,D,,
TEMPORIZADOR DE | FORD ORION-ESCORT HA,DZET9005,BAJO,C,,
TEMPORIZADOR DE | FORD ESCORT DESDE 94,DZET9006,BAJO,C,,
TEMPORIZADOR DE | FORD ORION-ESCORT DE,DZET9007,BAJO,C,,
TEMPORIZADOR DE | FORD ORION- VOLKSWAG,DZET9011,BAJO,D,,
TEMPORIZADOR DE | VOLKSWAGEN GOL D-95',DZET9012,BAJO,C,,
TEMPORIZADOR DE | FORD ORION- VOLKSWAG,DZET9013,BAJO,C,,
TEMPORIZADOR DE | FORD ORION-GALAXY -,DZET9018,BAJO,C,,
TEMPORIZADOR DE | FORD F100D-150D-4000,DZET9019,MEDIO,C,,
TEMPORIZADOR DE | VOLKSWAGEN QUANTUM -,DZET9027,BAJO,C,,
TEMPORIZADOR DE | CHEVROLET P - UP - C,DZET9029,BAJO,C,,
TEMPORIZADOR DE | FORD SIERRA DESDE 91,DZET9038,BAJO,D,,
TEMPORIZADOR DE | FORD F100D-150D-4000,DZET9045,MEDIO,D,,
TEMPORIZADOR DE | FORD TAUNUS L-PARAB,DZET9046,BAJO,C,,
TEMPORIZADOR DE | VOLKSWAGEN CARAT LIM,DZET9056,BAJO,D,,
TEMPORIZADOR DE | FORD GALAXY-VOLKSWAG,DZET9057,BAJO,D,,
TEMPORIZADOR DE | FORD GALAXY ALZA CRI,DZET9059,BAJO,D,,
CHEVROLET P - U | ,DZET9067,BAJO,D,,
FORD ESCORT DES | ,DZET9070,BAJO,D,,
PEUGEOT 405-306 | ,DZET9075,BAJO,C,,
TEMPORIZADOR DE | VOLKSWAGEN GOL DIESE,DZET9093,MEDIO,C,,
TEMPORIZADOR DE | VOLKSWAGEN GOL LIMPI,DZET9099,BAJO,C,,
TEMPORIZADOR DE | VOLKSWAGEN GOL PRECA,DZET9100,MEDIO,C,,
TEMPORIZADOR DE | VOLKSWAGEN GOL DIESE,DZET9101,MEDIO,C,,
FORD ESCORT DES | ,DZET9105,BAJO,C,,
TEMPORIZADOR DE | FORD EXPLORER-FIESTA,DZET9121,MEDIO,C,,
TEMPORIZADOR DE | FORD ESCORT DESDE 99,DZET9122,MEDIO,D,,
TEMPORIZADOR DE | FORD ESCORT DESDE 99,DZET9123,MEDIO,C,,
TEMPORIZADOR DE | FORD ESCORT DESDE 99,DZET9124,MEDIO,D,,
TEMPORIZADOR DE | MERCEDES BENZ CAMION,DZET9127,BAJO,C,,
TEMPORIZADOR DE | FORD ESCORT DESDE 94,DZET9138,BAJO,D,,
TEMPORIZADOR DE | FORD ESCORT DESDE 94,DZET9139,BAJO,D,,
TEMPORIZADOR DE | FORD ESCORT DESDE 99,DZET9145,MEDIO,C,,
TEMPORIZADOR DE | FORD ESCORT 97-99 EV,DZET9147,MEDIO,C,,
TEMPORIZADOR DE | FORD ESCORT 97-99 EV,DZET9148,MEDIO,C,,
TEMPORIZADOR DE | FORD ESCORT 97-99 EV,DZET9149,MEDIO,C,,
TEMPORIZADOR DE | FORD ESCORT 97-99 EV,DZET9150,MEDIO,C,,
TEMPORIZADOR DE | ALARMA SONORA CONTRA,DZET9168,BAJO,D,,
TEMPORIZADOR DE | RENAULT 9-11-19-21-C,DZET9174,BAJO,C,,
TEMPORIZADOR DE | PEUGEOT -CITROEN LUC,DZET9175,BAJO,C,,
TEMPORIZADOR DE | ALARMA CONTRA OLVIDO,DZET9176,BAJO,D,,
TEMPORIZADOR DE | DZE,DZET9179,BAJO,C,,
TEMPORIZADOR DE | FORD FIESTA-SIERRA-E,DZET918,BAJO,C,,
TEMPORIZADOR DE | VOLKSWAGEN,DZET9184,BAJO,C,,
TEMPORIZADOR DE | FORD SIERRA GHIA CIN,DZET920,BAJO,D,,
TEMPORIZADOR DE | FORD SIERRA LUZ INTE,DZET921,BAJO,D,,
TEMPORIZADOR DE | RENAULT,DZET9212,BAJO,C,,
TEMPORIZADOR DE | FORD SIERRA FAROS 5,DZET922,BAJO,D,,
TEMPORIZADOR DE | FORD ALZA CRISTALES,DZET9236,BAJO,C,,
TEMPORIZADOR DE | FIAT REGATTA LIMPIAP,DZET929,BAJO,D,,
TEMPORIZADOR DE | LIMPIAPARABRISAS,DZET9305,BAJO,C,,
TEMPORIZADOR DE | RENAULT 12 LIMPIAPAR,DZET931,BAJO,C,,
TEMPORIZADOR DE | RENAULT 11-18-FUEGO,DZET932,BAJO,C,,
RELAY | ,DZET9324,BAJO,C,,
TEMPORIZADOR DE | ,DZET9326,BAJO,C,,
TEMPORIZADOR DE | LIMPIAPARABRISAS,DZET9338,BAJO,C,,
TEMPORIZADOR DE | VOLKSWAGEN GACEL-GOL,DZET936,BAJO,C,,
TEMPORIZADOR DE | PEUGEOT 504-505 LIMP,DZET976,BAJO,C,,
TEMPORIZADOR DE | FIAT 128 - EUROPA -,DZET977,BAJO,C,,
BUJIAS DE ENCEN | EQUIV. BOSCH WS7F /,EKTBM6A,BAJO,A,,
BUJIAS DE ENCEN | EQUIV. BOSCH U4AC /,EKTC7HSA,BAJO,A,,
BUJIAS DE ENCEN | BUJIA APL.HONDA CG15,EKTCPR8EA-9,BAJO,B,,
BUJIAS DE ENCEN | EQUIV. BOSCH D10BCO,EKTD10BCO+GNC,BAJO,A,,
BUJIAS DE ENCEN | EQUIV. BOSCH X4C / E,EKTD8EA,BAJO,A,,
PLATINO DE DIST | VOLKSWAGEN BMW - FIA,EKTEK161V,BAJO,A,,
PLATINO DE DIST | RENAULT IKA - TORINO,EKTEK16V,BAJO,C,,
PLATINO DE DIST | CHEVROLET 400 - FORD,EKTEK17V,BAJO,A,,
CONDENSADOR | UNIVERSAL CANTIDAD P,EKTEK2222,BAJO,A,,
CONDENSADOR | RENAULT / PEUGEOT CA,EKTEK3225,BAJO,A,,
CONDENSADOR | VOLKSWAGEN CON CABLE,EKTEK3234,BAJO,B,,
PLATINO DE DIST | FIAT 1500 - 600,EKTEK335V,BAJO,C,,
PLATINO DE DIST | VOLKSWAGEN 1500 - DO,EKTEK337V,BAJO,A,,
PLATINO DE DIST | HONDA/DATSUN KS339,EKTEK343V,BAJO,C,,
PLATINO DE DIST | TOYOTA CELICA/DAIHAT,EKTEK344V,BAJO,C,,
PLATINO DE DIST | MAZDA - MITSUBISHI /,EKTEK361V,BAJO,C,,
PLATINO DE DIST | MITSUBISHI/MAZDA,EKTEK368V,BAJO,C,,
PLATINO DE DIST | FIAT 600 - 750 - 800,EKTEK438V,BAJO,C,,
BATERIA | 12V 45 AMP COMPACTA,EKTEK450,MEDIO,C,,
PLATINO DE DIST | FIAT 125 - 128 EUROP,EKTEK451V,BAJO,A,,
PLATINO DE DIST | FIAT 128 MODELO VIEJ,EKTEK452V,BAJO,B,,
PLATINO DE DIST | FORD FALCON ENTERIZO,EKTEK511V,BAJO,B,,
PLATINO DE DIST | RENAULT/ PEUGEOT 504,EKTEK542V,BAJO,C,,
PLATINO DE DIST | PEUGEOT 505 DUCELLIE,EKTEK548V,BAJO,C,,
BATERIA | 12V 55 AMP (WILLARD,EKTEK550,MEDIO,C,,
PLATINO DE DIST | RENAULT/ PEUGEOT - K,EKTEK579V,BAJO,A,,
PLATINO DE DIST | FORD TAUNUS INDIEL D,EKTEK625V,BAJO,B,,
CONDENSADOR | FIAT 125 - 128- 147,EKTEK6305,BAJO,B,,
BATERIA | 12V 65 AMP (WILLARD,EKTEK650,ALTO,C,,
BATERIA | 12V 75 AMP (WILLARD,EKTEK750,ALTO,C,,
BATERIA | 12V 80 AMP REFORZADA,EKTEK800,ALTO,C,,
BATERIA | 12V 85 AMP (WILLARD,EKTEK850,ALTO,C,,
EXHIBIDOR EKTIO | ESCOBILLAS LIMPIAPAR,EKTEXHIB1,BAJO,C,,
BUJIAS DE ENCEN | EQUIV. BOSCH F7DC /,EKTF7DC+GNC,BAJO,A,,
ESCOBILLA FIT U | 14'' CURVA GOMA - IN,EKTFIT14,BAJO,A,,
ESCOBILLA FIT U | 15'' CURVA GOMA - IN,EKTFIT15,BAJO,A,,
ESCOBILLA FIT U | 16'' CURVA GOMA - IN,EKTFIT16,BAJO,A,,
ESCOBILLA FIT U | 17'' CURVA GOMA - IN,EKTFIT17,BAJO,A,,
ESCOBILLA FIT U | 18'' CURVA GOMA - IN,EKTFIT18,BAJO,A,,
ESCOBILLA FIT U | 19'' CURVA GOMA - IN,EKTFIT19,BAJO,A,,
ESCOBILLA FIT U | 20'' CURVA GOMA - IN,EKTFIT20,BAJO,A,,
ESCOBILLA FIT U | 21'' CURVA GOMA - IN,EKTFIT21,BAJO,A,,
ESCOBILLA FIT U | 22'' CURVA GOMA - IN,EKTFIT22,BAJO,A,,
ESCOBILLA FIT U | 24'' CURVA GOMA - IN,EKTFIT24,BAJO,A,,
ESCOBILLA FIT U | 26'' CURVA GOMA - IN,EKTFIT26,BAJO,A,,
ESCOBILLA FIT U | 28'' CURVA GOMA - IN,EKTFIT28,BAJO,A,,
ESCOBILLA FIT U | 30'' CURVA GOMA - IN,EKTFIT30,BAJO,A,,
ESCOBILLA FIT U | 32'' CURVA GOMA - IN,EKTFIT32,BAJO,A,,
BUJIAS DE ENCEN | EQUIV. BOSCH FR78 /,EKTFR78,BAJO,C,,
BUJIAS DE ENCEN | EQUIV. BOSCH FR7DC+,EKTFR7DC+GNC,BAJO,A,,
BUJIAS DE ENCEN | EQUIV. BOSCH FR7LDC,EKTFR7LDC+GNC,BAJO,A,,
BUJIAS DE ENCEN | EQUIV. BOSCH F7LTCR,EKTFR7LTC+,BAJO,C,,
BUJIAS DE ENCEN | EQUIV. BOSCH FR8ME /,EKTFR8ME+GNC,BAJO,A,,
BUJIAS DE ENCEN | EQUIV. BOSCH H7DC /,EKTH7DC,BAJO,C,,
BUJIAS DE ENCEN | EQUIV. BOSCH H7DC /,EKTH7DC+GNC,BAJO,A,,
BUJIAS DE ENCEN | EQUIV. BOSCH HR6BC /,EKTHR6BC,BAJO,C,,
BUJIAS DE ENCEN | EQUIV. BOSCH HR6BC /,EKTHR6BC+GNC,BAJO,C,,
BUJIAS DE ENCEN | EQUIV. BOSCH HR78 /,EKTHR78,BAJO,C,,
BUJIAS DE ENCEN | EQUIV. BOSCH HR7MCU,EKTHR7MCU+GNC,BAJO,A,,
ESCOBILLA FLAT | 13'' CHATA ACERO - E,EKTSTD13,BAJO,A,,
ESCOBILLA FLAT | 14'' CHATA ACERO - E,EKTSTD14,BAJO,A,,
ESCOBILLA FLAT | 15'' CHATA ACERO - E,EKTSTD15,BAJO,A,,
ESCOBILLA FLAT | 16'' CHATA ACERO - E,EKTSTD16,BAJO,A,,
ESCOBILLA FLAT | 17'' CHATA ACERO - E,EKTSTD17,BAJO,A,,
ESCOBILLA FLAT | 18'' CHATA ACERO - E,EKTSTD18,BAJO,A,,
ESCOBILLA FLAT | 19'' CHATA ACERO - E,EKTSTD19,BAJO,A,,
ESCOBILLA FLAT | 20'' CHATA ACERO - E,EKTSTD20,BAJO,A,,
ESCOBILLA FLAT | 21'' CHATA ACERO - E,EKTSTD21,BAJO,A,,
ESCOBILLA FLAT | 22'' CHATA ACERO - E,EKTSTD22,BAJO,A,,
ESCOBILLA FLAT | 24'' CHATA ACERO - E,EKTSTD24,BAJO,A,,
ESCOBILLA FLAT | 26'' CHATA ACERO - E,EKTSTD26,BAJO,A,,
ESCOBILLA TRASE | 10'' CURVA GOMA - 10,EKTTR10PR,BAJO,A,,
ESCOBILLA TRASE | 12'' CURVA GOMA - 10,EKTTR12PR,BAJO,A,,
ESCOBILLA TRASE | 14'' CURVA GOMA - 10,EKTTR14PR,BAJO,A,,
ESCOBILLA TRASE | 16'' CURVA GOMA - 10,EKTTR16PR,BAJO,A,,
BUJIAS DE ENCEN | BUJIA EQUIVALENTE BO,EKTUR7DC,BAJO,C,,
BUJIAS DE ENCEN | EQUIV. BOSCH VR8SE /,EKTVR8SE+GNC,BAJO,A,,
BUJIAS DE ENCEN | EQUIV. BOSCH W10DC /,EKTW10DC,BAJO,C,,
BUJIAS DE ENCEN | EQUIV. BOSCH W10DC /,EKTW10DC+GNC,BAJO,B,,
BUJIAS DE ENCEN | EQUIV. BOSCH W10FC /,EKTW10FC,BAJO,C,,
BUJIAS DE ENCEN | EQUIV. BOSCH W2CS /,EKTW2CS,BAJO,C,,
BUJIAS DE ENCEN | EQUIV. BOSCH W8BC /,EKTW8BC,BAJO,B,,
BUJIAS DE ENCEN | EQUIV. BOSCH W8BC /,EKTW8BC+GNC,BAJO,A,,
BUJIAS DE ENCEN | EQUIV. BOSCH W8DC /,EKTW8DC+GNC,BAJO,A,,
BUJIAS DE ENCEN | EQUIV. BOSCH W9CC /,EKTW9CC,BAJO,C,,
BUJIAS DE ENCEN | EQUIV. BOSCH WR78 /,EKTWR78,BAJO,C,,
BUJIAS DE ENCEN | EQUIV. BOSCH WR7LTC+,EKTWR7LTC+,BAJO,B,,
BUJIAS DE ENCEN | EQUIV. BOSCH WR8DC+,EKTWR8DC+,BAJO,A,,
BUJIAS DE ENCEN | EQUIV. BOSCH WR8DC+,EKTWR8DC+GNC,BAJO,A,,
ESCOBILLA FLAT | 15'' CHATA ACERO - E,EKTX2STD15,BAJO,C,,
ESCOBILLA FLAT | 18'' CHATA ACERO - E,EKTX2STD18,BAJO,C,,
ESCOBILLA FLAT | 19'' CHATA ACERO - E,EKTX2STD19,BAJO,C,,
ESCOBILLA FLAT | 21'' CHATA ACERO - E,EKTX2STD21,BAJO,C,,
ESCOBILLA FLAT | 26'' CHATA ACERO - E,EKTX2STD26,BAJO,C,,
BUJIAS DE ENCEN | EQUIV. BOSCH XR5DC /,EKTXR5DC,BAJO,C,,
BUJIAS DE ENCEN | EQUIV. BOSCH YR7DE /,EKTYR7DE+GNC,BAJO,A,,
ELECTROVALVULA | ELECTRO NAFTA PARA G,ELEEN02,BAJO,B,,
BLISTER DE ESTA | BLISTER DE ESTAÑO PO,EXIBLIESTA,BAJO,B,,
CARRETEL DE EST | CARRETEL DE ESTAÑO 1,EXICARESTA,BAJO,B,,
CABLE BUJIA LIN | CHEVROLET-GM CHEVY /,FER02-00211,MEDIO,C,,
CABLE BUJIA LIN | CHEVROLET-GM CORSA 1,FER02-00296,MEDIO,C,,
CABLE BUJIA LIN | CHEVROLET ASTRA 1.8,FER02-00299,MEDIO,C,,
CABLE BUJIA LIN | CHEVROLET GM ONIX 1.,FER02-01731,BAJO,C,,
CABLE BUJIA LIN | CHEVROLET GM AVEO 1.,FER02-01793,BAJO,C,,
CABLE BUJIA LIN | CHEVROLET - GM CORSA,FER02-01796,BAJO,B,,
CABLE BUJIA LIN | CHEVROLET GM ASTRA 1,FER02-01799,BAJO,C,,
CABLE BUJIA LIN | CHEVROLET CHEVY/ SUP,FER02-33011,BAJO,C,,
CABLE BUJIA LIN | VOLKSWAGEN GOL/ GACE,FER03-00200,MEDIO,C,,
CABLE BUJIA LIN | VOLKSWAGEN GOL GL MI,FER03-00204,MEDIO,C,,
CABLE BUJIA LIN | FOX - CROSS FOX 1.6,FER03-00239,MEDIO,C,,
CABLE BUJIA LIN | VOLKSWAGEN GOL/ GACE,FER03-01700,MEDIO,C,,
CABLE BUJIA LIN | VOLKSWAGEN GOL GL MI,FER03-01704,MEDIO,C,,
CABLE BUJIA LIN | VOLKSWAGEN GOLF / FO,FER03-01739,BAJO,B,,
CABLE BUJIA LIN | VOLKSWAGEN BORA / NE,FER03-01758,BAJO,C,,
CABLE BUJIA LIN | VOLKSWAGEN SAVEIRO 1,FER03-01759,MEDIO,C,,
CABLE BUJIA LIN | DODGE 1500 1.5 - 1.8,FER03-33021,BAJO,C,,
CABLE BUJIA LIN | VOLKSWAGEN POLO CLAS,FER03-33031,BAJO,C,,
CABLE BUJIA LIN | VOLKSWAGEN GOL GL MI,FER03-33035,BAJO,B,,
CABLE BUJIA LIN | VOLKSWAGEN GOL/ GACE,FER03-33050,BAJO,C,,
CABLE BUJIA LIN | FORD FALCON / FAIRLA,FER04-00230,MEDIO,C,,
CABLE BUJIA LIN | FORD FIESTA/ KA / EC,FER04-00289,MEDIO,C,,
CABLE BUJIA LIN | FORD FALCON / FAIRLA,FER04-01730,BAJO,C,,
CABLE BUJIA LIN | TAUNUS BOBINA LARGA,FER04-01736,BAJO,C,,
CABLE BUJIA LIN | FORD FIESTA/ KA/ ECO,FER04-01789,BAJO,C,,
CABLE BUJIA LIN | FORD ECO SPORT 1.0 -,FER04-01797,BAJO,C,,
CABLE BUJIA LIN | FORD ECO SPORT / FIE,FER04-01799,BAJO,C,,
CABLE BUJIA LIN | FORD FALCON / FAIRLA,FER04-33030,BAJO,B,,
CABLE BUJIA LIN | FORD ESCORT 1.6 - 1.,FER04-33053,BAJO,C,,
CABLE BUJIA LIN | FORD FIESTA/ KA/ ESC,FER04-33089,BAJO,C,,
CABLE BUJIA LIN | FIAT 600/800,FER05-00240,MEDIO,C,,
CABLE BUJIA LIN | FIAT 128 / DUNA / UN,FER05-00244,MEDIO,C,,
CABLE BUJIA LIN | FIAT PALIO/SIENA/ UN,FER05-00266,MEDIO,C,,
CABLE BUJIA LIN | FIAT UNO / 147 1.4 -,FER05-00295,MEDIO,C,,
CABLE BUJIA LIN | FIAT DUNA MOTOR TIPO,FER05-00297,MEDIO,C,,
CABLE BUJIA LIN | FIAT SIENA PALIO MON,FER05-01760,BAJO,C,,
CABLE BUJIA LIN | FIAT PALIO-SIENA 1.3,FER05-01763,BAJO,C,,
CABLE BUJIA LIN | FIAT PALIO/SIENA/UNO,FER05-01766,BAJO,C,,
CABLE BUJIA LIN | FIAT 500 CULT/ GRAND,FER05-01767,BAJO,C,,
CABLE BUJIA LIN | FIAT IDEA/PALIO/PALI,FER05-01770,BAJO,C,,
CABLE BUJIA LIN | FIAT UNO / 147 1.4 -,FER05-01795,BAJO,C,,
CABLE BUJIA LIN | FIAT DUNA 1.4 - 1.6,FER05-01797,BAJO,C,,
CABLE BUJIA LIN | FIAT 128 / DUNA / UN,FER05-33044,BAJO,C,,
CABLE BUJIA LIN | FIAT UNO/147 MOTOR T,FER05-33095,BAJO,C,,
CABLE BUJIA LIN | FIAT DUNA 1.4 - 1.6,FER05-33097,BAJO,C,,
CABLE BUJIA LIN | RENAULT LOGAN K7M /,FER06-00230,BAJO,C,,
CABLE BUJIA LIN | TORINO MOTOR TORNADO,FER06-00251,MEDIO,C,,
CABLE BUJIA LIN | RENAULT FUEGO/ 18/21,FER06-00283,MEDIO,C,,
CABLE BUJIA LIN | RENAULT 9 ENC. MAREL,FER06-01715,BAJO,C,,
CABLE BUJIA LIN | RENAULT LOGAN/SANDER,FER06-01730,BAJO,C,,
CABLE BUJIA LIN | RENAULT CLIO 2 1.2 1,FER06-01796,BAJO,C,,
CABLE BUJIA LIN | RENAULT 9 ENC. MAREL,FER06-33015,BAJO,C,,
CABLE BUJIA LIN | RENAULT 12 81--> BOB,FER06-33054,BAJO,C,,
CABLE BUJIA LIN | RENAULT 19 BOBINA LA,FER06-33058,BAJO,C,,
CABLE BUJIA LIN | RENAULT FUEGO NACION,FER06-33083,BAJO,C,,
CABLE BUJIA LIN | RENAULT11 BOBINA DE,FER06-33085,BAJO,C,,
CABLE BUJIA LIN | RENAULT 9/19 BOBINA,FER06-33094,BAJO,C,,
CABLE BUJIA LIN | PEUGEOT 504 MOTOR 20,FER07-33072,BAJO,C,,
CABLE BUJIA LIN | HONDA CIVIC LSI,FER12-00103,MEDIO,D,,
CABLE BUJIA LIN | HONDA CIVIC LSI,FER12-00203,MEDIO,D,,
CABLE BUJIA LIN | HONDA CIVIC 1.5 16V,FER12-00204,MEDIO,D,,
CABLE BUJIA LIN | HONDA CIVIC 1.6 / 1.,FER12-01701,BAJO,D,,
CABLE BUJIA LIN | AUDI QQ 1.1,FER40-01703,BAJO,C,,
BUJIA DE ENCEND | EQUIVALENTE A NGK LZ,FERAR7CC,BAJO,C,,
BOBINAS DE IGNI | UNIVERSAL BAÑO ACEIT,FERBA354,MEDIO,C,,
BOBINAS DE IGNI | UNIVERSAL BAÑO ACEIT,FERBA355,MEDIO,C,,
BOBINAS DE IGNI | UNIVERSAL SECA ENCEN,FERBA360,MEDIO,C,,
BOBINAS DE IGNI | BOBINA SECA POTENCIA,FERBA370,ALTO,C,,
BOBINAS DE IGNI | BOBINA SECA COMPETIC,FERBC361,BAJO,C,,
BUJIA DE ENCEND | FIAT 500 / FIORINO /,FERBR7IP,BAJO,C,,
BUJIA DE ENCEND | EQUIVALENTE A NGK BP,FERER5CC,BAJO,C,,
BUJIA DE ENCEND | EQUIVALENTE A NGK BP,FERER5IP,BAJO,C,,
BUJIA DE ENCEND | EQUIVALENTE A NGK IL,FERFR6CC,BAJO,B,,
BUJIA DE ENCEND | CITROEN C3 PICASSO /,FERGR8CC,BAJO,C,,
BUJIA DE ENCEND | EQUIVALENTE A NGK AP,FERHR5CC,BAJO,C,,
BUJIA DE ENCEND | EQUIVALENTE A NGK AP,FERHR5IP,BAJO,C,,
KIT BUJIA MOTO | KIT BOBINA MOTO 180,FERKMEA45,MEDIO,C,,
KIT BUJIA MOTO | KIT BOBINA MOTO 90 E,FERKMEB45,MEDIO,C,,
KIT BOBINA MOTO | 130 EXTREME CORTO,FERKMEC45,MEDIO,C,,
KIT BOBINA MOTO | 130 EXTREME LARGO,FERKMED45,MEDIO,C,,
BUJIA DE ENCEDI | AUDI 1.4 16V. TFSI (,FERKR7IP,BAJO,C,,
BUJIA DE ENCEND | EQUIVALENTE A NGK C7,FERMR7CC,BAJO,A,,
BUJIA DE ENCEND | EQUIVALENTE A NGK CP,FERNR8CC,BAJO,B,,
BUJIA DE ENCEND | FIAT ARGO / CRONOS 1,FERPR7CC,BAJO,C,,
BUJIA DE ENCEND | EQUIVALENTE A NGK D8,FERQR8CC,BAJO,A,,
BUJIA DE ENCEND | EQUIVALENTE A NGK BP,FERRR5CC,BAJO,C,,
BUJIA DE ENCEND | EQUIVALENTE A NGK BP,FERRR5IP,BAJO,C,,
BUJIA DE ENCEND | EQUIVALENTE A NGK BP,FERSR5CC,BAJO,A,,
BUJIA DE ENCEND | EQUIVALENTE A NGK BP,FERSR5IP,BAJO,C,,
BUJIA DE ENCEND | EQUIVALENTE A NGK BP,FERSR6CC,BAJO,B,,
BUJIA DE ENCEND | EQUIVALENTE A NGK BP,FERSR6IP,BAJO,C,,
BUJIA DE ENCEND | EQUIVALENTE A NGK BP,FERSR8IP,BAJO,C,,
BUJIA DE ENCEND | CHEVROLET CRUZE 1.4,FERUR6CC,BAJO,C,,
BUJIA DE ENCEND | EQUIVALENTE A NGK LF,FERXR5CC,BAJO,C,,
BUJIA DE ENCEND | EQUIVALENTE A NGK LF,FERXR5IP,BAJO,C,,
BUJIA DE ENCEND | EQUIVALENTE A NGK BC,FERZR5CC,BAJO,B,,
BUJIA DE ENCEND | EQUIVALENTE A NGK BC,FERZR5IP,BAJO,C,,
BUJIA DE ENCEND | EQUIVALENTE A NGK BC,FERZR6CC,BAJO,B,,
BUJIA DE ENCEND | EQUIVALENTE A NGK BC,FERZR6IP,BAJO,C,,
BUJIA DE ENCEND | EQUIVALENE A NGK BCP,FERZR8IP,BAJO,C,,
PLAQUETA PORTA | TODO MODELO GAREF,GAR4802400,BAJO,C,,
PLAQUETA PORTA | DIODOS IMPORTADOS PO,GAR4870125,BAJO,C,,
PLAQUETA PORTA | ,GAR4870150,BAJO,C,,
PLAQUETA RECTIF | ,GAR4870900,MEDIO,C,,
PLAQUETA PORTA | DIODOS IMPORTADOS,GAR4872400,BAJO,C,,
PLAQUETA PORTA | REEMPLAZA 35212441 I,GAR4872441,BAJO,D,,
PLAQUETA PORTA | REEMPLAZA 32512442 I,GAR4872442,BAJO,C,,
PLAQUETA PORTA | DIODOS IMPORTADOS,GAR4872500,BAJO,D,,
PLAQUETA RECTIF | TIPO INDIEL,GAR4872529,MEDIO,C,,
PLAQUETA PORTA | REEMPLAZA 35212574 I,GAR4872574,BAJO,D,,
PLAQUETA PORTA | REEMPLAZA 35212575 I,GAR4872575,BAJO,D,,
PLAQUETA RECTIF | TIPO INDIEL CODIGO N,GAR4873136,MEDIO,C,,
PLAQUETA RECTIF | TIPO INDIEL,GAR4873274,MEDIO,D,,
PLAQUETA RECTIF | TIPO INDIEL,GAR4873437,MEDIO,D,,
PLAQUETA RECTIF | TIPO INDIEL,GAR4873646,MEDIO,C,,
PLAQUETA RECTIF | TIPO INDIEL,GAR4873672,MEDIO,D,,
PLAQUETA RECTIF | TIPO INDIEL,GAR4873682,MEDIO,D,,
PLAQUETA RECTIF | TIPO INDIEL,GAR4873806,MEDIO,D,,
PLAQUETA RECTIF | TIPO INDIEL,GAR4873894,MEDIO,D,,
PLAQUETA TRIO A | GAREF TODO MODELO RE,GAR4880600,BAJO,C,,
SOPORTE LADO CO | VOLKSWAGEN DODGE 150,GAR5105310,BAJO,D,,
HORQUILLA DE IM | RENAULT 12 TS INDIEL,GAR6635400,BAJO,C,,
CAPTOR DE DISTR | IMAN PLACA MAGNETICA,GAR6800100,BAJO,C,,
CAPACITOR - CON | FIAT 1500 - 1600,GAR6882700,BAJO,C,,
"CONDENSADOR | 2,2 MICROFARADIOS",GAR6882800,BAJO,C,,
CAPACITOR - CON | FIAT SUPER EUROPA 15,GAR6882925,BAJO,C,,
CAPACITOR - CON | FORD FALCON - F100 -,GAR6882970,BAJO,C,,
CAPACITOR - CON | FORD TAUNUS MOTORCRA,GAR6882971,BAJO,C,,
CAPACITOR - CON | CITROEN 3CV,GAR6882972,BAJO,C,,
FILTRO DE RADIO | UNIVERSAL,GAR6882974,BAJO,C,,
CAPACITOR - CON | RENAULT - TORINO - E,GAR6882975,BAJO,C,,
CAPACITOR - CON | PEUGEOT 404 - 504 AR,GAR6882976,BAJO,C,,
CAPACITOR - CON | RENAULT 4 - 6 - 12 -,GAR6882977,BAJO,B,,
CAPACITOR - CON | UNIVERSAL,GAR6882978,BAJO,B,,
CAPACITOR - CON | FORD TAUNUS INDIEL,GAR6882979,BAJO,C,,
CAPACITOR - CON | FORD FALCON 60 - 67,GAR6882980,BAJO,C,,
CAPACITOR - CON | CHEVROLET 400 - CHEV,GAR6882981,BAJO,C,,
CAPACITOR - CON | FORD FALCON 6880 AUT,GAR6882982,BAJO,C,,
CAPACITOR - CON | FIAT 147 - 128 EUROP,GAR6882983,BAJO,C,,
CAPACITOR - CON | MITSUBISHI,GAR6882984,BAJO,C,,
CAPACITOR - CON | PEUGEOT - 505 DISTRI,GAR6882985,BAJO,D,,
CAPACITOR - CON | VOLKSWAGEN GACEL 85,GAR6882991,BAJO,C,,
CAPACITOR - CON | VOLKSWAGEN GACEL 86,GAR6882992,BAJO,C,,
CAPACITOR - CON | VOLKSWAGEN DODGE 150,GAR6882993,BAJO,C,,
CAPACITOR - CON | FIAT 600 - 128 HASTA,GAR6883000,BAJO,C,,
CAPACITOR - CON | FIAT 125 - 133 - 147,GAR6883100,BAJO,C,,
SOLENOIDE DE AR | TIPO CAV 12V,GAR6884400,BAJO,B,,
SOLENOIDE DE AR | TIPO BOSCH 12V,GAR6885500,BAJO,C,,
SOLENOIDE DE AR | 24 CAV,GAR6886600,BAJO,C,,
REGULADOR DE VO | MODELO 50 AMP ALT GA,GAR6887400,BAJO,C,,
MODULO DE IGNIC | FIAT - PEUGEOT,GAR6887500,MEDIO,C,,
SOLENOIDE DE AR | TIPO CAV 12V KANGOO,GAR6887700,BAJO,C,,
CAPTOR DE DISTR | FIAT REGATTA - 1500,GAR6889350,MEDIO,C,,
CAPTOR DE DISTR | FIAT - PEUGEOT AL688,GAR6889355,MEDIO,C,,
PLATINO DE DIST | FIAT 1500 - 1600 DIS,GAR7610600,BAJO,C,,
PLATINO DE DIST | FIAT 128 877 DISTRIB,GAR7611000,BAJO,C,,
PLATINO DE DIST | FIAT 600 DISTRIBUIDO,GAR7670300,BAJO,C,,
PLATINO DE DIST | FIAT 125 - 147 - 128,GAR7670600,BAJO,C,,
PLATINO DE DIST | PEUGEOT 404 - 504 R4,GAR7670800,BAJO,C,,
PLATINO DE DIST | FORD TAUNUS - FALCON,GAR7671000,BAJO,C,,
PLATINO DE DIST | FORD FALCON - CHEVRO,GAR7671200,BAJO,C,,
PLATINO DE DIST | RENAULT TORINO,GAR7671400,BAJO,C,,
PLATINO DE DIST | FORD FALCON 6 CILIND,GAR7671600,BAJO,C,,
PLATINO DE DIST | CITROEN 3CV,GAR7671800,BAJO,C,,
PLATINO DE DIST | VOLKSWAGEN DODGE 150,GAR7672000,BAJO,C,,
PLATINO DE DIST | FIAT 147 - GACEL,GAR7672200,BAJO,C,,
DISTRIBUIDOR ME | FIAT 600,GAR8020803,ALTO,C,,
DISTRIBUIDOR ME | FIAT 125,GAR8020807,ALTO,D,,
DISTRIBUIDOR ME | FIAT 128 11001300 CC,GAR8020814,ALTO,D,,
DISTRIBUIDOR ME | FIAT 600S,GAR8020816,ALTO,D,,
DISTRIBUIDOR EL | FIAT 128 - 147 - SUP,GAR8020821,ALTO,D,,
DISTRIBUIDOR ME | FIAT 128 CL5 147 110,GAR8020838,ALTO,D,,
DISTRIBUIDOR EL | FIAT REGATTA - SUPER,GAR8020852,ALTO,D,,
CENTRAL ELECTRO | FIAT - PEUGEOT,GAR8021402,MEDIO,D,,
DISTRIBUIDOR EL | FIAT 125,GAR8330101,ALTO,D,,
DISTRIBUIDOR EL | FIAT 128 - CON BASE,GAR8330102,ALTO,D,,
CONTRATAPA DE D | RENAULT 4L - 4F - 6,GEN1000,BAJO,C,,
CABLE BUJIA 8 M | RENAULT IKA JEEP 4 C,GEN10005,BAJO,C,,
CABLE BUJIA 8 M | RENAULT IKA ESTANCIE,GEN10010,BAJO,C,,
CABLE BUJIA 8 M | RENAULT IKA TORINO -,GEN10015,BAJO,C,,
CABLE BUJIA 8 M | RENAULT 4L,GEN10020,BAJO,C,,
CABLE BUJIA 8 M | RENAULT 4S - 6 - 12,GEN10025,BAJO,C,,
CABLE BUJIA 8 M | RENAULT 9 92,GEN10030,BAJO,C,,
CABLE BUJIA 8 M | RENAULT 9 92/93 DIST,GEN10035,BAJO,C,,
CABLE BUJIA 8 M | RENAULT 9 DISTRIBUID,GEN10036,BAJO,C,,
CABLE BUJIA 8 M | RENAULT 9 94 CABLE B,GEN10040,BAJO,C,,
CABLE BUJIA 8 M | RENAULT 9 TURCO - 19,GEN10041,BAJO,C,,
CABLE BUJIA 8 M | RENAULT 11 89,GEN10045,BAJO,C,,
CABLE BUJIA 8 M | RENAULT 11 90,GEN10046,BAJO,C,,
TAPA DE DISTRIB | RENAULT 4L - 4F - 6,GEN1005,BAJO,C,,
CABLE BUJIA 8 M | RENAULT 11 TURBO,GEN10050,BAJO,C,,
CABLE BUJIA 8 M | RENAULT 12 81,GEN10055,BAJO,C,,
CABLE BUJIA 8 M | RENAULT DACIA,GEN10056,BAJO,C,,
TAPA DE DISTRIB | RENAULT 6 - 9 - 11 -,GEN1006,BAJO,C,,
CABLE BUJIA 8 M | RENAULT 12 92/93 ENC,GEN10060,BAJO,C,,
CABLE BUJIA 8 M | RENAULT 12 94 DISTRI,GEN10065,BAJO,C,,
TAPA DE DISTRIB | RENAULT 4L - 6 - 12,GEN1007,BAJO,C,,
CABLE BUJIA 8 M | RENAULT 18 1400,GEN10070,BAJO,C,,
CABLE BUJIA 8 M | RENAULT 18 2000 - FU,GEN10075,BAJO,C,,
TAPA DE DISTRIB | RENAULT 18 - 21 - FU,GEN1008,BAJO,C,,
CABLE BUJIA 8 M | RENAULT 19 1600 RN E,GEN10080,BAJO,C,,
CABLE BUJIA 8 M | RENAULT 19 1600 RN -,GEN10085,BAJO,C,,
CABLE BUJIA 8 M | RENAULT 19 1 6 RN -,GEN10086,BAJO,C,,
CABLE BUJIA 8 M | RENAULT 19 1 6 RN -,GEN10087,BAJO,C,,
TAPA DE DISTRIB | RENAULT 9 - 11 - 18,GEN1009,BAJO,C,,
CABLE BUJIA 8 M | RENAULT 19 RT 1 7 -,GEN10090,BAJO,C,,
CABLE BUJIA 8 M | RENAULT 19 CHAMADE,GEN10095,BAJO,C,,
TAPA DE DISTRIB | RENAULT JEEP IKA - B,GEN1010,BAJO,C,,
CABLE BUJIA 8 M | RENAULT 21 2000 - 22,GEN10100,BAJO,C,,
CABLE BUJIA 8 M | RENAULT 21 INYECCIÓN,GEN10105,BAJO,C,,
CABLE BUJIA 8 M | RENAULT 21 NEVADA TS,GEN10106,BAJO,C,,
CABLE BUJIA 8 M | RENAULT 21 2 0I T 89,GEN10107,BAJO,D,,
CABLE BUJIA 8 M | RENAULT 30 V6 80 DIS,GEN10108,BAJO,D,,
CABLE BUJIA 8 M | RENAULT TRAFFIC 1 4,GEN10110,BAJO,C,,
CABLE BUJIA 8 M | RENAULT TRAFFIC 1 4,GEN10115,BAJO,C,,
CABLE BUJIA 8 M | RENAULT TRAFFIC 1 4,GEN10116,BAJO,C,,
TAPA DE DISTRIB | RENAULT 9 - 11 - 12,GEN1012,BAJO,C,,
CABLE BUJIA 8 M | RENAULT TRAFFIC 2 0,GEN10120,BAJO,C,,
CABLE BUJIA 8 M | RENAULT TRAFFIC 2 0,GEN10125,BAJO,C,,
CABLE BUJIA 8 M | RENAULT TRAFFIC 2 0,GEN10126,BAJO,C,,
CABLE BUJIA 8 M | RENAULT TWINGO DISTR,GEN10130,BAJO,C,,
CABLE BUJIA 8 M | RENAULT TWINGO BOBIN,GEN10135,BAJO,C,,
TAPA DE DISTRIB | WILLYS JEEP - CAMIÓN,GEN1014,BAJO,C,,
CABLE BUJIA 8 M | RENAULT CLIO RT 1 4,GEN10140,BAJO,C,,
CABLE BUJIA 8 M | RENAULT CLIO ENERGY,GEN10141,BAJO,C,,
CABLE BUJIA 8 M | RENAULT CLIO RT 1 6,GEN10145,BAJO,C,,
CABLE BUJIA 8 M | RENAULT 19 RNI 1 7I,GEN10146,BAJO,C,,
CABLE BUJIA 8 M | RENAULT 19 16V 1 8 -,GEN10147,MEDIO,C,,
TAPA DE DISTRIB | RENAULT - ESTANCIERA,GEN1015,BAJO,D,,
CABLE BUJIA 8 M | RENAULT SCENIC RXE 2,GEN10150,BAJO,C,,
CABLE BUJIA 8 M | RENAULT MEGANE CLASS,GEN10155,BAJO,C,,
CABLE BUJIA 8 M | RENAULT MEGANE 2 0I,GEN10156,BAJO,C,,
CABLE BUJIA 8 M | RENAULT MEGANE SCENI,GEN10160,BAJO,D,,
CABLE BUJIA 8 M | RENAULT LAGUNA 1 8 R,GEN10165,BAJO,D,,
TAPA DE DISTRIB | VOLKSWAGEN DODGE 35,GEN1017,BAJO,D,,
CABLE BUJIA 8 M | RENAULT LAGUNA 1 8 -,GEN10170,BAJO,C,,
CABLE BUJIA 8 M | RENAULT LAGUNA RTI -,GEN10175,MEDIO,C,,
TAPA DE DISTRIB | RENAULT TORINO ENCEN,GEN1018,BAJO,D,,
CABLE BUJIA 8 M | RENAULT LAGUNA V6 3,GEN10180,MEDIO,D,,
CABLE BUJIA 8 M | RENAULT LAGUNA V6 3,GEN10185,MEDIO,D,,
TAPA DE DISTRIB | RENAULT 19RN - RT -,GEN1019,BAJO,C,,
CABLE BUJIA 8 M | RENAULT KANGOO 1 4 -,GEN10190,BAJO,C,,
CABLE BUJIA 8 M | RENAULT KANGOO - TWI,GEN10195,BAJO,C,,
CABLE BUJIA 8 M | KANGOO - CLIO - LOGA,GEN10196,BAJO,C,,
TAPA DE DISTRIB | FORD FALCON 70/78 -,GEN1020,BAJO,B,,
CABLE BUJIA 8 M | RENAULT LOGAN,GEN10200,BAJO,C,,
TAPA DE DISTRIB | RENAULT 18 - 21 - FU,GEN1021,BAJO,C,,
TAPA DE DISTRIB | DODGE - CHRYSLER VAL,GEN1025,BAJO,C,,
TAPA DE DISTRIB | VOLKSWAGEN DODGE GTX,GEN1026,BAJO,D,,
TAPA DE DISTRIB | VOLKSWAGEN DODGE 150,GEN1030,BAJO,C,,
TAPA DE DISTRIB | PEUGEOT 403 - 404 -,GEN1035,BAJO,C,,
TAPA DE DISTRIB | VOLKSWAGEN VOLVO - P,GEN1036,BAJO,C,,
TAPA DE DISTRIB | VOLKSWAGEN DODGE 150,GEN1040,BAJO,C,,
TAPA DE DISTRIB | VOLKSWAGEN GACEL - K,GEN1045,BAJO,C,,
TAPA DE DISTRIB | VOLKSWAGEN GOL - SAV,GEN1050,BAJO,C,,
TAPA DE DISTRIB | RENAULT CLIO - TRAFF,GEN1051,BAJO,C,,
"TAPA DE DISTRIB | FORD ESCORT 1,6 - 1,",GEN1054,BAJO,C,,
TAPA DE DISTRIB | VOLKSWAGEN CARAT 200,GEN1055,BAJO,C,,
TAPA DE DISTRIB | FORD GALAXY - ORION,GEN1056,BAJO,A,,
TAPA DE DISTRIB | VOLKSWAGEN GOL - POL,GEN1057,BAJO,C,,
TAPA DE DISTRIB | FORD GALAXY - ORION,GEN1058,BAJO,C,,
TAPA DE DISTRIB | PEUGEOT 505 - 505 GA,GEN1060,BAJO,C,,
TAPA DE DISTRIB | RENAULT 21 - 21 ALIZ,GEN1065,BAJO,C,,
TAPA DE DISTRIB | PEUGEOT 205 - 405 DI,GEN1070,BAJO,C,,
TAPA DE DISTRIB | RENAULT 9 - 11 TURBO,GEN1075,BAJO,C,,
TAPA DE DISTRIB | RENAULT CLIO RL - RT,GEN1080,BAJO,C,,
CABLE BUJIA 8 M | PEUGEOT 404 - 504 78,GEN11005,BAJO,C,,
CABLE BUJIA 8 M | PEUGEOT 505 SR 86,GEN11010,BAJO,C,,
CABLE BUJIA 8 M | PEUGEOT 505 SR 89 BO,GEN11011,BAJO,C,,
CABLE BUJIA 8 M | PEUGEOT 505 SR 91 BO,GEN11012,BAJO,C,,
CABLE BUJIA 8 M | PEUGEOT 505 SR 86 CO,GEN11014,BAJO,D,,
CABLE BUJIA 8 M | PEUGEOT 505 SR 86 CO,GEN11015,BAJO,C,,
CABLE BUJIA 8 M | PEUGEOT 505 SR 89 BO,GEN11016,BAJO,C,,
CABLE BUJIA 8 M | PEUGEOT 505 SR 91 BO,GEN11017,BAJO,C,,
CABLE BUJIA 8 M | PEUGEOT 505 SR 89 BO,GEN11018,BAJO,C,,
CABLE BUJIA 8 M | PEUGEOT 505 SR 91 BO,GEN11019,BAJO,D,,
CABLE BUJIA 8 M | PEUGEOT 504 2 0 BOBI,GEN11020,BAJO,C,,
CABLE BUJIA 8 M | PEUGEOT 504 2 0 SRX,GEN11021,BAJO,C,,
CABLE BUJIA 8 M | PEUGEOT 504 SR 85 DI,GEN11022,BAJO,D,,
CABLE BUJIA 8 M | PEUGEOT 504 SR 85 DI,GEN11024,MEDIO,C,,
CABLE BUJIA 8 M | PEUGEOT 504 2 0 BOBI,GEN11025,MEDIO,C,,
CABLE BUJIA 8 M | PEUGEOT 504 2 0 SRX,GEN11026,MEDIO,D,,
CABLE BUJIA 8 M | PEUGEOT 504 2 0 BOBI,GEN11027,BAJO,D,,
CABLE BUJIA 8 M | PEUGEOT 504 2 0 SRX,GEN11028,BAJO,D,,
CABLE BUJIA 8 M | PEUGEOT 504 SR 85 DI,GEN11029,BAJO,C,,
CABLE BUJIA 8 M | PEUGEOT 505 GAMMA TE,GEN11030,BAJO,C,,
CABLE BUJIA 8 M | PEUGEOT 505 GAMMA TE,GEN11035,MEDIO,C,,
CABLE BUJIA 8 M | PEUGEOT 505 INYECCIÓ,GEN11040,BAJO,C,,
CABLE BUJIA 8 M | PEUGEOT 505 INYECCIÓ,GEN11041,BAJO,D,,
CABLE BUJIA 8 M | PEUGEOT 505 INYECCIÓ,GEN11045,MEDIO,C,,
CABLE BUJIA 8 m | PEUGEOT 505 Inyecció,GEN11046,MEDIO,D,,
CABLE BUJIA 8 M | PEUGEOT 505 INYECCIÓ,GEN11047,BAJO,D,,
CABLE BUJIA 8 M | PEUGEOT 505 INYECCIÓ,GEN11048,BAJO,D,,
CABLE BUJIA 8 M | PEUGEOT 505 INYECCIÓ,GEN11050,BAJO,C,,
CABLE BUJIA 8 M | PEUGEOT 405 SR - GR,GEN11055,BAJO,C,,
CABLE BUJIA 8 M | PEUGEOT 405 SR NACIO,GEN11056,BAJO,C,,
CABLE BUJIA 8 M | PEUGEOT 405 SR CONEX,GEN11060,BAJO,C,,
CABLE BUJIA 8 M | PEUGEOT 405 MI 16V D,GEN11061,BAJO,C,,
CABLE BUJIA 8 M | PEUGEOT 306 SR - GR,GEN11065,BAJO,C,,
CABLE BUJIA 8 M | PEUGEOT 604,GEN11066,MEDIO,D,,
CABLE BUJIA 8 M | PEUGEOT 605 SR - 806,GEN11070,BAJO,C,,
CABLE BUJIA 8 M | PEUGEOT 605 SV 3 0I,GEN11075,MEDIO,C,,
CABLE BUJIA 8 M | PEUGEOT 205 XS DISTR,GEN11080,BAJO,C,,
CABLE BUJIA 8 M | PEUGEOTT 205 GTI 1 9,GEN11081,BAJO,D,,
CABLE BUJIA 8 M | PEUGEOT 205 XS DISTR,GEN11082,MEDIO,C,,
CABLE BUJIA 8 M | PEUGEOT 205 1 4 - 1,GEN11083,BAJO,C,,
CABLE BUJIA 8 M | PEUGEOT 205 GTI 1 9,GEN11085,BAJO,C,,
CABLE BUJIA 8 M | PEUGEOT 205 GL BOBIN,GEN11090,MEDIO,C,,
CABLE BUJIA 8 M | PEUGEOT 106 XR - XN,GEN11095,BAJO,C,,
CABLE BUJIA 8 M | FORD TAUNUS L - GHIA,GEN12005,BAJO,C,,
CABLE BUJIA 8 M | FORD TAUNUS L - GHIA,GEN12010,BAJO,C,,
"CABLE BUJIA 8 M | FORD SIERRA L 1,6",GEN12015,BAJO,C,,
"CABLE BUJIA 8 M | FORD SIERRA GHIA 2,3",GEN12020,BAJO,C,,
CABLE BUJIA 8 M | FORD FALCON - FAIRLA,GEN12025,BAJO,C,,
CABLE BUJIA 8 M | FORD PICK UP - SEDAN,GEN12026,MEDIO,D,,
CABLE BUJIA 8 M | FORD F100 8 CILINDRO,GEN12030,MEDIO,C,,
CABLE BUJIA 8 M | FORD FAIRLANE - F100,GEN12035,MEDIO,C,,
CABLE BUJIA 8 M | FORD F100 V8 - RANGE,GEN12036,MEDIO,C,,
CABLE BUJIA 8 M | FORD FALCON ENCENDID,GEN12040,BAJO,D,,
CABLE BUJIA 8 M | FORD FALCON 4 CILIND,GEN12045,BAJO,D,,
"CABLE BUJIA 8 M | FORD ESCORT 1,6 88 /",GEN12050,BAJO,C,,
"CABLE BUJIA 8 M | FORD ESCORT 1,6 92CA",GEN12051,BAJO,C,,
"CABLE BUJIA 8 M | FORD ESCORT 1,6 92 -",GEN12055,BAJO,C,,
"CABLE BUJIA 8 M | FORD ESCORT 1,6 92 -",GEN12056,BAJO,C,,
CABLE BUJIA 8 M | FORD ESCORT 1 8I - 2,GEN12060,MEDIO,C,,
CABLE BUJIA 8 M | FORD ESCORT 1 8I - 2,GEN12061,MEDIO,C,,
CABLE BUJIA 8 M | FORD ORION 1 6 - 1 8,GEN12065,BAJO,C,,
CABLE BUJIA 8 M | FORD ORION 1 6 - 1 8,GEN12070,MEDIO,C,,
CABLE BUJIA 8 M | FORD ORION 1 6 - 1 8,GEN12071,MEDIO,C,,
CABLE BUJIA 8 M | FORD GALAXY 1 8 - 2,GEN12075,BAJO,C,,
CABLE BUJIA 8 M | FORD GALAXY 1 8 - 2,GEN12076,MEDIO,C,,
CABLE BUJIA 8 M | FORD GALAXY 1 8 - 2,GEN12080,BAJO,C,,
CABLE BUJIA 8 M | FORD GALAXY 1 8 - 2,GEN12081,MEDIO,C,,
CABLE BUJIA 8 M | FORD GALAXY 1 8 - 2,GEN12082,BAJO,C,,
CABLE BUJIA 8 M | FORD GALAXY 1 8 - 2,GEN12083,MEDIO,C,,
CABLE BUJIA 8 M | FORD F100 - FALCON 3,GEN12085,BAJO,C,,
CABLE BUJIA 8 M | FORD F100 4 9 CONEXI,GEN12090,MEDIO,C,,
CABLE BUJIA 8 M | FORD FIESTA ENDURA 9,GEN12095,BAJO,C,,
CABLE BUJIA 8 M | FORD FIESTA LX - KA,GEN12100,BAJO,C,,
CABLE BUJIA 8 M | FORD KA 1 0 99 CONEX,GEN12101,BAJO,C,,
CABLE BUJIA 8 M | FORD KA 1 3I 98 - FI,GEN12102,MEDIO,C,,
CABLE BUJIA 8 M | FORD FIESTA 1 2I - 1,GEN12103,BAJO,C,,
CABLE BUJIA 8 M | FORD FIESTA LX 16V 9,GEN12104,BAJO,D,,
CABLE BUJIA 8 M | FORD EXPLORER 93- RA,GEN12105,MEDIO,C,,
CABLE BUJIA 8 M | FORD FIESTA - COURIE,GEN12106,BAJO,D,,
CABLE BUJIA 8 M | FORD EXPLORER 97- RA,GEN12107,MEDIO,C,,
CABLE BUJIA 8 M | FORD ECO SPORT,GEN12108,BAJO,C,,
CABLE BUJIA 8 M | FORD EXPLORER V6 97,GEN12109,MEDIO,D,,
CABLE BUJIA 8 M | FORD GRANADA 2 0 4 C,GEN12110,BAJO,D,,
CABLE BUJIA 8 M | FORD GRANADA 2 3I -,GEN12115,BAJO,D,,
CABLE BUJIA 8 M | FORD GRANADA 2 3I -,GEN12116,BAJO,D,,
CABLE BUJIA 8 M | FORD MUSTANG V6,GEN12120,BAJO,D,,
CABLE BUJIA 8 M | FORD MUSTANG V}8,GEN12121,MEDIO,D,,
CABLE BUJIA 8 M | ECOSPORT - FIESTA -,GEN12124,BAJO,C,,
CABLE BUJIA 8 M | FORD ESCORT LX - CLX,GEN12125,BAJO,C,,
"CABLE BUJIA 8 M | FORD ESCORT 1,6I - 1",GEN12126,BAJO,C,,
CABLE BUJIA 8 M | FORD MONDEO CLX - CL,GEN12130,MEDIO,C,,
CABLE BUJIA 8 M | FORD FOCUS 1 8I - 2,GEN12131,BAJO,C,,
CABLE BUJIA 8 M | FORD MONDEO CLX V6 2,GEN12132,MEDIO,D,,
CABLE BUJIA 8 M | ECO SPORT - FIESTA -,GEN12133,BAJO,C,,
CABLE BUJIA 8 M | FORD MONDEO CLX V6 2,GEN12134,MEDIO,D,,
CABLE BUJIA 8 M | FORD RANGER 8 CILIND,GEN12135,MEDIO,D,,
CABLE BUJIA 8 M | FORD RANGER DOBLE EN,GEN12140,MEDIO,C,,
CABLE BUJIA 8 M | FORD RANGER 6 CILIND,GEN12141,MEDIO,D,,
CABLE BUJIA 8 M | FORD PICK UP AEROSTA,GEN12145,BAJO,D,,
CABLE BUJIA 8 M | FORD PICK UP AEROSTA,GEN12146,MEDIO,D,,
CABLE BUJIA 8 M | FORD MUSTANG V6 96,GEN12147,MEDIO,D,,
CABLE BUJIA 8 M | FORD F150 V8 SUPER C,GEN12150,MEDIO,D,,
CABLE BUJIA 8 M | FORD F150 - SUPER CA,GEN12151,MEDIO,D,,
CABLE BUJIA 8 M | FORD BRONCO 4X4 SLMP,GEN12155,MEDIO,D,,
CABLE BUJIA 8 M | FORD LINCOL 4.6 - V8,GEN12160,MEDIO,D,,
ROTOR DE DISTRI | FIAT 125 - 128 SUPER,GEN126,BAJO,C,,
CABLE BUJIA 8 M | CHEVROLET CHEVETTE,GEN13005,BAJO,C,,
CABLE BUJIA 8 M | CHEVROLET CHEVETTE 1,GEN13006,BAJO,D,,
CABLE BUJIA 8 M | CHEVROLET PICK UP -,GEN13010,BAJO,C,,
CABLE BUJIA 8 M | CHEVROLET CAMARO V8,GEN13011,MEDIO,C,,
CABLE BUJIA 8 M | CHEVROLET IMPALA 6 C,GEN13012,BAJO,D,,
CABLE BUJIA 8 M | CHEVROLET IMPALA V8,GEN13013,MEDIO,D,,
CABLE BUJIA 8 M | CHEVROLET MALIBU DIS,GEN13014,MEDIO,D,,
CABLE BUJIA 8 M | CHEVROLET OPEL K 180,GEN13015,BAJO,C,,
CABLE BUJIA 8 M | CHEVROLET CAPRIS V8,GEN13016,MEDIO,D,,
CABLE BUJIA 8 M | CHEVROLET IMPALA V8,GEN13017,MEDIO,D,,
CABLE BUJIA 8 M | CHEVROLET APACHE 57/,GEN13018,BAJO,D,,
CABLE BUJIA 8 M | CHEVROLET CORVETTE S,GEN13019,MEDIO,D,,
CABLE BUJIA 8 M | CHEVROLET C10 PICK U,GEN13020,BAJO,C,,
CABLE BUJIA 8 M | CHEVROLET 350 PICK U,GEN13021,MEDIO,D,,
CABLE BUJIA 8 M | CHEVROLET C20 PICK U,GEN13025,BAJO,C,,
CABLE BUJIA 8 M | CHEVROLET C20 PICK U,GEN13026,BAJO,C,,
CABLE BUJIA 8 M | CHEVROLET C20 PICK U,GEN13027,BAJO,C,,
CABLE BUJIA 8 M | CHEVROLET MONZA - KA,GEN13030,BAJO,D,,
CABLE BUJIA 8 M | CHEVROLET MONZA - KA,GEN13031,MEDIO,D,,
CABLE BUJIA 8 M | CHEVROLET MONZA - KA,GEN13035,BAJO,C,,
"CABLE BUJIA 8 M | CHEVROLET CORSA 1,4",GEN13040,BAJO,C,,
"CABLE BUJIA 8 M | CHEVROLET CORSA 1,4",GEN13045,BAJO,C,,
"CABLE BUJIA 8 M | CHEVROLET CORSA 1,6",GEN13050,BAJO,B,,
CABLE BUJIA 8 M | CHEVROLET CORSA 16V,GEN13051,MEDIO,C,,
CABLE BUJIA 8 M | CHEVROLET PRISMA - C,GEN13052,BAJO,C,,
"CABLE BUJIA 8 M | CHEVROLET VECTRA 2,0",GEN13054,MEDIO,C,,
"CABLE BUJIA 8 M | CHEVROLET VECTRA 2,0",GEN13055,BAJO,C,,
"CABLE BUJIA 8 M | CHEVROLET VECTRA 2,0",GEN13056,MEDIO,C,,
CABLE BUJIA 8 M | CHEVROLET AVEO,GEN13057,BAJO,C,,
CABLE BUJIA 8 M | CHEVROLET AVEO G3,GEN13058,BAJO,C,,
CABLE BUJIA 8 M | GM SPIN - SPARK,GEN13059,BAJO,C,,
CABLE BUJIA 8 M | CHEVROLET LUV PICK U,GEN13060,BAJO,C,,
CABLE BUJIA 8 M | CHEVROLET BLAZER - S,GEN13065,BAJO,C,,
CABLE BUJIA 8 M | CHEVROLET BLAZER - S,GEN13070,MEDIO,D,,
CABLE BUJIA 8 M | CHEVROLET BLAZER - S,GEN13075,MEDIO,D,,
CABLE BUJIA 8 M | CHEVROLET BLAZER V6,GEN13076,MEDIO,D,,
CABLE BUJIA 8 M | CHEVROLET BLAZER V6,GEN13077,MEDIO,C,,
CABLE BUJIA 8 M | CHEVROLET OMEGA GLS,GEN13080,MEDIO,D,,
"CABLE BUJIA 8 M | CHEVROLET OMEGA 2,2",GEN13085,MEDIO,D,,
CABLE BUJIA 8 M | CHEVROLET CAVALIER I,GEN13090,BAJO,D,,
CABLE BUJIA 8 M | CHEVROLET LUMINA 3 1,GEN13095,MEDIO,D,,
CABLE BUJIA 8 M | CHEVROLET LUMINA 3 8,GEN13100,MEDIO,D,,
CABLE BUJIA 8 M | CHEVROLET LUMINA - B,GEN13101,MEDIO,C,,
CABLE BUJIA 8 M | CHEVROLET LUMINA 3 8,GEN13102,BAJO,D,,
CABLE BUJIA 8 M | CHEVROLET LUMINA 3 1,GEN13103,BAJO,D,,
CABLE BUJIA 8 M | CHEVROLET SILVERADO,GEN13104,BAJO,D,,
CABLE BUJIA 8 M | CHEVROLET SILVERADO,GEN13105,BAJO,D,,
CABLE BUJIA 8 M | CHEVROLET SILVERADO,GEN13106,MEDIO,D,,
CABLE BUJIA 8 M | CHEVROLET YUKON V8 9,GEN13110,MEDIO,D,,
CABLE BUJIA 8 M | CHEVROLET CORSICA 6,GEN13115,MEDIO,D,,
CABLE BUJIA 8 M | CHEVROLET CORSICA 4,GEN13116,BAJO,D,,
CABLE BUJIA 8 M | CHEVROLET VANNET 8 C,GEN13120,MEDIO,C,,
CABLE BUJIA 8 M | FIAT 125,GEN14005,BAJO,C,,
CABLE BUJIA 8 M | FIAT 128,GEN14010,BAJO,C,,
CABLE BUJIA 8 M | FIAT 128 EUROPA,GEN14015,BAJO,C,,
CABLE BUJIA 8 M | FIAT 128 SUPER EUROP,GEN14020,BAJO,C,,
CABLE BUJIA 8 M | FIAT 128 SUPER EUROP,GEN14021,BAJO,C,,
CABLE BUJIA 8 M | FIAT 133,GEN14025,BAJO,C,,
CABLE BUJIA 8 M | FIAT 600,GEN14030,BAJO,C,,
CABLE BUJIA 8 M | FIAT 1500 - 1600,GEN14035,BAJO,C,,
CABLE BUJIA 8 M | FIAT BRIO,GEN14040,BAJO,C,,
CABLE BUJIA 8 M | FIAT 147,GEN14045,BAJO,C,,
CABLE BUJIA 8 M | FIAT 147 MOTOR TIPO,GEN14050,BAJO,C,,
CABLE BUJIA 8 M | FIAT TIPO 1 6,GEN14055,BAJO,C,,
CABLE BUJIA 8 M | FIAT REGATTA 85,GEN14060,BAJO,C,,
CABLE BUJIA 8 M | FIAT REGATTA 100 S,GEN14065,BAJO,D,,
CABLE BUJIA 8 M | FIAT REGATTA 2000,GEN14070,BAJO,D,,
CABLE BUJIA 8 M | FIAT REGATTA MOTOR T,GEN14075,BAJO,C,,
CABLE BUJIA 8 M | FIAT TEMPRA,GEN14080,BAJO,C,,
CABLE BUJIA 8 M | FIAT TEMPRA 98,GEN14081,BAJO,D,,
CABLE BUJIA 8 M | FIAT TEMPRA 16V BOBI,GEN14082,BAJO,D,,
CABLE BUJIA 8 M | FIAT UNO 91,GEN14085,BAJO,D,,
"CABLE BUJIA 8 M | FIAT UNO TURBO 1,4,",GEN14086,BAJO,D,,
"CABLE BUJIA 8 M | FIAT UNO 1,4­ES",GEN14087,BAJO,D,,
CABLE BUJIA 8 M | FIAT UNO 70S ITALIAN,GEN14088,BAJO,D,,
CABLE BUJIA 8 M | FIAT UNO 70S CONEXIÓ,GEN14089,BAJO,D,,
CABLE BUJIA 8 M | FIAT UNO MOTOR TIPO,GEN14090,BAJO,C,,
CABLE BUJIA 8 M | FIAT UNO MILLE 1 0 B,GEN14091,BAJO,D,,
"CABLE BUJIA 8 M | FIAT UNO 1,4 MPI 00",GEN14092,BAJO,C,,
CABLE BUJIA 8 M | FIAT DUNA 91,GEN14095,BAJO,C,,
CABLE BUJIA 8 M | FIAT DUNA WEEKEND -,GEN14096,BAJO,D,,
CABLE BUJIA 8 M | FIAT DUNA - UNO - 14,GEN14097,BAJO,C,,
CABLE BUJIA 8 M | FIAT DUNA WEEKEND -,GEN14098,BAJO,D,,
CABLE BUJIA 8 M | FIAT DUNA MOTOR TIPO,GEN14100,BAJO,C,,
"CABLE BUJIA 8 M | FIAT DUNA 1,3 MPI BO",GEN14101,BAJO,C,,
CABLE BUJIA 8 M | FIAT SIENA - PALIO M,GEN14102,BAJO,C,,
CABLE BUJIA 8 M | FIAT TIPO 1 4 - S -,GEN14104,BAJO,C,,
"CABLE BUJIA 8 M | FIAT TIPO 1,6­E CONE",GEN14105,BAJO,C,,
"CABLE BUJIA 8 M | FIAT TIPO 1,6 INYECC",GEN14106,BAJO,C,,
"CABLE BUJIA 8 M | FIAT TIPO 1,8­E - GT",GEN14110,BAJO,D,,
CABLE BUJIA 8 M | FIAT SIENA - PALIO C,GEN14115,BAJO,C,,
CABLE BUJIA 8 M | FIAT SIENA - PALIO M,GEN14116,BAJO,C,,
CABLE BUJIA 8 M | FIAT SIENA - PALIO M,GEN14117,BAJO,C,,
CABLE BUJIA 8 M | FIAT UNO FASE II,GEN14118,BAJO,C,,
CABLE BUJIA 8 M | FIAT MOTOR TORKE 1.6,GEN14119,BAJO,C,,
CABLE BUJIA 8 M | FIAT PALIO - SIENA -,GEN14120,BAJO,C,,
CABLE BUJIA 8 M | FIAT UNO - 500 - PAL,GEN14121,BAJO,C,,
CABLE BUJIA 8 M | FIAT PALIO - PUNTO -,GEN14122,BAJO,C,,
CABLE BUJIA 8 M | FIAT DUCATO 2 0­E 94,GEN14130,BAJO,D,,
"CABLE BUJIA 8 M | FIAT ELBA SPI 1,4 -",GEN14135,BAJO,D,,
ROTOR DE DISTRI | FORD ESCORT 1600 - S,GEN150,BAJO,C,,
CABLE BUJIA 8 M | VOLKSWAGEN DODGE 150,GEN15005,BAJO,C,,
CABLE BUJIA 8 M | VOLKSWAGEN DODGE POL,GEN15010,BAJO,C,,
CABLE BUJIA 8 M | VOLKSWAGEN DODGE GTX,GEN15015,BAJO,C,,
CABLE BUJIA 8 M | VOLKSWAGEN KOMBI,GEN15020,BAJO,D,,
"CABLE BUJIA 8 M | VOLKSWAGEN GACEL 1,6",GEN15025,BAJO,C,,
"CABLE BUJIA 8 M | VOLKSWAGEN GACEL 1,6",GEN15030,BAJO,C,,
CABLE BUJIA 8 M | VOLKSWAGEN GOL GL 92,GEN15035,BAJO,C,,
CABLE BUJIA 8 M | VOLKSWAGEN GOL GL 92,GEN15036,BAJO,C,,
CABLE BUJIA 8 M | VOLKSWAGEN GOL - SEN,GEN15040,MEDIO,C,,
CABLE BUJIA 8 M | VOLKSWAGEN CARAT CON,GEN15045,BAJO,C,,
CABLE BUJIA 8 M | VOLKSWAGEN QUANTUM B,GEN15050,BAJO,C,,
CABLE BUJIA 8 M | VOLKSWAGEN POINTER 1,GEN15055,BAJO,C,,
CABLE BUJIA 8 M | VOLKSWAGEN POINTER 1,GEN15060,MEDIO,C,,
CABLE BUJIA 8 M | VOLKSWAGEN POINTER 1,GEN15061,MEDIO,C,,
CABLE BUJIA 8 M | VOLKSWAGEN GOL GLI 9,GEN15065,MEDIO,C,,
CABLE BUJIA 8 M | VOLKSWAGEN GOL GLI 1,GEN15066,MEDIO,C,,
CABLE BUJIA 8 M | VOLKSWAGEN GOL GLI 1,GEN15067,MEDIO,C,,
"CABLE BUJIA 8 M | VOLKSWAGEN GOL 1,6 M",GEN15070,MEDIO,C,,
CABLE BUJIA 8 M | VOLKSWAGEN GOLF 1 6,GEN15075,MEDIO,C,,
CABLE BUJIA 8 M | VOLKSWAGEN GOLF 1 6I,GEN15076,MEDIO,C,,
CABLE BUJIA 8 M | VOLKSWAGEN POLO 1 6,GEN15080,MEDIO,C,,
CABLE BUJIA 8 M | VOLKSWAGEN GOLF 2 0,GEN15085,MEDIO,C,,
CABLE BUJIA 8 M | VOLKSWAGEN GOLF - PA,GEN15090,MEDIO,D,,
CABLE BUJIA 8 M | VOLKSWAGEN GOLF 2 9I,GEN15091,MEDIO,D,,
"CABLE BUJIA 8 M | VOLKSWAGEN GOL 1,0 M",GEN15095,MEDIO,C,,
CABLE BUJIA 8 M | VOLKSWAGEN MOTOR AUD,GEN15100,MEDIO,D,,
CABLE BUJIA 8 M | VOLKSWAGEN GOL 96 2,GEN15105,MEDIO,D,,
CABLE BUJIA 8 M | VOLKSWAGEN GOLF GLX,GEN15110,MEDIO,C,,
CABLE BUJIA 8 M | VOLKSWAGEN SANTANA,GEN15115,MEDIO,C,,
CABLE BUJIA 8 M | VOLKSWAGEN AUDI A3 1,GEN15120,MEDIO,D,,
CABLE BUJIA 8 M | VOLKSWAGEN BORA - NE,GEN15125,MEDIO,C,,
CABLE BUJIA 8 M | VOLKWAGEN FOX - GOL,GEN15130,MEDIO,C,,
CABLE BUJIA 8 M | PASSAT - VENTO V6,GEN15135,ALTO,C,,
ROTOR DE DISTRI | FORD GALAXY - ORION,GEN155,BAJO,C,,
ROTOR DE DISTRI | VOLKSWAGEN GOL - POL,GEN157,BAJO,C,,
ROTOR DE DISTRI | FORD GALAXY - ORION,GEN160,BAJO,C,,
CABLE BUJIA 8 M | LADA LAIKA 2105,GEN16005,BAJO,D,,
CABLE BUJIA 8 M | LADA LAIKA 2107,GEN16010,BAJO,D,,
CABLE BUJIA 8 M | LADA SAMARA,GEN16015,BAJO,C,,
CABLE BUJIA 8 M | LADA NIVA,GEN16020,BAJO,C,,
CABLE BUJIA 8 M | LADA NIVA 1600 BOBIN,GEN16025,BAJO,D,,
CABLE BUJIA 8 M | LADA MULTIPUNTO 1 7,GEN16030,BAJO,D,,
CABLE BUJIA 8 M | LADA MULTIPUNTO 1 7,GEN16035,BAJO,D,,
ROTOR DE DISTRI | FORD GALAXY - ORION,GEN165,BAJO,A,,
ROTOR DE DISTRI | FORD GALAXY - ORION,GEN166,BAJO,B,,
ROTOR DE DISTRI | CHEVROLET CORSA DIST,GEN170,BAJO,C,,
CABLE BUJIA 8 M | CITROEN 2CV - 3CV,GEN17005,BAJO,C,,
CABLE BUJIA 8 M | CITROEN AMI 8,GEN17010,BAJO,C,,
CABLE BUJIA 8 M | CITROEN ATENAS DISTR,GEN17015,BAJO,D,,
CABLE BUJIA 8 M | CITROEN BERLINGO MUL,GEN17020,BAJO,D,,
"CABLE BUJIA 8 M | CITROEN XANTIA 1,6 S",GEN17025,BAJO,D,,
CABLE BUJIA 8 M | CITROEN XANTIA 2 0 T,GEN17030,BAJO,D,,
CABLE BUJIA 8 M | CITROEN AX 8V,GEN17035,BAJO,D,,
CABLE BUJIA 8 m | SUZUKI Super Carry,GEN18005,BAJO,C,,
CABLE BUJIA 8 M | SUZUKI VITARA AMERIC,GEN18010,BAJO,D,,
CABLE BUJIA 8 M | SUZUKI VITARA SIDEKI,GEN18014,MEDIO,C,,
CABLE BUJIA 8 M | SUZUKI VITARA SIDEKI,GEN18015,MEDIO,C,,
CABLE BUJIA 8 M | SUZUKI VITARA 1 6 16,GEN18016,MEDIO,D,,
CABLE BUJIA 8 M | SUZUKI SWIFT GL 3 CI,GEN18019,BAJO,D,,
CABLE BUJIA 8 M | SUZUKI SWIFT GLX 1 3,GEN18020,MEDIO,C,,
CABLE BUJIA 8 M | SUZUKI SWIFT 1 3 GTI,GEN18025,MEDIO,D,,
CABLE BUJIA 8 M | SUZUKI BALENO GLX 1,GEN18030,BAJO,D,,
CABLE BUJIA 8 m | SUZUKI Alto 1 0 GL 9,GEN18035,BAJO,D,,
CABLE BUJIA 8 M | SUZUKI JIMMY JLX 1 6,GEN18040,BAJO,C,,
CABLE BUJIA 8 M | SUZUKI SAMURAI 1 3 9,GEN18045,BAJO,D,,
CABLE BUJIA 8 m | SUZUKI Maruti 800 92,GEN18050,BAJO,D,,
CABLE BUJIA 8 m | SEAT Ibiza 1 2 - 1 3,GEN19005,MEDIO,D,,
CABLE BUJIA 8 m | SEAT Ibiza 1 6 CLX C,GEN19010,MEDIO,D,,
CABLE BUJIA 8 m | SEAT Ibiza 1 6 Inyec,GEN19011,MEDIO,D,,
CABLE BUJIA 8 M | SEAT CORDOBA 1 6 - 1,GEN19015,MEDIO,D,,
CABLE BUJIA 8 m | SEAT Ibiza 1 8 - 2 0,GEN19020,MEDIO,D,,
CABLE BUJIA 8 m | SEAT Toledo 2 0i 16V,GEN19025,MEDIO,D,,
CABLE BUJIA 8 m | SEAT Marbella 850 91,GEN19030,BAJO,D,,
CABLE BUJIA 8 m | SEAT Marbella 903 93,GEN19035,BAJO,D,,
CABLE BUJIA 8 M | ALFA ROMEO 155 1 8 -,GEN20005,MEDIO,C,,
CABLE BUJIA 8 M | ALFA ROMEO 164 TWIN,GEN20010,MEDIO,D,,
CABLE BUJIA 8 M | ALFA ROMEO 164 TWIN,GEN20011,MEDIO,D,,
CABLE BUJIA 8 M | ALFA ROMEO 164 TWIN,GEN20012,MEDIO,D,,
"CABLE BUJIA 8 M | ALFA ROMEO 146 1,4 9",GEN20015,BAJO,C,,
"CABLE BUJIA 8 m | ALFA ROMEO 145 1,6 9",GEN20020,BAJO,C,,
"CABLE BUJIA 8 m | ALFA ROMEO 145 1,7 1",GEN20025,MEDIO,D,,
CABLE BUJIA 8 m | ALFA ROMEO 33 IE 1 6,GEN20030,MEDIO,D,,
CABLE BUJIA 8 M | ALFA ROMEO 33 IE 1 7,GEN20035,MEDIO,D,,
CABLE BUJIA 8 m | ALFA ROMEO 33 Conexi,GEN20040,MEDIO,D,,
CABLE BUJIA 8 m | ALFA ROMEO 164 Twin,GEN20045,ALTO,D,,
CABLE BUJIA 8 m | ALFA ROMEO 155 2 0i,GEN20046,MEDIO,C,,
TAPA DE DISTRIB | FIAT 600 - 750 DISTR,GEN2005,BAJO,C,,
CABLE BUJIA 8 M | ALFA ROMEO 155 2 5I,GEN20050,ALTO,D,,
TAPA DE DISTRIB | FIAT 1100 - 1200 - 1,GEN2006,BAJO,D,,
TAPA DE DISTRIB | FIAT 1500 - 1600 DIS,GEN2010,BAJO,C,,
TAPA DE DISTRIB | FIAT 128 DISTRIBUIDO,GEN2015,BAJO,C,,
TAPA DE DISTRIB | FIAT 125 - 128 EUROP,GEN2020,BAJO,C,,
TAPA DE DISTRIB | FIAT 125 - 128 SUPER,GEN2021,BAJO,C,,
TAPA DE DISTRIB | FIAT TEMPRA - REGATT,GEN2025,BAJO,C,,
TAPA DE DISTRIB | FIAT DUNA - UNO DIST,GEN2030,BAJO,C,,
TAPA DE DISTRIB | FIAT DUNA - UNO - VI,GEN2035,BAJO,B,,
TAPA DE DISTRIB | LADA LAIKA - SAMARA,GEN2040,BAJO,C,,
TAPA DE DISTRIB | LADA SAMARA - TAVRIA,GEN2045,BAJO,C,,
CABLE BUJIA 8 M | DAEWOO RACER GTI - E,GEN21005,BAJO,C,,
CABLE BUJIA 8 M | DAEWOO RACER GTI DIS,GEN21006,BAJO,D,,
CABLE BUJIA 8 M | DAEWOO TICO SX,GEN21010,BAJO,C,,
"CABLE BUJIA 8 m | DAEWOO Nexia 1,5 Con",GEN21015,BAJO,D,,
"CABLE BUJIA 8 m | DAEWOO Nexia 1,5 16V",GEN21020,BAJO,D,,
"CABLE BUJIA 8 M | DAEWOO LANOS 1,4 - 1",GEN21025,MEDIO,D,,
"CABLE BUJIA 8 m | DAEWOO Lanos 1,6 SX",GEN21030,MEDIO,D,,
"CABLE BUJIA 8 m | DAEWOO Leganza 2,0 S",GEN21035,MEDIO,D,,
CABLE BUJIA 8 M | DAEWOO DANA,GEN21040,BAJO,C,,
CABLE BUJIA 8 M | DAEWOO MATIZ 800I 98,GEN21045,BAJO,D,,
CABLE BUJIA 8 M | DAEWOO DAMAS,GEN21050,BAJO,D,,
"ROTOR DE DISTRI | FIAT DUNA 1,6 - WEEK",GEN220,BAJO,C,,
CABLE BUJIA 8 M | DAIHATSU CHARADE 3 C,GEN22005,BAJO,C,,
"CABLE BUJIA 8 M | DAIHATSU CHARADE 1,0",GEN22006,MEDIO,D,,
"CABLE BUJIA 8 M | DAIHATSU CHARADE 1,0",GEN22007,MEDIO,D,,
CABLE BUJIA 8 M | DAIHATSU CHARADE 3 C,GEN22008,BAJO,D,,
CABLE BUJIA 8 M | DAIHATSU MOVE 96,GEN22009,BAJO,C,,
"CABLE BUJIA 8 M | DAIHATSU CHARADE 1,6",GEN22010,MEDIO,D,,
CABLE BUJIA 8 M | DAIHATSU CUORE 550 -,GEN22015,BAJO,D,,
CABLE BUJIA 8 M | DAIHATSU DOMINO NEW,GEN22020,BAJO,D,,
"CABLE BUJIA 8 M | DAIHATSU APPLAUSE 1,",GEN22025,MEDIO,D,,
ROTOR DE DISTRI | PEUGEOT 505 INYECCIO,GEN225,BAJO,C,,
"ROTOR DE DISTRI | FIAT DUNA 1,6 - WEEK",GEN230,BAJO,C,,
CABLE BUJIA 8 M | TOYOTA CELICA 2000,GEN23005,BAJO,D,,
CABLE BUJIA 8 M | TOYOTA CELICA 2 0 81,GEN23006,MEDIO,D,,
CABLE BUJIA 8 M | TOYOTA CELICA 2 0 80,GEN23007,MEDIO,D,,
CABLE BUJIA 8 m | TOYOTA SUPRA,GEN23009,MEDIO,D,,
CABLE BUJIA 8 M | TOYOTA HILUX 1 6 - 1,GEN23010,BAJO,C,,
CABLE BUJIA 8 M | TOYOTA COROLLA KE 70,GEN23015,BAJO,D,,
CABLE BUJIA 8 m | TOYOTA Corolla 1 6i,GEN23020,MEDIO,D,,
CABLE BUJIA 8 M | TOYOTA COROLLA 1 6 1,GEN23025,MEDIO,D,,
CABLE BUJIA 8 M | TOYOTA COROLLA 1 3I,GEN23030,MEDIO,D,,
CABLE BUJIA 8 M | TOYOTA COROLLA 1 3 1,GEN23035,BAJO,D,,
CABLE BUJIA 8 m | TOYOTA Corolla 1 6 1,GEN23040,MEDIO,C,,
CABLE BUJIA 8 m | TOYOTA Corolla 1 5i,GEN23045,MEDIO,D,,
CABLE BUJIA 8 M | TOYOTA COROLLA 1 3 -,GEN23050,MEDIO,D,,
CABLE BUJIA 8 m | TOYOTA Corolla 1 6 4,GEN23055,BAJO,D,,
CABLE BUJIA 8 M | TOYOTA COROLLA 1 6I,GEN23060,MEDIO,C,,
CABLE BUJIA 8 M | TOYOTA COROLLA 1 3 1,GEN23065,MEDIO,C,,
CABLE BUJIA 8 M | TOYOTA CARINA E 2 0I,GEN23070,MEDIO,D,,
CABLE BUJIA 8 M | TOYOTA CARINA E 1 8I,GEN23075,MEDIO,D,,
CABLE BUJIA 8 M | TOYOTA CARINA E 1 6I,GEN23080,MEDIO,D,,
CABLE BUJIA 8 M | TOYOTA CARINA E 2 0I,GEN23085,MEDIO,C,,
CABLE BUJIA 8 m | TOYOTA Carina E 2 0i,GEN23090,MEDIO,D,,
CABLE BUJIA 8 m | TOYOTA Carina E 1 6i,GEN23095,MEDIO,D,,
CABLE BUJIA 8 M | TOYOTA CARINA II 1 8,GEN23100,BAJO,D,,
CABLE BUJIA 8 m | TOYOTA Tercel 1 5i -,GEN23105,MEDIO,D,,
CABLE BUJIA 8 m | TOYOTA Tercel 1 3i -,GEN23110,MEDIO,D,,
CABLE BUJIA 8 m | TOYOTA Tercel 1 5i 9,GEN23115,BAJO,D,,
CABLE BUJIA 8 m | TOYOTA Starlet 1 3 1,GEN23120,MEDIO,D,,
CABLE BUJIA 8 m | TOYOTA Camry 3 0i V6,GEN23125,MEDIO,D,,
CABLE BUJIA 8 m | TOYOTA Camry 2 5i V6,GEN23130,MEDIO,D,,
CABLE BUJIA 8 M | TOYOTA CAMRY 2 2I 91,GEN23135,MEDIO,D,,
CABLE BUJIA 8 m | TOYOTA Camry 1 8i -,GEN23140,MEDIO,D,,
CABLE BUJIA 8 m | TOYOTA 4 Runner SR 5,GEN23145,MEDIO,D,,
ROTOR DE DISTRI | PEUGEOT 505 INYECCIO,GEN235,BAJO,D,,
ROTOR DE DISTRI | LADA LAIKA - SAMARA,GEN240,BAJO,C,,
CABLE BUJIA 8 m | NISSAN 200 L 78/85,GEN24005,MEDIO,D,,
CABLE BUJIA 8 m | NISSAN DATSUN 280 ZX,GEN24006,MEDIO,D,,
CABLE BUJIA 8 m | NISSAN PATROL 6 CILI,GEN24007,BAJO,D,,
CABLE BUJIA 8 M | NISSAN PATHFINDER 4,GEN24010,BAJO,D,,
CABLE BUJIA 8 m | NISSAN 300 ZX V 6T 3,GEN24015,MEDIO,D,,
CABLE BUJIA 8 M | NISSAN PATHFINDER SE,GEN24020,MEDIO,D,,
CABLE BUJIA 8 M | NISSAN PATHFINDER SE,GEN24025,MEDIO,C,,
"CABLE BUJIA 8 M | NISSAN TERRANO 2,4I",GEN24030,BAJO,D,,
"CABLE BUJIA 8 M | NISSAN SENTRA 1,6 16",GEN24035,MEDIO,C,,
CABLE BUJIA 8 M | NISSAN SENTRA 8V,GEN24036,BAJO,D,,
CABLE BUJIA 8 M | NISSAN SENTRA TWIN C,GEN24040,MEDIO,C,,
"CABLE BUJIA 8 m | NISSAN Primera 1,6 -",GEN24045,MEDIO,D,,
"CABLE BUJIA 8 M | NISSAN PRIMERA 1,6I",GEN24050,MEDIO,D,,
CABLE BUJIA 8 m | NISSAN Primera GXE 2,GEN24055,MEDIO,D,,
CABLE BUJIA 8 M | NISSAN MAXIMA 3 0I V,GEN24060,MEDIO,D,,
CABLE BUJIA 8 m | NISSAN 100 NX 1 6 16,GEN24065,MEDIO,D,,
CABLE BUJIA 8 M | NISSAN QUEST,GEN24070,MEDIO,D,,
CABLE BUJIA 8 m | Porsche 924 Turbo 79,GEN25005,MEDIO,D,,
CABLE BUJIA 8 m | Porsche 924 Inyecció,GEN25010,MEDIO,D,,
CABLE BUJIA 8 m | Porsche 924 Inyecció,GEN25015,MEDIO,D,,
CABLE BUJIA 8 m | VOLKSWAGEN VOLVO 760,GEN26005,MEDIO,D,,
CABLE BUJIA 8 M | VOLKSWAGEN VOLVO 940,GEN26010,MEDIO,D,,
CABLE BUJIA 8 M | VOLKSWAGEN VOLVO 244,GEN26015,MEDIO,D,,
CABLE BUJIA 8 m | VOLKSWAGEN VOLVO 760,GEN26020,MEDIO,D,,
CABLE BUJIA 8 m | VOLKSWAGEN VOLVO 264,GEN26025,MEDIO,D,,
CABLE BUJIA 8 M | VOLKSWAGEN VOLVO 850,GEN26030,MEDIO,C,,
CABLE BUJIA 8 m | CHRYSLER Chalenge V8,GEN27005,MEDIO,D,,
CABLE BUJIA 8 M | CHRYSLER SPIRIT - NE,GEN27010,BAJO,C,,
CABLE BUJIA 8 M | CHRYSLER SPIRIT - NE,GEN27011,BAJO,D,,
CABLE BUJIA 8 M | CHRYSLER DAKOTA SPOR,GEN27015,MEDIO,D,,
CABLE BUJIA 8 M | CHRYSLER JEEP GRAND,GEN27020,MEDIO,C,,
CABLE BUJIA 8 M | CHRYSLER JEEP GRAND,GEN27021,BAJO,C,,
CABLE BUJIA 8 M | CHRYSLER JEEP CHEROK,GEN27022,BAJO,D,,
CABLE BUJIA 8 M | CHRYSLER CARAVAN 4 C,GEN27024,BAJO,C,,
CABLE BUJIA 8 M | CHRYSLER CARAVAN - G,GEN27025,MEDIO,D,,
CABLE BUJIA 8 M | CHRYSLER CARAVAN - G,GEN27026,MEDIO,C,,
CABLE BUJIA 8 M | CHRYSLER JEEP GRAND,GEN27030,MEDIO,D,,
CABLE BUJIA 8 M | CHRYSLER JEEP GRAND,GEN27031,MEDIO,D,,
CABLE BUJIA 8 M | CHRYSLER STRATUS 6 C,GEN27035,MEDIO,D,,
CABLE BUJIA 8 M | PT CRUISSER 2.4 GT,GEN27040,BAJO,D,,
CABLE BUJIA 8 M | HONDA CIVIC CRX 1 6I,GEN28005,MEDIO,C,,
CABLE BUJIA 8 M | HONDA CIVIC LSI 1 5,GEN28010,MEDIO,D,,
CABLE BUJIA 8 M | HONDA ACCORD 1 8I -,GEN28015,MEDIO,C,,
CABLE BUJIA 8 M | HONDA ACCORD - PRELU,GEN28016,MEDIO,D,,
CABLE BUJIA 8 M | HONDA CIVIC 1 4 - 1,GEN28020,MEDIO,C,,
CABLE BUJIA 8 M | HONDA ACCORD COUPE 8,GEN28025,BAJO,D,,
CABLE BUJIA 8 M | HONDA CIVIC 1 5 - 1,GEN28030,MEDIO,C,,
CABLE BUJIA 8 M | HONDA PRELUDE 2 2I 1,GEN28035,MEDIO,D,,
CABLE BUJIA 8 M | HONDA CR-V 2.0 16V 9,GEN28040,MEDIO,C,,
CABLE BUJIA 8 M | HYUNDAI ACCENT 1 3 -,GEN29005,BAJO,D,,
CABLE BUJIA 8 m | HYUNDAI Eccel 93´,GEN29006,BAJO,D,,
CABLE BUJIA 8 m | HYUNDAI Sonata 2 0i,GEN29010,BAJO,D,,
CABLE BUJIA 8 M | HYUNDAI SONATA 2 0I,GEN29015,MEDIO,C,,
CABLE BUJIA 8 m | HYUNDAI S Coupe 1 5i,GEN29020,BAJO,D,,
CABLE BUJIA 8 M | HYUNDAI ELANTRA 1 6I,GEN29025,MEDIO,C,,
CABLE BUJIA 8 m | HYUNDAI Eccel 1 6 12,GEN29030,BAJO,D,,
CABLE BUJIA 8 M | HYUNDAI ATHOS 1 0 12,GEN29035,BAJO,D,,
CABLE BUJIA 8 M | HYUNDAI ATHOS,GEN29036,BAJO,D,,
CABLE BUJIA 8 M | HYUNDAI S COUPE 1 6I,GEN29040,MEDIO,C,,
CABLE BUJIA 8 M | HYUNDAI ACCENT GT 16,GEN29045,MEDIO,D,,
"CABLE BUJIA 8 m | MAZDA 323 C 1,4 - S",GEN30005,BAJO,D,,
"CABLE BUJIA 8 M | MAZDA 323 1,6 16V -",GEN30010,BAJO,D,,
"CABLE BUJIA 8 M | MAZDA 323 F 2,0 V6",GEN30015,MEDIO,D,,
"CABLE BUJIA 8 M | MAZDA 323 F - S 1,9",GEN30020,MEDIO,D,,
"CABLE BUJIA 8 M | MAZDA 626 1,6 - 1,8",GEN30025,BAJO,D,,
"CABLE BUJIA 8 M | MAZDA 626 2,0 4WD 88",GEN30026,MEDIO,D,,
"CABLE BUJIA 8 M | MAZDA 626 1,9I - 2,0",GEN30030,MEDIO,D,,
"CABLE BUJIA 8 M | MAZDA 626 2,0I 16V G",GEN30031,MEDIO,C,,
CABLE BUJIA 8 m | MAZDA 626 Station Wa,GEN30032,BAJO,D,,
"CABLE BUJIA 8 M | MAZDA MX3 V6 1,8 95",GEN30035,MEDIO,D,,
CABLE BUJIA 8 M | MAZDA MPV 6 CILINDRO,GEN30040,BAJO,D,,
CABLE BUJIA 8 m | MAZDA Pick Up 2600,GEN30045,BAJO,D,,
TAPA DE DISTRIB | CHEVROLET CORSA DIST,GEN3005,BAJO,C,,
"CABLE BUJIA 8 m | MAZDA MXS 1,6 - 1,8",GEN30050,MEDIO,D,,
CABLE BUJIA 8 m | MAZDA Miara,GEN30055,MEDIO,D,,
CABLE BUJIA 8 m | MAZDA 121 1 3i 16V 9,GEN30060,MEDIO,D,,
CABLE BUJIA 8 m | MAZDA 121 1 3 8V 96´,GEN30065,BAJO,D,,
CABLE BUJIA 8 m | MAZDA RX7,GEN30070,BAJO,D,,
TAPA DE DISTRIB | CHEVROLET OPEL K 180,GEN3010,BAJO,C,,
TAPA DE DISTRIB | CHEVROLET PICK UP 33,GEN3011,BAJO,C,,
TAPA DE DISTRIB | CHEVROLET SEDAN - PI,GEN3012,BAJO,C,,
TAPA DE DISTRIB | CHEVROLET PICK UP VE,GEN3014,BAJO,D,,
TAPA DE DISTRIB | CHEVROLET PICK UP -,GEN3015,BAJO,C,,
TAPA DE DISTRIB | VOLKSWAGEN ESCARABAJ,GEN3020,BAJO,C,,
TAPA DE DISTRIB | CHEVROLET MONZA - KA,GEN3025,BAJO,C,,
TAPA DE DISTRIB | CHEVROLET MONZA - KA,GEN3030,BAJO,C,,
TAPA DE DISTRIB | CHEVROLET MONZA - KA,GEN3035,BAJO,C,,
TAPA DE DISTRIB | CHEVROLET LUMINA 2 8,GEN3040,BAJO,D,,
TAPA DE DISTRIB | CHEVROLET BLAZER - P,GEN3045,BAJO,C,,
CABLE BUJIA 8 m | MITSUBISHI Sapporo 1,GEN31005,BAJO,D,,
CABLE BUJIA 8 M | MITSUBISHI SAPPORO 2,GEN31010,BAJO,D,,
CABLE BUJIA 8 m | MITSUBISHI L300,GEN31011,BAJO,D,,
"CABLE BUJIA 8 M | MITSUBISHI L200 2,0",GEN31012,BAJO,C,,
"CABLE BUJIA 8 m | MITSUBISHI Colt 1,2",GEN31015,BAJO,D,,
"CABLE BUJIA 8 m | MITSUBISHI Colt 1,3",GEN31020,BAJO,D,,
"CABLE BUJIA 8 M | MITSUBISHI COLT 1,5",GEN31021,BAJO,D,,
"CABLE BUJIA 8 M | MITSUBISHI LANCER 1,",GEN31025,BAJO,D,,
"CABLE BUJIA 8 M | MITSUBISHI COLT 1,6I",GEN31030,MEDIO,D,,
"CABLE BUJIA 8 M | MITSUBISHI COLT 1,6I",GEN31031,BAJO,D,,
"CABLE BUJIA 8 m | MITSUBISHI Colt 1,8",GEN31035,MEDIO,D,,
"CABLE BUJIA 8 M | MITSUBISHI COLT 1,8",GEN31036,MEDIO,D,,
"CABLE BUJIA 8 M | MITSUBISHI GALANT 1,",GEN31040,MEDIO,D,,
"CABLE BUJIA 8 M | MITSUBISHI GALANT 2,",GEN31041,BAJO,D,,
CABLE BUJIA 8 m | MITSUBISHI Eclipse T,GEN31045,MEDIO,D,,
CABLE BUJIA 8 M | MITSUBISHI 3000 GT V,GEN31050,MEDIO,D,,
CABLE BUJIA 8 M | MITSUBISHI LT100,GEN31055,BAJO,D,,
"CABLE BUJIA 8 M | MITSUBISHI GALANT 2,",GEN31060,MEDIO,D,,
"CABLE BUJIA 8 M | MITSUBISHI GALANT 2,",GEN31065,MEDIO,D,,
CABLE BUJIA 8 m | MITSUBISHI Montero V,GEN31070,MEDIO,D,,
CABLE BUJIA 8 M | ROVER 214I 96 - 114,GEN32005,BAJO,D,,
CABLE BUJIA 8 M | ROVER 214 1 4 CABRIO,GEN32010,BAJO,D,,
CABLE BUJIA 8 M | ROVER 618 1 8 SI - 6,GEN32015,MEDIO,D,,
CABLE BUJIA 8 m | ROVER 820 2 0 SI - 8,GEN32020,BAJO,D,,
CABLE BUJIA 8 M | ROVER 220 GTI 2 0 -,GEN32025,BAJO,D,,
CABLE BUJIA 8 M | ROVER 114 1 4 GT - G,GEN32030,MEDIO,D,,
CABLE BUJIA 8 m | ROVER 200 1 8 KVI 96,GEN32035,MEDIO,C,,
CABLE BUJIA 8 M | ROVER 200 16 KVI 96,GEN32036,MEDIO,D,,
CABLE BUJIA 8 M | ROVER 1 4 GSI - SI 9,GEN32040,MEDIO,D,,
CABLE BUJIA 8 M | ROVER 214 1 4 GSI -,GEN32045,MEDIO,C,,
CABLE BUJIA 8 M | ROVER 416 1 6 GS 95,GEN32050,MEDIO,D,,
CABLE BUJIA 8 m | ROVER 45,GEN32051,BAJO,D,,
CABLE BUJIA 8 m | ROVER 825 2 5 SI Cou,GEN32055,MEDIO,D,,
CABLE BUJIA 8 m | ROVER Discovery 8 Ci,GEN32060,MEDIO,D,,
CABLE BUJIA 8 m | ROVER Ranger 4 6 V8,GEN32065,MEDIO,D,,
CABLE BUJIA 8 m | ROVER RANGER 4.8/ V8,GEN32070,MEDIO,D,,
CABLE BUJIA 8 m | ISUZU Amigo,GEN33005,BAJO,D,,
CABLE BUJIA 8 M | ISUZU RODEO 6 CILIND,GEN33010,MEDIO,D,,
CABLE BUJIA 8 M | ISUZU RODEO 6 CILIND,GEN33015,MEDIO,C,,
CABLE BUJIA 8 m | KIA Pride DM,GEN3400511,BAJO,D,,
CABLE BUJIA 8 m | KIA Sephia GTX 16V,GEN34010,MEDIO,D,,
CABLE BUJIA 8 m | KIA Sephia GTX - SLX,GEN34015,BAJO,D,,
CABLE BUJIA 8 m | KIA Sportage 94´ Con,GEN34020,MEDIO,D,,
CABLE BUJIA 8 M | KIA SPORTAGE 97 CONE,GEN34025,BAJO,D,,
CABLE BUJIA 8 m | KIA Credos 2 0 Conex,GEN34030,BAJO,D,,
CABLE BUJIA 8 m | KIA CARNIVAL 6 CILIN,GEN34035,MEDIO,D,,
CABLE BUJIA 8 M | SUBARU JUSTI 1 1 - 1,GEN35005,BAJO,D,,
CABLE BUJIA 8 m | SUBARU Justi 1 3i 4W,GEN35010,BAJO,D,,
CABLE BUJIA 8 M | IMPRESA 1.8 - 2.0 -,GEN35020,BAJO,D,,
"CABLE BUJIA 8 m | CHEVROLET Omega 1,8i",GEN36005,MEDIO,D,,
CABLE BUJIA 8 M | CHEVROLET VECTRA 1 6,GEN36010,BAJO,D,,
"CABLE BUJIA 8 m | CHEVROLET Astra 1,6",GEN36015,MEDIO,D,,
CABLE BUJIA 8 M | CHEVROLET ASTRA - CO,GEN36020,MEDIO,C,,
CABLE BUJIA 8 M | CHEVROLET ASTRA - CO,GEN36025,BAJO,C,,
CABLE BUJIA 8 M | CHEVROLET ASTRA - VE,GEN36030,MEDIO,C,,
CABLE BUJIA 8 m | BMW 318­S Coupe 1 8,GEN37005,MEDIO,D,,
CABLE BUJIA 8 m | BMW 316 E - 318 E 1,GEN37010,MEDIO,D,,
CABLE BUJIA 8 m | BMW 525i 2 5 81/87 -,GEN37040,ALTO,D,,
CABLE BUJIA 8 M | MERCEDES BENZ 190 E,GEN38005,MEDIO,C,,
CABLE BUJIA 8 m | MERCEDES BENZ 190 E,GEN38010,ALTO,D,,
CABLE BUJIA 8 M | MERCEDES BENZ 190 E,GEN38015,ALTO,D,,
CABLE BUJIA 8 m | MERCEDES BENZ 200 E,GEN38020,ALTO,D,,
CABLE BUJIA 8 m | MERCEDES BENZ 250 2,GEN38025,ALTO,D,,
CABLE BUJIA 8 M | MERCEDES BENZ 280 C,GEN38030,ALTO,C,,
CABLE BUJIA 8 M | MERCEDES BENZ 280 SL,GEN38035,ALTO,D,,
CABLE BUJIA 8 m | MERCEDES BENZ 350 SL,GEN38040,ALTO,D,,
CABLE BUJIA 8 m | MERCEDES BENZ 380 SE,GEN38045,ALTO,D,,
CABLE BUJIA 8 m | MERCEDES BENZ 420 SE,GEN38051,ALTO,D,,
CABLE BUJIA 8 m | MERCEDES BENZ 450 SE,GEN38055,ALTO,D,,
CABLE BUJIA 8 m | SKODA Felicia 1 6i 9,GEN40005,MEDIO,D,,
CABLE BUJIA 8 m | SKODA Felicia 1 3 95,GEN40010,MEDIO,D,,
CABLE BUJIA 8 m | SKODA Favorit 135i -,GEN40015,BAJO,D,,
TAPA DE DISTRIB | FORD A - B CAMIÓN 28,GEN4005,BAJO,C,,
TAPA DE DISTRIB | FORD FALCON CARBÓN F,GEN4010,BAJO,C,,
TAPA DE DISTRIB | FORD F100 CARBÓN FLO,GEN4015,BAJO,C,,
TAPA DE DISTRIB | FORD FALCON CARBÓN F,GEN4020,BAJO,C,,
TAPA DE DISTRIB | FORD PICK UP - CAMIÓ,GEN4021,BAJO,D,,
TAPA DE DISTRIB | FORD F100 CARBÓN FIJ,GEN4025,BAJO,C,,
TAPA DE DISTRIB | FORD TAUNUS DISTRIBU,GEN4035,BAJO,C,,
TAPA DE DISTRIB | FORD TAUNUS - SIERRA,GEN4040,BAJO,C,,
TAPA DE DISTRIB | FORD F100 6 CILINDRO,GEN4045,BAJO,B,,
TAPA DE DISTRIB | FORD F100 6 CILINDRO,GEN4046,BAJO,C,,
TAPA DE DISTRIB | FORD F100 8 CILINDRO,GEN4048,BAJO,D,,
ROTOR DE DISTRI | PEUGEOT 205 - 405 DI,GEN405,BAJO,C,,
TAPA DE DISTRIB | FORD ESCORT 1600 - S,GEN4050,BAJO,A,,
CABLE BUJIA 8 M | CHERY TIGGO MOTOR 2.,GEN50000,MEDIO,C,,
CABLE BUJIA 8 M | CHERY TIGGO 2.0 / 20,GEN50001,MEDIO,C,,
CABLE BUJIA 8 M | CHERY QQ 1.1 2010/20,GEN50002,MEDIO,C,,
CABLE BUJIA 8 M | CHERY FACE 1.3,GEN50003,MEDIO,C,,
TAPA DE DISTRIB | TOYOTA HILUX - CARIN,GEN5001,BAJO,C,,
TAPA DE DISTRIB | SUZUKI VITARA - SIDE,GEN5002,BAJO,C,,
TAPA DE DISTRIB | CHEVROLET LUV 2300 -,GEN5003,BAJO,C,,
TAPA DE DISTRIB | DAIHATSU CHARADE - A,GEN5005,BAJO,C,,
TAPA DE DISTRIB | DAIHATSU HI JET DIST,GEN5006,BAJO,D,,
TAPA DE DISTRIB | DAIHATSU CUORE - MAX,GEN5007,BAJO,C,,
TAPA DE DISTRIB | DAIHATSU APPLAUSE 16,GEN5010,BAJO,D,,
TAPA DE DISTRIB | SUZUKI SWIFT GLX - G,GEN5030,BAJO,C,,
TAPA DE DISTRIB | SUZUKI SWIFT GTI 1 3,GEN5035,BAJO,C,,
CAPTOR DE DISTR | ALFA ROMEO 75 - 90 -,GEN504,BAJO,D,,
TAPA DE DISTRIB | HONDA CIVIC 90 - ACC,GEN5040,BAJO,C,,
TAPA DE DISTRIB | CHRYSLER Neon - Spir,GEN5045,BAJO,C,,
CAPTOR DE DISTR | ALFA ROMEO 33 - 75 -,GEN505,BAJO,C,,
CAPTOR DE DISTR | CITROEN AX - BX - ZX,GEN506,BAJO,D,,
CAPTOR DE DISTR | PEUGEOT 205 - 309 -,GEN507,BAJO,D,,
CAPTOR DE DISTR | VOLKSWAGEN AUDI 80 -,GEN509,BAJO,C,,
CAPTOR DE DISTR | FORD ESCORT - GALAXY,GEN510,BAJO,C,,
CAPTOR DE DISTR | FORD ESCORT - GALAXY,GEN511,BAJO,C,,
CAPTOR DE DISTR | VOLKSWAGEN CADDY - G,GEN512,BAJO,C,,
CAPTOR DE DISTR | VOLKSWAGEN CADDY - G,GEN513,BAJO,C,,
"CAPTOR DE DISTR | CITROEN BX - 1,6 - 1",GEN515,BAJO,C,,
CAPTOR DE DISTR | CITROEN AX - BX - C1,GEN516,BAJO,C,,
CAPTOR DE DISTR | FIAT DUNA - REGATTA,GEN517,BAJO,C,,
CAPTOR DE DISTR | FIAT DUNA - REGATTA,GEN520,BAJO,D,,
CAPTOR DE DISTR | FIAT DUNA - REGATTA,GEN522,BAJO,C,,
CAPTOR DE DISTR | FIAT DUNA - REGATTA,GEN523,BAJO,C,,
CAPTOR DE DISTR | FIAT DUNA - REGATTA,GEN524,BAJO,C,,
"CAPTOR DE DISTR | LADA SAMARA 1,1 - 1,",GEN526,MEDIO,D,,
CAPTOR DE DISTR | VW GOL - POINTER - S,GEN529,BAJO,D,,
CAPTOR DE DISTR | FORD FALCON - F100 6,GEN530,BAJO,C,,
BOMBA DE LIMPIA | FIAT DUNA - REGATTA,GEN600,BAJO,C,,
CABLE BUJIA 8 m | MINI COOPER 1.6I/ S,GEN60000,MEDIO,D,,
ROTOR DE DISTRI | ,GEN6005,MEDIO,D,,
BOMBA DE LIMPIA | CHRYSLER - DAIHATSU,GEN601,BAJO,C,,
ROTOR DE DISTRI | BMW 320 2 0 77/85 -,GEN6010,BAJO,D,,
ROTOR DE DISTRI | MERCEDES BENZ 350 SE,GEN6015,MEDIO,D,,
BOMBA DE LIMPIA | FIAT DUNA - PALIO -,GEN602,BAJO,C,,
ROTOR DE DISTRI | CITROEN AX 11 1 1 87,GEN6020,BAJO,C,,
ROTOR DE DISTRI | ALFA ROMEO - AUDI -,GEN6025,MEDIO,D,,
BOMBA DE LIMPIA | FORD ESCORT - GALAXY,GEN603,BAJO,C,,
"ROTOR DE DISTRI | CHRYSLER NEON 1,8I -",GEN6030,MEDIO,D,,
ROTOR DE DISTRI | DAIHATSU CHARADE - C,GEN6035,BAJO,D,,
BOMBA DE LIMPIA | FORD ORION - VW GOL,GEN604,BAJO,C,,
"ROTOR DE DISTRI | DAIHATSU APPLAUSE 1,",GEN6040,BAJO,D,,
"ROTOR DE DISTRI | CITROEN BX 1,4 RS -",GEN6045,BAJO,C,,
BOMBA DE LIMPIA | RENAULT CLIO - KANGO,GEN605,BAJO,C,,
ROTOR DE DISTRI | PEUGEOT 405 2 0I 16V,GEN6050,MEDIO,D,,
ROTOR DE DISTRI | CHRYSLER JEEP CHEROK,GEN6055,BAJO,C,,
BOMBA DE LIMPIA | RENAULT CLIO - KANGO,GEN606,BAJO,C,,
ROTOR DE DISTRI | ROVER 114 1 4 90´ -,GEN6060,BAJO,C,,
ROTOR DE DISTRI | ALFA ROMEO 164 2 0 9,GEN6065,BAJO,C,,
BOMBA DE LIMPIA | FORD ESCORT - FIESTA,GEN607,BAJO,C,,
ROTOR DE DISTRI | HYUNDAI PONY 1 3 - 1,GEN6070,BAJO,D,,
"ROTOR DE DISTRI | MAZDA 323 1,3 - 1,4",GEN6075,BAJO,D,,
BOMBA DE LIMPIA | FORD ESCORT - FIESTA,GEN608,BAJO,C,,
ROTOR DE DISTRI | SUZUKI SWIFT 1 0I -,GEN6080,BAJO,D,,
ROTOR DE DISTRI | CHRYSLER Caravan - G,GEN6085,MEDIO,D,,
BOMBA DE LIMPIA | FORD ECOSPORT - ESCO,GEN609,BAJO,C,,
"ROTOR DE DISTRI | MITSUBISHI COLT 1,2",GEN6090,BAJO,C,,
ROTOR DE DISTRI | HYUNDAI PONY - MAZDA,GEN6091,BAJO,C,,
ROTOR DE DISTRI | HYUNDAI Lantra 1 5 L,GEN6095,BAJO,D,,
BOMBA DE LIMPIA | FORD ECOSPORT - ESCO,GEN610,BAJO,C,,
ROTOR DE DISTRI | HONDA ACCORD 2 0 - 2,GEN6100,BAJO,C,,
ROTOR DE DISTRI | HONDA PASSPORT 2 6I,GEN6105,MEDIO,D,,
BOMBA DE LIMPIA | FIAT PALIO - PUNTO -,GEN611,BAJO,C,,
ROTOR DE DISTRI | HONDA ACCORD 1 8 - 2,GEN6110,BAJO,D,,
BOMBA DE LIMPIA | FIAT PALIO - PUNTO -,GEN612,BAJO,C,,
ROTOR DE DISTRI | ROVER 111 1 1 - 1 4,GEN6120,BAJO,C,,
"ROTOR DE DISTRI | LADA Samara 1,1 - 1,",GEN6125,BAJO,D,,
BOMBA DE LIMPIA | CHEVROLET ASTRA - CO,GEN613,BAJO,C,,
ROTOR DE DISTRI | VOLKSWAGEN VOLVO 740,GEN6130,BAJO,C,,
BOMBA DE LIMPIA | CHEVROLET ASTRA - CO,GEN614,BAJO,C,,
ROTOR DE DISTRI | TOYOTA CELICA - CORO,GEN6140,BAJO,C,,
ROTOR DE DISTRI | CHEVROLET CALIBRA -,GEN6145,MEDIO,C,,
BOMBA DE LIMPIA | FIAT DUNA - REGATA -,GEN615,BAJO,C,,
ROTOR DE DISTRI | NISSAN PATHFINDER -,GEN6150,BAJO,D,,
ROTOR DE DISTRI | LAND ROVER DEFENDER,GEN6155,BAJO,D,,
BOMBA DE LIMPIA | FIAT DUNA - REGATA -,GEN616,BAJO,C,,
ROTOR DE DISTRI | FORD LASER - MAZDA 1,GEN6160,BAJO,C,,
ROTOR DE DISTRI | BMW 320I - 323I - 52,GEN6165,MEDIO,D,,
BOMBA DE LIMPIA | CITROEN BERLINGO - C,GEN617,BAJO,C,,
ROTOR DE DISTRI | FIAT 147 - PREMIO -,GEN6170,BAJO,C,,
ROTOR DE DISTRI | FIAT PREMIO - UNO -,GEN6175,BAJO,C,,
BOMBA DE LIMPIA | CITROEN BERLINGO - C,GEN618,BAJO,C,,
ROTOR DE DISTRI | DAIHATSU 850 0 8 - 1,GEN6180,BAJO,D,,
ROTOR DE DISTRI | CITROEN AXEL II - CX,GEN6185,BAJO,C,,
BOMBA DE LIMPIA | FIAT - PEUGEOT,GEN619,BAJO,C,,
ROTOR DE DISTRI | CITROEN GS - GSA - C,GEN6190,BAJO,D,,
"ROTOR DE DISTRI | MITSUBISHI COLT 1,2",GEN6195,BAJO,D,,
BOMBA DE LIMPIA | UNIVERSAL 12V,GEN620,BAJO,C,,
ROTOR DE DISTRI | ALFA ROMEO 33 1 7 IE,GEN6200,BAJO,D,,
BOMBA DE LIMPIA | RENAULT DOBLE VIA,GEN621,BAJO,C,,
ROTOR DE DISTRI | HYUNDAI AMICA 1 0I 1,GEN6215,BAJO,D,,
BOMBA DE LIMPIA | UNIVERSAL 24V,GEN622,BAJO,C,,
ROTOR DE DISTRI | FORD GRANADA 2 0 V6,GEN6220,BAJO,D,,
ROTOR DE DISTRI | ACURA INTEGRAL 1.6 -,GEN6225,BAJO,D,,
BOMBA DE LIMPIA | CITROEN C3 - C4 - PE,GEN623,BAJO,C,,
"ROTOR DE DISTRI | MAZDA 323 1.3,1.5",GEN6230,BAJO,D,,
ROTOR DE DISTRI | NISSAN 100 1.6 - PRI,GEN6235,MEDIO,D,,
BOMBA DE LIMPIA | CITROEN C4 - PEUGEOT,GEN624,BAJO,C,,
ROTOR DE DISTRI | NISSAN 100 1.6 PRIME,GEN6240,MEDIO,D,,
ROTOR DE DISTRI | HONDA CIVIC CRX 1.6I,GEN6245,BAJO,D,,
BOMBA DE LIMPIA | UNIVERSAL 24V TOMA L,GEN625,BAJO,C,,
ROTOR DE DISTRI | HONDA CIVIC 1.4-1.6,GEN6250,MEDIO,D,,
ROTOR DE DISTRI | TOYOTA 4 RUNNER 3.0,GEN6255,BAJO,D,,
BOMBA DE LIMPIA | UNIVERSAL 24V TOMA D,GEN626,BAJO,C,,
ROTOR DE DISTRI | HONDA ACCORD 1.8-2.0,GEN6260,MEDIO,D,,
"BOMBA DE LIMPIA | RENAULT CLIO II, KAN",GEN627,BAJO,C,,
ROTOR DE DISTRI | MITSUBISHI COLT 1.3,GEN6270,BAJO,D,,
BOMBA DE LIMPIA | VW FOX - TOUAREG - G,GEN628,BAJO,C,,
ROTOR DE DISTRI | SUZUKI SAMURAI 1.3 8,GEN6280,BAJO,D,,
ROTOR DE DISTRI | MAZDA 323 2.0 - 626,GEN6285,BAJO,D,,
BOMBA DE LIMPIA | VW BORA - FOX - SURA,GEN629,BAJO,C,,
ROTOR DE DISTRI | HONDA ACCORD 1.8I -,GEN6295,MEDIO,D,,
BOMBA DE LIMPIA | VW GOLF IV - PASSAT,GEN630,BAJO,C,,
ROTOR DE DISTRI | DODGE TRUCKS DAKOTA,GEN6300,BAJO,D,,
ROTOR DE DISTRI | DODGE TRUCKS CHEROOK,GEN6305,BAJO,C,,
BOMBA DE LIMPIA | CHEVROLET - GM - TOY,GEN631,BAJO,C,,
ROTOR DE DISTRI | GM DODGE TRUCKS,GEN6310,BAJO,D,,
BOMBA DE LIMPIA | CHEVROLET - TOYOTA -,GEN632,BAJO,C,,
BOMBA DE LIMPIA | NISSAN ALTIMA - FRON,GEN633,BAJO,C,,
BOMBA DE LIMPIA | TOYOTA TERCEL - CORO,GEN634,BAJO,C,,
BOMBA DE LIMPIA | HONDA CIVIC - CRV -,GEN635,BAJO,C,,
BOMBA DE LIMPIA | HONDA CIVIC - CRX -,GEN636,BAJO,C,,
BOMBA DE LIMPIA | GM - CHEVROLET,GEN637,BAJO,C,,
BOMBA DE LIMPIA | CHEVROLET - GM,GEN638,BAJO,C,,
BOMBA DE LIMPIA | TOYOTA COROLLA - COR,GEN639,BAJO,C,,
BOMBA DE LIMPIA | GM - HYUNDAI - KIA,GEN640,BAJO,C,,
BOMBA DE LIMPIA | SCANIA - SAAB,GEN641,BAJO,D,,
BOMBA DE LIMPIA | VOLVO C70 - 570 - V7,GEN642,BAJO,D,,
"TAPA DE DISTRIB | ALFA ROMEO 164 3,0 I",GEN7005,ALTO,D,,
TAPA DE DISTRIB | ALFA ROMEO 75 2 5 V6,GEN7010,MEDIO,D,,
TAPA DE DISTRIB | PEUGEOT 605 3 0I - 3,GEN7015,ALTO,D,,
TAPA DE DISTRIB | RENAULT 25 V6 INYECC,GEN7020,MEDIO,D,,
TAPA DE DISTRIB | PEUGEOT 106 1 1/1 4,GEN7025,MEDIO,D,,
TAPA DE DISTRIB | PEUGEOT 205 1 3/1 4/,GEN7030,MEDIO,C,,
TAPA DE DISTRIB | MERCEDES BENZ 190 E,GEN7035,MEDIO,D,,
TAPA DE DISTRIB | MERCEDES BENZ 190E 2,GEN7036,MEDIO,D,,
TAPA DE DISTRIB | MERCEDES BENZ 280 C,GEN7040,ALTO,D,,
TAPA DE DISTRIB | MERCEDES BENZ 280 CE,GEN7045,ALTO,D,,
TAPA DE DISTRIB | BMW 320I - 325IE - 5,GEN7050,ALTO,D,,
TAPA DE DISTRIB | SUZUKI BALENO 1 3 GL,GEN7060,BAJO,C,,
TAPA DE DISTRIB | DAIHATSU CHARADE 100,GEN7070,BAJO,D,,
TAPA DE DISTRIB | TOYOTA COROLLA 1 3 -,GEN7075,MEDIO,D,,
TAPA DE DISTRIB | TOYOTA CELICA 1 6 89,GEN7080,MEDIO,D,,
TAPA DE DISTRIB | DAIHATSU CHARMANT 1,GEN7085,MEDIO,D,,
TAPA DE DISTRIB | TOYOTA CAMRY 1 8 - 2,GEN7090,MEDIO,D,,
TAPA DE DISTRIB | PEUGEOT 405 ML 2 0I,GEN7105,MEDIO,D,,
TAPA DE DISTRIB | SEAT PICK UP - MARBE,GEN7110,MEDIO,C,,
TAPA DE DISTRIB | CHRYSLER JEEP CHEROK,GEN7115,MEDIO,C,,
"TAPA DE DISTRIB | ISUZU AMIGO 2,3 - 2,",GEN7120,MEDIO,D,,
TAPA DE DISTRIB | NISSAN 100 NX - PRIM,GEN7125,BAJO,C,,
TAPA DE DISTRIB | FIAT TIPO - UNO - DU,GEN7130,MEDIO,C,,
TAPA DE DISTRIB | RENAULT CLIO 1 2/1 4,GEN7135,BAJO,C,,
"TAPA DE DISTRIB | MAZDA 323 1,3/1,4/1,",GEN7140,BAJO,C,,
TAPA DE DISTRIB | MAZDA PICK UP 2600 -,GEN7145,BAJO,C,,
"TAPA DE DISTRIB | NISSAN SENTRA 1,4/1,",GEN7150,MEDIO,C,,
TAPA DE DISTRIB | CHRYSLER SPIRIT 6 CI,GEN7155,MEDIO,C,,
"TAPA DE DISTRIB | MAZDA 323 1,3/1,5 -",GEN7160,BAJO,D,,
TAPA DE DISTRIB | ROVER 111 CLS - 114,GEN7165,BAJO,C,,
"TAPA DE DISTRIB | NISSAN SENTRA 1,6 -",GEN7170,MEDIO,D,,
TAPA DE DISTRIB | BMW 320I - 323I - 52,GEN7175,MEDIO,D,,
TAPA DE DISTRIB | VOLKSWAGEN VOLVO 740,GEN7180,MEDIO,C,,
TAPA DE DISTRIB | CHEVROLET KADETT - O,GEN7185,MEDIO,D,,
TAPA DE DISTRIB | TOYOTA CELICA - CORO,GEN7190,BAJO,D,,
TAPA DE DISTRIB | PEUGEOT 504 - 505 -,GEN7195,BAJO,C,,
TAPA DE DISTRIB | CHEVROLET ASTRA - CA,GEN7200,MEDIO,C,,
TAPA DE DISTRIB | NISSAN PATHFINDER -,GEN7205,MEDIO,D,,
TAPA DE DISTRIB | LAND ROVER DEFENDER,GEN7210,MEDIO,D,,
"TAPA DE DISTRIB | MERCEDES BENZ 190 2,",GEN7215,MEDIO,D,,
TAPA DE DISTRIB | CHEVROLET ASTRA - CO,GEN7220,MEDIO,D,,
TAPA DE DISTRIB | FORD GRANADA 2 0 - 2,GEN7225,MEDIO,D,,
TAPA DE DISTRIB | FORD GRANADA - SCORP,GEN7230,MEDIO,D,,
TAPA DE DISTRIB | HONDA ACCORD 2 2I 16,GEN7235,MEDIO,D,,
"TAPA DE DISTRIB | MAZDA 626 - COUPE 1,",GEN7240,MEDIO,D,,
"TAPA DE DISTRIB | MAZDA 323 2,0I 24V -",GEN7245,MEDIO,D,,
TAPA DE DISTRIB | DAEWOO MATIZ 0 8 3 C,GEN7260,MEDIO,C,,
TAPA DE DISTRIB | SEAT AROSA 1 0I/1 4I,GEN7265,BAJO,D,,
TAPA DE DISTRIB | MAZDA 121 1 1/1 3 LX,GEN7275,BAJO,C,,
TAPA DE DISTRIB | SUBARU M 80 - 800 90,GEN7280,BAJO,C,,
"TAPA DE DISTRIB | MAZDA 626 2,5I 24V -",GEN7285,MEDIO,D,,
TAPA DE DISTRIB | SUZUKI VITARA 1 6I -,GEN7290,BAJO,C,,
TAPA DE DISTRIB | DAEWOO MATIZ 0 8 3 C,GEN7295,BAJO,C,,
TAPA DE DISTRIB | ,GEN7305,MEDIO,D,,
TAPA DE DISTRIB | ACURA INTEGRA - HOND,GEN7315,MEDIO,D,,
TAPA DE DISTRIB | NISSAN MICRA 1.3I 16,GEN7325,MEDIO,D,,
TAPA DE DISTRIB | TOYOTA CARINA 1.6 -,GEN7330,MEDIO,D,,
TAPA DE DISTRIB | TOYOTA CARINA 1.6 -,GEN7335,MEDIO,D,,
TAPA DE DISTRIB | TOYOTA CAMRY 2.2I -,GEN7345,MEDIO,D,,
TAPA DE DISTRIB | HONDA ACCORD 1.8-2.0,GEN7350,MEDIO,D,,
TAPA DE DISTRIB | NISSAN ALMERA 1.4-1.,GEN7355,MEDIO,D,,
TAPA DE DISTRIB | MAZDA 626 1.8I 2.0I,GEN7360,MEDIO,D,,
TAPA DE DISTRIB | MITSUBISHI COLT 1.3-,GEN7370,MEDIO,D,,
TAPA DE DISTRIB | DODGE TRUCKS DAKOTA,GEN7375,BAJO,C,,
CONTRATAPA DE D | PEUGEOT 205 - 405 -,GEN900,BAJO,D,,
CONJUNTO PROLON | PEUGEOT,GEN9005,BAJO,C,,
CONJUNTO PROLON | PEUGEOT,GEN9010,BAJO,C,,
CONJUNTO PROLON | PEUGEOT GAMMA,GEN9015,BAJO,C,,
CONTRATAPA DE D | RENAULT 9 - 11 - 12,GEN912,BAJO,C,,
CONTRATAPA DE D | RENAULT 19 RN - RT 1,GEN919,BAJO,D,,
CONTRATAPA DE D | RENAULT 9 - 11 - 19,GEN925,BAJO,C,,
CONTRATAPA DE D | FIAT TEMPRA - REGATT,GEN930,BAJO,C,,
CONTRATAPA DE D | FIAT TEMPRA - REGATT,GEN935,BAJO,C,,
CONTRATAPA DE D | FORD GALAXY - ORION,GEN950,BAJO,C,,
CONTRATAPA DE D | RENAULT 9 - 11 TURBO,GEN960,BAJO,C,,
CONTRATAPA DE D | FORD FALCON 70/78 -,GEN990,BAJO,C,,
CONJUNTO TAPA Y | RENAULT 9 - 11 - 12,GENC1012,BAJO,C,,
CONJUNTO TAPA Y | FIAT 125 - 128 EUROP,GENC2020,BAJO,C,,
CONJUNTO TAPA Y | FIAT - 125 - 128 SUP,GENC2021,BAJO,C,,
ROTOR DE DISTRI | RENAULT 4L - 4F - 6,GENGR05,BAJO,C,,
ROTOR DE DISTRI | RENAULT 6 - 9 - 11 -,GENGR06,BAJO,B,,
ROTOR DE DISTRI | RENAULT 4L - 6 - 12,GENGR07,BAJO,C,,
ROTOR DE DISTRI | RENAULT 18 - 21 - FU,GENGR08,BAJO,D,,
ROTOR DE DISTRI | FIAT TIPO 1 4/1 6 -,GENGR09,BAJO,C,,
ROTOR DE DISTRI | FORD PICK UP - FAIRL,GENGR100,BAJO,C,,
ROTOR DE DISTRI | SUZUKI VITARA - SIDE,GENGR101,BAJO,C,,
ROTOR DE DISTRI | FORD FALCON STANDARD,GENGR103,BAJO,C,,
ROTOR DE DISTRI | VOLKSWAGEN DODGE 35,GENGR105,BAJO,C,,
ROTOR DE DISTRI | FORD TAUNUS 58/76 DI,GENGR107,BAJO,C,,
ROTOR DE DISTRI | RENAULT IKA ESTANCIE,GENGR117,BAJO,C,,
ROTOR DE DISTRI | RENAULT 19 RN - RT 1,GENGR119,BAJO,C,,
ROTOR DE DISTRI | RENAULT IKA JEEP BER,GENGR121,BAJO,C,,
ROTOR DE DISTRI | FIAT 125 - 128 EUROP,GENGR125,BAJO,C,,
ROTOR DE DISTRI | CHEVROLET MONZA - KA,GENGR130,BAJO,C,,
ROTOR DE DISTRI | FIAT TEMPRA - REGATT,GENGR135,BAJO,C,,
ROTOR DE DISTRI | FIAT DUNA - UNO - VI,GENGR140,BAJO,B,,
ROTOR DE DISTRI | CHEVROLET 400 - PICK,GENGR143,BAJO,C,,
ROTOR DE DISTRI | FORD FALCON 70/78 -,GENGR20,BAJO,B,,
ROTOR DE DISTRI | FIAT 600 - 750 DISTR,GENGR205,BAJO,C,,
ROTOR DE DISTRI | RENAULT 18 - 21 - FU,GENGR21,BAJO,C,,
ROTOR DE DISTRI | VOLKSWAGEN DODGE VAL,GENGR25,BAJO,C,,
ROTOR DE DISTRI | RENAULT 9 - 11 TURBO,GENGR35,BAJO,C,,
ROTOR DE DISTRI | FORD TAUNUS - SIERRA,GENGR40,BAJO,B,,
ROTOR DE DISTRI | VOLKSWAGEN GACEL - K,GENGR44,BAJO,C,,
ROTOR DE DISTRI | VOLKSWAGEN GACEL - S,GENGR45,BAJO,C,,
ROTOR DE DISTRI | FORD F100 - PICK UP,GENGR46,BAJO,C,,
ROTOR DE DISTRI | FORD F100 - PICK UP,GENGR48,BAJO,C,,
ROTOR DE DISTRI | FORD ESCORT 1600 - S,GENGR50,BAJO,A,,
ROTOR DE DISTRI | SIAM DI TELLA - RILE,GENGR51,BAJO,C,,
ROTOR DE DISTRI | FORD GALAXY - ORION,GENGR55,BAJO,C,,
ROTOR DE DISTRI | FIAT 1100 - 1200 - 1,GENGR56,BAJO,D,,
ROTOR DE DISTRI | FIAT 1500 - 1600 DIS,GENGR59,BAJO,C,,
ROTOR DE DISTRI | PEUGEOT 505 GAMMA -,GENGR60,BAJO,C,,
ROTOR DE DISTRI | FIAT 128 TODOS DISTR,GENGR62,BAJO,C,,
ROTOR DE DISTRI | CHEVROLET MONZA - KA,GENGR65,BAJO,C,,
ROTOR DE DISTRI | DAEWOO RACER GTI - E,GENGR70,BAJO,C,,
ROTOR DE DISTRI | FORD A - B CAMIÓN A,GENGR71,BAJO,D,,
ROTOR DE DISTRI | CHEVROLET PICK UP -,GENGR75,BAJO,D,,
ROTOR DE DISTRI | WILLYS JEEP - CAMIÓN,GENGR76,BAJO,C,,
ROTOR DE DISTRI | RENAULT CLIO RL - RT,GENGR80,BAJO,C,,
ROTOR DE DISTRI | FORD PICK UP - CAMIÓ,GENGR81,BAJO,D,,
ROTOR DE DISTRI | FORD PICK UP - CAMIÓ,GENGR87,BAJO,D,,
ROTOR DE DISTRI | FORD FALCON STANDARD,GENGR91,BAJO,C,,
ROTOR DE DISTRI | FORD F 100 V8 58/78,GENGR97,BAJO,C,,
ROTOR DE DISTRI | HODSON 35/47 - STUDE,GENGR99,BAJO,D,,
PORTA ESCOBILLA | RENAULT 19 - 21 - PE,GV100PEPX148-149,BAJO,C,,
PORTA ESCOBILLA | FORD BOSCH ESCORT -,GV101PEBX75,BAJO,C,,
PORTA ESCOBILLA | FORD PERKINS WAPSA,GV102PEW007,BAJO,D,,
PORTA ESCOBILLA | MERCEDES BENZ BRASIL,GV104PEBX6-7,BAJO,C,,
PORTA ESCOBILLA | MERCEDES BENZ 1114 1,GV105PEBX56112V,BAJO,C,,
PORTA ESCOBILLA | VOLKSWAGEN WAPSA FOR,GV106PE213/21,BAJO,C,,
PORTA ESCOBILLA | VOLKSWAGEN WAPSA FOR,GV107PE213/2,BAJO,C,,
PORTA ESCOBILLA | ,GV108PEFX217,BAJO,C,,
PORTA ESCOBILLA | ,GV109PEFX220,BAJO,C,,
PORTAESCOBILLA | ,GV112PEBX43324V,BAJO,C,,
PORTA ESCOBILLA | MERCEDES BENZ CON RE,GV113PEBX56124V,BAJO,C,,
PORTA ESCOBILLA | VOLKSWAGEN WAPSA 162,GV114PE213/2324V,BAJO,C,,
PORTA ESCOBILLA | BOSCH T - IZQUIERDO,GV115PEBX161-162,BAJO,C,,
"PORTA ESCOBILLA | CHEVROLET CORSA 1,6",GV116PEBX161-162,BAJO,C,,
PORTA ESCOBILLA | ,GV116PEBX161162C,BAJO,C,,
PORTA ESCOBILLA | FORD FIESTA - CORSA,GV117PEBX161-162,BAJO,C,,
PORTAESCOBILLA | ,GV118PEBX161-162,BAJO,C,,
PORTAESCOBILLA | ,GV119PEBX161-162,BAJO,C,,
PORTA ESCOBILLA | FORD - VOLKSWAGEN CU,GV120PERX135,MEDIO,C,,
PORTA ESCOBILLA | FORD - VOLKSWAGEN -,GV121PERX135H,MEDIO,C,,
PORTA ESCOBILLA | FORD CARGO - VOLKSWA,GV122PERX134,MEDIO,C,,
PORTA ESCOBILLA | FORD CARGO - VOLKSWA,GV123PERX134H,MEDIO,C,,
PORTA ESCOBILLA | ,GV124PERX916-917,BAJO,C,,
PORTA ESCOBILLA | FORD BOSCH - MERCEDE,GV125PEBX159-160,BAJO,C,,
PORTA ESCOBILLA | MERCEDES BENZ ALFA R,GV126PEBX159-160,BAJO,C,,
PORTA ESCOBILLA | PEUGEOT 306 ALFA ROM,GV127PEBX157-158,BAJO,C,,
PORTAESCOBILLA | ,GV128PEBX157-158,BAJO,C,,
PORTAESCOBILLA | ,GV129PEBX157-158,BAJO,C,,
PORTA ESCOBILLA | DELPHI - 352 - 58 -,GV130PEJX31-32,BAJO,C,,
PORTA ESCOBILLA | MERCEDES BENZ 180 -,GV131PEBX151D,BAJO,C,,
PORTA ESCOBILLA | FIAT IVECO - CAMIONE,GV132PEBX151I,BAJO,C,,
PORTA ESCOBILLA | MERCEDES BENZ - SPRI,GV133PEDX157-158,BAJO,C,,
PORTA ESCOBILLA | MERCEDES BENZ DELCO,GV134PEDX419-420,BAJO,C,,
PORTA ESCOBILLA | ,GV135BPEHIX8537,BAJO,C,,
PORTA ESCOBILLA | RENAULT 19 - ESCORT,GV135PEHIX85,BAJO,C,,
PORTAESCOBILLA | ,GV137PEFX73(FX34,BAJO,C,,
PORTAESCOBILLA | ,GV139APEJX31,BAJO,C,,
PORTA ESCOBILLA | FIAT DUCATO 12V,GV139PEMAX29,BAJO,C,,
PORTA ESCOBILLA | FIAT UNO - FIORINO -,GV140PEJX35-36(3,BAJO,C,,
PORTA ESCOBILLA | FIAT TIPO - UNO - FI,GV141PEJX35-36,BAJO,C,,
PORTA ESCOBILLA | ,GV142PEFJX151-17,BAJO,C,,
PORTA ESCOBILLA | MITSUBISHI - AUDI -,GV144PEFJX190,BAJO,C,,
PORTA ESCOBILLA | PORTA ESCOBILLA,GV146PEJAX71-72,BAJO,C,,
PORTA ESCOBILLA | ,GV147PERX911,BAJO,C,,
PORTA ESCOBILLA | CHEVROLET ASTRA - BL,GV148PEDX142,BAJO,C,,
PORTA ESCOBILLA | CHEVROLET ASTRA - BL,GV149APEDX139CL,BAJO,C,,
PORTA ESCOBILLA | CHEVROLET ASTRA - BL,GV149PEDX139,BAJO,C,,
PORTA ESCOBILLA | RENAULT - IVECO - SC,GV150PEBX135-145,BAJO,C,,
PORTA ESCOBILLA | PEUGEOT - AUDI - MER,GV151PEBX137-143,BAJO,C,,
PORTA ESCOBILLA | DEUTZ - NEW HOLLAND,GV152PEBX134-144,BAJO,C,,
PORTA ESCOBILLA | CUMMINS - DAIHATSU -,GV153PEFJX195,BAJO,C,,
PORTA ESCOBILLA | ,GV154PEFTX133,BAJO,C,,
PORTA ESCOBILLA | ISUZU - DODGE - HIMO,GV155PEFJX83-13,BAJO,C,,
PORTA ESCOBILLA | FORD - JEEP - SUSUKI,GV156PEFJX83-12,BAJO,C,,
PORTA ESCOBILLA | MITSUBISHI - SUBARU,GV157PEFJX/HIX83,BAJO,C,,
PORTA ESCOBILLA | MAZDA - JEEP1989 - 1,GV158PEFJX83-17,BAJO,C,,
PORTA ESCOBILLA | ,GV159PEJAX82-83,BAJO,C,,
PORTA ESCOBILLA | ,GV160PEJAX82-83,BAJO,C,,
PORTA ESCOBILLA | VOLKSWAGEN DODGE - F,GV161PEFJX19524V,BAJO,C,,
PORTA ESCOBILLA | CUMMINS - IVECO DAIL,GV162PEBX192-193,BAJO,C,,
PORTA ESCOBILLA | ,GV163PEPX164-165,BAJO,C,,
PORTA ESCOBILLA | ,GV164PEBX192-193,BAJO,C,,
PORTA ESCOBILLA | MERCEDES BENZ BOSCH,GV165PEBX190-191,BAJO,D,,
CARBON DE ALTER | ,GV166PEBX36,MEDIO,C,,
PORTA CARBON DE | ,GV174PEBX146,BAJO,D,,
PORTA CARBON DE | ,GV175PEBX140,BAJO,D,,
PORTAESCOBILLA | ,GV176PEFORD,BAJO,C,,
PORTAESCOBILLA | ,GV177PEFORD,BAJO,C,,
PORTA ESCOBILLA | ,GV178PEJAS44-28,BAJO,C,,
PORTA ESCOBILLA | PORTA ESCOBILLA,GV183PEFX74-78,BAJO,C,,
PORTA ESCOBILLA | ,GV190PEDX175-176,BAJO,C,,
PORTA ESCOBILLA | PORTA ESCOBILLA CARB,GV195PEMT10024V,BAJO,C,,
PORTA ESCOBILLA | PORTA ESCOBILLA CARB,GV196PEMT10012V,BAJO,C,,
PLAQUETA DE DIR | RENAULT KANGOO - CLI,GV200APEMITSU,BAJO,D,,
PORTA ESCOBILLA | ,GV210APEBOSCH,BAJO,C,,
PORTA ESCOBILLA | ,GV210BPEBOSCH,BAJO,C,,
PORTA ESCOBILLA | ,GV222PEBOSCH,BAJO,C,,
PORTA ESCOBILLA | ,GV223PEBX157-158,BAJO,C,,
PORTA ESCOBILLA | ,GV224PEBX159-160,BAJO,C,,
PORTA ESCOBILLA | ,GV225PEBX159-160,BAJO,C,,
PORTA ESCOBILLA | ,GV227PEBOSCH,BAJO,C,,
CARBON DE ALTER | DELCO REMY - WAPSA -,GV262/12,BAJO,D,,
CARBON DE ALTER | DELCO REMY - WAPSA -,GV262/14,BAJO,D,,
CARBON DE ALTER | DELCO REMY - WAPSA -,GV262/14E,BAJO,D,,
PORTA ESCOBILLA | ,GV401PEJAX36-37,BAJO,C,,
PORTA ESCOBILLA | PORTA ESCOBILLA,GV402PEJX33-34,BAJO,C,,
PORTA ESCOBILLA | ,GV404PEMAX25-26,BAJO,C,,
PORTA ESCOBILLA | ,GV406PEJAX74-75,BAJO,C,,
PORTA ESCOBILLA | ,GV407PEDX140,BAJO,C,,
PORTA ESCOBILLA | ,GV408PEBX149,BAJO,C,,
PORTA ESCOBILLA | ,GV409PEBX196,BAJO,C,,
PORTA ESCOBILLA | ,GV410APEBX157-15,BAJO,C,,
PORTA ESCOBILLA | ,GV410BPEBX157-15,BAJO,C,,
PORTA ESCOBILLA | ,GV410PEBX157-158,BAJO,C,,
PORTA ESCOBILLA | ,GV411PEBX216-217,BAJO,C,,
PORTA ESCOBILLA | ,GV412PEJAX69-70,BAJO,C,,
PORTA ESCOBILLA | ,GV413PEBX218-219,BAJO,C,,
PORTA ESCOBILLA | ,GV414PEBX218-219,BAJO,C,,
PORTA ESCOBILLA | ,GV415PEJX29-30,BAJO,C,,
PORTA CARBON DE | ,GV421PEMITSU/HIX,BAJO,C,,
PORTA CARBON DE | ,GV422PEJAX86-87,BAJO,C,,
PORTA ESCOBILLA | ,GV423PEFX40,BAJO,C,,
PORTA ESCOBILLA | ,GV424PELAX91-92,BAJO,C,,
PORTA ESCOBILLA | ,GV425PEJAX85,BAJO,C,,
PORTA ESCOBILLA | ,GV426PEBX159-160,BAJO,C,,
PORTA ESCOBILLA | ,GV428PEVALEOIZQ,BAJO,C,,
PORTA ESCOBILLA | ,GV429PEDX157,BAJO,C,,
PORTA ESCOBILLA | ,GV430PEVALEO,BAJO,C,,
PORTA ESCOBILLA | ,GV431PEBX204I,BAJO,C,,
PORTA ESCOBILLA | ,GV432PEBX184I,BAJO,C,,
PORTA ESCOBILLA | ,GV433PEBX184DW,BAJO,C,,
PORTA ESCOBILLA | ,GV434PEBX210DW,BAJO,C,,
PORTA ESCOBILLA | ,GV435PEBX157-158,BAJO,C,,
PORTA ESCOBILLA | ,GV436PEBX157-158,BAJO,C,,
PORTA ESCOBILLA | ,GV438PEDELCO,BAJO,C,,
PORTA ESCOBILLA | ,GV439PEFX73,BAJO,C,,
PORTA ESCOBILLA | ,GV442PEMITSU,BAJO,C,,
PORTA ESCOBILLA | ,GV443PEVAL-MAND-,BAJO,C,,
PORTA ESCOBILLA | ,GV444PEJAX44-48,BAJO,C,,
PORTA ESCOBILLA | ,GV445PEVALEO,BAJO,C,,
PORTA ESCOBILLA | ,GV446PEVALEO,BAJO,C,,
PORTA ESCOBILLA | ,GV447PENP,BAJO,C,,
PORTA ESCOBILLA | ,GV448PENP,BAJO,C,,
PORTA ESCOBILLA | ,GV449PENP,BAJO,C,,
PORTA ESCOBILLA | MITSUBA,GV452PEMITSUBA,BAJO,C,,
PORTA ESCOBILLA | ,GV453PEFJX8326,BAJO,C,,
PORTA ESCOBILLA | ,GV459PEBX228,BAJO,C,,
PORTA ESCOBILLA | ,GV460PEBX233,BAJO,C,,
PORTA ESCOBILLA | ,GV465PEVALEO,BAJO,C,,
PORTA ESCOBILLA | ,GV473PENP,BAJO,C,,
PORTA ESCOBILLA | ,GV474PEDELCOCORE,BAJO,C,,
PORTA ESCOBILLA | ,GV475PEDELCOCORE,BAJO,C,,
PORTA ESCOBILLA | ,GV476PEDELCO,BAJO,C,,
PORTA ESCOBILLA | ,GV477PEVALEO,BAJO,C,,
PORTA ESCOBILLA | ,GV478PEDELCO#¿NO,BAJO,C,,
PORTA ESCOBILLA | ,GV479PEBOSCH,BAJO,C,,
PORTA ESCOBILLA | ,GV480PEBOSCH,BAJO,C,,
PORTA ESCOBILLA | APLICACIONES IVECO 1,GV491PEMITSU,BAJO,D,,
PORTA ESCOBILLA | APLICACIONES HYUNDAI,GV492PEMITSU,BAJO,C,,
PORTA ESCOBILLA | APLICACIONES SEAT CO,GV493PEBOSCH,BAJO,C,,
PORTA ESCOBILLA | APLICACIONES JAC MOT,GV495PEVALEO,BAJO,C,,
PORTA ESCOBILLA | APLICACIONES FIAT TO,GV496PEMITSU,BAJO,C,,
PORTA ESCOBILLA | APLICACIONES HYUNDAI,GV497PEDELCO,BAJO,C,,
PORTA ESCOBILLA | APLICACIONES CHEVROL,GV498PEDELCO,BAJO,C,,
PORTA ESCOBILLA | APLICACIONES CHERY T,GV499PEDELCO,BAJO,C,,
PORTA ESCOBILLA | APLICACIONES HB20 1.,GV500PEDELCO,BAJO,D,,
PORTA ESCOBILLA | PORT ESCOBILLA,GV92PEPX140-141,BAJO,C,,
PORTA ESCOBILLA | PORTA ESCOBILLA,GV93PEPX131,BAJO,C,,
PORTA ESCOBILLA | PORTA ESCOBILLA,GV94PEPX133,BAJO,C,,
PORTA ESCOBILLA | ,GV95CPEPX142-144,BAJO,C,,
PORTA ESCOBILLA | PORTA ESCOBILLA,GV95PEPX142-144,BAJO,C,,
PORTA ESCOBILLA | PORTA ESCOBILLA CARB,GV95PEPX142-144C,BAJO,C,,
KIT PORTA ESCOB | KIT PORTA ESCOBILLA,GV95PEPX142-144K,BAJO,C,,
PORTA ESCOBILLA | MERCEDES BENZ CLASE,GV96PEPX155D,BAJO,C,,
PORTA ESCOBILLA | VALEO - PARIS RHONE,GV97PEPX155DA(3),BAJO,C,,
PORTA ESCOBILLA | MERCEDES BENZ CLASE,GV98PEPX155D-4,BAJO,C,,
PORTA ESCOBILLA | VOLKSWAGEN PARIS RHO,GV99PEPX156I,BAJO,C,,
CARBON DE ALTER | PRESTOLITE CONENCHUF,GVALE12,BAJO,C,,
CARBON DE ALTER | MERCEDES BENZ - REGU,GVALE120,BAJO,C,,
CARBON DE ALTER | FORD ESCORT - RENAUL,GVALE121,BAJO,C,,
CARBON DE ALTER | FORD GALAXI - VOLKSW,GVALE124,BAJO,C,,
CARBON DE ALTER | MERCEDES BENZ -1614,GVALE12424V,BAJO,C,,
CARBON DE ALTER | INDIEL VIEJO,GVALE13,BAJO,C,,
CARBON DE ALTER | NASHVILLE 125 AMPER,GVALE16,BAJO,C,,
CARBON DE ALTER | INDIEL NUEVO,GVALE17,BAJO,B,,
CARBON DE ALTER | TAMATEL,GVALE18,BAJO,C,,
CARBON DE ALTER | NASHVILLE,GVALE20,BAJO,C,,
CARBON DE ALTER | BOSCH,GVALE22,BAJO,C,,
CARBON DE ALTER | PRESTOLITE CHICO,GVALE24,BAJO,C,,
CARBON DE ALTER | BOSCH REGULADOR INCO,GVALE25,BAJO,C,,
CARBON DE ALTER | BOSCH REGULADOR INCO,GVALE2524V,BAJO,C,,
CARBON DE ALTER | INDIEL REGULADOR INC,GVALE26,BAJO,C,,
CARBON DE ALTER | VOLKSWAGEN ARGELITE,GVALE30,BAJO,C,,
CARBON DE ALTER | DUCELIER RENAULT 12,GVALE37,BAJO,C,,
CARBON DE ALTER | DAIHATSU 12V,GVALE38,BAJO,C,,
CARBON DE ALTER | RENAULT 19 - PEUGEOT,GVALE39,BAJO,A,,
CARBON DE ALTER | DUCELIER RENAULT FUE,GVALE41,BAJO,C,,
CARBON DE ALTER | HITACHI,GVALE545,BAJO,C,,
CARBON DE ARRAN | CARBON MOTOR ALTA Y,GVALTA Y BAJA,BAJO,D,,
CARBON DE ARRAN | MERCEDES BENZ AN115,GVASX11,BAJO,C,,
CARBON DE ARRAN | MERCEDES BENZ CAV -,GVASX9-24V,BAJO,C,,
CARBON DE ARRAN | RENAULT RASTROJERO I,GVBSX11-12,BAJO,C,,
CARBON DE ARRAN | VOLKSWAGEN GOL - SAV,GVBSX126,BAJO,D,,
CARBON DE ARRAN | DEUTZ-NEW HOLLAND-IV,GVBSX134-144,BAJO,C,,
CARBON DE ARRAN | PEUGEOT 405 FRANCES,GVBSX146,BAJO,C,,
CARBON DE ARRAN | SERIE DD 12X36X27 BO,GVBSX148,BAJO,D,,
CARBON DE ARRAN | FIAT TEMPRA - FIESTA,GVBSX149,BAJO,C,,
CARBON DE ARRAN | FIAT DUCATO 2 KW BOS,GVBSX151,BAJO,C,,
"CARBON DE ARRAN | 1,7 BOSCH",GVBSX157-158,BAJO,D,,
ESCOBILLA DE AL | ,GVBSX157-158-127,BAJO,C,,
ESCOBILLA DE AL | ,GVBSX157-158-128,BAJO,C,,
ESCOBILLA DE AL | ,GVBSX157-158-129,BAJO,C,,
CARBON DE ARRAN | MERCEDES BENZ 190 -,GVBSX159-160,BAJO,C,,
ESCOBILLA DE AR | ,GVBSX159-160E.C,BAJO,C,,
CARBON DE ARRAN | PEUGEOT 205 FORD ESC,GVBSX161-162,BAJO,C,,
ESCOBILLA DE AL | ,GVBSX161-162D-11,BAJO,C,,
ESCOBILLA DE AL | ,GVBSX161-162I-11,BAJO,C,,
CARBON DE ARRAN | FORD 250 MWM -,GVBSX192-193,BAJO,D,,
CARBOPN DE ARRA | ,GVBSX196,BAJO,D,,
CARBON DE ARRAN | MERCEDES BENZ SUPER,GVBSX197,BAJO,C,,
CARBON DE ARRAN | VOLKSWAGEN [BOSCH],GVBSX29,BAJO,C,,
CARBON DE ARRAN | MERCEDES BENZ BNG [B,GVBSX33,BAJO,C,,
CARBON DE ARRAN | MERCEDES BENZ BNG BO,GVBSX34,BAJO,D,,
CARBON DE ARRAN | MERCEDES BENZ 3500 -,GVBSX35,BAJO,C,,
CARBON DE ARRAN | SCANIA - FIAT - FKB,GVBSX36,BAJO,C,,
CARBON DE ARRAN | FORD - VOLKSWAGEN -,GVBSX43,BAJO,C,,
CARBON DE ARRAN | MERCEDES BENZ - FIAT,GVBSX433=531,BAJO,C,,
CARBON DE ARRAN | MERCEDES BENZ 1114 B,GVBSX56,BAJO,D,,
CARBON DE ARRAN | MERCEDES BENZ BOSCH,GVBSX56112V,BAJO,C,,
CARBON DE ARRAN | MERCEDES BENZ 1114,GVBSX56124V,BAJO,C,,
CARBON DE ARRAN | MERCEDES BENZ OFF 12,GVBSX592,BAJO,D,,
CARBON DE ARRAN | MERCEDES BENZ BRASIL,GVBSX6-7,BAJO,D,,
CARBON DE ARRAN | FORD F100 - RANCHERO,GVBSX71,BAJO,C,,
"CARBON DE ARRAN | FORD ESCORT 1,6 - 1,",GVBSX75,BAJO,C,,
CARBON DE ARRAN | CHEVROLET CHEVETTE -,GVBSX75-77,BAJO,C,,
CARBON DE ARRAN | MERCEDES BENZ AUTO U,GVBSX8,BAJO,D,,
CARBON DE ARRAN | ,GVBSX96,BAJO,D,,
CARBON DE ALTER | BOSCH- MICROS 12-24V,GVBX123,BAJO,D,,
CARBON DE ALTER | BOSCH - CUMMINS - SC,GVBX170,BAJO,C,,
CARBON DE ALTER | MERCEDES BENZ 230 -,GVBX185,BAJO,D,,
CARBON DE ALTER | VOLKSWAGEN BOSCH - S,GVBX210,BAJO,C,,
CARBON DE ALTER | FIAT BOSCH - FIAT TE,GVBX217,BAJO,D,,
CARBON DE ALTER | VOLKSWAGEN BOSCH - G,GVBX220,BAJO,C,,
CARBON DE ALTER | VOLKSWAGEN BOSCH - G,GVBX220 S/T,BAJO,C,,
CARBON DE ALTER | FIAT - ESCORT - DUNA,GVBX24,BAJO,C,,
CARBON DE ARRAN | VOLKSWAGEN DODGE POL,GVCHX4,BAJO,C,,
CARBON DE ARRAN | VOLKSWAGEN DODGE 150,GVCHX6,BAJO,D,,
CARBON DE ARRAN | RENAULT X4 DIRECCION,GVDA1,MEDIO,C,,
CARBON DE ARRAN | DELCO REMY,GVDX115,MEDIO,D,,
CARBON DE ARRAN | PMG C - RED SERIES D,GVDX137-138,BAJO,D,,
CARBON DE ARRAN | ,GVDX140,BAJO,D,,
CARBON DE ARRAN | CHEVROLET ASTRA - BL,GVDX142,BAJO,D,,
CARBON DE ARRAN | DELCO REMY MOTOR TIP,GVDX157-158,BAJO,C,,
CARBON DE ARRAN | DELCO REMY MOTOR TIP,GVDX419-420,BAJO,C,,
CARBON DE ELECT | FIAT 128 - 7X17X11 -,GVEV39,BAJO,C,,
CARBON DE ELECT | FIAT 128 - 9X17X9 -,GVEV40,BAJO,C,,
CARBON DE ELECT | FIAT 125 - 9X9X17 -,GVEV41,BAJO,C,,
CARBON DE ELECT | PEUGEOT 504 - 505,GVEV42,BAJO,D,,
CARBON DE ELECT | VALEO MMA - USOS VAR,GVEV43,BAJO,C,,
CARBON DE ELECT | PEUGEOT GATE - PEUGE,GVEV44,BAJO,C,,
CARBON DE ELECT | PEUGEOT 405 - RENAUL,GVEV45,BAJO,C,,
CARBON DE ELECT | RENAULT GATE VALEO R,GVEV46,BAJO,C,,
CARBON DE ELECT | RENAULT GATE MARELLI,GVEV47,BAJO,C,,
CARBON DE ELECT | FIAT GATE - MARELLI,GVEV47B,BAJO,C,,
CARBON DE ELECT | VALEO MMA,GVEV48,BAJO,C,,
CARBON DE ELECT | VOLKSWAGEN SENDA - G,GVEV49,BAJO,C,,
CARBON DE ELECT | BOSCH,GVEV50,BAJO,C,,
CARBON DE ARRAN | RENAULT IKA - FORD F,GVEX16-56,BAJO,C,,
CARBON DE ARRAN | LUCAS INDENOR,GVEX16-57,BAJO,D,,
CARBON DE ALTER | MERCEDES BENZ - SCAN,GVEX201,BAJO,C,,
CARBON DE ALTER | FORD 14000,GVEX94A,BAJO,D,,
CONTACTO DE BOC | FORD 12V,GVFCB/1,BAJO,C,,
CARBON DE ARRAN | ISUZU - NISSAN - YAN,GVFISX051-052,BAJO,D,,
CARBON DE ARRAN | ISUZU,GVFISX200-201,BAJO,C,,
CARBON DE ARRAN | TOYOTA - MITSUBISHI,GVFJSX125,BAJO,D,,
CARBON DE ARRAN | NISSAN 12V,GVFJSX151-178,BAJO,C,,
CARBON DE ARRAN | MAZDA - MITUBISHI -,GVFJSX190,BAJO,C,,
CARBON DE ARRAN | TOYOTA DIESEL - DAIH,GVFJSX195,BAJO,C,,
CARBON DE ARRAN | PEUGEOT 205 SUBARU -,GVFJSX8311,BAJO,D,,
CARBON DE ARRAN | SUBARU - MAZDA - HYU,GVFJSX8312,BAJO,C,,
CARBON DE ARRAN | ISUZU - DODGE - HIMO,GVFJSX8313,BAJO,D,,
CARBON DE ARRAN | RENAULT JEEP 1989 -,GVFJSX8317,BAJO,D,,
CARBON DE ARRAN | MAZDA - MITSUBISHI -,GVFMSX123-145,BAJO,D,,
CARBON DE ARRAN | NISSAN DATSUN,GVFNSX107-110,BAJO,D,,
CARBON DE ARRAN | DAIHATSU DATSUN - NI,GVFNSX124,BAJO,D,,
ESCOBILLA DE AR | HITACHI ISUZU - NISS,GVFNSX167-168,BAJO,D,,
CARBON DE ARRAN | ISUZU - NISSAN - MAZ,GVFNSX173-174,BAJO,C,,
CARBON DE ARRAN | PEUGEOT 306 DIESEL -,GVFNSX189-190,BAJO,D,,
CARBON DE ARRAN | TOYOTA - CELICA - CO,GVFNSX197-198,BAJO,C,,
CARBON DE ARRAN | TOYOTA - CELICA,GVFTSX102,BAJO,C,,
CARBON DE ARRAN | DAIHATSU CUORE - TOY,GVFTSX104,BAJO,C,,
CARBON DE ARRAN | NIPPONDENSO KLARK,GVFTSX133,BAJO,C,,
CARBON DE ARRAN | CARBON,GVFTSX134,BAJO,C,,
CARBON DE ARRAN | FORD F100 6 CILINDRO,GVFX217,BAJO,D,,
CARBON DE ARRAN | FORD KA - FIESTA - C,GVFX220,BAJO,D,,
CARBON DE ARRAN | FORD FALCON - CHEVRO,GVFX34,BAJO,C,,
CARBON DE ARRAN | FORD LUCAS - FORD RA,GVFX40,BAJO,C,,
CARBON DE ARRAN | FORD - LUCAS 12V,GVFX5-6,BAJO,C,,
CARBON DE ARRAN | ,GVFX73C,BAJO,D,,
CARBON DE ARRAN | ,GVFX74-78,BAJO,D,,
COLECTOR DE ALT | ,GVGVP083,BAJO,C,,
COLECTOR DE ALT | ,GVGVSR04,BAJO,C,,
COLECTOR DE ALT | ,GVGVSR05,BAJO,C,,
COLECTOR DE ALT | ,GVGVSR07,BAJO,C,,
COLECTOR DE ALT | BOSCH - MARELLI 28X1,GVGVSR11,BAJO,C,,
COLECTOR DE ALT | INDIEL 25 4X10X18 5,GVGVSR21,BAJO,C,,
PORTAESCOBILLA | ,GVGVSR32,BAJO,D,,
COLECTOR DE ALT | ,GVGVSR35,BAJO,C,,
PORTAESCOBILLA | ,GVGVSR43,BAJO,D,,
COLECTOR DE ALT | ,GVGVSR47,BAJO,C,,
COLECTOR DE ALT | COLECTOR,GVGVSR48,BAJO,D,,
PORTAESCOBILLA | ,GVGVSR53,BAJO,D,,
COLECTOR DE ALT | ,GVGVSR61,BAJO,C,,
COLECTOR DE ALT | ,GVGVSR66,BAJO,C,,
COLECTOR DE ALT | ,GVGVSR70,BAJO,C,,
COLECTOR ALTERN | ,GVGVSR71,BAJO,C,,
COLECTOR ALTERN | ,GVGVSR78,BAJO,C,,
ESCOBILLA DE AR | ,GVHISX81-23,BAJO,D,,
CARBON DE ARRAN | LUCAS HITACHI SERIE,GVHISX81-24,BAJO,D,,
CARBON DE ARRAN | LUCAS HITACHI NISSAN,GVHISX81-25,BAJO,C,,
CARBON DE ARRAN | LUCAS HITACHI NISSAN,GVHISX81-26,BAJO,D,,
CARBON DE ARRAN | NISSAN P UP VG NISSA,GVHISX81-27,BAJO,D,,
CARBON DE ARRAN | FORD LUCAS - FORD OR,GVHISX85-37,BAJO,C,,
CARBON DE ARRAN | FIAT 1500 SENDA DIES,GVJSX13,BAJO,C,,
CARBON DE ARRAN | FIAT 147 DIESEL,GVJSX147D,BAJO,C,,
CARBON DE ARRAN | FIAT FURGON DIESEL 1,GVJSX16,BAJO,D,,
"CARBON DE ARRAN | FIAT NOVA 1,5 STRADA",GVJSX21-22,BAJO,C,,
CARBON DE ARRAN | FIAT - LANCIA Y - 10,GVJSX29-30,BAJO,C,,
"CARBON DE ARRAN | LUCAS 1,8 KW - MAXIO",GVJSX31-32,BAJO,C,,
CARBON DE ARRAN | CARBON,GVJSX33-34,BAJO,C,,
CARBON DE ARRAN | EQUIPO MAGNETTI MARE,GVJSX35-36,BAJO,C,,
CARBON DE ARRAN | FIAT TIPO - FIORINO,GVJSX35-36-3ESC,BAJO,D,,
CARBON DE ARRAN | FIAT PALIO - SIENA -,GVJSX35-37,BAJO,C,,
CARBON DE ARRAN | FIAT 1600 - 125 GARE,GVJSX4,BAJO,C,,
CARBON DE ARRAN | FIAT 600 - 850 - 750,GVJSX5,BAJO,C,,
CARBON DE ARRAN | FIAT TRACTOR 411 - 4,GVJSX9,BAJO,C,,
CARBON DE ALTER | FIAT - PEUGEOT - FOR,GVJX30-31,BAJO,C,,
CARBON DE ALTER | FIAT D 1300 - TT903,GVJX42,BAJO,C,,
CARBON DE ARRAN | FORD SIERRA - GACEL,GVLASX40-41,BAJO,B,,
CARBON DE ARRAN | FORD ESCORT CON TERM,GVLASX40-41E,BAJO,C,,
CARBON DE ARRAN | RENAULT LUCAS FRONTA,GVLASX43,BAJO,C,,
CARBON DE ARRAN | RENAULT LUCAS FRONTA,GVLASX43-44,BAJO,C,,
CARBON DE ARRAN | RENAULT LUCAS FRONT,GVLASX43-44D,BAJO,C,,
CARBON DE ARRAN | RENAULT LUCAS FRONTA,GVLASX43-45,BAJO,C,,
CARBON DE ARRAN | RENAULT LUCAS FRONTA,GVLASX43-46,BAJO,C,,
CARBON DE ARRAN | RENAULT LUCAS FRONTA,GVLASX43-48,BAJO,C,,
CARBON DE ARRAN | RENAULT LUCAS FRONTA,GVLASX73-41,BAJO,C,,
CARBON DE ARRAN | LUCAS FORD AN115 F10,GVLASX91-92,BAJO,C,,
ESCOBILLA DE LI | VOLKSWAGEN BOSCH - F,GVLP10,BAJO,C,,
ESCOBILLA DE LI | FIAT 600 - 750 - 150,GVLP13,BAJO,D,,
ESCOBILLA DE LI | VOLKSWAGEN DODGE - C,GVLP36,BAJO,C,,
ESCOBILLA DE LI | FORD FALCON,GVLP37,BAJO,C,,
ESCOBILLA DE LI | RENAULT 12,GVLP44,BAJO,C,,
ESCOBILLA DE LI | CALEFACTOR NORMAN,GVLP46,BAJO,D,,
ESCOBILLA DE LI | VOLKSWAGEN BOSCH - F,GVLP8,BAJO,C,,
ESCOBILLA DE LI | VOLKSWAGEN WAPSA - V,GVLP819/1,BAJO,D,,
ESCOBILLA DE AR | ,GVM10012V,BAJO,C,,
ESCOBILLA DE AR | ,GVM10024V,BAJO,C,,
ESCOBILLA DE AR | ,GVMASX25-26,BAJO,D,,
CARBON DE ARRAN | FIAT DUCATO MAGNETTI,GVMASX29,BAJO,C,,
ARO DE PLANETAR | ,GVP066,BAJO,D,,
ARO DE PLANETAR | FORD ESCORT - FIESTA,GVP084,BAJO,D,,
PORTA ESCOBILLA | RENAULT 11 - 18 - RE,GVPE010,BAJO,C,,
PORTA ESCOBILLA | FIAT 24V 35 AMPER,GVPE030,BAJO,C,,
PORTA ESCOBILLA | MERCEDES BENZ 12V 55,GVPE031,BAJO,C,,
PORTA ESCOBILLA | DEUTZ - PERKINS - DO,GVPE033,BAJO,D,,
PORTA ESCOBILLA | ,GVPE034DELCO,BAJO,D,,
PORTA ESCOBILLA | ,GVPE200DABR,MEDIO,C,,
PORTA ESCOBILLA | PEUGEOT RENAULT VOLK,GVPE207,BAJO,C,,
PORTA ESCOBILLA | DELCO REMY - CHEVROL,GVPE211,BAJO,C,,
PORTA ESCOBILLA | MERCEDES BENZ 5X6X22,GVPE213,BAJO,D,,
PORTA ESCOBILLA | DELCO REMY COREANO 4,GVPE214,BAJO,C,,
PORTA ESCOBILLA | DELCO REMY - CHEVROL,GVPE215,BAJO,D,,
PORTA ESCOBILLA | CHEVROLET MONZA IPAN,GVPE262-14E,BAJO,C,,
PORTA ESCOBILLA | UNIVERSAL,GVPE311,BAJO,C,,
PORTA ESCOBILLA | FIAT - PEUGEOT - FOR,GVPE675,BAJO,C,,
PORTA ESCOBILLA | MERCEDES BENZ,GVPE715,BAJO,C,,
CARBON DE ARRAN | PEUGEOT 505 12V VALE,GVPSX108-109,BAJO,D,,
CARBON DE ARRAN | PEUGEOT 405 - 505 PA,GVPSX131,BAJO,C,,
CARBON DE ARRAN | PEUGEOT 404 - 504 -,GVPSX133,BAJO,C,,
CARBON DE ARRAN | RENAULT 18D - TRAFIC,GVPSX140-141,BAJO,C,,
CARBON DE ARRAN | ,GVPSX142-144,BAJO,C,,
CARBON DE ARRAN | RENAULT 19 - 21 - PE,GVPSX148-149,BAJO,C,,
CARBON DE ARRAN | RENAULT 19 - 21 - PE,GVPSX148-149C/RE,BAJO,C,,
CARBON DE ARRAN | ESCOBILLA PARIS RHON,GVPSX155D,BAJO,C,,
CARBON DE ARRAN | ESCOBILLA PARIS PHON,GVPSX155DA,BAJO,C,,
CARBON DE ARRAN | PARIS RHONE - VALEO,GVPSX156E,BAJO,C,,
CARBON DE ARRAN | RENAULT 19 - PEUGEOT,GVPSX178-179,BAJO,D,,
CARBON DE ARRAN | CITROEN - PEUGEOT IN,GVPSX35-36,BAJO,C,,
CARBON DE ALTER | VALEO - PARIS - RHON,GVPX52-54,BAJO,D,,
CARBON DE ARRAN | DELCO REMY 40 METROS,GVRX122H,BAJO,D,,
CARBON DE ARRAN | MOTOR TIPO M 50 MT D,GVRX124-6ESC,BAJO,D,,
CARBON DE ARRAN | DELCO REMY MOTOR TIP,GVRX124H-6ESC,BAJO,D,,
CARBON DE ARRAN | FORD CARGO - VOLKSWA,GVRX134,BAJO,D,,
CARBON DE ARRAN | FORD CARGO - VOLKSWA,GVRX134H,BAJO,D,,
CARBON DE ARRAN | FORD - VOLKSWAGEN -,GVRX135,BAJO,C,,
CARBON DE ARRAN | FORD - VOLKSWAGEN -,GVRX135H,BAJO,C,,
CARBON DE ARRAN | CHEVROLET 30 - 53 6V,GVRX37,BAJO,C,,
CARBON DE ARRAN | CHEVROLET DELCO REMY,GVRX37G,BAJO,C,,
CARBON DE ARRAN | CHEVROLET 51 - 53 -,GVRX60,BAJO,C,,
CARBON DE ALTER | FORD FIAT - VOLKSWAG,GVSVX7,BAJO,C,,
CARBON DE ARRAN | RENAULT - PEUGEOT -,GVUSX21-22,BAJO,B,,
CARBON DE ARRAN | RENAULT 6 - 12 - 18,GVUSX21-22C/T,BAJO,C,,
CARBON DE ARRAN | RENAULT LUCAS RENAUL,GVUSX56-57,BAJO,C,,
CARBON DE ARRAN | VOLKSWAGEN EQUIPO TR,GVUSX60-21,BAJO,C,,
CARBON DE ELECT | FIAT,GVVFX02,BAJO,D,,
COLECTOR DE ALT | ,GVVGVSR72,BAJO,C,,
CARBON DE ARRAN | MERCEDES BENZ 1625 -,GVWAP213/21,BAJO,D,,
CARBON DE ARRAN | 1625 - 30 - 1825 - 2,GVWAP213/23,BAJO,D,,
CARBON DE ARRAN | FORD PERKINS MWM BRA,GVWAPSA007,BAJO,D,,
CARBON DE ARRAN | ,GVWAPSA213/13,BAJO,D,,
CARBON DE ARRAN | FORD WAPSA - ESCORT,GVWAPSA213/2,BAJO,D,,
CARBON DE ARRAN | M. BENZ 12V (BSX272),GVWAPSA213/21,BAJO,D,,
CARBON DE ARRAN | M. BENZ 24V (BSX272),GVWAPSA213/23,BAJO,D,,
CARBON DE ARRAN | ,GVWAPSA213/3,BAJO,D,,
CARBON DE ARRAN | VOLKSWAGEN - SENDA -,GVWAPSA213/5,BAJO,C,,
CARBON DE ALTER | FORD INDIEL FRONTAL,GZALE 13,,D,,
CARBON DE ALTER | FIAT - PEUGEOT CHRYS,GZALE 25,,D,,
CARBON DE ALTER | FIAT REGATTA - FORD,GZALE121,,D,,
CARBON DE ARRAN | FIAT - DUCATO - CHEV,GZBSX 151,,D,,
CARBON DE ARRAN | FIAT 147 - FORD ESCO,GZBSX 75,,D,,
CARBON DE ARRAN | FIAT DUNA WEEK BRASI,GZBSX157-158,,D,,
CARBON DE ARRAN | FORD - ORION - POINT,GZHISX 8537,,D,,
CARBON DE ARRAN | FIAT - FURGON DIESEL,GZJSX 16,,D,,
CARBON DE ARRAN | FIAT 1600 - 125 DODG,GZJSX 4,,D,,
CARBON DE ARRAN | FIAT 600 750 850 GAR,GZJSX 5,,D,,
CARBON DE ARRAN | FIAT - PEUGEOT 306 -,GZJSX21-22,,C,,
CARBON DE ARRAN | CHEVROLET S10 BLASER,GZJSX31-32,,D,,
CARBON DE ALTER | FIAT 1300 - DUNA - U,GZJX 42,,D,,
CARBON DE ALTER | PEUGEOT FIAT GAREF,GZJX30-31,,C,,
CARBON DE ARRAN | FORD INDIEL FRONTAL,GZLASX 43,,D,,
CARBON DE ARRAN | PEUGEOT 205 TERMINAL,GZPSX 205,,D,,
CARBON DE ARRAN | PEUGEOT 205 RENAULT,GZPSX148-149,,C,,
CARBON DE ARRAN | PEUGEOT CITROEN TAMA,GZPSX35-36,,D,,
IMPULSOR DE ARR | FIAT SPAZIO - REGATT,HDS9626,,D,,
BATERIA | 12 VOLTS 55 AMP. 240,HERPLX,,D,,
BATERIA | 12 VOLTS 75 FREE. 27,HERPTL,,D,,
ADAPTADOR XENON | BMW SERIE 3 98 - 200,HIDADAP003,,C,,
ADAPTADOR XENON | FORD - VOLKSWAGEN,HIDADAP013,,D,,
ADAPTADOR XENON | VOLKSWAGEN BORA,HIDADAP014,,C,,
ADAPTADOR XENON | VOLKSAGEN GOLF 6,HIDADAP023,,C,,
ADAPTADOR XENON | LAMPARA D2S / D4S /,HIDADAP027,,C,,
ADAPTADOR XENON | LAMPARA D2S / D4S /,HIDADAP029,,C,,
"BALASTO ORIGINA | D1S / D3S FORD, VOLK",HIDBAL001,,C,,
"BALASTO ORIGINA | D1S / D3S FORD, VOLK",HIDBAL002,,C,,
"BALASTO ORIGINA | D1S / D3S FORD, VOLK",HIDBAL003,,D,,
"BALASTO ORIGINA | D1S / D3S HYUNDAI, L",HIDBAL004,,D,,
"BALASTO ORIGINA | D1S / D3S DODGE, FOR",HIDBAL005,,C,,
"BALASTO ORIGINA | D1S / D3S AUDI A3, S",HIDBAL006,,D,,
"BALASTO ORIGINA | D1S MERCEDES BENZ, B",HIDBAL008,,C,,
"BALASTO ORIGINA | D1S / D3S BMW, CITRO",HIDBAL009,,D,,
BALASTO ORIGINA | D1S BMW,HIDBAL010,,C,,
BALASTO ORIGINA | D2S / D2R / D4S / D4,HIDBAL012,,D,,
"BALASTO ORIGINA | D1S HONDA, MITSUBISH",HIDBAL014,,C,,
BALASTO ORIGINA | D1S BMW,HIDBAL015,,D,,
"BALASTO ORIGINA | D1S BMW, MERCEDES BE",HIDBAL016,,C,,
"BALASTO ORIGINA | D1S BMW, MERCEDES BE",HIDBAL017,,D,,
BALASTO ORIGINA | D1S BMW,HIDBAL018,,D,,
BALASTO ORIGINA | D2S / D2R / D4S / D4,HIDBAL019,,C,,
BALASTO XENON | BALASTO 24V ( POR UN,HIDBAL24V,BAJO,C,,
CABLEADO BIXENO | CABLEADO PARA KIT 90,HIDCAB900712V,BAJO,C,,
CABLEADO BIXENO | CABLEADO PARA KIT H1,HIDCABH1312V,BAJO,C,,
CABLEADO BIXENO | CABLEADO PARA KIT H4,HIDCABH412V,BAJO,C,,
CABLEADO BIXENO | CABLEADO PARA KIT H4,HIDCABH424V,BAJO,C,,
EMULADOR XENON | C1 - VOLSKWAGEN TOUA,HIDEMU001,,C,,
EMULADOR XENON | C5 - VOLKSWAGEN PASS,HIDEMU003,,C,,
"EMULADOR XENON | C7 - PORSCHE 911, AU",HIDEMU004,,C,,
EMULADOR XENON | RESISTENCIA 25W,HIDEMU010,,C,,
EMULADOR XENON | 9007 CAN-BUS,HIDEMU011,,C,,
EMULADOR XENON | H13 CAN-BUS,HIDEMU012,,C,,
EMULADOR XENON | H4 / 9004 / 9007 / H,HIDEMU013,,C,,
KIT DE XENON 60 | 2 LAMPARAS H10 12V 6,HIDKITH10-6K,BAJO,C,,
KIT DE XENON 80 | 2 LAMPARAS H9 12V 80,HIDKITH9-8K,BAJO,C,,
LAMPARA XENON 3 | LAMPARA 9006 12V 300,HIDLA9006-30K,,D,,
LAMPARA XENON P | LAMPARA 9006 12V PIN,HIDLA9006PINK,BAJO,C,,
LAMPARA BIXENON | LAMPARA 9004-3 12V 6,HIDLAM90046K,BAJO,D,,
LAMPARA BIXENON | LAMPARA 9004-3 12V 8,HIDLAM90048K,BAJO,C,,
LAMPARA XENON 1 | LAMPARA 9006 12V 100,HIDLAM900610K24,BAJO,D,,
LAMPARA XENON 6 | LAMPARA 9006 12V 600,HIDLAM90066K,BAJO,C,,
LAMPARA XENON 8 | LAMPARA 9006 12V 800,HIDLAM90068K,BAJO,C,,
LAMPARA BIXENON | LAMPARA 9007-3 12V 6,HIDLAM90076K,BAJO,D,,
LAMPARA XENON 3 | LAMPARA H1 12V 30000,HIDLAMH1-30K,,C,,
LAMPARA XENON 6 | LAMPARA H10 12V 6000,HIDLAMH106K,BAJO,C,,
LAMPARA XENON 8 | LAMPARA H10 12V 8000,HIDLAMH108K,BAJO,C,,
LAMPARA XENON 3 | LAMPARA H11 12V 3000,HIDLAMH1130K,,C,,
LAMPARA XENON P | LAMPARA H11 12V PINK,HIDLAMH11PINK,BAJO,C,,
LAMPARA BIXENON | LAMPARA H13-3 12V 10,HIDLAMH1310K,BAJO,C,,
LAMPARA BIXENON | LAMPARA H13-3 12V 12,HIDLAMH1312K,,D,,
LAMPARA BIXENON | LAMPARA H13-3 12V 60,HIDLAMH136K,BAJO,C,,
LAMPARA BIXENON | LAMPARA H13-3 12V 80,HIDLAMH138K,BAJO,C,,
LAMPARA XENON 6 | LAMPARA H16 12V 6000,HIDLAMH166K,BAJO,C,,
LAMPARA XENON 8 | LAMPARA H16 12V 8000,HIDLAMH168K,BAJO,C,,
LAMPARA XENON 1 | LAMPARA H27 12V 1000,HIDLAMH2710K,BAJO,D,,
LAMPARA XENON 6 | LAMPARA H27 12V 6000,HIDLAMH276K,BAJO,D,,
LAMPARA XENON 8 | LAMPARA H27 12V 8000,HIDLAMH278K,BAJO,D,,
LAMPARA XENON 3 | LAMPARA H3 12V 30000,HIDLAMH3-30K,,D,,
LAMPARA XENON 6 | LAMPARA H3 12V 6000K,HIDLAMH36K,BAJO,D,,
LAMPARA BIXENON | LAMPARA H4-3 12V 300,HIDLAMH4-30K,,C,,
LAMPARA BIXENON | LAMPARA H4-3 12V PIN,HIDLAMH4PINK,BAJO,C,,
LAMPARA XENON 3 | LAMPARA H7 12V 30000,HIDLAMH7-30K,,C,,
LAMPARA XENON P | LAMPARA H7 12V PINK,HIDLAMH7PINK,BAJO,C,,
LAMPARA XENON 1 | LAMPARA H8 12V 12000,HIDLAMH812K,BAJO,C,,
CABLES LAMPARAS | LAMPARAS D1S 45CM,HIDWIRE001,,C,,
CABLES LAMPARAS | D2H WIRE,HIDWIRE003,,C,,
CABLES LAMPARAS | D1/3(P)WIRE,HIDWIRE006,,C,,
LAMPARA ORIGINA | LAMPARA XENON D1R 12,HIDXEND1R-43K,BAJO,C,,
LAMPARA ORIGINA | LAMPARA XENON D2R 12,HIDXEND2R-43K,BAJO,C,,
LAMPARA ORIGINA | LAMPARA XENON D2S 12,HIDXEND2S-43K,BAJO,C,,
LAMPARA ORIGINA | LAMPARA XENON D3R 12,HIDXEND3R-43K,BAJO,C,,
BUJIA INCANDESC | FORD TD27/MITSUBISHI,HIT4029,BAJO,D,,
BUJIA INCANDESC | NISSAN - PATROL 160,HIT4043,BAJO,C,,
BUJIA INCANDESC | AUDI 1.6 D/2.0 D/2.4,HIT4291,BAJO,C,,
BUJIA INCANDESC | MITSUBISHI/PEUGEOT 1,HIT4313,BAJO,B,,
BUJIA INCANDESC | ALFA ROMEO 1.9 D/TD/,HIT4316,BAJO,C,,
BUJIA INCANDESC | ALFA ROMEO 1.9 D/TD/,HIT4330,BAJO,C,,
BUJIA INCANDESC | PERKINS CONECTOR TOR,HIT4570,BAJO,C,,
MRHP172 PARA AU | RODADO 18 215/55 99V,HP172-215-55R18-99V,ALTO,C,,
MRHP172 PARA AU | RODADO 17 215/60 96H,HP172-215-60R17-96H,ALTO,C,,
MRHP172 PARA AU | RODADO 17 215/65 99V,HP172-215-65R17-99V,ALTO,C,,
MRHP172 PARA AU | RODADO 19 225/45 96W,HP172-225-45R19-96WXL,ALTO,C,,
MRHP172 PARA AU | RODADO 18 225/55 98V,HP172-225-55R18-98V,ALTO,C,,
MRHP172 PARA AU | RODADO 19 225/55 99V,HP172-225-55R19-99V,ALTO,C,,
MRHP172 PARA AU | RODADO 18 225/60 100,HP172-225-60R18-100V,ALTO,C,,
MRHP172 PARA AU | RODADO 19 235/45 99W,HP172-235-45R19-99WXL,ALTO,C,,
MRHP172 PARA AU | RODADO 18 235/55 100,HP172-235-55R18-100V,ALTO,C,,
MRHP172 PARA AU | RODADO 19 235/55 105,HP172-235-55R19-105V,ALTO,C,,
MRHP172 PARA AU | RODADO 18 235/60 107,HP172-235-60R18-107VXL,ALTO,C,,
MRHP172 PARA AU | RODADO 20 245/45 99Y,HP172-245-45R20-99Y,ALTO,C,,
MRHP172 PARA AU | RODADO 20 255/45 105,HP172-255-45R20-105VXL,ALTO,C,,
MRHP172 PARA AU | RODADO 19 255/50 107,HP172-255-50R19-107VXL,ALTO,C,,
MRHP172 PARA AU | RODADO 20 255/50 109,HP172-255-50R20-109VXL,ALTO,C,,
MRHP172 PARA AU | RODADO 18 255/55 109,HP172-255-55R18-109WXL,ALTO,C,,
MRHP172 PARA AU | RODADO 19 255/55 111,HP172-255-55R19-111VXL,ALTO,C,,
MRHP172 PARA AU | RODADO 18 255/60 112,HP172-255-60R18-112VXL,ALTO,C,,
MRHP172 PARA AU | RODADO 20 265/50 111,HP172-265-50R20-111VXL,ALTO,C,,
MRHP172 PARA AU | RODADO 20 275/45 110,HP172-275-45R20-110VXL,ALTO,C,,
MRHP172 PARA AU | RODADO 20 275/55 117,HP172-275-55R20-117VXL,ALTO,C,,
MRHP172 PARA AU | RODADO 19 285/45 111,HP172-285-45R19-111WXL,ALTO,C,,
DEFLECTOR VENTA | FIAT SIENA / PALIO 4,HS_01014FU,BAJO,C,,
DEFLECTOR VENTA | FIAT SIENA / PALIO 4,HS_01014TAFU,BAJO,C,,
DEFLECTOR VENTA | FIAT SIENA / PALIO 4,HS_01014TFU,BAJO,C,,
DEFLECTOR VENTA | IVECO TECTOR BURBUJA,HS_01017FU,MEDIO,C,,
DEFLECTOR VENTA | FIAT UNO 3P / UNO FI,HS_01020AFU,BAJO,C,,
DEFLECTOR VENTA | FIAT UNO 3P / UNO FI,HS_01020FU,BAJO,C,,
DEFLECTOR VENTA | FIAT PALIO 3P COLIZA,HS_01022FU,BAJO,C,,
DEFLECTOR VENTA | FIAT PUNTO DELANTERO,HS_01023FU,BAJO,D,,
DEFLECTOR VENTA | FIAT PUNTO TRASERO C,HS_01023TFU,BAJO,C,,
DEFLECTOR VENTA | FIAT IDEA DELANTERO,HS_01025FU,BAJO,C,,
DEFLECTOR VENTA | FIAT IDEA TRASERO CO,HS_01025TFU,BAJO,D,,
DEFLECTOR VENTA | FIAT 147 ADHESIVO,HS_01026AFU,BAJO,D,,
DEFLECTOR VENTA | FIAT SIENA / PALIO 4,HS_01027FU,BAJO,C,,
DEFLECTOR VENTA | FIAT UNO NUEVO 4P. 2,HS_01028FU,BAJO,C,,
DEFLECTOR VENTA | FIAT UNO NUEVO 4P. 2,HS_01029FU,BAJO,C,,
DEFLECTOR VENTA | FIAT UNO NUEVO 4P. 2,HS_01029TFU,BAJO,C,,
DEFLECTOR VENTA | IVECO DAILY 2008 > L,HS_01030AFU,BAJO,C,,
DEFLECTOR VENTA | FIAT STRADA 2006 > C,HS_01031FU,BAJO,C,,
DEFLECTOR VENTA | FIAT STRADA 2006 > C,HS_01032FU,BAJO,C,,
DEFLECTOR VENTA | FIAT PALIO NUEVO / G,HS_01033FU,BAJO,C,,
DEFLECTOR VENTA | FIAT PALIO NUEVO 201,HS_01033TFU,BAJO,C,,
DEFLECTOR VENTA | FIAT PALIO NUEVO / G,HS_01034FU,BAJO,C,,
DEFLECTOR VENTA | FIAT QUBO 2012 > DEL,HS_01035FU,BAJO,C,,
DEFLECTOR VENTA | FIAT GRAND SIENA 201,HS_01036TFU,BAJO,D,,
DEFLECTOR VENTA | FIAT TORO MOD 2016 >,HS_01037FU,BAJO,C,,
DEFLECTOR VENTA | FIAT TORO 2016 > TRA,HS_01037TFU,BAJO,C,,
DEFLECTOR VENTA | FIAT FIORINO 2014 >,HS_01038FU,BAJO,C,,
DEFLECTOR VENTA | FIAT FIORINO 2014 >,HS_01039FU,BAJO,C,,
DEFLECTOR VENTA | FIAT STRADA WORK / T,HS_01040FU,BAJO,C,,
DEFLECTOR VENTA | FIAT ARGO / CRONOS 2,HS_01041TFU,BAJO,C,,
DEFLECTOR VENTA | FIAT MOBI 2016 > DEL,HS_01042FU,BAJO,C,,
DEFLECTOR VENTA | FIAT MOBI 2016 > TRA,HS_01042TFU,BAJO,D,,
DEFLECTOR VENTA | FIAT DOBLO 2012 > AD,HS_01043AFU,BAJO,C,,
DEFLECTOR VENTA | FIAT CRONOS 2017 > T,HS_01044TAFU,BAJO,C,,
DEFLECTOR VENTA | MERCEDES BENZ SPRINT,HS_01200EFU,BAJO,C,,
DEFLECTOR VENTA | MERCEDES BENZ SPRINT,HS_01200FU,BAJO,D,,
DEFLECTOR VENTA | MERCEDES BENZ SPRINT,HS_01215AFU,BAJO,C,,
DEFLECTOR VENTA | MERCEDES BENZ VITO 2,HS_01216AFU,BAJO,D,,
DEFLECTOR VENTA | FORD TRANSIT 2004-20,HS_01306FU,BAJO,C,,
DEFLECTOR VENTA | FORD FIESTA 4P. 1996,HS_01308FU,BAJO,C,,
DEFLECTOR VENTA | FORD RANGER DELANTER,HS_01310AFU,BAJO,C,,
DEFLECTOR VENTA | FORD RANGER DELANTER,HS_01310FU,BAJO,C,,
DEFLECTOR VENTA | FORD RANGER DOBLE CA,HS_01311AFU,BAJO,C,,
DEFLECTOR VENTA | FORD RANGER DOBLE CA,HS_01311FU,BAJO,C,,
DEFLECTOR VENTA | FORD F-100 1999 > AD,HS_01312FFU,BAJO,D,,
DEFLECTOR VENTA | FORD F-100 1999 > BU,HS_01312FU,MEDIO,D,,
DEFLECTOR VENTA | FORD ESCORT 1998-200,HS_01314FU,BAJO,D,,
DEFLECTOR VENTA | FORD F100 1983 CORTO,HS_01315FU,BAJO,C,,
DEFLECTOR VENTA | FORD ECOSPORT 2003-2,HS_01316AFU,BAJO,C,,
DEFLECTOR VENTA | FORD ECOSPORT MOD 20,HS_01316FU,BAJO,C,,
DEFLECTOR VENTA | FORD ECOSPORT MOD 20,HS_01317AFU,BAJO,C,,
DEFLECTOR VENTA | FORD ECOSPORT 2003-2,HS_01317FU,BAJO,C,,
DEFLECTOR VENTA | FORD RANGER NUEVA MO,HS_01318FU,BAJO,C,,
DEFLECTOR VENTA | FORD RANGER NUEVA MO,HS_01318TFU,BAJO,C,,
DEFLECTOR VENTA | FORD FIESTA KINETIC,HS_01320AFU,BAJO,C,,
DEFLECTOR VENTA | FORD FIESTA KINETIC,HS_01320TAFU,BAJO,C,,
DEFLECTOR VENTA | FORD F-100 1999 > TR,HS_01322FFU,BAJO,D,,
DEFLECTOR VENTA | FORD F-100 1999 > TR,HS_01322FU,BAJO,D,,
DEFLECTOR VENTA | FORD FIESTA / FIESTA,HS_01323FU,BAJO,C,,
DEFLECTOR VENTA | FORD FIESTA / FIESTA,HS_01323TAFU,BAJO,C,,
DEFLECTOR VENTA | FORD FIESTA / FIESTA,HS_01323TFU,BAJO,C,,
DEFLECTOR VENTA | FORD FOCUS 1999-2008,HS_01324FU,BAJO,C,,
DEFLECTOR VENTA | FORD FOCUS 1999-2008,HS_01324TFU,BAJO,D,,
DEFLECTOR VENTA | FORD KA 1997-2007 CO,HS_01325FU,BAJO,C,,
DEFLECTOR VENTA | FORD KA 2008 > COLIZ,HS_01326FU,BAJO,C,,
DEFLECTOR VENTA | FORD FIESTA 3P. 1996,HS_01327FU,BAJO,C,,
DEFLECTOR VENTA | FORD RANGER NUEVA CA,HS_01328FU,BAJO,C,,
DEFLECTOR VENTA | FORD RANGER NUEVA CA,HS_01329FU,BAJO,C,,
DEFLECTOR VENTA | FORD ECOSPORT KINETI,HS_01330AFU,BAJO,C,,
DEFLECTOR VENTA | FORD ECOSPORT KINETI,HS_01330FU,BAJO,C,,
DEFLECTOR VENTA | FORD ECOSPORT KINETI,HS_01330TAFU,BAJO,C,,
DEFLECTOR VENTA | FORD ECOSPORT KINETI,HS_01330TFU,BAJO,C,,
DEFLECTOR VENTA | FORD KA 2016 > ESPEJ,HS_01331FU,BAJO,C,,
DEFLECTOR VENTA | CHEVROLET C-20 / D-2,HS_01500FU,BAJO,D,,
DEFLECTOR VENTA | CHEVROLET MERIVA DEL,HS_01501AFU,BAJO,D,,
DEFLECTOR VENTA | CHEVROLET MERIVA DEL,HS_01501FU,BAJO,D,,
DEFLECTOR VENTA | CHEVROLET MERIVA TRA,HS_01501TAFU,BAJO,C,,
DEFLECTOR VENTA | CHEVROLET S-10 / BLA,HS_01505FU,BAJO,C,,
DEFLECTOR VENTA | CHEVROLET S-10 DOBLE,HS_01506AFU,BAJO,C,,
DEFLECTOR VENTA | CHEVROLET S-10 DOBLE,HS_01506FU,BAJO,C,,
DEFLECTOR VENTA | CHEVROLET CORSA CLAS,HS_01511FU,BAJO,C,,
DEFLECTOR VENTA | CHEVROLET CORSA CLAS,HS_01512ATFU,BAJO,C,,
DEFLECTOR VENTA | CHEVROLET CORSA CLAS,HS_01512FU,BAJO,C,,
DEFLECTOR VENTA | CHEVROLET CORSA CLAS,HS_01512TFU,BAJO,C,,
DEFLECTOR VENTA | CHEVROLET CORSA II 4,HS_01513FU,BAJO,D,,
DEFLECTOR VENTA | CHEVROLET CORSA II 4,HS_01513TFU,BAJO,C,,
DEFLECTOR VENTA | CHEVROLET ASTRA 4P.,HS_01514AFU,BAJO,C,,
DEFLECTOR VENTA | CHEVROLET ASTRA 4P.,HS_01514FU,BAJO,C,,
DEFLECTOR VENTA | CHEVROLET ASTRA 4P.,HS_01514TAFU,BAJO,C,,
DEFLECTOR VENTA | CHEVROLET ASTRA 4P.,HS_01514TFU,BAJO,D,,
DEFLECTOR VENTA | CHEVROLET ZAFIRA 200,HS_01515AFU,BAJO,C,,
DEFLECTOR VENTA | CHEVROLET ZAFIRA 200,HS_01515TAFU,BAJO,D,,
DEFLECTOR VENTA | CHEVROLET AVEO 2008,HS_01516FU,BAJO,C,,
DEFLECTOR VENTA | CHEVROLET AGILE 2009,HS_01517FU,BAJO,D,,
DEFLECTOR VENTA | CHEVROLET AGILE 2009,HS_01517TFU,BAJO,C,,
DEFLECTOR VENTA | CHEVROLET S-10 NUEVA,HS_01518AFU,BAJO,C,,
DEFLECTOR VENTA | CHEVROLET S-10 NUEVA,HS_01518FU,BAJO,C,,
DEFLECTOR VENTA | CHEVROLET S-10 NUEVA,HS_01518TAFU,BAJO,D,,
DEFLECTOR VENTA | CHEVROLET S-10 NUEVA,HS_01518TFU,BAJO,C,,
DEFLECTOR VENTA | CHEVROLET ONIX / PRI,HS_01519AFU,BAJO,C,,
DEFLECTOR VENTA | CHEVROLET PRISMA 201,HS_01519FU,BAJO,C,,
DEFLECTOR VENTA | CHEVROLET ONIX - PRI,HS_01519TAFU,BAJO,C,,
DEFLECTOR VENTA | CHEVROLET TRACKER 20,HS_01520AFU,BAJO,C,,
DEFLECTOR VENTA | CHEVROLET TRACKER 20,HS_01520TAFU,BAJO,C,,
DEFLECTOR VENTA | CHEVROLET SPIN 2012,HS_01521FU,BAJO,C,,
DEFLECTOR VENTA | CHEVROLET SPIN 2012,HS_01521TFU,BAJO,C,,
DEFLECTOR VENTA | CHEVROLET COBALT DEL,HS_01523FU,BAJO,D,,
DEFLECTOR VENTA | CHEVROLET COBALT 201,HS_01523TFU,BAJO,D,,
DEFLECTOR VENTA | RENAULT 19 DELANTERO,HS_01603FU,BAJO,D,,
DEFLECTOR VENTA | RENAULT 19 TRASERO C,HS_01603TFU,BAJO,D,,
DEFLECTOR VENTA | RENAULT KANGOO 1999-,HS_01604FU,BAJO,C,,
DEFLECTOR VENTA | RENAULT CLIO 4P. 198,HS_01605FU,BAJO,C,,
DEFLECTOR VENTA | RENAULT CLIO 2P. 198,HS_01606FU,BAJO,D,,
DEFLECTOR VENTA | RENAULT CLIO 4P 2000,HS_01607FU,BAJO,C,,
DEFLECTOR VENTA | RENAULT CLIO 4P. 200,HS_01607TFU,BAJO,D,,
DEFLECTOR VENTA | RENAULT CLIO 2P. 200,HS_01608FU,BAJO,C,,
DEFLECTOR VENTA | RENAULT MASTER 1999-,HS_01609EFU,BAJO,C,,
DEFLECTOR VENTA | RENAULT MASTER 1999-,HS_01609FU,BAJO,C,,
DEFLECTOR VENTA | RENAULT MEGANE I 199,HS_01610FU,BAJO,C,,
DEFLECTOR VENTA | RENAULT MEGANE I 199,HS_01610TFU,BAJO,C,,
DEFLECTOR VENTA | RENAULT 18 DELANTERO,HS_01611FU,BAJO,D,,
DEFLECTOR VENTA | RENAULT 12 DELANTERO,HS_01612FU,BAJO,D,,
DEFLECTOR VENTA | RENAULT TWINGO COLIZ,HS_01613FU,BAJO,D,,
DEFLECTOR VENTA | RENAULT SANDERO STEE,HS_01614AFU,BAJO,C,,
DEFLECTOR VENTA | RENAULT SANDERO STEE,HS_01614ATFU,BAJO,C,,
DEFLECTOR VENTA | RENAULT SANDERO STEE,HS_01614FU,BAJO,C,,
DEFLECTOR VENTA | RENAULT SANDERO STEE,HS_01614TFU,BAJO,C,,
DEFLECTOR VENTA | RENAULT SYMBOL DELAN,HS_01615FU,BAJO,C,,
DEFLECTOR VENTA | RENAULT SYMBOL TRASE,HS_01615TFU,BAJO,C,,
DEFLECTOR VENTA | RENAULT KWID 2017 >,HS_01616FU,BAJO,D,,
DEFLECTOR VENTA | RENAULT SCENIC 1998-,HS_01618AFU,BAJO,D,,
DEFLECTOR VENTA | RENAULT MASTER 2011,HS_01619AFU,BAJO,C,,
DEFLECTOR VENTA | RENAULT KANGOO 1999-,HS_01621FU,BAJO,C,,
DEFLECTOR VENTA | RENAULT LOGAN 2007 >,HS_01622ATFU,BAJO,D,,
DEFLECTOR VENTA | RENAULT DUSTER 2011,HS_01623FU,BAJO,C,,
DEFLECTOR VENTA | RENAULT FLUENCE 2010,HS_01624FU,BAJO,C,,
DEFLECTOR VENTA | RENAULT FLUENCE MOD,HS_01624TFU,BAJO,C,,
DEFLECTOR VENTA | RENAULT LOGAN 2013 >,HS_01625FU,BAJO,C,,
DEFLECTOR VENTA | RENAULT LOGAN 2013 >,HS_01626TFU,BAJO,D,,
DEFLECTOR VENTA | RENAULT KANGOO 2018,HS_01627FU,BAJO,C,,
DEFLECTOR VENTA | PEUGEOT PARTNER - CI,HS_01702FU,BAJO,C,,
DEFLECTOR VENTA | PEUGEOT 405 DELANTER,HS_01703FU,BAJO,D,,
DEFLECTOR VENTA | PEUGEOT 306 DELANTER,HS_01704FU,BAJO,C,,
DEFLECTOR VENTA | PEUGEOT 206 / 207 3P,HS_01705FU,BAJO,C,,
DEFLECTOR VENTA | PEUGEOT 206 / 207 4P,HS_01706FU,BAJO,C,,
DEFLECTOR VENTA | PEUGEOT 206 / 207 4P,HS_01706TAFU,BAJO,C,,
DEFLECTOR VENTA | PEUGEOT 206 / 207 4P,HS_01706TFU,BAJO,C,,
DEFLECTOR VENTA | PEUGEOT 307 DELANTER,HS_01709AFU,BAJO,C,,
DEFLECTOR VENTA | PEUGEOT 307 TRASERO,HS_01709TAFU,BAJO,C,,
DEFLECTOR VENTA | PEUGEOT PARTNER - CI,HS_01710FU,BAJO,C,,
DEFLECTOR VENTA | PEUGEOT EXPERT 2008-,HS_01711FU,BAJO,D,,
DEFLECTOR VENTA | PEUGEOT 408 MOD 2011,HS_01712FU,BAJO,C,,
DEFLECTOR VENTA | PEUGEOT 308 DELANTER,HS_01713AFU,BAJO,D,,
DEFLECTOR VENTA | PEUGEOT 208 2013 > D,HS_01714FU,BAJO,C,,
DEFLECTOR VENTA | PEUGEOT 208 2013 > T,HS_01714TFU,BAJO,D,,
DEFLECTOR VENTA | PEUGEOT EXPERT 2016,HS_01716FU,BAJO,C,,
DEFLECTOR VENTA | VW POLO / CADDY DELA,HS_01800FU,BAJO,C,,
DEFLECTOR VENTA | VW GOL 4P / COUNTRY,HS_01804AFU,BAJO,C,,
DEFLECTOR VENTA | VW GOL 4P / COUNTRY,HS_01804FU,BAJO,C,,
DEFLECTOR VENTA | VW GOL 4P. / COUNTRY,HS_01804TAFU,BAJO,D,,
DEFLECTOR VENTA | VW GOL 4P. / COUNTRY,HS_01804TFU,BAJO,D,,
DEFLECTOR VENTA | VW FOX 3P. COLIZA ES,HS_01805FU,BAJO,C,,
DEFLECTOR VENTA | VW FOX 4P / SURAN /,HS_01806FU,BAJO,C,,
DEFLECTOR VENTA | VW FOX 4P / SURAN /,HS_01806TAFU,BAJO,C,,
DEFLECTOR VENTA | VW FOX 4P. / SURAN /,HS_01806TFU,BAJO,C,,
DEFLECTOR VENTA | VW SAVEIRO 2010-2012,HS_01807FU,BAJO,C,,
DEFLECTOR VENTA | VW BORA DELANTERO AD,HS_01809AFU,BAJO,C,,
DEFLECTOR VENTA | VW GOLF 1999-2006 DE,HS_01810FU,BAJO,C,,
DEFLECTOR VENTA | VW GOL TREND 4P 2008,HS_01811FU,BAJO,C,,
DEFLECTOR VENTA | VW GOL TREND 4P TRAS,HS_01811TAFU,BAJO,C,,
DEFLECTOR VENTA | VW GOL TREND 4P. 200,HS_01811TFU,BAJO,D,,
DEFLECTOR VENTA | VW SAVEIRO 2010-2012,HS_01813FU,BAJO,C,,
DEFLECTOR VENTA | VW UP 3P. 2014 > COL,HS_01814FU,BAJO,D,,
DEFLECTOR VENTA | VW UP 5P MOD 2014 >,HS_01815FU,BAJO,C,,
DEFLECTOR VENTA | VW SAVEIRO / GOL TRE,HS_01816FU,BAJO,C,,
DEFLECTOR VENTA | VW AMAROK DELANTERO,HS_01830FU,BAJO,C,,
DEFLECTOR VENTA | VW AMAROK TRASERO CO,HS_01830TFU,BAJO,C,,
DEFLECTOR VENTA | RAM DELANTERO ADHESI,HS_02001AFU,BAJO,D,,
DEFLECTOR VENTA | RAM TRASERO ADHESIVO,HS_02001TAFU,BAJO,D,,
DEFLECTOR VENTA | TOYOTA SW4 1998-2003,HS_02103FU,BAJO,C,,
DEFLECTOR VENTA | TOYOTA SW4 1998-2003,HS_02104FU,BAJO,C,,
DEFLECTOR VENTA | TOYOTA HILUX 2000-20,HS_02105AFU,BAJO,C,,
DEFLECTOR VENTA | TOYOTA HILUX 2000-20,HS_02105FU,BAJO,C,,
DEFLECTOR VENTA | TOYOTA HILUX 1995-20,HS_02106AFU,BAJO,C,,
DEFLECTOR VENTA | TOYOTA HILUX 2000-20,HS_02106FU,BAJO,C,,
DEFLECTOR VENTA | TOYOTA HILUX CABINA,HS_02107FU,BAJO,D,,
DEFLECTOR VENTA | TOYOTA HILUX 2005 >,HS_02108FU,BAJO,D,,
DEFLECTOR VENTA | TOYOTA HILUX 2005 >,HS_02110AFU,BAJO,C,,
DEFLECTOR VENTA | TOYOTA HILUX 2005 >,HS_02110FU,BAJO,D,,
DEFLECTOR VENTA | TOYOTA HILUX SW4 200,HS_02111AFU,BAJO,C,,
DEFLECTOR VENTA | TOYOTA ETIOS CROSS /,HS_02112FU,BAJO,C,,
DEFLECTOR VENTA | TOYOTA ETIOS CROSS /,HS_02112TAFU,BAJO,C,,
DEFLECTOR VENTA | TOYOTA ETIOS CROSS /,HS_02112TFU,BAJO,C,,
DEFLECTOR VENTA | TOYOTA HILUX 2016 >,HS_02113AFU,BAJO,C,,
DEFLECTOR VENTA | TOYOTA HILUX 2016 >,HS_02113TAFU,BAJO,C,,
DEFLECTOR VENTA | TOYOTA HILUX SW4 201,HS_02114AFU,BAJO,C,,
DEFLECTOR VENTA | TOYOTA HILUX CABINA,HS_02115AFU,BAJO,C,,
DEFLECTOR VENTA | TOYOTA COROLLA 2008,HS_02151TAFU,BAJO,C,,
DEFLECTOR VENTA | HONDA FIT 2008-2013,HS_02200FU,BAJO,D,,
DEFLECTOR VENTA | HONDA FIT 2008-2013,HS_02200TFU,BAJO,D,,
DEFLECTOR VENTA | NISSAN FRONTIER 2009,HS_02301AFU,BAJO,C,,
DEFLECTOR VENTA | NISSAN FRONTIER 2009,HS_02301TAFU,BAJO,C,,
DEFLECTOR VENTA | NISSAN MARCH 2015 >,HS_02302FU,BAJO,D,,
DEFLECTOR VENTA | NISSAN MARCH 2015 >,HS_02302TFU,BAJO,D,,
DEFLECTOR VENTA | CHEVROLET CELTA / SU,HS_02400FU,BAJO,C,,
DEFLECTOR VENTA | CHEVROLET CELTA / SU,HS_02401FU,BAJO,C,,
DEFLECTOR VENTA | CHEVROLET CELTA / SU,HS_02401TFU,BAJO,D,,
DEFLECTOR VENTA | CITROEN C-3 DELANTER,HS_02500AFU,BAJO,C,,
DEFLECTOR VENTA | CITROEN C-3 DELANTER,HS_02500FU,BAJO,C,,
DEFLECTOR VENTA | CITROEN C-3 TRASERO,HS_02500TAFU,BAJO,D,,
DEFLECTOR VENTA | CITROEN C-3 TRASERO,HS_02500TFU,BAJO,D,,
DEFLECTOR VENTA | CITROEN C-3 2012 > D,HS_02501AFU,BAJO,C,,
DEFLECTOR VENTA | CITROEN C-3 2012 > T,HS_02501TAFU,BAJO,D,,
DEFLECTOR VENTA | CITROEN AIRCROSS C3,HS_02502AFU,BAJO,C,,
DEFLECTOR VENTA | CITROEN AIRCROSS C3,HS_02502TAFU,BAJO,C,,
DEFLECTOR VENTA | CITROEN XSARA PICASS,HS_02503AFU,BAJO,C,,
DEFLECTOR VENTA | CITROEN XSARA PICASS,HS_02503TAFU,BAJO,D,,
DEFLECTOR VENTA | CITROEN C-4 2007-201,HS_02504FU,BAJO,D,,
DEFLECTOR VENTA | JEEP RENEGADE 2016 >,HS_02600AFU,BAJO,C,,
DEFLECTOR VENTA | JEEP RENEGADE 2016 >,HS_02600TAFU,BAJO,C,,
DEFLECTOR VENTA | KIA 2500 / 2700 2006,HS_02700FU,MEDIO,D,,
DEFLECTOR CAPOT | FORD F100 / 150 1986,HS_03004FU,MEDIO,C,,
DEFLECTOR CAPOT | FORD F100 1995-1999,HS_03005FU,MEDIO,C,,
DEFLECTOR CAPOT | FORD RANGER MOD.1995,HS_03006FU,MEDIO,C,,
DEFLECTOR CAPOT | CHEVROLET S-10 / BLA,HS_03008FU,MEDIO,D,,
DEFLECTOR CAPOT | CHEVROLET SILVERADO,HS_03010FU,MEDIO,D,,
DEFLECTOR CAPOT | TOYOTA HILUX 1995-19,HS_03011FU,MEDIO,D,,
DEFLECTOR CAPOT | TOYOTA SW4 1998-2003,HS_03012FU,MEDIO,D,,
DEFLECTOR CAPOT | TOYOTA HILUX 2001-20,HS_03013FU,MEDIO,C,,
DEFLECTOR CAPOT | FORD F-100 2001-2013,HS_03014FU,MEDIO,D,,
DEFLECTOR CAPOT | CHEVROLET C-20 / D-2,HS_03016FU,MEDIO,D,,
DEFLECTOR CAPOT | CHEVROLET S-10 / BLA,HS_03017LFU,MEDIO,C,,
DEFLECTOR CAPOT | FORD RANGER 2004-200,HS_03019FU,BAJO,C,,
DEFLECTOR CAPOT | RENAULT KANGOO 1998-,HS_03024FU,MEDIO,D,,
DEFLECTOR CAPOT | TOYOTA HILUX 2005-20,HS_03025LFU,MEDIO,C,,
DEFLECTOR CAPOT | CHEVROLET S-10 / BLA,HS_03027FU,MEDIO,C,,
DEFLECTOR CAPOT | FORD ECOSPORT KINETI,HS_03029FU,MEDIO,C,,
DEFLECTOR CAPOT | FORD ECOSPORT 2008-2,HS_03030FU,MEDIO,C,,
DEFLECTOR CAPOT | FORD RANGER 2009-201,HS_03031FU,MEDIO,C,,
DEFLECTOR CAPOT | VW FOX / SURAN / CRO,HS_03033FU,MEDIO,C,,
DEFLECTOR CAPOT | FIAT PALIO ATRACTIVE,HS_03035FU,MEDIO,C,,
DEFLECTOR CAPOT | RENAULT KANGOO 2008-,HS_03036FU,MEDIO,C,,
DEFLECTOR CAPOT | PEUGEOT PARTNER - CI,HS_03037FU,MEDIO,C,,
DEFLECTOR CAPOT | VW GOL POWER / COUNT,HS_03038FU,MEDIO,C,,
DEFLECTOR CAPOT | VW GOL TREND / SAVEI,HS_03039FU,MEDIO,C,,
DEFLECTOR CAPOT | VW FOX / SURAN / CRO,HS_03042FU,MEDIO,C,,
DEFLECTOR CAPOT | RENAULT DUSTER / ORO,HS_03043FU,MEDIO,C,,
DEFLECTOR CAPOT | CHEVROLET S-10 2012-,HS_03045FU,MEDIO,C,,
DEFLECTOR CAPOT | FIAT TORO 2016 > DEF,HS_03051FU,MEDIO,C,,
DEFLECTOR CAPOT | FORD ECOSPORT KINETI,HS_03053FU,MEDIO,C,,
DEFLECTOR CAPOT | FORD RANGER 2016 > D,HS_03059FU,MEDIO,C,,
DEFLECTOR CAPOT | CHEVROLET S-10 2016,HS_03061FU,MEDIO,C,,
DEFLECTOR CAPOT | FORD RANGER 2012-201,HS_03062FU,MEDIO,C,,
DEFLECTOR CAPOT | VW AMAROK 2024 > DEF,HS_03066FU,MEDIO,C,,
MRHT172 PARA AU | 225/65R17 102H,HT172-225-65R17-102H,ALTO,C,,
MRHT172 PARA AU | 245/65R17 111H,HT172-245-65R17-111H,ALTO,C,,
MRHT172 PARA AU | 265/65R17 112H,HT172-265-65R17-112H,ALTO,C,,
CORREA ELASTICA | RENAULT KWID 1.0L 12,HUT03SK771,BAJO,C,,
CORREA ELASTICA | ,HUT03SK856,BAJO,C,,
CORREA ELASTICA | IVECO STRALIS - EURO,HUT04SK104141,BAJO,C,,
CORREA ELASTICA | VOLKSWAGEN CAMIÓN CO,HUT04SK140707,BAJO,C,,
CORREA ELASTICA | CHEVROLET COBALT – S,HUT04SK773,BAJO,C,,
CORREA ELASTICA | RENAULT KWID 1.0L 12,HUT04SK798,BAJO,C,,
CORREA ELASTICA | HYUNDAI I 10 - 1.2 (,HUT05SK1236,MEDIO,D,,
CORREA ELASTICA | CHEVROLET PRISMA – O,HUT05SK799,BAJO,C,,
CORREA DE DISTR | HYUNDAI SANTA FE / S,HUT065AHPP127,MEDIO,C,,
CORREA POLY-V D | Fiat Marea 2.0 20 va,HUT06K1225DF,MEDIO,C,,
CORREA ELASTICA | FORD ECOSPORT KINETI,HUT06SK1030,BAJO,C,,
CORREA ELASTICA | FORD FIESTA KA ECOSP,HUT06SK1037,BAJO,C,,
CORREA ELASTICA | FORD FOCUS ECOSPORT,HUT06SK1059,BAJO,C,,
"CORREA ELASTICA | CITROEN C3 1.4 HDI,",HUT06SK1090,MEDIO,C,,
CORREA ELASTICA | RENAULT CLIO II - ME,HUT06SK1200,BAJO,C,,
CORREA ELASTICA | VOLKSWAGEN GOL FOX S,HUT06SK725,BAJO,C,,
CORREA ELASTICA | VOLKSWAGEN SURAN SAV,HUT06SK762,BAJO,C,,
CORREA ELASTICA | RENAULT KANGOO 1.6 1,HUT07SK1051,MEDIO,C,,
CORREA DE DISTR | FORD FORD FIESTA 1.8,HUT085AHD22,BAJO,C,,
CORREA DE DISTR | RENAULT CLIO / TWING,HUT087HTDP17,BAJO,C,,
CORREA DE DISTR | ,HUT089HTDP25,MEDIO,C,,
CORREA DE DISTR | FORD FORD MONDEO BOM,HUT091HTDP20,BAJO,C,,
CORREA DE DISTR | RENAULT CLIO 1.4 8V,HUT095HTDP17,BAJO,C,,
CORREA DE DISTR | RENAULT CLIO II / KA,HUT095HTDP23,MEDIO,C,,
CORREA DE DISTR | RENAULT SCÉNIC / MÉG,HUT096HTDP17,BAJO,C,,
CORREA DE DISTR | TOYOTA OEM 135680913,HUT097HTDP25,MEDIO,C,,
CORREA DE DISTR | MITSUBUSHI MONTERO -,HUT099AHP19,BAJO,C,,
CORREA DE DISTR | ALFA ROMEO 145 1.6I,HUT100A17,BAJO,C,,
CORREA DE DISTR | PEUGEOT/CITROEN 205,HUT101HTDP17,BAJO,D,,
CORREA DE DISTR | DAIHTSU CHARADE 1.0,HUT103HTDP19,MEDIO,D,,
CORREA DE DISTR | PEUGEOT/CITROEN BERL,HUT104APPP17,BAJO,C,,
CORREA DE DISTR | HONDA ACCORD VI 98/0,HUT104HTDP24,MEDIO,D,,
CORREA DE DISTR | PEUGEOT/CITROEN BERL,HUT108HTDP17,BAJO,C,,
CORREA DE DISTR | CHEVROLET SPARK 1.0I,HUT109AHP25,MEDIO,C,,
CORRE TRAPEZOID | FORD TAUNUS SIERRA 2,HUT10AV1000LA,BAJO,C,,
CORRE TRAPEZOID | FORD FAIRLANE - RENA,HUT10AV1010LA,BAJO,C,,
CORRE TRAPEZOID | RENAULT TRAFIC,HUT10AV1025LA,BAJO,C,,
CORRE TRAPEZOID | CORREA TRAPEZOIDAL H,HUT10AV1040LA,BAJO,C,,
CORRE TRAPEZOID | PEUGEOT 504,HUT10AV1050LA,BAJO,C,,
CORRE TRAPEZOID | FIAT FIORINO UNO,HUT10AV1060LA,BAJO,C,,
CORRE TRAPEZOID | FIAT 147 DUNA FIORIN,HUT10AV1065LA,BAJO,C,,
CORRE TRAPEZOID | RENAULT FUEGO - FIAT,HUT10AV1075LA,BAJO,C,,
CORRE TRAPEZOID | PEUGEOT 504,HUT10AV1090LA,BAJO,C,,
CORRE TRAPEZOID | HYUNDAI H1 H100,HUT10AV1105LA,BAJO,C,,
CORRE TRAPEZOID | FORD FAIRLANE,HUT10AV1120LA,BAJO,C,,
CORRE TRAPEZOID | TOYOTA LAND CRUISER,HUT10AV1130LA,BAJO,C,,
CORRE TRAPEZOID | PEUGEOT 504 - RENAUL,HUT10AV1140LA,BAJO,C,,
CORRE TRAPEZOID | PEUGEOT 504 DIESEL,HUT10AV1150LA,BAJO,C,,
CORRE TRAPEZOID | CORREA TRAPEZOIDAL H,HUT10AV1165LA,BAJO,C,,
CORRE TRAPEZOID | RENAULT R12,HUT10AV1170LA,BAJO,C,,
CORRE TRAPEZOID | FORD SIERRA TRANSIT,HUT10AV1175LA,BAJO,C,,
CORRE TRAPEZOID | RENAULT TRAFFIC,HUT10AV1185LA,BAJO,C,,
CORRE TRAPEZOID | RENAULT R9 R11,HUT10AV1200LA,BAJO,C,,
CORRE TRAPEZOID | CHRYSLER NEON,HUT10AV1210LA,BAJO,D,,
CORRE TRAPEZOID | RENAULT TRAFFIC 1.6,HUT10AV1225LA,BAJO,C,,
CORRE TRAPEZOID | VOLVO 940 960,HUT10AV1235LA,BAJO,C,,
CORRE TRAPEZOID | VOLVO OMNIBUS,HUT10AV1250LA,BAJO,C,,
CORRE TRAPEZOID | CORREA TRAPEZOIDAL H,HUT10AV1260LA,BAJO,C,,
CORRE TRAPEZOID | VOLVO 940 960,HUT10AV1275LA,BAJO,C,,
CORRE TRAPEZOID | CORREA TRAPEZOIDAL H,HUT10AV1300LA,BAJO,C,,
CORRE TRAPEZOID | CORREA TRAPEZOIDAL H,HUT10AV1325LA,BAJO,C,,
CORRE TRAPEZOID | CHEVROLET PICK UP C1,HUT10AV1350LA,BAJO,C,,
CORRE TRAPEZOID | CORREA TRAPEZOIDAL H,HUT10AV1375LA,BAJO,C,,
CORRE TRAPEZOID | CHRYSLER 300M,HUT10AV1400LA,BAJO,C,,
CORRE TRAPEZOID | DODGE POLARA CORONAD,HUT10AV1425LA,BAJO,C,,
CORRE TRAPEZOID | CORREA TRAPEZOIDAL H,HUT10AV1450LA,BAJO,C,,
CORRE TRAPEZOID | DEUTZ TRACTORES CON,HUT10AV1475LA,BAJO,C,,
CORRE TRAPEZOID | CORREA TRAPEZOIDAL H,HUT10AV1500LA,BAJO,C,,
CORRE TRAPEZOID | CORREA TRAPEZOIDAL H,HUT10AV1525LA,BAJO,C,,
CORRE TRAPEZOID | DEUTZ BF6L913 TURBO,HUT10AV1550LA,BAJO,C,,
CORRE TRAPEZOID | CORREA TRAPEZOIDAL H,HUT10AV1575LA,BAJO,C,,
CORRE TRAPEZOID | CORREA TRAPEZOIDAL H,HUT10AV1600LA,BAJO,C,,
CORRE TRAPEZOID | CORREA TRAPEZOIDAL H,HUT10AV1625LA,BAJO,C,,
CORRE TRAPEZOID | CORREA TRAPEZOIDAL H,HUT10AV1825LA,BAJO,C,,
CORRE TRAPEZOID | FIAT REGATA - PEUGEO,HUT10AV550LA,BAJO,C,,
CORRE TRAPEZOID | PEUGEOT 504 505,HUT10AV580LA,BAJO,C,,
CORRE TRAPEZOID | FIAT DUCATO - PEUGEO,HUT10AV600LA,BAJO,C,,
CORRE TRAPEZOID | LAND ROVER DISCOVERY,HUT10AV610LA,BAJO,C,,
CORRE TRAPEZOID | VOLKSWAGEN GOL 1.6D,HUT10AV625LA,BAJO,C,,
CORRE TRAPEZOID | VOLKSWAGEN TRANSPORT,HUT10AV635LA,BAJO,C,,
CORRE TRAPEZOID | FIAT BRAVA BRAVO TIP,HUT10AV650LA,BAJO,C,,
CORRE TRAPEZOID | PEUGEOT 405 1.8 1.9T,HUT10AV655LA,BAJO,C,,
CORRE TRAPEZOID | RENAULT R12 1.4,HUT10AV665LA,BAJO,C,,
CORRE TRAPEZOID | FIAT TIPO UNO FIESTA,HUT10AV670LA,BAJO,C,,
CORRE TRAPEZOID | LAND ROVER DISCOVERY,HUT10AV675LA,BAJO,C,,
CORRE TRAPEZOID | FIAT DUNA PALIO - FO,HUT10AV685LA,BAJO,C,,
CORRE TRAPEZOID | FIAT PALIO SIENA 1.4,HUT10AV690LA,BAJO,C,,
CORRE TRAPEZOID | FIAT DUCATO - VOLKSW,HUT10AV700LA,BAJO,C,,
CORRE TRAPEZOID | CITROEN BERLINGO JUM,HUT10AV710LA,BAJO,C,,
CORRE TRAPEZOID | ALFA ROMEO 145 156 1,HUT10AV720LA,BAJO,C,,
CORRE TRAPEZOID | CORREA TRAPEZOIDAL H,HUT10AV730LA,BAJO,C,,
CORRE TRAPEZOID | FIAT REGATA TIPO - V,HUT10AV735LA,BAJO,C,,
CORRE TRAPEZOID | ALFA ROMEO 164,HUT10AV745LA,BAJO,C,,
CORRE TRAPEZOID | VOLKSWAGEN PASSAT 1.,HUT10AV760LA,BAJO,C,,
CORRE TRAPEZOID | VOLKSWAGEN GACEL 1.6,HUT10AV770LA,BAJO,C,,
CORRE TRAPEZOID | FIAT 133,HUT10AV785LA,BAJO,C,,
CORRE TRAPEZOID | FORD COURIER,HUT10AV800LA,BAJO,C,,
CORRE TRAPEZOID | ALFA ROMEO 164 - FIA,HUT10AV815LA,BAJO,C,,
CORRE TRAPEZOID | ALFA ROMEO 145 146 1,HUT10AV825LA,BAJO,C,,
CORRE TRAPEZOID | CITROEN CX GTI,HUT10AV835LA,BAJO,C,,
CORRE TRAPEZOID | FIAT 128 1.3 - VOLKS,HUT10AV840LA,BAJO,C,,
CORRE TRAPEZOID | CORREA TRAPEZOIDAL H,HUT10AV845LA,BAJO,C,,
CORRE TRAPEZOID | CHEVROLET MONZA,HUT10AV850LA,BAJO,C,,
CORRE TRAPEZOID | FIAT UNO REGATTA DUN,HUT10AV860LA,BAJO,C,,
CORRE TRAPEZOID | TOYOTA HILUX LAND CR,HUT10AV870LA,BAJO,C,,
CORRE TRAPEZOID | FIAT DUCATO FIORINO,HUT10AV885LA,BAJO,C,,
CORRE TRAPEZOID | CHEVROLET CORSA 1.4,HUT10AV900LA,BAJO,C,,
CORRE TRAPEZOID | ALFA ROMEO 164 - FIA,HUT10AV910LA,BAJO,C,,
CORRE TRAPEZOID | CORREA TRAPEZOIDAL H,HUT10AV915LA,BAJO,C,,
CORRE TRAPEZOID | CHEVROLET CORSA 1.4,HUT10AV925LA,BAJO,C,,
CORRE TRAPEZOID | FORD ESCORT 1.6,HUT10AV935LA,BAJO,C,,
CORRE TRAPEZOID | CHEVROLET CORSA 1.7D,HUT10AV950LA,BAJO,C,,
CORRE TRAPEZOID | VOLKSWAGEN GOL 1.8 2,HUT10AV960LA,BAJO,C,,
CORRE TRAPEZOID | FORD SIERRA - VOLKSW,HUT10AV980LA,BAJO,C,,
CORRE TRAPEZOID | FORD ESCORT,HUT10AV990LA,BAJO,C,,
CORREA POLY-V | CORREA POLY-V,HUT10K1117,BAJO,C,,
CORREA DE DISTR | FIAT FIAT PALIO / SI,HUT111HTDP17,BAJO,C,,
CORREA DE DISTR | PEUGEOT/CITROEN PEUG,HUT114HTDP17,BAJO,D,,
CORREA DE DISTR | FORD FORD FIESTA 1.8,HUT116AHD22,MEDIO,C,,
CORREA DE DISTR | PEUGEOT/CITROEN 505,HUT116HTDP19,MEDIO,C,,
CORREA DE DISTR | PEUGEOT/CITROEN PEUG,HUT116HTDP254,MEDIO,C,,
CORREA DE DISTR | FORD FORD COURRIER 1,HUT117HTDP22,MEDIO,C,,
CORREA DE DISTR | FORD FORD RANGER 2.5,HUT118HTDP30,MEDIO,C,,
CORREA DE DISTR | ISUZU TROOPER 2.8 TD,HUT119AH32,MEDIO,D,,
CORRE TRAPEZOID | CORREA TRAPEZOIDAL H,HUT11AV1005LA,BAJO,C,,
CORRE TRAPEZOID | CORREA TRAPEZOIDAL H,HUT11AV1030LA,BAJO,C,,
CORRE TRAPEZOID | CORREA TRAPEZOIDAL H,HUT11AV1170LA,BAJO,C,,
CORRE TRAPEZOID | FORD FALCON RANCHERA,HUT11AV1175LA,BAJO,C,,
CORRE TRAPEZOID | CORREA TRAPEZOIDAL H,HUT11AV1250LA,BAJO,C,,
CORRE TRAPEZOID | CORREA TRAPEZOIDAL H,HUT11AV1270LA,BAJO,C,,
CORRE TRAPEZOID | CORREA TRAPEZOIDAL H,HUT11AV528LA,BAJO,C,,
CORRE TRAPEZOID | VOLKSWAGEN TRANSPORT,HUT11AV650LA,BAJO,C,,
CORRE TRAPEZOID | CORREA TRAPEZOIDAL H,HUT11AV675LA,BAJO,C,,
CORRE TRAPEZOID | VOLKSWAGEN GOLF POLO,HUT11AV685LA,BAJO,C,,
CORRE TRAPEZOID | CORREA TRAPEZOIDAL H,HUT11AV710LA,BAJO,C,,
CORRE TRAPEZOID | VOLKSWAGEN POLO 1.9T,HUT11AV730LA,BAJO,C,,
CORRE TRAPEZOID | RENAULT R21 DIESEL,HUT11AV760LA,BAJO,C,,
CORRE TRAPEZOID | CORREA TRAPEZOIDAL H,HUT11AV775LA,BAJO,C,,
CORRE TRAPEZOID | CORREA TRAPEZOIDAL H,HUT11AV785LA,BAJO,C,,
CORRE TRAPEZOID | VOLKSWAGEN POLO SAVE,HUT11AV800LA,BAJO,C,,
CORRE TRAPEZOID | CORREA TRAPEZOIDAL H,HUT11AV815LA,BAJO,C,,
CORRE TRAPEZOID | FIAT UNO DUNA,HUT11AV825LA,BAJO,C,,
CORRE TRAPEZOID | FORD SIERRA,HUT11AV875LA,BAJO,C,,
CORRE TRAPEZOID | CORREA TRAPEZOIDAL H,HUT11AV885LA,BAJO,C,,
CORRE TRAPEZOID | FIAT UNO DUNA,HUT11AV915LA,BAJO,C,,
CORRE TRAPEZOID | FORD RANCHERA MOTOR,HUT11AV930LA,BAJO,C,,
CORRE TRAPEZOID | CORREA TRAPEZOIDAL H,HUT11AV950LA,BAJO,C,,
CORRE TRAPEZOID | CORREA TRAPEZOIDAL H,HUT11AV970LA,BAJO,C,,
CORRE TRAPEZOID | CORREA TRAPEZOIDAL H,HUT11AV980LA,BAJO,C,,
CORREA DE DISTR | AUDI AUDI A3 / A4 1.,HUT120HTDP30,MEDIO,C,,
CORREA DE DISTR | FORD GALAXY 2.0 1990,HUT121A18,BAJO,C,,
CORREA DE DISTR | RENAULT CLIO II / KA,HUT123HTDP27,MEDIO,C,,
CORREA DE DISTR | AUDI 80 9 /1991----,HUT124A18,BAJO,C,,
CORREA DE DISTR | ALFA ROMEO GIULIETTA,HUT124AHPP22,MEDIO,D,,
CORREA DE DISTR | RENAULT R-19 1.8 8V,HUT125HTDP19,MEDIO,C,,
CORREA DE DISTR | RENAULT Laguna / Még,HUT127HTDP19,MEDIO,D,,
CORREA DE DISTR | DAEWOO LANOS / NUBIR,HUT127HTDP254,MEDIO,D,,
CORREA DE DISTR | FORD KA 1.2I 12/2008,HUT129AHPP22,MEDIO,C,,
CORREA DE DISTR | FORD FORD FOCUS 1.8,HUT129HTDP25,MEDIO,C,,
CORREA DE DISTR | TOYOTA TOYOTA HILUX,HUT129HTDP31,MEDIO,C,,
CORREA POLY-V | CORREA POLY-V,HUT12K1829,MEDIO,C,,
CORREA DE DISTR | FORD TRANSIT 2.5D 91,HUT130AH25,MEDIO,D,,
CORREA DE DISTR | FORD FORD ESCORT 1.6,HUT131HTDP25,MEDIO,D,,
CORREA DE DISTR | CHEVROLET CORSA II 1,HUT131HTP25,MEDIO,C,,
CORREA DE DISTR | RENAULT LOGAN / MÉGA,HUT132HTDP27,MEDIO,C,,
CORREA DE DISTR | PEUGEOT/CITROEN 206,HUT134APPP25,MEDIO,C,,
CORREA DE DISTR | VW VOLKSWAGEN GOL 1.,HUT135AH25,BAJO,C,,
CORREA DE DISTR | VW GOL 1.0 1999> - F,HUT135AHP19,BAJO,C,,
CORREA DE DISTR | CHEVROLET CORSA 1.7,HUT136AH25,MEDIO,C,,
CORREA DE DISTR | PEUGEOT 205 1.8D/TD/,HUT136HTDP25,MEDIO,C,,
CORREA DE DISTR | AUDI AUDI A3 / A4 1.,HUT137AHX25,MEDIO,D,,
CORREA DE DISTR | PEUGEOT/CITROEN PEUG,HUT137HTDP25,MEDIO,D,,
"CORREA DE DISTR | VW BORA 2.0 MTR APK,",HUT138AH23,MEDIO,C,,
CORREA DE DISTR | FIAT FIORINO / PUNTO,HUT138AHP15,BAJO,C,,
CORRE TRAPEZOID | FORD ORION,HUT13AV1000LA,BAJO,C,,
CORRE TRAPEZOID | MERCEDES BENZ COLECT,HUT13AV1015LA,BAJO,C,,
CORRE TRAPEZOID | ISUZU TROOPER,HUT13AV1025LA,BAJO,C,,
CORRE TRAPEZOID | FIAT TIPO,HUT13AV1050LA,BAJO,C,,
CORRE TRAPEZOID | IKA TORINO,HUT13AV1075LA,BAJO,C,,
CORRE TRAPEZOID | CORREA TRAPEZOIDAL H,HUT13AV1090LA,BAJO,C,,
CORRE TRAPEZOID | FORD FAIRLANE,HUT13AV1100LA,BAJO,C,,
CORRE TRAPEZOID | CORREA TRAPEZOIDAL H,HUT13AV1115LA,BAJO,C,,
CORRE TRAPEZOID | VOLKSWAGEN TRANSPORT,HUT13AV1125LA,BAJO,C,,
CORRE TRAPEZOID | MAZDA 323,HUT13AV1140LA,BAJO,C,,
CORRE TRAPEZOID | VOLKSWAGEN TRANSPORT,HUT13AV1150LA,BAJO,C,,
CORRE TRAPEZOID | CORREA TRAPEZOIDAL H,HUT13AV1165LA,BAJO,C,,
CORRE TRAPEZOID | FORD ESCORT,HUT13AV1175LA,BAJO,C,,
CORRE TRAPEZOID | TOYOTA HILUX 2.4D,HUT13AV1200LA,BAJO,C,,
CORRE TRAPEZOID | FORD SIERRA,HUT13AV1225LA,BAJO,C,,
CORRE TRAPEZOID | FORD PICK UP F100,HUT13AV1250LA,BAJO,C,,
CORRE TRAPEZOID | TOYOTA HILUX LAND CR,HUT13AV1275LA,BAJO,C,,
CORRE TRAPEZOID | FORD PICK UP F100 F1,HUT13AV1300LA,BAJO,C,,
CORRE TRAPEZOID | FORD PICK UP F350 DI,HUT13AV1325LA,BAJO,C,,
CORRE TRAPEZOID | CORREA TRAPEZOIDAL H,HUT13AV1340LA,BAJO,C,,
CORRE TRAPEZOID | FORD ESCORT,HUT13AV1350LA,BAJO,C,,
CORRE TRAPEZOID | DODGE DP600,HUT13AV1375LA,BAJO,C,,
CORRE TRAPEZOID | FORD PICK UP F100 F1,HUT13AV1385LA,BAJO,C,,
CORRE TRAPEZOID | FORD FALCON,HUT13AV1400LA,BAJO,C,,
CORRE TRAPEZOID | CORREA TRAPEZOIDAL H,HUT13AV1425LA,BAJO,C,,
CORRE TRAPEZOID | FORD FALCON F100,HUT13AV1450LA,BAJO,C,,
CORRE TRAPEZOID | MERCEDES BENZ 1114 1,HUT13AV1475LA,BAJO,C,,
CORRE TRAPEZOID | ISUZU PICK UP KB DIE,HUT13AV1500LA,BAJO,C,,
CORRE TRAPEZOID | ISUZU PICK UP KB DIE,HUT13AV1525LA,BAJO,C,,
CORRE TRAPEZOID | SCANIA 113,HUT13AV1550LA,BAJO,C,,
CORRE TRAPEZOID | MERCEDES BENZ 1933 1,HUT13AV1575LA,BAJO,C,,
CORRE TRAPEZOID | MERCEDES BENZ 332,HUT13AV1600LA,BAJO,D,,
CORRE TRAPEZOID | CORREA TRAPEZOIDAL H,HUT13AV1625LA,BAJO,D,,
CORRE TRAPEZOID | CORREA TRAPEZOIDAL H,HUT13AV1650LA,BAJO,C,,
CORRE TRAPEZOID | CORREA TRAPEZOIDAL H,HUT13AV1675LA,BAJO,C,,
CORRE TRAPEZOID | MERCEDES BENZ COLECT,HUT13AV1700LA,BAJO,C,,
CORRE TRAPEZOID | CORREA TRAPEZOIDAL H,HUT13AV1725LA,BAJO,C,,
CORRE TRAPEZOID | CORREA TRAPEZOIDAL H,HUT13AV1750LA,BAJO,C,,
CORRE TRAPEZOID | CORREA TRAPEZOIDAL H,HUT13AV1775LA,BAJO,C,,
CORRE TRAPEZOID | MERCEDES BENZ COLECT,HUT13AV1800LA,BAJO,C,,
CORRE TRAPEZOID | CORREA TRAPEZOIDAL H,HUT13AV1825LA,BAJO,C,,
CORRE TRAPEZOID | CORREA TRAPEZOIDAL H,HUT13AV1850LA,BAJO,D,,
CORRE TRAPEZOID | CORREA TRAPEZOIDAL H,HUT13AV1855LA,BAJO,C,,
CORRE TRAPEZOID | CORREA TRAPEZOIDAL H,HUT13AV1875LA,BAJO,C,,
CORRE TRAPEZOID | CHEVROLET PICK UP D2,HUT13AV1900LA,BAJO,C,,
CORRE TRAPEZOID | CHEVROLET PICK UP D2,HUT13AV1950LA,BAJO,C,,
CORRE TRAPEZOID | MITSUBISHI COLT,HUT13AV610LA,BAJO,C,,
CORRE TRAPEZOID | MITSUBISHI COLT,HUT13AV635LA,BAJO,C,,
CORRE TRAPEZOID | HYUNDAI ELANTRA - MI,HUT13AV655LA,BAJO,C,,
CORRE TRAPEZOID | CORREA TRAPEZOIDAL H,HUT13AV665LA,BAJO,C,,
CORRE TRAPEZOID | HYUNDAI COUPE MOTOR,HUT13AV675LA,BAJO,C,,
CORRE TRAPEZOID | RENAULT R9 R11,HUT13AV710LA,BAJO,C,,
CORRE TRAPEZOID | RENAULT CLIO R19,HUT13AV725LA,BAJO,C,,
CORRE TRAPEZOID | CORREA TRAPEZOIDAL H,HUT13AV735LA,BAJO,C,,
CORRE TRAPEZOID | HYUNDAI H100 DIESEL,HUT13AV750LA,BAJO,D,,
CORRE TRAPEZOID | KIA SPORTAGE MOTORES,HUT13AV775LA,BAJO,C,,
CORRE TRAPEZOID | ALFA ROMEO 164,HUT13AV800LA,BAJO,C,,
CORRE TRAPEZOID | CORREA TRAPEZOIDAL H,HUT13AV815LA,BAJO,D,,
CORRE TRAPEZOID | VOLKSWAGEN SENDA 1.6,HUT13AV825LA,BAJO,C,,
CORRE TRAPEZOID | HYUNDAI EXCEL,HUT13AV840LA,BAJO,D,,
CORRE TRAPEZOID | FIAT 128,HUT13AV850LA,BAJO,C,,
CORRE TRAPEZOID | TOYOTA HILUX 2.4D,HUT13AV875LA,BAJO,C,,
CORRE TRAPEZOID | FORD FALCON F100,HUT13AV900LA,BAJO,C,,
CORRE TRAPEZOID | DODGE 1800,HUT13AV915LA,BAJO,C,,
CORRE TRAPEZOID | CHEVROLET CORSA 1.7D,HUT13AV925LA,BAJO,C,,
CORRE TRAPEZOID | FORD ESCORT MOTOR AU,HUT13AV950LA,BAJO,C,,
CORRE TRAPEZOID | CHEVROLET PICK UP C2,HUT13AV975LA,BAJO,C,,
CORRE TRAPEZOID | MERCEDES BENZ SPRINT,HUT13AV990LA,BAJO,C,,
CORREA DE DISTR | PEUGEOT/CITROEN PEUG,HUT140HTDP25,MEDIO,C,,
CORREA DE DISTR | AUDI AUDI A3 1.9TDI,HUT141AH250,MEDIO,C,,
CORREA DE DISTR | ALFA ROMEO 166 2.5 V,HUT141HTDP25,MEDIO,D,,
CORREA DE DISTR | PEUGEOT/CITROEN PEUG,HUT141HTDP28,MEDIO,C,,
CORREA DE DISTR | PEUGEOT/CITROEN CITR,HUT141HTDPT25,MEDIO,D,,
CORREA DE DISTR | ROVER ROVER SERIE 20,HUT143AHP23,MEDIO,C,,
CORREA DE DISTR | FORD ECOSPORT 1.4 TD,HUT144HTDP254,MEDIO,D,,
CORREA DE DISTR | CHEVROLET ASTRA 2.0,HUT146AHP20,MEDIO,C,,
CORREA DE DISTR | ALFA ROMEO 159 1.8 1,HUT146AHP24,MEDIO,C,,
CORREA DE DISTR | RENAULT MÉGANE I Y I,HUT148APPP25,MEDIO,C,,
CORREA DE DISTR | RENAULT R-18 / TRAFI,HUT148HTD25,BAJO,C,,
CORREA DE DISTR | AUDI AUDI A3 1.8I /,HUT150AHP233,MEDIO,C,,
CORREA DE DISTR | RENAULT EXPRESS / CL,HUT151HTD25,BAJO,C,,
CORREA DE DISTR | FIAT FIAT DUCATO 2.5,HUT152AHD30,MEDIO,C,,
CORREA DE DISTR | FIAT FIAT DUCATO 2.8,HUT153AHD30,MEDIO,C,,
CORREA DE DISTR | RENAULT .R-19 1.9D /,HUT153HTD25,MEDIO,D,,
CORREA DE DISTR | PEUGEOT/CITROEN PEUG,HUT153HTDP254,MEDIO,D,,
CORREA DE DISTR | RENAULT KANGOO / LAG,HUT153HTDP26,MEDIO,C,,
CORREA DE DISTR | RENAULT MÉGANE 1.9DT,HUT153HTP26,MEDIO,C,,
CORREA DE DISTR | RENAULT MASTER / IVE,HUT154AHD30,MEDIO,C,,
CORREA DE DISTR | AUDI AUDI A1/A3/A4/A,HUT160HTDP25,ALTO,D,,
CORREA DE DISTR | CHEVROLET GM ASTRA 1,HUT162AHP20,MEDIO,D,,
CORREA DE DISTR | MITSUBUSHI MONTERO -,HUT163HTDP25,MEDIO,D,,
CORREA DE DISTR | FIAT DUNA / FIORINO,HUT168AHP22,MEDIO,C,,
CORREA DE DISTR | ALFA ROMEO 145 / 146,HUT168AHP24,MEDIO,D,,
CORREA DE DISTR | CHEVROLET ASTRA II 2,HUT168AHPP24,MEDIO,C,,
CORREA DE DISTR | CHEVROLET CORSA 1.6,HUT169AH20,MEDIO,C,,
CORREA DE DISTR | CHEVROLET VECTRA 2.0,HUT169AH24,MEDIO,D,,
CORREA DE DISTR | FIAT FIAT DUCATO 1.9,HUT170AHP25,MEDIO,C,,
CORREA DE DISTR | CHEVROLET VECTRA 2.2,HUT171AH24,MEDIO,C,,
CORREA DE DISTR | ALFA ROMEO 146 / 147,HUT173AHP22,MEDIO,C,,
CORREA DE DISTR | FIAT DUCATO 1.9 D /,HUT173AHP25,MEDIO,C,,
CORREA DE DISTR | CHRYSLER STRATUS 2.5,HUT187AHP32,ALTO,D,,
CORREA DE DISTR | FIAT TORO 2.0 16V,HUT199AHPP24,MEDIO,C,,
CORREA POLY-V | RENAULT KANGOO 1.4,HUT3K1040,BAJO,C,,
CORREA POLY-V | RENAULT CLIO II KANG,HUT3K1050,BAJO,C,,
"CORREA POLY-V | DAIHATSU APPLAUSE, C",HUT3K560,BAJO,C,,
"CORREA POLY-V | TOYOTA AVENSIS, CARI",HUT3K630,BAJO,C,,
"CORREA POLY-V | HYUNDAI ELANTRA, MAT",HUT3K660,BAJO,C,,
"CORREA POLY-V | FIAT BRAVA, BRAVO, M",HUT3K668,BAJO,C,,
CORREA POLY-V | FORD ESCORT 1.8,HUT3K675,BAJO,C,,
"CORREA POLY-V | CHEVROLET MATIZ, SPA",HUT3K682,BAJO,C,,
CORREA POLY-V | FIAT FIORINO 1.7 DIE,HUT3K690,BAJO,C,,
CORREA POLY-V | CORREA POLY-V,HUT3K698,BAJO,C,,
CORREA POLY-V | RENAULT MEGANE 1.6,HUT3K712,BAJO,C,,
CORREA POLY-V | RENAULT 18 1.4,HUT3K715,BAJO,C,,
"CORREA POLY-V | FIAT PALIO, PUNTO",HUT3K720,BAJO,C,,
CORREA POLY-V | RENAULT TWINGO 1.2 1,HUT3K735,BAJO,C,,
"CORREA POLY-V | RENAULT CLIO, KANGOO",HUT3K740,BAJO,C,,
"CORREA POLY-V | RENAULT CLIO, KANGOO",HUT3K750,BAJO,C,,
"CORREA POLY-V | HONDA CIVIC 1.3, 1.5",HUT3K763,BAJO,C,,
CORREA POLY-V | FIAT TEMPRA 2.0 8 VA,HUT3K775,BAJO,D,,
CORREA POLY-V | DAIHATSU CHARADE 1.0,HUT3K778,BAJO,D,,
CORREA POLY-V | DAIHATSU CHARADE 1.0,HUT3K780,BAJO,C,,
CORREA POLY-V | RENAULT MEGANE K7M,HUT3K830,BAJO,D,,
CORREA POLY-V | PEUGEOT BOXER 2.5 DI,HUT3K853,BAJO,C,,
CORREA POLY-V | CORREA POLY-V,HUT3K870,BAJO,D,,
CORREA POLY-V | TOYOTA LEXUS IS 200,HUT3K890,BAJO,C,,
CORREA POLY-V | FIAT SIENA PALIO PUN,HUT3K905,BAJO,C,,
CORREA POLY-V | FIAT FIRE SIENA/PALI,HUT3K910,BAJO,C,,
CORREA POLY-V | FIAT BRAVA DOBLO MAR,HUT3K915,BAJO,C,,
CORREA POLY-V | PEUGEOT BOXER - CITR,HUT3K935,BAJO,C,,
CORREA ELASTICA | VOLKSWAGEN SURAN SAV,HUT3SK796,BAJO,C,,
CORREA ELASTICA | CHEVROLET PRISMA ONI,HUT3SK888,BAJO,C,,
CORREA ELASTICA | FIAT FIORINO,HUT3SK945,BAJO,C,,
CORREA POLY-V | FORD PICK UP F100 DI,HUT4K1000,BAJO,C,,
CORREA POLY-V | FORD F100 F150 2.5 T,HUT4K1005,BAJO,C,,
CORREA POLY-V | HONDA CIVIC SEDAN 1.,HUT4K1015,BAJO,D,,
CORREA POLY-V | HONDA ACCORD 2.2 VTE,HUT4K1025,BAJO,C,,
"CORREA POLY-V | FORD RANGER 2,8 (AA)",HUT4K1035,BAJO,C,,
CORREA POLY-V | CHRYSLER CARAVAN 2.5,HUT4K1040,BAJO,C,,
CORREA POLY-V | FIAT TIPO - HONDA AC,HUT4K1045,BAJO,D,,
CORREA POLY-V | FORD RANGER 2.8 (AA),HUT4K1050,BAJO,C,,
CORREA POLY-V | FORD RANGER 2.5,HUT4K1065,BAJO,C,,
CORREA POLY-V | RENAULT CLIO 1.4,HUT4K1072,BAJO,C,,
CORREA POLY-V | RENAULT CLIO 1.2 Y 1,HUT4K1080,BAJO,D,,
CORREA POLY-V | TOYOTA HI-LUX 2.7 NA,HUT4K1100,BAJO,C,,
CORREA POLY-V | MITSUBISHI L200 2.5,HUT4K1122,BAJO,C,,
"CORREA POLY-V | MITSUBISHI L200, MON",HUT4K1130,BAJO,C,,
CORREA POLY-V | RENAULT TWINGO,HUT4K1165,BAJO,C,,
"CORREA POLY-V | AUDI A4, A6 - RENAUL",HUT4K1215,BAJO,C,,
CORREA POLY-V | RENAULT KANGOO 1.4,HUT4K1230,BAJO,C,,
"CORREA POLY-V | RENAULT CLIO 1.4, CL",HUT4K1237,BAJO,D,,
"CORREA POLY-V | RENAULT MEGANE 1,6 8",HUT4K1260,BAJO,C,,
CORREA POLY-V | RENAULT MEGANE K7M,HUT4K1270,BAJO,C,,
CORREA POLY-V | RENAULT 19 MOTOR 1.4,HUT4K1290,BAJO,C,,
CORREA POLY-V | CHRYSLER PT CRUISER,HUT4K1315,BAJO,C,,
CORREA POLY-V | LAND ROVER DISCOVERY,HUT4K1330,BAJO,D,,
CORREA POLY-V | DAIHATSU TERIOS 1.3,HUT4K1400,BAJO,C,,
CORREA POLY-V | DAIHATSU TERIOS 1.3,HUT4K1440,BAJO,D,,
CORREA POLY-V | FORD TRANSIT,HUT4K1482,BAJO,C,,
CORREA POLY-V | FORD TRANSIT DIESEL,HUT4K1513,BAJO,D,,
CORREA POLY-V | FORD TRANSIT DIESEL,HUT4K1520,BAJO,C,,
CORREA POLY-V | RENAULT CLIO II D4F,HUT4K1538,BAJO,C,,
CORREA POLY-V | DAIHATSU TERIOS 1.3,HUT4K1640,BAJO,D,,
CORREA POLY-V | FIAT DUNA UNO 1.6,HUT4K560,BAJO,C,,
CORREA POLY-V | MITSUBISHI GALANT 2.,HUT4K640,BAJO,D,,
CORREA POLY-V | FORD ESCORT 1.8,HUT4K648,BAJO,C,,
"CORREA POLY-V | ALFA ROMEO 155, GTV,",HUT4K654,BAJO,C,,
"CORREA POLY-V | FIAT PALIO/SIENA 1,2",HUT4K668,BAJO,C,,
CORREA POLY-V | FIAT PALIO UNO WAY C,HUT4K673,BAJO,C,,
"CORREA POLY-V | FIAT BRAVA, BRAVO, D",HUT4K675,BAJO,C,,
CORREA POLY-V | FIAT DOBLO,HUT4K698,BAJO,C,,
CORREA POLY-V | PEUGEOT 205/405 1.8,HUT4K715,BAJO,C,,
CORREA POLY-V | FORD ESCORT,HUT4K719,BAJO,C,,
CORREA POLY-V | NISSAN BLUEBIRD 1.8,HUT4K725,BAJO,C,,
CORREA POLY-V | RENAULT TWINGO D7F C,HUT4K735,BAJO,C,,
"CORREA POLY-V | RENAULT CLIO, TWINGO",HUT4K740,BAJO,C,,
CORREA POLY-V | CITROEN JUMPER - FIA,HUT4K755,BAJO,C,,
CORREA POLY-V | FIAT DUNA UNO 1.4 Y,HUT4K763,BAJO,C,,
"CORREA POLY-V | MITSUBISHI COLT, LAN",HUT4K775,BAJO,C,,
CORREA POLY-V | DAIHATSU CHARADE - H,HUT4K778,BAJO,C,,
CORREA POLY-V | FIAT DUNA WEEKEND -,HUT4K790,BAJO,D,,
CORREA POLY-V | HONDA CIVIC 1.6 VETC,HUT4K795,BAJO,C,,
CORREA POLY-V | DAIHATSU CHARADE 1.3,HUT4K800,BAJO,C,,
CORREA POLY-V | CHEVROLET GRAND VITA,HUT4K813,BAJO,C,,
CORREA POLY-V | DAIHATSU CHARADE 1.5,HUT4K820,BAJO,C,,
CORREA POLY-V | HONDA CIVIC - LAND R,HUT4K825,BAJO,C,,
CORREA POLY-V | HONDA CIVIC - LAND R,HUT4K830,BAJO,C,,
"CORREA POLY-V | AUDI A4, A6 - BMW 3",HUT4K841,BAJO,C,,
CORREA POLY-V | FIAT PALIO SIENA 1.6,HUT4K846,BAJO,C,,
CORREA POLY-V | AUDI A4 A6,HUT4K854,BAJO,C,,
"CORREA POLY-V | CITROEN BERLINGO, XS",HUT4K860,BAJO,C,,
CORREA POLY-V | RENAULT R21 2.0 2.2,HUT4K865,BAJO,C,,
"CORREA POLY-V | RENAULT R21 2.0, 2.1",HUT4K875,BAJO,C,,
CORREA POLY-V | RENAULT R21 DIESEL -,HUT4K884,BAJO,C,,
"CORREA POLY-V | BMW 3 SERIES, 5 SERI",HUT4K890,BAJO,C,,
CORREA POLY-V | RENAULT CLIO EXPRESS,HUT4K894,BAJO,C,,
CORREA POLY-V | RENAULT CLIO KANGOO,HUT4K903,BAJO,C,,
CORREA POLY-V | FIAT PALIO WEEKEND,HUT4K907,BAJO,C,,
CORREA POLY-V | FIAT SIENA PALIO 1.7,HUT4K908,BAJO,C,,
CORREA POLY-V | RENAULT CLIO II D4F,HUT4K915,BAJO,C,,
CORREA POLY-V | RENAULT TWINGO 1.2 1,HUT4K920,BAJO,C,,
CORREA POLY-V | RENAULT CLIO II D4F,HUT4K926,BAJO,C,,
CORREA POLY-V | SUZUKI VITARA,HUT4K935,BAJO,C,,
CORREA POLY-V | FIAT PALIO SIENA 1.6,HUT4K938,BAJO,C,,
CORREA POLY-V | SUZUKI GRAND VITARA,HUT4K946,BAJO,C,,
"CORREA POLY-V | FIAT DUNA, PALIO, SI",HUT4K950,BAJO,C,,
"CORREA POLY-V | CHEVROLET MATIZ, SPA",HUT4K954,BAJO,C,,
"CORREA POLY-V | FIAT MAREA, TIPO 1.4",HUT4K962,BAJO,C,,
CORREA POLY-V | FORD F100 F150 DUNA,HUT4K975,BAJO,C,,
CORREA POLY-V | HYUNDAI ELANTRA 1.5,HUT4K991,BAJO,C,,
CORREA ELASTICA | FIAT STRADA 1.3 MULT,HUT4SK1022,BAJO,C,,
CORREA ELASTICA | FIAT DOBLO QUBO 1.3,HUT4SK1102,BAJO,C,,
"CORREA ELASTICA | CHEVROLET AVEO, CRUZ",HUT4SK643,BAJO,C,,
CORREA ELASTICA | FIAT LINEA 1.9 NAFTA,HUT4SK874,BAJO,C,,
CORREA ELASTICA | FIAT DUCATO 2.3 JTD,HUT4SK903,BAJO,C,,
"CORREA POLY-V | FIAT TIPO 1,8 16 VAL",HUT5K1000,BAJO,C,,
"CORREA POLY-V | FIAT TIPO 1,8 16 VAL",HUT5K1005,BAJO,C,,
CORREA POLY-V | FORD ESCORT 1.8,HUT5K1015,BAJO,C,,
CORREA POLY-V | PEUGEOT 106 1.4 1.5,HUT5K1025,BAJO,C,,
CORREA POLY-V | CITROEN SAXO - CHEVR,HUT5K1030,BAJO,C,,
CORREA POLY-V | FIAT DUCATO 1.9 DIES,HUT5K1035,BAJO,C,,
CORREA POLY-V | FIAT DUCATO,HUT5K1040,BAJO,C,,
CORREA POLY-V | HONDA PRELUDE,HUT5K1050,BAJO,C,,
CORREA POLY-V | MITSUBISHI COLT 1.3,HUT5K1065,BAJO,C,,
"CORREA POLY-V | FIAT DUCATO 2,5 DIES",HUT5K1080,BAJO,C,,
CORREA POLY-V | FIAT DUCATO - MITSUB,HUT5K1090,BAJO,C,,
CORREA POLY-V | Alfa Romeo 164 TS 2.,HUT5K1094,BAJO,C,,
CORREA POLY-V | RENAULT SCENIC KANGO,HUT5K1100,BAJO,C,,
CORREA POLY-V | RENAULT KANGOO 1.6,HUT5K1105,BAJO,C,,
"CORREA POLY-V | RENAULT CLIO, EXPRES",HUT5K1110,BAJO,C,,
"CORREA POLY-V | TOYOTA CAMRY 2.2, CO",HUT5K1117,BAJO,C,,
CORREA POLY-V | PEUGEOT 106 - TOYOTA,HUT5K1125,BAJO,C,,
CORREA POLY-V | RENAULT CLIO II K9K,HUT5K1135,BAJO,C,,
"CORREA POLY-V | ROVER 200VI 1,8 16 V",HUT5K1146,BAJO,C,,
CORREA POLY-V | FIAT FIRE 8 Y 16 VAL,HUT5K1150,BAJO,C,,
CORREA POLY-V | FIAT PUNTO,HUT5K1155,BAJO,C,,
CORREA POLY-V | FIAT UNO PUNTO FIORI,HUT5K1165,BAJO,C,,
CORREA POLY-V | FIAT FIRE 8 Y 16 VAL,HUT5K1173,BAJO,C,,
CORREA POLY-V | FIAT FIRE 8 Y 16 VAL,HUT5K1175,BAJO,C,,
CORREA POLY-V | FIAT SIENA 1.4 NAFTA,HUT5K1183,BAJO,C,,
"CORREA POLY-V | FIAT PALIO, SIENA",HUT5K1188,BAJO,C,,
CORREA POLY-V | FIAT FIRE 8 Y 16 VAL,HUT5K1190,BAJO,C,,
CORREA POLY-V | FIAT FIRE 8 Y 16 VAL,HUT5K1195,BAJO,C,,
CORREA POLY-V | RENAULT CLIO II K9K,HUT5K1200,BAJO,C,,
CORREA POLY-V | PEUGET PARTNER 1.4 8,HUT5K1212,BAJO,C,,
CORREA POLY-V | CITROEN BERLINGO - P,HUT5K1218,BAJO,C,,
CORREA POLY-V | PEUGET PARTNER 1.4 8,HUT5K1220,BAJO,C,,
CORREA POLY-V | PEUGET PARTNER 1.4 8,HUT5K1225,BAJO,C,,
CORREA POLY-V | TOYOTA RAV 4 2.0 TDI,HUT5K1237,BAJO,C,,
CORREA POLY-V | PEUGEOT PARTNER 1.4,HUT5K1250,BAJO,C,,
CORREA POLY-V | CITROEN BERLINGO XSA,HUT5K1255,BAJO,C,,
CORREA POLY-V | CHEVROLET MONZA 2.0,HUT5K1270,BAJO,C,,
CORREA POLY-V | ALFA ROMEO 155 1.7 T,HUT5K1280,BAJO,C,,
CORREA POLY-V | ALFA ROMEO 155 1.7 T,HUT5K1285,BAJO,C,,
"CORREA POLY-V | AUDI A4, A6 - VOLKSW",HUT5K1300,BAJO,C,,
CORREA POLY-V | MITSUBISHI COLT 1.6,HUT5K1330,BAJO,D,,
CORREA POLY-V | MITSUBISHI GALANT 2.,HUT5K1375,BAJO,C,,
CORREA POLY-V | PEUGEOT 605 3.0 V6 -,HUT5K1387,BAJO,C,,
"CORREA POLY-V | AUDI A3 Y A4 1,9 TD",HUT5K1425,BAJO,C,,
"CORREA POLY-V | AUDI A4, A6 - FIAT D",HUT5K1432,BAJO,C,,
CORREA POLY-V | RENAULT 19 NAFTA MOT,HUT5K1460,BAJO,C,,
"CORREA POLY-V | CHEVROLET ASTRA, COR",HUT5K1546,BAJO,C,,
"CORREA POLY-V | AUDI A4, A6 - FIAT B",HUT5K1590,BAJO,C,,
CORREA POLY-V | AUDI A4 1.9 TURBODIE,HUT5K1605,BAJO,C,,
CORREA POLY-V | CHEVROLET GRAND VITA,HUT5K1644,BAJO,C,,
CORREA POLY-V | SUZUKI GRAND VITARA,HUT5K1650,BAJO,C,,
CORREA POLY-V | CHEVROLET-SUZUKI GRA,HUT5K1658,BAJO,C,,
CORREA POLY-V | CHEVROLET ASTRA ZAFI,HUT5K1700,BAJO,C,,
CORREA POLY-V | MERCEDES BENZ A160,HUT5K1725,BAJO,C,,
CORREA POLY-V | MERCEDES BENZ A160,HUT5K1740,BAJO,C,,
"CORREA POLY-V | HYUNDAI GETZ, MATRIX",HUT5K1747,BAJO,C,,
CORREA POLY-V | RENAULT LAGUNA 1.8 1,HUT5K1750,BAJO,C,,
CORREA POLY-V | MERCEDES BENZ A160 Y,HUT5K1755,BAJO,C,,
"CORREA POLY-V | CHEVROLET MERIVA 1,8",HUT5K1765,BAJO,C,,
CORREA POLY-V | CHEVROLET AGILE,HUT5K1780,BAJO,C,,
CORREA POLY-V | FORD COURIER 1.4 16,HUT5K1789,BAJO,C,,
CORREA POLY-V | CHEVROLET CLASSIC CO,HUT5K1795,BAJO,C,,
CORREA POLY-V | CHEVROLET MONTANA ME,HUT5K1815,BAJO,C,,
CORREA POLY-V | BMW 318 TDS,HUT5K1885,BAJO,D,,
CORREA POLY-V | BMW 318 TDS - RENAUL,HUT5K1900,BAJO,C,,
CORREA POLY-V | RENAULT CLIO D,HUT5K1905,BAJO,C,,
CORREA POLY-V | BMW 320 DIESEL - LAN,HUT5K2030,BAJO,C,,
CORREA POLY-V | FORD MONDEO,HUT5K575,BAJO,C,,
CORREA POLY-V | FORD FIESTA 1.8,HUT5K675,BAJO,D,,
CORREA POLY-V | CITROEN AX 1.4 DIESE,HUT5K690,BAJO,C,,
CORREA POLY-V | CITROEN BX - PEUGEOT,HUT5K698,BAJO,C,,
CORREA POLY-V | ,HUT5K705,BAJO,C,,
CORREA POLY-V | PEUGEOT 405 MOTORES,HUT5K715,BAJO,C,,
CORREA POLY-V | PEUGEOT 106 1.4 405,HUT5K725,BAJO,C,,
CORREA POLY-V | CITROEN SAXO - PEUGE,HUT5K775,BAJO,C,,
CORREA POLY-V | CORREA POLY-V,HUT5K805,BAJO,C,,
CORREA POLY-V | ROVER MINI COOPER 1.,HUT5K830,BAJO,C,,
CORREA POLY-V | MITSUBISHI COLT 1.6,HUT5K854,BAJO,C,,
CORREA POLY-V | MITSUBISHI COLT 1.3,HUT5K860,BAJO,C,,
CORREA POLY-V | MITSUBISHI COLT 1.3,HUT5K865,BAJO,C,,
CORREA POLY-V | CHEVROLET CORSA 1.4,HUT5K875,BAJO,C,,
CORREA POLY-V | CITROEN BERLINGO - C,HUT5K880,BAJO,C,,
CORREA POLY-V | FORD FIESTA 1.8,HUT5K884,BAJO,C,,
CORREA POLY-V | SUBARU IMPREZA - TOY,HUT5K894,BAJO,C,,
CORREA POLY-V | RENAULT TWINGO C3G,HUT5K903,BAJO,C,,
CORREA POLY-V | FIAT TIPO 1.6I DOHC,HUT5K905,BAJO,C,,
"CORREA POLY-V | ALFA ROMEO 145, 146,",HUT5K907,BAJO,C,,
CORREA POLY-V | FIAT TIPO 1.7 Y 1.9,HUT5K915,BAJO,C,,
CORREA POLY-V | FIAT DUCATO 1.9 DIES,HUT5K926,BAJO,C,,
"CORREA POLY-V | FIAT BRAVA, BRAVO, D",HUT5K938,BAJO,C,,
"CORREA POLY-V | FIAT BRAVA, BRAVO, D",HUT5K940,BAJO,C,,
"CORREA POLY-V | FIAT PALIO, SIENA -",HUT5K954,BAJO,C,,
CORREA POLY-V | PEUGEOT 106 1.5,HUT5K962,BAJO,D,,
CORREA POLY-V | PEUGEOT 106 1.5 DIES,HUT5K968,BAJO,C,,
CORREA POLY-V | ALFA ROMEO 155 1.9 D,HUT5K975,BAJO,C,,
CORREA POLY-V | FIAT TIPO 1.7 Y 1.9,HUT5K986,BAJO,C,,
CORREA POLY-V | FIAT TIPO 1.7 Y 1.9,HUT5K990,BAJO,C,,
CORREA ELASTICA | FORD FOCUS II 1.8 I-,HUT5SK705,BAJO,C,,
CORREA ELASTICA | FORD FOCUS II,HUT5SK854,MEDIO,C,,
CORREA ELASTICA | FORD ECOSPORT FIESTA,HUT5SK868,BAJO,C,,
CORREA ELASTICA | CHEVROLET CORSA CLAS,HUT5SK878,MEDIO,C,,
CORREA POLY-V | RENAULT CLIO WILLIAN,HUT6K1000,BAJO,C,,
CORREA POLY-V | MERCEDES BENZ 190 2.,HUT6K1015,BAJO,C,,
CORREA POLY-V | PEUGEOT BOXER - CITR,HUT6K1025,BAJO,C,,
"CORREA POLY-V | CHEVROLET PRISMA, ON",HUT6K1030,BAJO,C,,
CORREA POLY-V | CITROEN BERLINGO XSA,HUT6K1042,BAJO,C,,
CORREA POLY-V | FORD FIESTA KA MOTOR,HUT6K1045,BAJO,C,,
CORREA POLY-V | FORD KA - CITROEN C3,HUT6K1050,BAJO,C,,
CORREA POLY-V | HONDA ACCORD - PRELU,HUT6K1055,BAJO,C,,
CORREA POLY-V | CITROEN C4 1.6 16 VA,HUT6K1063,BAJO,C,,
"CORREA POLY-V | PEUGEOT 207, 307 - S",HUT6K1069,BAJO,C,,
"CORREA POLY-V | PEUGEOT 207, 306, 30",HUT6K1072,BAJO,C,,
CORREA POLY-V | CITROEN XM,HUT6K1076,BAJO,C,,
"CORREA POLY-V | CITROEN BERLINGO, XS",HUT6K1080,BAJO,C,,
CORREA POLY-V | VOLKSWAGEN SURAN FOX,HUT6K1090,BAJO,C,,
"CORREA POLY-V | PEUGEOT 306, 405 - S",HUT6K1094,BAJO,C,,
CORREA POLY-V | PEUGEOT 306 405 - FI,HUT6K1100,BAJO,C,,
CORREA POLY-V | ALFA ROMEO 156 - HON,HUT6K1105,BAJO,C,,
CORREA POLY-V | PEUGEOT PARTNER 1.9,HUT6K1110,BAJO,C,,
CORREA POLY-V | PEUGEOT PARTNER 1.9,HUT6K1117,BAJO,C,,
CORREA POLY-V | AUDI A3 A4 TT - RENA,HUT6K1122,BAJO,C,,
"CORREA POLY-V | RENAULT MEGANE, SCEN",HUT6K1125,BAJO,C,,
CORREA POLY-V | RENAULT CLIO III,HUT6K1130,BAJO,C,,
CORREA POLY-V | RENAULT TRAFIC F8Q,HUT6K1136,BAJO,C,,
CORREA POLY-V | RENAULT TRAFIC DIESE,HUT6K1140,BAJO,C,,
CORREA POLY-V | RENAULT TRAFIC DIESE,HUT6K1142,BAJO,C,,
CORREA POLY-V | RENAULT R19 - CLIO F,HUT6K1146,BAJO,C,,
CORREA POLY-V | RENAULT MEGANE F3R,HUT6K1153,BAJO,C,,
CORREA POLY-V | CITROEN XSARA PICASS,HUT6K1155,BAJO,C,,
CORREA POLY-V | RENAULT R19 DIESEL,HUT6K1165,BAJO,C,,
CORREA POLY-V | RENAULT R19 1.9 DIES,HUT6K1180,BAJO,C,,
"CORREA POLY-V | RENAULT CLIO II, KAN",HUT6K1188,BAJO,C,,
"CORREA POLY-V | RENAULT CLIO II ,KAN",HUT6K1194,BAJO,C,,
CORREA POLY-V | SHARAN TDI- BORA TDI,HUT6K1195DF,MEDIO,C,,
CORREA POLY-V | RENAULT CLIO II - ME,HUT6K1200,BAJO,C,,
CORREA POLY-V | ,HUT6K1215DF,MEDIO,C,,
CORREA POLY-V | RENAULT FLUENCE 2.0,HUT6K1220,BAJO,C,,
"CORREA POLY-V | FORD FIESTA 1,6 16 V",HUT6K1245,BAJO,C,,
CORREA POLY-V | CHEVROLET CORSA II -,HUT6K1253,BAJO,C,,
CORREA POLY-V | FORD SIERRA - VOLVO,HUT6K1270,BAJO,C,,
CORREA POLY-V | FIAT STILO 1.8 16 VA,HUT6K1290,BAJO,C,,
CORREA POLY-V | FIAT STILO 1.8 16V -,HUT6K1295,BAJO,C,,
CORREA POLY-V | FORD FOCUS 1.6 2.0,HUT6K1305,BAJO,C,,
CORREA POLY-V | FIAT PUNTO DIESEL MU,HUT6K1320,BAJO,C,,
CORREA POLY-V | MERCEDES BENZ C230 Y,HUT6K1330,BAJO,C,,
CORREA POLY-V | VOLKSWAGEN TRANSPORT,HUT6K1340,BAJO,C,,
CORREA POLY-V | VOLKSWAGEN TRANSPORT,HUT6K1349,BAJO,C,,
CORREA POLY-V | FIAT STRADA (CAMIONE,HUT6K1360,BAJO,C,,
CORREA POLY-V | FIAT STRADA (CAMIONE,HUT6K1365,BAJO,C,,
"CORREA POLY-V | FIAT MPI 1.3 (DUNA,",HUT6K1375,BAJO,C,,
CORREA POLY-V | PEUGEOT 206 1.9 DIES,HUT6K1380,BAJO,C,,
"CORREA POLY-V | CITROEN BERLINGO, XS",HUT6K1387,BAJO,C,,
CORREA POLY-V | RENAULT CLIO II - KA,HUT6K1400,BAJO,C,,
"CORREA POLY-V | FORD ESCORT, FIESTA,",HUT6K1414,BAJO,C,,
CORREA POLY-V | RENAULT LAGUNA 1.8 Y,HUT6K1420,BAJO,C,,
CORREA POLY-V | CHRYSLER STRATUS 2.5,HUT6K1425,BAJO,C,,
CORREA POLY-V | PEUGEOT 306 EXPERT -,HUT6K1435,BAJO,C,,
CORREA POLY-V | PEUGEOT PARTNER-206,HUT6K1440,BAJO,C,,
"CORREA POLY-V | CHEVROLET AVEO, CRUZ",HUT6K1454,BAJO,C,,
"CORREA POLY-V | CHEVROLET ASTRA, COR",HUT6K1460,BAJO,C,,
CORREA POLY-V | PEUGEOT 307 HDI 2.0,HUT6K1468,BAJO,C,,
CORREA POLY-V | RENAULT CLIO 1.6,HUT6K1496,BAJO,C,,
CORREA POLY-V | RENAULT CLIO 1.6,HUT6K1500,BAJO,C,,
"CORREA POLY-V | BMW M3, Z3 - HYUNDAI",HUT6K1515,BAJO,C,,
"CORREA POLY-V | BMW 323I, 323CI, 325",HUT6K1530,BAJO,C,,
"CORREA POLY-V | BMW 323I, 323CI, 325",HUT6K1535,BAJO,C,,
CORREA POLY-V | BMW 3 5 - FORD ESCOR,HUT6K1542,BAJO,C,,
"CORREA POLY-V | BMW 540, 545,",HUT6K1545,BAJO,C,,
CORREA POLY-V | CHEVROLET TIGRA 1.6,HUT6K1550,BAJO,C,,
CORREA POLY-V | RENAULT R19 DIESEL,HUT6K1554,BAJO,C,,
CORREA POLY-V | FORD ESCORT - RENAUL,HUT6K1557,BAJO,C,,
CORREA POLY-V | RENAULT 19 DIESEL (F,HUT6K1560,BAJO,C,,
CORREA POLY-V | CITROEN BERLINGO XSA,HUT6K1564,BAJO,C,,
CORREA POLY-V | VOLKSWAGEN SAVEIRO G,HUT6K1580,BAJO,C,,
CORREA POLY-V | RENAULT CLIO 1.6,HUT6K1590,BAJO,C,,
CORREA POLY-V | RENAULT LAGUNA 3.0 -,HUT6K1600,BAJO,C,,
CORREA POLY-V | RENAULT LAGUNA 2.0 -,HUT6K1605,BAJO,C,,
CORREA POLY-V | AUDI A4 1.9 TDI-2.0,HUT6K1613,BAJO,C,,
CORREA POLY-V | CITROEN XANTIA 3.0 V,HUT6K1625,BAJO,C,,
"CORREA POLY-V | RENAULT MEGANE, SCEN",HUT6K1635,BAJO,C,,
CORREA POLY-V | RENAULT MEGANE F9Q,HUT6K1640,BAJO,C,,
CORREA POLY-V | RENAULT LAGUNA 1.8 Y,HUT6K1644,BAJO,C,,
CORREA POLY-V | CITROEN XANTIA 2.0 1,HUT6K1650,BAJO,C,,
CORREA POLY-V | RENAULT LAGUNA 2.0,HUT6K1658,BAJO,C,,
CORREA POLY-V | PEUGEOT 405 306 NAFT,HUT6K1663,BAJO,C,,
CORREA POLY-V | CITROEN BERLINGO XSA,HUT6K1674,BAJO,C,,
CORREA POLY-V | FORD TRANSIT,HUT6K1682,BAJO,C,,
CORREA POLY-V | RENAULT 19 NAFTA 1.8,HUT6K1692,BAJO,C,,
CORREA POLY-V | RENAULT CLIO R19 R21,HUT6K1694,BAJO,C,,
CORREA POLY-V | VOLKSWAGEN SURAN CRO,HUT6K1700,BAJO,C,,
CORREA POLY-V | FORD ECOSPORT 1.4 TD,HUT6K1705,BAJO,C,,
CORREA POLY-V | PEUGEOT 207 COMPACT,HUT6K1710,BAJO,C,,
CORREA POLY-V | FORD FOCUS,HUT6K1718,BAJO,C,,
CORREA POLY-V | PEUGEOT 307 CITROEN,HUT6K1725,BAJO,C,,
CORREA POLY-V | CITROEN XSARA PICASS,HUT6K1730,BAJO,C,,
CORREA POLY-V | VOLKSWAGEN SAVEIRO G,HUT6K1740,BAJO,C,,
CORREA POLY-V | PEUGEOT 206 206SW 40,HUT6K1743,BAJO,C,,
CORREA POLY-V | RENAULT CLIO II MEGA,HUT6K1750,BAJO,C,,
CORREA POLY-V | RENAULT CLIO II MEGA,HUT6K1755,BAJO,C,,
CORREA POLY-V | AUDI A6,HUT6K1760,BAJO,C,,
CORREA POLY-V | ALFA ROMEO 156 2.4 J,HUT6K1765,BAJO,C,,
CORREA POLY-V | FORD FIESTA TRANSIT,HUT6K1775,BAJO,C,,
CORREA POLY-V | SUZUKI FUN - CHEVROL,HUT6K1780,BAJO,C,,
CORREA POLY-V | VW GOL POWER 1.4 - T,HUT6K1790,BAJO,C,,
CORREA POLY-V | RENAULT LAGUNA II TD,HUT6K1795,BAJO,C,,
CORREA POLY-V | FORD MONDEO - CHEVRO,HUT6K1805,BAJO,D,,
CORREA POLY-V | RENAULT SYMBOL SANDE,HUT6K1815,BAJO,C,,
CORREA POLY-V | RENAULT SYMBOL LOGAN,HUT6K1820,BAJO,C,,
CORREA POLY-V | RENAULT LOGAN K4M,HUT6K1824,BAJO,C,,
CORREA POLY-V | RENAULT MASTER G9U,HUT6K1830,BAJO,C,,
CORREA POLY-V | FIAT MAREA TURBODIES,HUT6K1842,BAJO,C,,
CORREA POLY-V | AUDI A6 2.7 V6 TURBO,HUT6K1855,BAJO,D,,
CORREA POLY-V | CHEV. ZAFIRA 2.0 16,HUT6K1863,BAJO,C,,
CORREA POLY-V | CHEVROLET SONIC S10,HUT6K1875,BAJO,C,,
CORREA POLY-V | TOYOTA RAV4 - AUDI A,HUT6K1885,BAJO,C,,
CORREA POLY-V | CHEVROLET AGILE CAPT,HUT6K1890,BAJO,C,,
CORREA POLY-V | CHEVROLET ASTRA VECT,HUT6K1900,BAJO,C,,
"CORREA POLY-V | CHEVROLET ASTRA, VEC",HUT6K1905,BAJO,C,,
CORREA POLY-V | FORD ESCORT MOTOR ZE,HUT6K1915,BAJO,C,,
CORREA POLY-V | FORD ESCORT 1.8,HUT6K1920,BAJO,C,,
CORREA POLY-V | FORD FIESTA,HUT6K1930,BAJO,C,,
CORREA POLY-V | NISSAN FRONTIER,HUT6K1940,BAJO,C,,
CORREA POLY-V | RENAULT LAGUNA DIESE,HUT6K1949,BAJO,C,,
CORREA POLY-V | FORD PICK UP F100 DI,HUT6K1955,BAJO,C,,
CORREA POLY-V | ALFA ROMEO 147 2.0 T,HUT6K1960,BAJO,C,,
CORREA POLY-V | ALFA ROMEO 147 2.0 T,HUT6K1970,BAJO,C,,
CORREA POLY-V | ALFA ROMEO 145 146 1,HUT6K1980,BAJO,C,,
CORREA POLY-V | FORD PICK UP F100 4.,HUT6K2002,BAJO,C,,
CORREA POLY-V | FORD PICK UP F100 4.,HUT6K2010,BAJO,D,,
CORREA POLY-V | FORD PICK UP F100 4.,HUT6K2032,BAJO,C,,
CORREA POLY-V | FORD KA MOTOR 1.6 (S,HUT6K2050,BAJO,D,,
CORREA POLY-V | CHEVROLET KAPTIVA,HUT6K2060,MEDIO,C,,
CORREA POLY-V | FORD MONDEO 2.0 16 V,HUT6K2075,BAJO,C,,
CORREA POLY-V | FORD MONDEO 2.0 16 V,HUT6K2080,BAJO,D,,
CORREA POLY-V | FORD S-MAX FOCUS KA,HUT6K2100,BAJO,C,,
CORREA POLY-V | FORD ECOSPORT 2.0 16,HUT6K2115,MEDIO,C,,
CORREA POLY-V | FORD ECOSPORT 2.0 16,HUT6K2122,BAJO,C,,
"CORREA POLY-V | MERCEDES BENZ C180,",HUT6K2145,BAJO,D,,
"CORREA POLY-V | FORD ECOSPORT - KA ,",HUT6K2172,BAJO,C,,
"CORREA POLY-V | MERCEDES BENZ C280,",HUT6K2195,BAJO,C,,
CORREA POLY-V | FORD TRANSIT - MERCE,HUT6K2205,BAJO,C,,
CORREA POLY-V | VOLKSWAGEN GOL 1.9 S,HUT6K2210,BAJO,C,,
CORREA POLY-V | FORD EXPLORER RANGER,HUT6K2215,BAJO,C,,
CORREA POLY-V | FORD RANGER 4.0,HUT6K2225,BAJO,C,,
"CORREA POLY-V | VOLKSWAGEN GOL 1,6",HUT6K2235,BAJO,C,,
CORREA POLY-V | VOLKSWAGEN TRANSPORT,HUT6K2237,MEDIO,C,,
CORREA POLY-V | FORD KA FOCUS FIESTA,HUT6K2240,BAJO,C,,
"CORREA POLY-V | FORD ECOSPORT, KA, F",HUT6K2245,MEDIO,C,,
CORREA POLY-V | SSANG YONG MUSSO E32,HUT6K2250,BAJO,C,,
"CORREA POLY-V | MERCEDES BENZ E320,",HUT6K2257,BAJO,C,,
CORREA POLY-V | MERDECES BENZ SPRINT,HUT6K2260,BAJO,C,,
CORREA POLY-V | VOLKSWAGEN GOL,HUT6K2270,BAJO,C,,
CORREA POLY-V | VOLKSWAGEN GOL COUNT,HUT6K2275,BAJO,C,,
CORREA POLY-V | ISUZU RODEO 3.2 V6 -,HUT6K2285,BAJO,C,,
CORREA POLY-V | MERCEDES BENZ SPRINT,HUT6K2290,MEDIO,C,,
CORREA POLY-V | JEEP CHEROKEE 2.5 TD,HUT6K2310,BAJO,D,,
CORREA POLY-V | JEEP CHEROKEE 2.5 TD,HUT6K2315,MEDIO,C,,
CORREA POLY-V | FORD RANGER,HUT6K2325,BAJO,C,,
CORREA POLY-V | JEEP CHEROKEE GRAND,HUT6K2330,MEDIO,D,,
CORREA POLY-V | VOLKSWAGEN GOL 1.9 D,HUT6K2345,BAJO,C,,
"CORREA POLY-V | MERCEDES BENZ C240,",HUT6K2390,BAJO,C,,
CORREA POLY-V | JEEP WRANGLER 4.0,HUT6K2400,BAJO,C,,
CORREA POLY-V | DODGE PICK UP DAKOTA,HUT6K2415,BAJO,C,,
CORREA POLY-V | CHRYSLER CARAVAN 3.3,HUT6K2460,BAJO,C,,
CORREA POLY-V | CHEVROLET BLAZER MOT,HUT6K2500,MEDIO,C,,
CORREA POLY-V | CHEVROLET BLAZER Y L,HUT6K2585,MEDIO,C,,
CORREA POLY-V | JEEP CHEROKEE 2.5 2.,HUT6K2870,MEDIO,C,,
CORREA POLY-V | FORD TRANSIT 2.5 DIE,HUT6K675,BAJO,C,,
CORREA POLY-V | PEUGEOT PARTNER 1.9,HUT6K730,BAJO,C,,
"CORREA POLY-V | VOLKSWAGEN CADDY, GO",HUT6K735,BAJO,C,,
CORREA POLY-V | SEAT CORDOBA 1.6 8 V,HUT6K750,BAJO,C,,
CORREA POLY-V | VOLKSWAGEN FOX,HUT6K755,BAJO,C,,
"CORREA POLY-V | FIAT BRAVO, STILO",HUT6K805,BAJO,C,,
CORREA POLY-V | PEUGEOT 405 - 306 DI,HUT6K841,BAJO,C,,
CORREA POLY-V | RENAULT MASTER S9W,HUT6K855,BAJO,C,,
"CORREA POLY-V | CITROEN BERLINGO, XS",HUT6K864,BAJO,C,,
CORREA POLY-V | RENAULT MASTER S8U -,HUT6K865,BAJO,C,,
CORREA POLY-V | ,HUT6K870,BAJO,C,,
CORREA POLY-V | RENAULT R19 - TRAFIC,HUT6K875,BAJO,C,,
CORREA POLY-V | RENAULT R19 RE,HUT6K880,BAJO,C,,
CORREA POLY-V | CHEVROLET AVEO - CHR,HUT6K884,BAJO,C,,
"CORREA POLY-V | RENAULT CLIO, EXPRES",HUT6K890,BAJO,C,,
CORREA POLY-V | RENAULT CLIO D,HUT6K894,BAJO,C,,
CORREA POLY-V | RENAULT CLIO D-EXP E,HUT6K903,BAJO,C,,
CORREA POLY-V | PEUGEOT BOXER FURGON,HUT6K910,BAJO,C,,
CORREA POLY-V | CITROEN JUMPER - FIA,HUT6K915,BAJO,C,,
CORREA POLY-V | VOLKSWAGEN SAVEIRO 1,HUT6K923,BAJO,C,,
"CORREA POLY-V | WV CADDY, GOL, POLO",HUT6K926,BAJO,D,,
CORREA POLY-V | FIAT DUCATO 2.8 DIES,HUT6K935,BAJO,C,,
CORREA POLY-V | FIAT DUCATO - HONDA,HUT6K946,BAJO,C,,
CORREA POLY-V | FIAT DUCATO 2.8 DIES,HUT6K950,BAJO,C,,
CORREA POLY-V | FIAT DUCATO 1.9 DIES,HUT6K963,BAJO,C,,
CORREA POLY-V | PEUGEOT 307 308 - CI,HUT6K975,BAJO,C,,
CORREA POLY-V | HONDA CIVIC SEDAN -,HUT6K986,BAJO,C,,
CORREA POLY V | RENAULT CLIO 3 1.2 T,HUT7K1036,BAJO,C,,
CORREA POLY V | PEUGOET BOXER - CITR,HUT7K1070,BAJO,C,,
CORREA POLY V | RENAULT MEGANE II,HUT7K1125,BAJO,C,,
CORREA POLY V | TOYOTA ETIOS 1.5 MOT,HUT7K1185,BAJO,C,,
CORREA POLY V | HONDA CRV 2.0,HUT7K1387,BAJO,C,,
CORREA POLY V | CHRYSLER CARAVAN 2.5,HUT7K1392,BAJO,C,,
CORREA POLY V | CHRYSLER CARAVAN 2.5,HUT7K1400,BAJO,C,,
CORREA POLY V | TOYOTA HILUX,HUT7K1515,BAJO,C,,
CORREA POLY V | MERCEDES BENZ SPRINT,HUT7K1525,BAJO,C,,
"CORREA POLY-V | CHEVROLET BLAZER, S1",HUT7K1530,BAJO,D,,
CORREA POLY-V | CHEVROLET BLAZER S10,HUT7K1535,BAJO,C,,
"CORREA POLY-V | CHEVROLET BLAZER, S1",HUT7K1540,BAJO,D,,
CORREA POLY-V | FORD F100 F150,HUT7K1545,BAJO,C,,
CORREA POLY-V | MERCEDES BENZ SPRINT,HUT7K1555,BAJO,C,,
"CORREA POLY-V | LAND ROVER DIESEL 2,",HUT7K1570,BAJO,D,,
CORREA POLY-V | LAND ROVER DEFFENDER,HUT7K1580,BAJO,D,,
CORREA POLY-V | RENAULT MASTER 2.5 D,HUT7K1795,BAJO,C,,
CORREA POLY-V | LAND ROVER DISCOVERY,HUT7K1802,MEDIO,C,,
CORREA POLY-V | TOYOTA CAMRY 2.0I 2.,HUT7K1930,BAJO,C,,
CORREA POLY-V | Alfa Romeo 145 146 1,HUT7K1954,MEDIO,C,,
CORREA POLY-V | HONDA CIVIC 2.0,HUT7K1960,MEDIO,C,,
CORREA POLY-V | ALFA ROMEO 156 MOTOR,HUT7K1980,MEDIO,D,,
CORREA POLY-V | ALFA ROMEO 155 2.5 D,HUT7K2050,MEDIO,C,,
"CORREA POLY-V | HONDA NEW CIVIC 1,8",HUT7K2195,MEDIO,C,,
CORREA POLY-V | LAND ROVER DISCOVERY,HUT7K2264,BAJO,C,,
"CORREA POLY-V | FORD TRANSIT 2,4 TDI",HUT7K2843,MEDIO,C,,
"CORREA POLY-V | FORD TRANSIT 2,4 TDI",HUT7K2875,MEDIO,C,,
CORREA POLY-V | FORD RANGER 2016 EN,HUT7K3130,ALTO,C,,
CORREA POLY-V | CAMIÓN IVECO,HUT8K1180,BAJO,C,,
CORREA POLY-V | VOLKSWAGEN CAMIONES,HUT8K1290,BAJO,C,,
CORREA POLY-V | Cummins motor 4BT3.9,HUT8K1360,BAJO,C,,
CORREA POLY-V | FORD F100 PICK UP (C,HUT8K1375,BAJO,C,,
CORREA POLY-V | FORD F100 PICK UP (M,HUT8K1387,BAJO,C,,
CORREA POLY-V | CUMMINS MOTOR 4BTAA3,HUT8K1400,BAJO,D,,
CORREA POLY-V | MOTORES CUMMINS (FOR,HUT8K1420,BAJO,C,,
CORREA POLY-V | CUMMINS MOTOR 6B 5.9,HUT8K1435,BAJO,C,,
CORREA POLY-V | CUMMINS MOTOR 6B 5.9,HUT8K1445,BAJO,D,,
CORREA POLY-V | MERCEDES BENZ 712C E,HUT8K1475,BAJO,C,,
CORREA POLY-V | FORD CAMION CARGO 16,HUT8K1500,BAJO,C,,
CORREA POLY-V | Zanello tractores 50,HUT8K1546,BAJO,C,,
CORREA POLY-V | SCANIA COLECTIVO K12,HUT8K1549,BAJO,C,,
"CORREA POLY-V | CUMMINS 6CT8.3, 6CTA",HUT8K1575,BAJO,C,,
CORREA POLY-V | SCANIA 114 - CUMMINS,HUT8K1601,BAJO,C,,
CORREA POLY-V | CUMMINS MOTOR 6BTAA5,HUT8K1610,MEDIO,C,,
CORREA POLY-V | Cummins 6CT8.3 - Zan,HUT8K1630,BAJO,C,,
CORREA POLY-V | SCANIA 113,HUT8K1660,BAJO,C,,
CORREA POLY-V | CORREA POLY-V,HUT8K1705,MEDIO,C,,
"CORREA POLY-V | FORD F100 PICK UP, F",HUT8K1710,MEDIO,C,,
CORREA POLY-V | VOLVO CAMIONES,HUT8K1765,BAJO,C,,
CORREA POLY-V | FORD CAMIONES (MOTOR,HUT8K1885,MEDIO,C,,
CORREA POLY-V | CAMIONES VW,HUT8K1920,MEDIO,D,,
"CORREA POLY-V | FORD F100 PICK UP, F",HUT8K1980,MEDIO,C,,
CORREA POLY-V | MERCEDES BENZ ATEGO,HUT8K2080,MEDIO,C,,
CORREA POLY-V | DODGE PICK UP RAM 25,HUT8K2100,MEDIO,C,,
CORREA POLY-V | DODGE PICK UP RAM 25,HUT8K2115,MEDIO,C,,
CORREA POLY-V | Camiones Volkswagen,HUT8K2130,MEDIO,C,,
CORREA POLY-V | JEEP CHEROKEE 2.5 TU,HUT8K2190,MEDIO,C,,
CORREA POLY-V | FORD PICK UP F100 MO,HUT8K2200,MEDIO,C,,
"CORREA POLY-V | MERCEDES BENZ S420,",HUT8K2460,MEDIO,C,,
SOPORTE | SOPORTE DE CAJA VW G,HUTAA00597053,ALTO,D,,
TENSOR DE ALTER | Polea tensora Renaul,HUTG044ERA,MEDIO,D,,
TENSOR DE ALTER | CLIO-MEG-LOG-DUSTER,HUTG2013,MEDIO,C,,
TENSOR DE ALTER | MASTER G9U,HUTG2015,MEDIO,D,,
TENSOR DE ALTER | clio-meg-log-kangoo,HUTGS0706RA,MEDIO,D,,
KIT DE DISTRIBU | Renault Clio2-Megane,HUTKH101,ALTO,D,,
KIT DE DISTRIBU | Bmw 323/325 2.5i,HUTKH107,ALTO,C,,
KIT DE DISTRIBU | Volvo C70/850 2.3,HUTKH117,ALTO,D,,
KIT DE DISTRIBU | Ford Focus / Focus I,HUTKH124,ALTO,D,,
KIT DE DISTRIBU | RENAULT CLIO 2 1.6V-,HUTKH127,MEDIO,C,,
KIT DE DISTRIBU | CLIO / KANGOO / MEGA,HUTKH132,ALTO,C,,
KIT DE DISTRIBU | Peugeot 306 1.8 8v-1,HUTKH142,ALTO,D,,
KIT DE DISTRIBU | MASTER 2.5 DCI / LAG,HUTKH153,ALTO,C,,
KIT DE DISTRIBU | Renault Laguna 2.0,HUTKH154,ALTO,D,,
KIT DE DISTRIBU | AUDI A4 1.9 TDI - SE,HUTKH157,ALTO,C,,
KIT DE DISTRIBU | FIAT VIVACE 1.4 / UN,HUTKH16,MEDIO,C,,
KIT DE DISTRIBU | PEUGEOT 206 1.6 - 16,HUTKH164,ALTO,C,,
KIT DE DISTRIBU | PEUGEOT 206 1.6 HDI/,HUTKH190,ALTO,D,,
KIT DE DISTRIBU | AUDI A3/A4 1.9 TDI -,HUTKH194,ALTO,C,,
KIT DE DISTRIBU | CITROEN C5 2.0 HDI -,HUTKH225,ALTO,C,,
KIT DE DISTRIBU | CLIO II / KANGOO 1.2,HUTKH236,ALTO,C,,
KIT DE DISTRIBU | CHEVROLET AVEO 1.6 1,HUTKH243,ALTO,C,,
KIT DE DISTRIBU | Renault 18 / 21 / Fu,HUTKH26,ALTO,D,,
KIT DE DISTRIBU | CITROEN C3 1.6 VTI /,HUTKH281,ALTO,C,,
KIT DE DISTRIBU | Fiat Ducato 1.9,HUTKH327,ALTO,D,,
KIT DE DISTRIBU | RENAULT 18 / FUEGO 2,HUTKH35,ALTO,D,,
KIT DE DISTRIBU | Chevrolet Cruze / Tr,HUTKH409,ALTO,D,,
KIT DE DISTRIBU | ALFA ROMEO 159 1.9/F,HUTKH411,ALTO,C,,
KIT DE DISTRIBU | Chevrolet Astra 1.7,HUTKH43,ALTO,D,,
KIT DE DISTRIBU | ALFA ROMEO 145/146/1,HUTKH446,ALTO,C,,
KIT DE DISTRIBU | CITROEN C4 / C4 PICA,HUTKH450,ALTO,D,,
KIT DE DISTRIBU | Chevrolet Corsa II /,HUTKH469,ALTO,D,,
KIT DE DISTRIBU | Renault Master 2.8 T,HUTKH484,ALTO,D,,
KIT DE DISTRIBU | Ford Transit 2.5 Tdi,HUTKH69,ALTO,D,,
KIT DE DISTRIBU | PEUGEOT 206 / 306 /,HUTKH70,ALTO,C,,
KIT DE DISTRIBU | PEUGEOT 206 / 306 /,HUTKH72,ALTO,C,,
KIT DE DISTRIBU | RENAULT 18 2.1D / 21,HUTKH76,ALTO,D,,
KIT DE DISTRIBU | Renault Laguna/Sceni,HUTKH89,ALTO,D,,
KIT DE DISTRIBU | SEAT CORDOBA 1.4 - A,HUTKH99,MEDIO,C,,
POLEA DE ALTERN | RENAULT KANGOO 1.6 N,HUTPA000D7512,MEDIO,C,,
TENSOR DE ALTER | Polea tensora Partne,HUTT1008RA,ALTO,D,,
TENSOR DE ALTER | Conjunto polea tenso,HUTT2013RA,ALTO,D,,
TENSOR DE ALTER | Conjunto polea tenso,HUTT2036RA,ALTO,D,,
TENSOR DE ALTER | Conjunto polea tenso,HUTT2048RA,ALTO,D,,
BIROME IRON DAK | TINTA NEGRA,IMPBIRODAK,BAJO,B,,
BOLSO KIT EMERG | BOLSO PARA KIT DE EM,IMPBOLSO,BAJO,A,,
BOTELLA IRON DA | TERMICA SILICONADA P,IMPBOTDAK,MEDIO,C,,
BOTIQUIN | DE EMERGENCIA CANTID,IMPBOTIQUIN,BAJO,A,,
DIODOS PARA ALT | NEGATIVO CON TOPE,IMPD-CT,BAJO,C,,
GUANTES DE TRAB | GUANTES DE TRABAJO,IMPGUANTES,BAJO,A,,
KIT EMERGENCIA | 10 EN 1 / BOLSO-MATA,IMPKIT10EN1,MEDIO,C,,
KIT EMERGENCIA | 4 EN 1 / BOLSO-CHALE,IMPKIT4EN1,BAJO,B,,
KIT EMERGENCIA | 5 EN 1 / BOLSO-MATAF,IMPKIT5EN1,MEDIO,A,,
KIT EMERGENCIA | 6 EN 1 / BOLSO-MATAF,IMPKIT6EN1,MEDIO,C,,
KIT EMERGENCIA | 7 EN 1 / BOLSO-MATAF,IMPKIT7EN1,MEDIO,C,,
KIT EMERGENCIA | 8 EN 1 / BOLSO-MATAF,IMPKIT8EN1,MEDIO,C,,
KIT EMERGENCIA | 9 EN 1 / BOLSO-MATAF,IMPKIT9EN1,MEDIO,C,,
MOCHILA IRON DA | COLOR NEGRO BASE MAR,IMPMOCHIDAK,MEDIO,C,,
POSTER PUBLICIT | MARCA DIVAIO,IMPPOS-DIV,BAJO,C,,
POSTER PUBLICIT | MARCA EKTION,IMPPOS-EKT,BAJO,C,,
POSTER PUBLICIT | MARCA KOBO,IMPPOS-KOBO,BAJO,C,,
POSTER PUBLICIT | MARCA KUBE,IMPPOS-KUB,BAJO,C,,
POSTER PUBLICIT | MARCA LUXLED,IMPPOS-LUX,BAJO,C,,
POSTER PUBLICIT | MARCA MAVERICK,IMPPOS-MAV,BAJO,C,,
POSTER PUBLICIT | MARCA NQD,IMPPOS-NQD,BAJO,C,,
POSTER PUBLICIT | MARCA OREGON,IMPPOS-ORE,BAJO,C,,
POSTER PUBLICIT | MARCA RGU PRO,IMPPOS-RGU,BAJO,C,,
BOBINA DE IGNIC | CITROEN BERLINGO/BX/,IND1351,MEDIO,C,,
BOBINA DE IGNIC | FIAT BRAVA/BRAVO/PAL,IND1354,MEDIO,C,,
BOBINA DE IGNIC | CITROEN AX 1.1/1.4/G,IND1370,MEDIO,C,,
BOBINA DE IGNIC | CITROEN AX 1.1/1.4/G,IND1372,BAJO,C,,
BOBINA DE IGNIC | Renault Laguna 2.0i,IND1380,BAJO,D,,
BOBINA DE IGNIC | RENAULT CLIO 1.2I/KA,IND1383,MEDIO,C,,
BOBINA DE IGNIC | CHEVROLET GENERAL MO,IND1386,MEDIO,C,,
BOBINA DE IGNIC | RENAULT 19 1.6 HASTA,IND1392,BAJO,C,,
BOBINA DE IGNIC | FORD ESCORT/VOLKSWAG,IND1399,BAJO,C,,
BOBINA DE IGNIC | RENAULT 18/19/21/ALP,IND1402,BAJO,C,,
BOBINA DE IGNIC | RENAULT CLIO/CLIO II,IND1416,MEDIO,C,,
BOBINA DE IGNIC | RENAULT ESPACE 2.0I/,IND1417,BAJO,D,,
BOBINA DE IGNIC | FIAT BRAVA/BRAVO/CRO,IND1418,MEDIO,C,,
BOBINA DE IGNIC | CHEVROLET GENERAL MO,IND1420,MEDIO,C,,
BOBINA DE IGNIC | VOLKSWAGEN LUPO 1.0I,IND1421,MEDIO,C,,
BOBINA DE IGNIC | CHEVROLET GENERAL MO,IND1429,BAJO,C,,
BOBINA DE IGNIC | MAZDA LANCER/MITSUBI,IND1435,BAJO,D,,
BOBINA DE IGNIC | MITSUBISHI LANCER,IND1436,BAJO,D,,
BOBINA DE IGNIC | CHEVROLET GENERAL MO,IND1438,MEDIO,D,,
BOBINA DE IGNIC | RENAULT CLIO 2 MOTOR,IND1439,MEDIO,D,,
BOBINA DE IGNIC | VOLKSWAGEN POLO/PASS,IND1440,MEDIO,C,,
BOBINA DE IGNIC | AUDI A3 1.6I/1.8I/A4,IND1442,MEDIO,D,,
BOBINA DE IGNIC | CHRYSLER NEON 2.0 16,IND1449,MEDIO,D,,
BOBINA DE IGNIC | GENERAL MOTORS MERIV,IND1450,MEDIO,C,,
BOBINA DE IGNIC | HYUNDAI ATOS 1.0 200,IND1458,MEDIO,C,,
BOBINA DE IGNIC | Volkswagen Passat V6,IND1468,ALTO,D,,
BOBINA DE IGNIC | VOLKSWAGEN GOLF IV V,IND1469,ALTO,D,,
BOBINA DE IGNIC | HYUNDAI ACCENT 1.3,IND1471,MEDIO,D,,
BOBINA DE IGNIC | VOLKSWAGEN POLO 1.4I,IND1478,MEDIO,D,,
BOBINA DE IGNIC | HONDA ACCORD 2001/CI,IND1481,BAJO,D,,
BOBINA DE IGNIC | ALFA ROMEO147/156/16,IND1483,BAJO,C,,
BOBINA DE IGNIC | FIAT BRAVO/MAREA,IND1484,MEDIO,D,,
TRABAPUERTAS | RENAULT 19-21-MEGANE,IND1536B,BAJO,C,,
BOBINA DE IGNIC | RENAULT 18 2.0/2.2/2,IND160,MEDIO,C,,
BOBINA DE IGNIC | FORD ESCORT DESDE 19,IND165,MEDIO,C,,
BOMBA DE LIMPIA | RENAULT CLIO-R19,IND1663,BAJO,C,,
BOMBA DE LIMPIA | RENAULT-PEUGEOT VARI,IND1679,BAJO,C,,
BOMBA DE LIMPIA | RENAULT CLIO II-MEGA,IND1682,BAJO,C,,
PLAQUETA RECTIF | NISSAN MITSUBISHI,IND1764,MEDIO,D,,
PLAQUETA RECTIF | RENAULT-PEUGEOT 74MM,IND1809,BAJO,D,,
PLAQUETA RECTIF | RENAULT 19-LAGUNA 10,IND1812,MEDIO,D,,
REGULADOR DE VO | SCANIA-MERCEDES BENZ,IND1834,MEDIO,D,,
REGULADOR DE VO | ALFA ROMEO-AUDI-CITR,IND1843,BAJO,D,,
REGULADOR DE VO | FORD VARIOS,IND1848,BAJO,D,,
REGULADOR DE VO | VOLKSWAGEN DODGE-REN,IND1860,BAJO,D,,
MODULO DE IGNIC | LADA-LAIKA-SAMARA SI,IND1905,MEDIO,D,,
MODULO DE IGNIC | FORD AL 3259074011,IND1917,MEDIO,C,,
MODULO DE IGNIC | CHEVROLET - RENAULT,IND1924,MEDIO,D,,
MODULO DE IGNIC | FORD,IND1926,MEDIO,D,,
MODULO DE IGNIC | CHEVROLET OPEL ASCON,IND1932,MEDIO,D,,
CAPTOR DE DISTR | FIAT DUNA - REGATTA,IND4172,MEDIO,D,,
CAPTOR DE DISTR | FIAT DUNA - REGATTA,IND4175,MEDIO,D,,
BOBINA DE IGNIC | FORD FALCON CON ENCE,IND90,MEDIO,C,,
BOBINA DE IGNIC | FORD SIERRA CON ENCE,IND92,MEDIO,C,,
BOBINA DE IGNIC | PEUGEOT 504-505 ENCE,IND96,BAJO,C,,
BOBINA DE IGNIC | RENAULT 9-11-18 1 6-,IND97,BAJO,C,,
"ANTENA PARA UTV | 1.2 METROS DE LARGO,",IROANT001,MEDIO,C,,
"ANTENA PARA UTV | 1.2 METROS DE LARGO,",IROANT002,MEDIO,C,,
"ANTENA PARA UTV | 1.2 METROS DE LARGO,",IROANT003,MEDIO,C,,
"ANTENA PARA UTV | 1.5 METROS DE LARGO,",IROANT004,MEDIO,C,,
"ANTENA PARA UTV | 1.5 METROS DE LARGO,",IROANT005,MEDIO,C,,
"ANTENA PARA UTV | 1.5 METROS DE LARGO,",IROANT006,MEDIO,C,,
"ANTENA PARA UTV | 1.8 METROS DE LARGO,",IROANT007,MEDIO,C,,
"ANTENA PARA UTV | 1.8 METROS DE LARGO,",IROANT008,MEDIO,C,,
"ANTENA PARA UTV | 1.8 METROS DE LARGO,",IROANT009,MEDIO,C,,
"ANTENA PARA UTV | 1.2 METROS DE LARGO,",IROANT010,MEDIO,C,,
"ANTENA PARA UTV | 1.5 METROS DE LARGO,",IROANT011,MEDIO,C,,
"ANTENA PARA UTV | 1.8 METROS DE LARGO,",IROANT012,MEDIO,C,,
OFF ROAD BARRA | LARGO 57CM COLOR BLA,IROBAR120DUTY,MEDIO,B,,
OFF ROAD BARRA | LARGO 57CM COLOR BLA,IROBAR120DUTY-YEW,ALTO,C,,
OFF ROAD BARRA | LARGO 82CM COLOR BLA,IROBAR180DUTY,ALTO,B,,
OFF ROAD BARRA | LARGO 31CM COLOR BLA,IROBAR80DUTY,MEDIO,C,,
OFF ROAD KIT DE | HB1 9004 75 WATTS CO,IROBS-IR100-9004,ALTO,C,,
OFF ROAD KIT DE | HB3 9005 75 WATTS CO,IROBS-IR100-9005,MEDIO,B,,
OFF ROAD KIT DE | HB4 9006 75 WATTS CO,IROBS-IR100-9006,MEDIO,B,,
OFF ROAD KIT DE | HB5 9007 75 WATTS CO,IROBS-IR100-9007,ALTO,C,,
OFF ROAD KIT DE | HIR 9012 75 WATTS CO,IROBS-IR100-9012,ALTO,C,,
OFF ROAD KIT DE | H1 75 WATTS CON COOL,IROBS-IR100-H1,MEDIO,A,,
OFF ROAD KIT DE | H11 75 WATTS CON COO,IROBS-IR100-H11,MEDIO,A,,
OFF ROAD KIT DE | H16 75 WATTS CON COO,IROBS-IR100-H16,MEDIO,C,,
OFF ROAD KIT DE | H27 75 WATTS CON COO,IROBS-IR100-H27,MEDIO,C,,
OFF ROAD KIT DE | H3 75 WATTS CON COOL,IROBS-IR100-H3,MEDIO,C,,
OFF ROAD KIT DE | H4 75 WATTS CON COOL,IROBS-IR100-H4,ALTO,A,,
OFF ROAD KIT DE | H7 75 WATTS CON COOL,IROBS-IR100-H7,MEDIO,A,,
OFF ROAD KIT DE | P13W 75 WATTS CON CO,IROBS-IR100-P13W,MEDIO,C,,
OFF ROAD FARO D | RECTANGULAR 16X7CM C,IRODJ1112PENT,MEDIO,A,,
OFF ROAD FARO D | RECTANGULAR 16X7CM C,IRODJ1112WHALO,MEDIO,B,,
"OFF ROAD FARO D | REDONDO 5.5"" AMBAR C",IRODJ1112WHALO-YEW,MEDIO,B,,
"OFF ROAD FARO D | REDONDO 5.5"" BLANCO",IRODJ1412MAX,MEDIO,C,,
"OFF ROAD FARO D | REDONDO 5.5"" AMBAR C",IRODJ1412MAX-YEW,MEDIO,C,,
"OFF ROAD FARO D | REDONDO 7"" BLANCO CO",IRODJ1413MAX,ALTO,C,,
OFF ROAD FARO D | CUADRADO 4'' COLOR B,IRODJ5900CROSS,MEDIO,B,,
OFF ROAD FARO D | CUADRADO PARA EMBUTI,IRODJ5900JEEP,MEDIO,B,,
OFF ROAD FARO D | CUADRADO 3'' COLOR B,IRODJ5900MINI,MEDIO,A,,
OFF ROAD FARO D | CUADRADO 3'' COLOR B,IRODJ5900MINI-YEW,MEDIO,B,,
OFF ROAD FARO D | FARO CUADRADO DAKAR,IRODJ5991FORCE-4,MEDIO,C,,
OFF ROAD FARO D | FARO CUADRADO DAKAR,IRODJ5991FORCE-4AMA,MEDIO,C,,
JUEGO DE FAROS | OFF ROAD UNIVERSAL 3,IRODJ6920JEEP,ALTO,B,,
"OFF ROAD FARO D | CUADRADRO 4,4"" COLOR",IRODJ6920MAX,MEDIO,B,,
"OFF ROAD FARO D | CUADRADRO 2,8"" COLOR",IRODJ6920MINI,BAJO,B,,
"OFF ROAD FARO D | REDONDO 3,1"" COLOR B",IRODJ6920RUAR,BAJO,B,,
"OFF ROAD FARO D | REDONDO 3,1"" - 40 WA",IRODJ6920RUAR-YEW,BAJO,B,,
OFF ROAD KIT DE | BLANCO + AMBAR 9005,IRODU-KB2-9005,MEDIO,C,,
OFF ROAD KIT DE | BLANCO + AMBAR 9006,IRODU-KB2-9006,MEDIO,B,,
OFF ROAD KIT DE | BLANCO + AMBAR H1 30,IRODU-KB2-H1,MEDIO,B,,
OFF ROAD KIT DE | BLANCO + AMBAR H11 3,IRODU-KB2-H11,MEDIO,B,,
OFF ROAD KIT DE | BLANCO + AMBAR H27 3,IRODU-KB2-H27,MEDIO,C,,
OFF ROAD KIT DE | BLANCO + AMBAR H3 30,IRODU-KB2-H3,MEDIO,C,,
OFF ROAD KIT DE | BLANCO + AMBAR H4 30,IRODU-KB2-H4,MEDIO,A,,
OFF ROAD KIT DE | BLANCO + AMBAR H7 30,IRODU-KB2-H7,MEDIO,A,,
GORRA DAKAR BOR | IRON LED - LUXLED -,IROGODAK,BAJO,C,,
OFF ROAD KIT DE | 9004 HB1 10MA GENERA,IROIR100-9004,MEDIO,C,,
OFF ROAD KIT DE | 9005 HB3 10MA GENERA,IROIR100-9005,MEDIO,A,,
OFF ROAD KIT DE | 9006 HB4 10MA GENERA,IROIR100-9006,MEDIO,A,,
OFF ROAD KIT DE | 9006 HB5 10MA GENERA,IROIR100-9007,MEDIO,B,,
OFF ROAD KIT DE | 10MA GENERACION CHIP,IROIR100-9012,MEDIO,B,,
OFF ROAD KIT DE | H1 10MA GENERACION C,IROIR100-H1,MEDIO,A,,
OFF ROAD KIT DE | H11 10MA GENERACION,IROIR100-H11,MEDIO,A,,
OFF ROAD KIT DE | H13 10MA GENERACION,IROIR100-H13,MEDIO,C,,
OFF ROAD KIT DE | H16 10MA GENERACION,IROIR100-H16,MEDIO,A,,
OFF ROAD KIT DE | H27 10MA GENERACION,IROIR100-H27,MEDIO,B,,
OFF ROAD KIT DE | H3 10MA GENERACION C,IROIR100-H3,MEDIO,B,,
OFF ROAD KIT DE | H4 10MA GENERACION C,IROIR100-H4,MEDIO,A,,
OFF ROAD KIT DE | H7 10MA GENERACION C,IROIR100-H7,MEDIO,A,,
OFF ROAD KIT DE | P13W 10MA GENERACION,IROIR100-P13W,MEDIO,C,,
OFF ROAD KIT DE | TRUCK - H1 DAKAR NEW,IROIRX24-H1,MEDIO,B,,
OFF ROAD KIT DE | TRUCK - H11 DAKAR NE,IROIRX24-H11,MEDIO,C,,
OFF ROAD KIT DE | TRUCK - H3 DAKAR NEW,IROIRX24-H3,MEDIO,C,,
OFF ROAD KIT DE | TRUCK - H4 DAKAR NEW,IROIRX24-H4,ALTO,A,,
OFF ROAD KIT DE | TRUCK - H7 DAKAR NEW,IROIRX24-H7,MEDIO,A,,
OFF ROAD KIT DE | DUAL COLOUR BLANCO /,IROIRXDUAL-9005,ALTO,C,,
OFF ROAD KIT DE | DUAL COLOUR BLANCO /,IROIRXDUAL-9006,ALTO,C,,
OFF ROAD KIT DE | DUAL COLOUR BLANCO /,IROIRXDUAL-9012,ALTO,C,,
OFF ROAD KIT DE | DUAL COLOUR BLANCO /,IROIRXDUAL-H1,ALTO,B,,
OFF ROAD KIT DE | DUAL COLOUR BLANCO /,IROIRXDUAL-H11,ALTO,B,,
OFF ROAD KIT DE | DUAL COLOUR BLANCO /,IROIRXDUAL-H27,ALTO,C,,
OFF ROAD KIT DE | DUAL COLOUR BLANCO /,IROIRXDUAL-H3,ALTO,C,,
OFF ROAD KIT DE | DUAL COLOUR BLANCO /,IROIRXDUAL-H4,ALTO,A,,
OFF ROAD KIT DE | DUAL COLOUR BLANCO /,IROIRXDUAL-H7,ALTO,B,,
OFF ROAD KIT DE | H15 PROYECTOR SUPER,IROKB1-H15,MEDIO,A,,
OFF ROAD KIT DE | H4 CON LUPA PROYECTO,IROKB1-H4,MEDIO,A,,
LED SENALIZACIO | 2825 W5W COLOR BLANC,IROKB2-12691,BAJO,A,,
OFF ROAD KIT DE | 9005 30000LM 42 WATT,IROKB2-9005,BAJO,B,,
OFF ROAD KIT DE | 9006 30000LM 42 WATT,IROKB2-9006,BAJO,A,,
OFF ROAD KIT DE | H1 30000LM 42 WATTS,IROKB2-H1,BAJO,A,,
OFF ROAD KIT DE | H11 30000LM 42 WATTS,IROKB2-H11,BAJO,A,,
OFF ROAD KIT DE | H27 30000LM 42 WATTS,IROKB2-H27,BAJO,C,,
OFF ROAD KIT DE | H3 30000LM 42 WATTS,IROKB2-H3,BAJO,B,,
OFF ROAD KIT DE | H4 30000LM 42 WATTS,IROKB2-H4,MEDIO,A,,
OFF ROAD KIT DE | H7 30000LM 42 WATTS,IROKB2-H7,BAJO,A,,
OFF ROAD KIT DE | 9005 CHIP CSP SUPER,IROKB3-9005,MEDIO,B,,
OFF ROAD KIT DE | 9006 CHIP CSP SUPER,IROKB3-9006,MEDIO,B,,
OFF ROAD KIT DE | H11 CHIP CSP SUPER C,IROKB3-H11,MEDIO,A,,
OFF ROAD KIT DE | H4 CHIP CSP SUPER CA,IROKB3-H4,MEDIO,A,,
OFF ROAD KIT DE | H7 CHIP CSP SUPER CA,IROKB3-H7,MEDIO,A,,
OFF ROAD KIT DE | HB3 9005 30 WATTS AL,IROKB4-9005,MEDIO,A,,
OFF ROAD KIT DE | HB4 30 WATTS ALL IN,IROKB4-9006,MEDIO,A,,
OFF ROAD KIT DE | D1R - D1S 12V - 24V,IROKB4-D1R-S,MEDIO,B,,
OFF ROAD KIT DE | D2R - D2S 12V - 24V,IROKB4-D2R-S,ALTO,C,,
OFF ROAD KIT DE | D3R - D3S 12V - 24V,IROKB4-D3R-S,MEDIO,B,,
OFF ROAD KIT DE | D4R - D4S 12V - 24V,IROKB4-D4R-S,ALTO,C,,
OFF ROAD KIT DE | D5R - D5S 12V - 24V,IROKB4-D5S,ALTO,C,,
OFF ROAD KIT DE | D8S S 12V - 24V 55 W,IROKB4-D8S,MEDIO,B,,
OFF ROAD KIT DE | H1 30 WATTS ALL IN O,IROKB4-H1,MEDIO,A,,
OFF ROAD KIT DE | H11 30 WATTS ALL IN,IROKB4-H11,MEDIO,A,,
OFF ROAD KIT DE | H27 30 WATTS ALL IN,IROKB4-H27,MEDIO,A,,
OFF ROAD KIT DE | H3 30 WATTS ALL IN O,IROKB4-H3,MEDIO,A,,
OFF ROAD KIT DE | H4 30 WATTS ALL IN O,IROKB4-H4,MEDIO,A,,
OFF ROAD KIT DE | H7 30 WATTS ALL IN O,IROKB4-H7,MEDIO,A,,
LED SENALIZACIO | 1156 / 1141 P21W COL,IROLED12498ULTRAAMB,BAJO,A,,
LED SENALIZACIO | 1156 / 1141 P21W COL,IROLED12498ULTRABL,BAJO,A,,
LED SENALIZACIO | 1156 / 1141 P21W COL,IROLED12498ULTRAROJ,BAJO,B,,
LED SENALIZACIO | 1157 / 1034 P21/5W C,IROLED12499ULTRAAMB,BAJO,B,,
LED SENALIZACIO | 1157 / 1034 P21/5W C,IROLED12499ULTRABL,BAJO,A,,
LED SENALIZACIO | 1157 / 1034 P21/5W C,IROLED12499ULTRAROJ,BAJO,A,,
LED SENALIZACIO | 2825 W5W COLOR AMBAR,IROLED12961CREEAMA,BAJO,A,,
LED SENALIZACIO | 2825 W5W COLOR BLANC,IROLED12961CREEBL,BAJO,A,,
LED SENALIZACIO | 3156 T20 COLOR AMBAR,IROLED3156ULTRAAMB,BAJO,C,,
LED SENALIZACIO | 3156 T20 COLOR BLANC,IROLED3156ULTRABL,BAJO,B,,
LED SENALIZACIO | 1156 / 1141 PY21W CO,IROLED3156VAMBULTRA,BAJO,A,,
LED SENALIZACIO | 3157 T20 COLOR AMBAR,IROLED3157ULTRAAMB,BAJO,C,,
LED SENALIZACIO | 3157 T20 COLOR BLANC,IROLED3157ULTRABL,BAJO,B,,
LED SENALIZACIO | 7440 T20 COLOR AMBAR,IROLED7440ULTRAAMB,BAJO,C,,
LED SENALIZACIO | 7440 T20 COLOR BLANC,IROLED7440ULTRABL,BAJO,B,,
LED SENALIZACIO | 7443 T20 COLOR AMBAR,IROLED7443ULTRAAMB,BAJO,B,,
LED SENALIZACIO | 7443 T20 COLOR BLANC,IROLED7443ULTRABL,BAJO,A,,
OFF ROAD KIT DE | 9004 HB1 DAKAR NEW S,IRONEWIRX-9004,MEDIO,C,,
OFF ROAD KIT DE | 9005 HB3 DAKAR NEW S,IRONEWIRX-9005,MEDIO,A,,
OFF ROAD KIT DE | 9006 HB4 DAKAR NEW S,IRONEWIRX-9006,MEDIO,A,,
OFF ROAD KIT DE | 9007 HB5 DAKAR NEW S,IRONEWIRX-9007,MEDIO,C,,
OFF ROAD KIT DE | 9012 HB5 DAKAR NEW S,IRONEWIRX-9012,MEDIO,C,,
OFF ROAD KIT DE | H1 DAKAR NEW SERIES,IRONEWIRX-H1,MEDIO,A,,
OFF ROAD KIT DE | H11 DAKAR NEW SERIES,IRONEWIRX-H11,MEDIO,A,,
OFF ROAD KIT DE | H27 880/881 DAKAR NE,IRONEWIRX-H27,MEDIO,C,,
OFF ROAD KIT DE | H3 DAKAR NEW SERIES,IRONEWIRX-H3,MEDIO,C,,
OFF ROAD KIT DE | H4 DAKAR NEW SERIES,IRONEWIRX-H4,MEDIO,A,,
OFF ROAD KIT DE | H7 DAKAR NEW SERIES,IRONEWIRX-H7,MEDIO,A,,
OFF ROAD KIT DE | P13W DAKAR NEW SERIE,IRONEWIRX-P13W,ALTO,C,,
OFF ROAD KIT DE | PSX24W H16 DAKAR NEW,IRONEWIRX-PSX24,MEDIO,B,,
GORRA DAKAR BOR | IRON LED - LUXLED -,IROPREGODAK,BAJO,B,,
OFF ROAD KIT DE | KIT DE LED 9006 6TA,IROS624-9006,BAJO,B,,
OFF ROAD KIT DE | KIT DE LED H1 6TA GE,IROS624-H1,BAJO,A,,
OFF ROAD KIT DE | KIT DE LED H11 6TA G,IROS624-H11,BAJO,A,,
OFF ROAD KIT DE | KIT DE LED H3 6TA GE,IROS624-H3,BAJO,B,,
OFF ROAD KIT DE | KIT DE LED H4 6TA GE,IROS624-H4,BAJO,A,,
OFF ROAD KIT DE | KIT DE LED H7 6TA GE,IROS624-H7,BAJO,A,,
TESTER LAMPARAS | TESTER PORTATIL KITS,IROTESTERPOR,ALTO,C,,
CABLE CELULAR | CABLE MICRO USB (TPE,KASKACA01BK,BAJO,C,,
CABLE CELULAR | CABLE MICRO USB (TPE,KASKACA02BK,BAJO,C,,
CABLE IPHONE (T | CABLE IPHONE (TPE) C,KASKACA03BK,BAJO,C,,
CABLE IPHONE (T | CABLE IPHONE (TPE) C,KASKACA04BK,BAJO,C,,
CABLE 2 EN 1 (T | CABLE 2 EN 1 (TPE) -,KASKACA05BK,BAJO,C,,
PARLANTE REDOND | PARLANTE REDONDO GRA,KASKASP01BK,BAJO,C,,
PARLANTE REDOND | PARLANTE REDONDO GRA,KASKASP01GR,BAJO,C,,
PARLANTE CUBO | PARLANTE CUBONEGRO,KASKASP02BK,BAJO,C,,
PARLANTE CUBO | PARLANTE CUBOBLANCO,KASKASP02GR,BAJO,C,,
PARLANTE | PARLANTE RECTANGULO,KASKASP03GR,BAJO,C,,
PARLANTE WATERP | PARLANTE WATERPROOFN,KASKASPWP01BKK,BAJO,C,,
PARLANTE WATERP | PARLANTE WATERPROOFN,KASKASPWP01BLL,BAJO,D,,
PARLANTE WATERP | PARLANTE WATERPROOFN,KASKASPWP01PII,BAJO,C,,
"BOBINA DE IGNIC | PEUGEOT: 205, 306, 4",KES06-1351,MEDIO,D,,
BOBINA DE IGNIC | ALFA ROMEO 155 2.0I,KES06-1359,BAJO,C,,
BOBINA DE IGNIC | CITROEN: ZX / ADVANT,KES06-1370,MEDIO,D,,
"BOBINA DE IGNIC | RENAULT MEGANE 1.6I,",KES06-1380,MEDIO,D,,
BOBINA DE IGNIC | RENAULT 19 1.6 (DESD,KES06-1391,MEDIO,C,,
"BOBINA DE IGNIC | VOLKSWAGEN POINTER,",KES06-1399,MEDIO,D,,
BOBINA DE IGNIC | CHEVROLET CORSA MPFI,KES06-1412,ALTO,D,,
"BOBINA DE IGNIC | HONDA PRELUDE III 2,",KES06-1413,MEDIO,D,,
BOBINA DE IGNIC | RENAULT CLIO 1.4 I /,KES06-1414,MEDIO,D,,
BOBINA DE IGNIC | RENAULT CLIO 1.4 I /,KES06-1415,MEDIO,D,,
"BOBINA DE IGNIC | CHEVROLET CORSA 1,6.",KES06-1420,MEDIO,D,,
BOBINA DE IGNIC | VOLKSWAGEN FOX / GOL,KES06-1421,MEDIO,C,,
"BOBINA DE IGNIC | HONDA PRELUDE III 2,",KES06-1425,MEDIO,D,,
"BOBINA DE IGNIC | FIAT PALIO 1,0I / 1,",KES06-1426,MEDIO,C,,
"BOBINA DE IGNIC | AUDI A3 1,8T QUATTRO",KES06-1440,MEDIO,D,,
BOBINA DE IGNIC | CITROEN BERLINGO 1.6,KES06-1447,ALTO,C,,
"BOBINA DE IGNIC | SUZUKI FUN CORSA 1,8",KES06-1453,MEDIO,C,,
"BOBINA DE IGNIC | PEUGEOT 306, MOTOR 1",KES06-1454,ALTO,D,,
BOBINA DE IGNIC | FORD FOCUS 2.0 - S-M,KES06-1494,MEDIO,C,,
BOBINA DE IGNIC | CHEVROLET AGILE 1.4,KES06-1495,ALTO,D,,
BOBINA DE IGNIC | RENAULT KWID 1.0 - (,KES06-1606,MEDIO,D,,
BOBINA DE IGNIC | CHEVROLET PRISMA - O,KES06-1630,MEDIO,D,,
SONDA LAMBDA | 1 CABLE 330MM. CORSA,KES08-00139,MEDIO,C,,
SONDA LAMBDA | UNIVERSAL 1 CABLE 10,KES08-01000,MEDIO,C,,
SONDA LAMBDA | UNIVERSAL 4 CABLES 6,KES08-04000,MEDIO,C,,
SONDA LAMBDA | 4 CABLES 750MM. PALI,KES08-112A7,MEDIO,C,,
SONDA LAMBDA | 4 CABLES 590MM. GOL,KES08-114V3,MEDIO,C,,
SONDA LAMBDA | 4 CABLES 390MM. AGIL,KES08-20331,MEDIO,C,,
SONDA LAMBDA | 4 CABLES 370MM. PALI,KES08-32A10,MEDIO,C,,
SONDA LAMBDA | 4 CABLES 410MM. COBA,KES08-81407,MEDIO,C,,
SONDA LAMBDA | 4 CABLES 610MM. 306/,KES08-95PG2,MEDIO,C,,
BOMBA DE COMBUS | BOMBA DE COMBUSTIBLE,KES09-0134,MEDIO,D,,
BOMBA DE COMBUS | BOMBA DE COMBUSTIBLE,KES09-0210,BAJO,C,,
BOMBA DE COMBUS | BOMBA DE COMBUSTIBLE,KES09-3477,BAJO,C,,
BUJIA INCANDESC | FORD TD27/MITSUBISHI,KES9101,BAJO,C,,
BUJIA INCANDESC | AUDI 2.5 TDI/1.9 TDI,KES9104,BAJO,C,,
BUJIA INCANDESC | HYUNDAI 1.5 TDI /1.5,KES9106,BAJO,C,,
BUJIA INCANDESC | ALFA ROMEO 2.5 TD/AU,KES9107,BAJO,C,,
BUJIA INCANDESC | NISSAN JUNIOR 2.5 SD,KES9108,BAJO,C,,
BUJIA INCANDESC | LARGO 28/ANCHO 6/18,KES9109,BAJO,C,,
BUJIA INCANDESC | HONDA 2.0 TDI/LAND R,KES9110,BAJO,C,,
BUJIA INCANDESC | LARGO 22/ANCHO 6/18,KES9111,BAJO,C,,
BUJIA INCANDESC | HUMMER V8 ( LARGO 28,KES9112,BAJO,C,,
BUJIA INCANDESC | CITROEN BERLINGO/XSA,KES9113,BAJO,A,,
BUJIA INCANDESC | ,KES9114,BAJO,C,,
BUJIA INCANDESC | AUDI 1.6 D/2.0 D/2.4,KES9116,BAJO,A,,
BUJIA INCANDESC | ALFA ROMEO 1.9 D/TD/,KES9119,BAJO,A,,
BUJIA INCANDESC | MULTICAR 2.0 D ( LAR,KES9121,BAJO,D,,
BUJIA INCANDESC | RENAULT 1.9 TDI ( LA,KES9122,BAJO,D,,
BUJIA INCANDESC | MITSUBISHI K2/K3/K4,KES9129,BAJO,D,,
BUJIA INCANDESC | MERCEDES BENZ 617 /,KES9130,BAJO,D,,
BUJIA INCANDESC | FORD 1.6 D/2.3 D/2.4,KES9133,BAJO,D,,
BUJIA INCANDESC | ALEKO 1.8 D/BEDFORD,KES9136,BAJO,B,,
BUJIA INCANDESC | CHEVROLET 1.3 CDTI 1,KES9138,BAJO,C,,
BUJIA INCANDESC | LARGO 21/ANCHO 5 4/5,KES9141,BAJO,C,,
BUJIA INCANDESC | DAEWOO 2.3 D/TD/SLTD,KES9145,BAJO,C,,
BUJIA INCANDESC | LARGO 24/ANCHO 5 4/5,KES9147,BAJO,D,,
BUJIA INCANDESC | MITSUBISHI 1.9 D/TD/,KES9148,BAJO,C,,
BUJIA INCANDESC | ARO 3.1 D ( LARGO 28,KES9153,BAJO,C,,
BUJIA INCANDESC | FORD COURIER/ESCORT,KES9155,BAJO,C,,
BUJIA INCANDESC | CATERPILLAR ( LARGO,KES9156,BAJO,D,,
BUJIA INCANDESC | RENAULT CLIO/MEGANE,KES9157,BAJO,C,,
BUJIA INCANDESC | PERKINS MOTOR 6.354,KES9159,BAJO,D,,
BUJIA INCANDESC | MERCEDES BENZ 1.8 D/,KES9160,BAJO,D,,
BUJIA INCANDESC | MERCEDES BENZ 2.2 D/,KES9165,BAJO,D,,
BUJIA INCANDESC | KIA SORENTO,KES9175,BAJO,C,,
BUJIA INCANDESC | FIAT 2.3 D/JTD/MULTI,KES9176,BAJO,C,,
BUJIA INCANDESC | ,KES9178,BAJO,D,,
BUJIA INCANDESC | PEUGEOT 206 - 1.6 HD,KES9192,BAJO,C,,
BUJIA INCANDESC | VW AUDI / JEEP / SEA,KES9193,BAJO,C,,
BUJIA INCANDESC | ,KES9194,BAJO,D,,
BUJIA INCANDESC | ,KES9196,BAJO,D,,
BUJIA INCANDESC | ALFA ROMEO 1.9 JTD/2,KES9201,BAJO,C,,
BUJIA INCANDESC | BMW SERIE 3/SERIE 5/,KES9203,BAJO,D,,
BUJIA INCANDESC | MERCEDES BENZ1.7 CDI,KES9204,BAJO,C,,
BUJIA INCANDESC | AUDI 2.5 TDI /QUATTR,KES9205,BAJO,D,,
BUJIA INCANDESC | HOLDEN 3.0 DI/ISUZU,KES9207,BAJO,D,,
BUJIA INCANDESC | SMART 0.8 CDI ( LARG,KES9208,BAJO,D,,
BUJIA INCANDESC | CITROEN 2.2 HDI/FORD,KES9210,BAJO,C,,
BUJIA INCANDESC | RENAULT CLIO 2/KANGO,KES9211,BAJO,B,,
BUJIA INCANDESC | NISSAN 2.2 DCI/2.5 D,KES9213,BAJO,C,,
BUJIA INCANDESC | CHEVROLET 2.0 DTI/2.,KES9215,BAJO,C,,
BUJIA INCANDESC | ALFA ROMEO 1.9 JTD/2,KES9216,BAJO,C,,
BUJIA INCANDESC | ,KES9219,BAJO,D,,
BUJIA INCANDESC | CHEVROLET CORSA 1.5,KES9221,BAJO,C,,
BUJIA INCANDESC | FIAT 1.7 TD/1.9 D/TD,KES9300,BAJO,C,,
BUJIA INCANDESC | CITROEN 2.5 TDI/PEUG,KES9310,BAJO,C,,
BUJIA INCANDESC | KIA 2.0/MAZDA 3.0 (,KES9314,BAJO,D,,
BUJIA INCANDESC | BEDFORD 2.0 D/TD/CHE,KES9315,BAJO,B,,
BUJIA INCANDESC | MITSUBISHI 2.5 D ( L,KES9351,BAJO,C,,
BUJIA INCANDESC | DAIHATSU 1.0 TD/KOMA,KES9360,BAJO,C,,
BUJIA INCANDESC | FORD 2.7 TD/NISSAN 2,KES9366,BAJO,D,,
BUJIA INCANDESC | NISSAN 1.6 SD/2.2 SD,KES9371,BAJO,C,,
BUJIA INCANDESC | CHEVROLET 2.8 TD/TDI,KES9375,BAJO,C,,
BUJIA INCANDESC | MAZDA 2.2 D ( LARGO,KES9383,BAJO,D,,
BUJIA INCANDESC | ALFA ROMEO 1.8 TD/2.,KES9385,BAJO,D,,
BUJIA INCANDESC | FIAT 1.9 TD ( LARGO,KES9388,BAJO,C,,
BUJIA INCANDESC | AM GENERAL V8/CHEVRO,KES9390,BAJO,D,,
BUJIA INCANDESC | OPEL 1.9 D/RENAULT C,KES9402,BAJO,A,,
BUJIA INCANDESC | MAZDA 3.0 ( LARGO 20,KES9404,BAJO,D,,
BUJIA INCANDESC | FORD/MAZDA 2.5/3.0/4,KES9407,BAJO,C,,
BUJIA INCANDESC | BEDFORD 2.0 TD/2.2 D,KES9409,BAJO,D,,
BUJIA INCANDESC | BEDFORD 2.2/CHEVROLE,KES9412,BAJO,D,,
BUJIA INCANDESC | HOLDEN/ISUZU ( LARGO,KES9413,BAJO,D,,
BUJIA INCANDESC | NISSAN 4.2 TD ( LARG,KES9417,BAJO,D,,
BUJIA INCANDESC | NISSAN 1.7 D/2.0 D (,KES9419,BAJO,D,,
BUJIA INCANDESC | CITROEN 2.8 HDI/FIAT,KES9420,BAJO,C,,
BUJIA INCANDESC | PEUGEOT/NISSAN ( LAR,KES9422,BAJO,C,,
BUJIA INCANDESC | TOYOTA 4.0 ( LARGO 2,KES9428,BAJO,D,,
BUJIA INCANDESC | TOYOTA 3.0/3.6 ( LAR,KES9429,BAJO,D,,
BUJIA INCANDESC | HINO/TOYOTA 3.0 ( LA,KES9431,BAJO,D,,
BUJIA INCANDESC | DAIHATSU 1.0 D/TD/2.,KES9436,BAJO,C,,
BUJIA INCANDESC | DAIHATSU 2.8 D/HINO/,KES9438,BAJO,D,,
BUJIA INCANDESC | DAIHATSU/HINO/TOYOTA,KES9439,BAJO,C,,
BUJIA INCANDESC | DAIHATSU/TOYOTA 3.0/,KES9440,BAJO,C,,
BUJIA INCANDESC | JEEP 2.1 TD/RENAULT,KES9452,BAJO,C,,
BUJIA INCANDESC | TOYOTA BLIZZARD/HILU,KES9453,BAJO,C,,
BUJIA INCANDESC | TOYOTA 2.4 D ( LARGO,KES9455,BAJO,D,,
BUJIA INCANDESC | TOYOTA 1.5/2.2 L/2.2,KES9456,BAJO,D,,
BUJIA INCANDESC | TOYOTA 2L/2.4L/2.8L,KES9458,BAJO,C,,
BUJIA INCANDESC | DAIHATSU ( LARGO 33/,KES9460,BAJO,D,,
BUJIA INCANDESC | MITSUBISHI ( LARGO 2,KES9464,BAJO,D,,
BUJIA INCANDESC | MITSUBISHI ( LARGO 2,KES9470,BAJO,D,,
BUJIA INCANDESC | NISSAN ( LARGO 19/AN,KES9474,BAJO,D,,
BUJIA INCANDESC | NISSAN 2.2/3.2D/TD/3,KES9477,BAJO,D,,
BUJIA INCANDESC | NISSAN ( LARGO 17/AN,KES9478,BAJO,D,,
BUJIA INCANDESC | NISSAN ( LARGO 17/AN,KES9479,BAJO,C,,
BUJIA INCANDESC | NISSAN 1.5/2.2/2.5 S,KES9482,BAJO,D,,
BUJIA INCANDESC | NISSAN 2.3/2.5 SD/3.,KES9483,BAJO,D,,
BUJIA INCANDESC | NISSAN 3.0 ED ( LARG,KES9488,BAJO,D,,
BUJIA INCANDESC | NISSAN 3.0 ED ( LARG,KES9490,BAJO,D,,
BUJIA INCANDESC | NISSAN 3.0 ED/3.3 ED,KES9492,BAJO,C,,
BUJIA INCANDESC | NISSAN ( LARGO 24/AN,KES9493,BAJO,D,,
BUJIA INCANDESC | HINO/ISUZU ( LARGO 2,KES9498,BAJO,C,,
BUJIA INCANDESC | MITSUBISHI ( LARGO 2,KES9499,BAJO,D,,
BUJIA INCANDESC | MITSUBISHI ( LARGO 1,KES9500,BAJO,C,,
BUJIA INCANDESC | MITSUBISHI ( LARGO 2,KES9501,BAJO,D,,
BUJIA INCANDESC | MITSUBISHI ( LARGO 2,KES9503,BAJO,D,,
BUJIA INCANDESC | NISSAN 2.0/2.8 LD (,KES9505,BAJO,D,,
BUJIA INCANDESC | CATERPILLAR ( LARGO,KES9513,BAJO,D,,
BUJIA INCANDESC | CATERPILLAR ( LARGO,KES9514,BAJO,D,,
BUJIA INCANDESC | CATERPILLAR ( LARGO,KES9517,BAJO,D,,
BUJIA INCANDESC | CATERPILLAR ( LARGO,KES9518,BAJO,D,,
BUJIA INCANDESC | FORD 6.9L/7.3L/INTER,KES9523,BAJO,D,,
BUJIA INCANDESC | MITSUBISHI/PEUGEOT 1,KES9534,BAJO,C,,
BUJIA INCANDESC | MERCEDES BENZ 170/20,KES9535,BAJO,C,,
BUJIA INCANDESC | MITSUBISHI ( LARGO 2,KES9538,BAJO,D,,
BUJIA INCANDESC | BMW 3.0 D/CHEVROLET,KES9576,BAJO,C,,
BUJIA INCANDESC | KUBOTA ( LARGO 24/AN,KES9579,BAJO,D,,
BUJIA INCANDESC | KUBOTA ( LARGO 30/AN,KES9580,BAJO,D,,
BUJIA INCANDESC | MITSUBISHI ( LARGO 2,KES9587,BAJO,D,,
BUJIA INCANDESC | NISSAN 1.7/2.0 CD (,KES9588,BAJO,C,,
BUJIA INCANDESC | KUBOTA ( LARGO 19/AN,KES9589,BAJO,D,,
BUJIA INCANDESC | HYUNDAI 2.5 TC/TCI/T,KES9600,BAJO,C,,
BUJIA INCANDESC | LARGO 24/ANCHO 5/23,KES9671,BAJO,D,,
BUJIA INCANDESC | MAZDA ( LARGO 22/ANC,KES9678,BAJO,C,,
BUJIA INCANDESC | MITSUBISHI ( LARGO 2,KES9682,BAJO,D,,
BUJIA INCANDESC | HYUNDAI 2.7 TD/MITSU,KES9683,BAJO,D,,
BUJIA INCANDESC | NISSAN 2.2 DI/DCI/2.,KES9685,BAJO,C,,
BUJIA INCANDESC | TOYOTA 2.0 CDT/2.5/3,KES9692,BAJO,C,,
BUJIA INCANDESC | ASIA MOTORS 2.2/2.7,KES9703,BAJO,C,,
BUJIA INCANDESC | BEDFORD C240/CHEVROL,KES9711,BAJO,C,,
BUJIA INCANDESC | FORD TD42/HYUNDAI 2.,KES9717,BAJO,C,,
BUJIA INCANDESC | TOYOTA 2.2L/ 2.2D/2.,KES9728,BAJO,C,,
BUJIA INCANDESC | HYUNDAI 2.5 D/TD/TCI,KES9741,BAJO,C,,
BUJIA INCANDESC | KUBOTA/NISSAN 1.5 SD,KES9778,BAJO,C,,
BUJIA INCANDESC | DAEWOO 2.9 TD/MERCED,KES9781,BAJO,D,,
BUJIA INCANDESC | FORD 6.9L/7.3L/V8/IN,KES9786,BAJO,D,,
BUJIA INCANDESC | KUBOTA ( LARGO 19/AN,KES9788,BAJO,D,,
BUJIA INCANDESC | FORD FOCUS/FIESTA/MO,KES9790,BAJO,C,,
BUJIA INCANDESC | CHEVROLET 2.5 TD/DLX,KES9791,BAJO,C,,
BUJIA INCANDESC | FORD V8 444/INTERNAT,KES9792,BAJO,C,,
BUJIA INCANDESC | CHRYSLER 2.2 CRD/JEE,KES9793,BAJO,C,,
BUJIA INCANDESC | AUDI 1.9 TDI/1.9 TDI,KES9794,BAJO,D,,
BUJIA INCANDESC | CITROEN BERLINGO/C4/,KES9795,BAJO,C,,
BUJIA INCANDESC | FORD 2.5 PE T/MAZDA/,KES9796,BAJO,C,,
BUJIA INCANDESC | LARGO 21/ANCHO 5 4/5,KES9823,BAJO,C,,
BUJIA INCANDESC | PERKINS CONECTOR TOR,KES9900,BAJO,C,,
BUJIA INCANDESC | BUICK 5.7 L/4.3 L/CA,KES9916,BAJO,D,,
BUJIA INCANDESC | CHEVROLET ASTRA 1.7,KES9917,BAJO,C,,
BUJIA INCANDESC | CITROEN 1.4 HDI/1.4,KES9919,BAJO,C,,
BUJIA INCANDESC | FIAT 1.9 D ( LARGO 2,KES9920,BAJO,D,,
BUJIA INCANDESC | FIAT 2.5 TD/LANCIA 2,KES9923,BAJO,D,,
BUJIA INCANDESC | NISSAN 2.2 SD/2.3 D/,KES9932,BAJO,D,,
BUJIA INCANDESC | MAZDA 2.0 ( LARGO 22,KES9933,BAJO,D,,
BUJIA INCANDESC | AUDI A3 CABRIOLET /,KES9950,BAJO,C,,
BUJIA INCANDESC | ,KES9951,BAJO,C,,
BUJIA INCANDESC | ,KES9952,BAJO,D,,
BUJIA INCANDESC | ,KES9955,BAJO,C,,
BUJIA INCANDESC | CHEVROLET CAPTIVA 2.,KES9959,BAJO,C,,
BUJIA INCANDESC | FIAT TORO 2.0 16V TD,KES9962,BAJO,C,,
BUJIA INCANDESC | CHEVROLET CRUZE 2.0,KES9970,BAJO,D,,
BLISTER DE LAMP | H1 12V 55W KOBO (COD,KLIBLI12258KO,BAJO,B,,
BLISTER DE LAMP | H3 12V 55W KOBO (COD,KLIBLI12336KO,BAJO,C,,
BLISTER DE LAMP | H4 PT43 12V 60/55W K,KLIBLI12342KO,BAJO,A,,
BLISTER DE LAMP | H11 12V 55W KOBO (CO,KLIBLI12362KO,BAJO,B,,
LAMPARAS DE SEÑ | P21/5W 12V 1034 BAU1,KLIBLI12496PR,BAJO,B,,
LAMPARAS DE SEÑ | P21W 1141 12V21W BLA,KLIBLI12498PR,BAJO,A,,
LAMPARAS DE SEÑ | P21W 1141 12V21W BLA,KLIBLI12499PR,BAJO,A,,
LAMPARAS DE SEÑ | W5W 2821 12V5W BLANC,KLIBLI12961PR,BAJO,A,,
BLISTER DE LAMP | H7 12V 55W KOBO (COD,KLIBLI12972KO,BAJO,A,,
BLISTER DE LAMP | 9005 12V 60W KOBO (C,KLIBLIHB39005KO,BAJO,C,,
BLISTER DE LAMP | 9006 12V 51W KOBO (C,KLIBLIHB49006KO,BAJO,C,,
LAMPARA HALOGEN | 9005XS 12V 65W KOBO,KLIHB3AKO9005XS,BAJO,C,,
LAMPARA HALOGEN | 9006XS 12V 55W KOBO,KLIHB4AKO9006XS,BAJO,C,,
LAMPARA HALOGEN | HPC16W 12V 16W (CODI,KLIHPC16W,BAJO,C,,
LAMPARA HALOGEN | HPC16WY 12V 16W AMBA,KLIHPC16WY,BAJO,B,,
LAMPARA HALOGEN | HPC19W 12V 19W PEUGE,KLIHPC19W,BAJO,C,,
LAMPARA HALOGEN | HPC19W 12V 19W PEUGE,KLIHPC19WY,BAJO,C,,
LAMPARA HALOGEN | HPC24W 12V 24W (CODI,KLIHPC24W,BAJO,C,,
LAMPARA HALOGEN | HPC24WY 12V 24W AMBA,KLIHPC24WY,BAJO,C,,
KIT FAROS AUXIL | KIT FARO AUXILIAR FO,KLIKA020005XKOBO,MEDIO,C,,
KIT FAROS AUXIL | KIT FARO AUXILIAR VO,KLIKA080015KOBO,ALTO,C,,
LAMPARA HALOGEN | H7 12V 80W KOBO (COD,KLIKO12035PR,BAJO,A,,
LAMPARA HALOGEN | H6W 12V 6W BAX9S 53,KLIKO12036PR,BAJO,B,,
LAMPARA HALOGEN | H10W 12V 10W BAX9S 5,KLIKO12046PR,BAJO,B,,
LAMPARA HALOGEN | H21W 12V 21W BAY9S 5,KLIKO12056AMB,BAJO,A,,
LAMPARA HALOGEN | H21W 12V 21W BAY9S 5,KLIKO12056PR,BAJO,A,,
LAMPARA HALOGEN | H21W 12V 21W BAW9S A,KLIKO12057AMB,BAJO,C,,
LAMPARAS DE SEÑ | W2.3W 12V 2721 2.3W,KLIKO12061PR,BAJO,A,,
LAMPARAS DE SEÑ | T13 12V 10W W2.1x9.5,KLIKO12064AMB,BAJO,A,,
LAMPARAS DE SEÑ | T13 12V 10W W2.1x9.5,KLIKO12064PR,BAJO,A,,
LAMPARAS DE SEÑ | T20 7440 12V 21W VID,KLIKO12065AMB,BAJO,A,,
LAMPARAS DE SEÑ | T20 7440 12V 21W BLA,KLIKO12065PR,BAJO,A,,
LAMPARAS DE SEÑ | T20 7443 12V 21/5W V,KLIKO12066AMB,BAJO,A,,
LAMPARAS DE SEÑ | T20 7443 12V 21/5W B,KLIKO12066PR,BAJO,A,,
LAMPARAS DE SEÑ | T15 912 12V12W VIDRI,KLIKO12067AMB,BAJO,A,,
LAMPARAS DE SEÑ | T15 912 12V 16W BLAN,KLIKO12067PR,BAJO,A,,
LAMPARA DE SEÑA | PR21W 12V 21W 1 POLO,KLIKO12088RED,BAJO,B,,
LAMPARAS DE SEÑ | W3W 2821 12V3W BLANC,KLIKO12256PR,BAJO,A,,
LAMPARA HALOGEN | H1 12V 55W KOBO (COD,KLIKO12258PR,BAJO,A,,
LAMPARA HALOGEN | BLISTER COLOURS H1 1,KLIKO12258YEW,BAJO,B,,
LAMPARA HALOGEN | H3 12V 55W KOBO (COD,KLIKO12336PR,BAJO,A,,
LAMPARA HALOGEN | BLISTER COLOURS H3 1,KLIKO12336YEW,BAJO,C,,
LAMPARA HALOGEN | H4 PT43 12V 60/55W K,KLIKO12342PR,BAJO,A,,
LAMPARA HALOGEN | BLISTER COLOURS H4 1,KLIKO12342YEW,BAJO,B,,
LAMPARA HALOGEN | H11 12V 55W KOBO (CO,KLIKO12362PR,BAJO,A,,
LAMPARA HALOGEN | BLISTER COLOURS H11,KLIKO12362YEW,BAJO,C,,
LAMPARAS DE SEÑ | P15W 12V 15W BA15S B,KLIKO12403PR,BAJO,A,,
LAMPARA HALOGEN | H1 12V 100W KOBO (CO,KLIKO12454PR,BAJO,A,,
LAMPARA HALOGEN | H3 12V 100W KOBO (CO,KLIKO12455PR,BAJO,A,,
LAMPARA HALOGEN | H4 PT43 35/35W 12V E,KLIKO12458PR,BAJO,A,,
LAMPARA BLUE VI | H4 PT43 35/35W 12V X,KLIKO12458XEN,BAJO,A,,
LAMPARAS DE SEÑ | P21/4W 12V BAZ15D 10,KLIKO12491AMB,BAJO,A,,
LAMPARAS DE SEÑ | P21/4W 12V BAZ15D 10,KLIKO12491BLA,BAJO,A,,
LAMPARAS DE SEÑ | P21/4W 12V BAZ15D 10,KLIKO12491RED,BAJO,A,,
LAMPARAS DE SEÑ | P21/4W 12V BAU15D 10,KLIKO12494RED,BAJO,A,,
LAMPARAS DE SEÑ | PY21W 12V 21W BAU15S,KLIKO12496PR,BAJO,A,,
LAMPARAS DE SEÑ | PY21W 12V 21W E8 3H2,KLIKO12497BLA,BAJO,A,,
LAMPARA DE SEÑA | P21W 12V 21W 1 POLO,KLIKO12497RED,BAJO,B,,
LAMPARAS DE SEÑ | P21W 1141 12V21W AMB,KLIKO12498AMB,BAJO,A,,
LAMPARAS DE SEÑ | P21W 1141 12V V21W A,KLIKO12498BLUPR,BAJO,C,,
LAMPARAS DE SEÑ | P21W 1141 12V 21W VE,KLIKO12498GREPR,BAJO,C,,
LAMPARAS DE SEÑ | P21W 1141 12V21W BLA,KLIKO12498PR,BAJO,A,,
LAMPARAS DE SEÑ | P21W 1141 12V21W ROJ,KLIKO12498RED,BAJO,A,,
LAMPARAS DE SEÑ | P21W 1141 12V21W SIL,KLIKO12498SVPR,BAJO,C,,
LAMPARAS DE SEÑ | P21/5W 12V 1034 BAY1,KLIKO12499AMB,BAJO,A,,
LAMPARAS DE SEÑ | P21/5W 1034 12V BAY1,KLIKO12499BLUPR,BAJO,C,,
LAMPARAS DE SEÑ | P21/5W 1034 12V BAY1,KLIKO12499GREPR,BAJO,C,,
LAMPARAS DE SEÑ | P21/5W 12V 1034 BAY1,KLIKO12499PR,BAJO,A,,
LAMPARAS DE SEÑ | P21/5W 12V 1034 BAY1,KLIKO12499RED,BAJO,A,,
LAMPARAS DE SEÑ | P21/5W 12V 1176 BA15,KLIKO12502PR,BAJO,A,,
LAMPARAS DE SEÑ | T5 12V 1.2W 2721 CON,KLIKO12515PR,BAJO,A,,
LAMPARAS DE SEÑ | T1.2W 2721 12V1.2W B,KLIKO12516PR,BAJO,A,,
LAMPARA HALOGEN | H4 - 12 V - 100/90 W,KLIKO12569PR,BAJO,A,,
LAMPARA BLUE VI | H4 PT43 100/90W XENO,KLIKO12569XEN,BAJO,A,,
LAMPARA HALOGEN | H5 PT45 12V 60/55W K,KLIKO12596PR,BAJO,A,,
LAMPARAS DE SEÑ | 12V 1.2W BX8.3D 12V,KLIKO12597PR,BAJO,A,,
LAMPARAS DE SEÑ | 12V 1.2W BX8.5D/2 12,KLIKO12598PR,BAJO,A,,
LAMPARAS DE SEÑ | 12V 1.2W BX8.5D/2 12,KLIKO12600PR,BAJO,A,,
LAMPARAS DE SEÑ | 12V 1.2W BX8.5D/1.5,KLIKO12603PR,BAJO,A,,
LAMPARAS DE SEÑ | 12V 1.2W BX8.4D 12V,KLIKO12605PR,BAJO,A,,
LAMPARAS DE SEÑ | 12V 1.2W BX8.4D 12V,KLIKO12606PR,BAJO,A,,
LAMPARAS DE SEÑ | 12V 1.4W BX8.5D/1.5,KLIKO12607PR,BAJO,A,,
LAMPARAS DE SEÑ | 12V 1.2W BX8.5D/1.5,KLIKO12608PR,BAJO,A,,
LAMPARA HALOGEN | HS1 PX43 35/35 12V E,KLIKO12636PR,BAJO,B,,
OFF ROAD FARO D | FARO DE 42 LED CUADR,KLIKO126WSQAMA,BAJO,C,,
OFF ROAD FARO D | FARO DE 42 LED CUADR,KLIKO126WSQAZU,BAJO,C,,
OFF ROAD FARO D | FARO DE 42 LED CUADR,KLIKO126WSQROJ,BAJO,C,,
OFF ROAD FARO D | FARO DE 42 LED CUADR,KLIKO126WSQVER,BAJO,C,,
LAMPARAS DE SEÑ | R10W 12V10W 67 BA15S,KLIKO12814PR,BAJO,A,,
LAMPARAS DE SEÑ | R5W 67 12V5W BA15S A,KLIKO12821AMB,BAJO,A,,
LAMPARAS DE SEÑ | R5W 67 12V5W BA15S A,KLIKO12821BLUPR,BAJO,C,,
LAMPARAS DE SEÑ | R5W 67 12V5W BA15S V,KLIKO12821GREPR,BAJO,C,,
LAMPARAS DE SEÑ | R5W 67 12V5W BA15S B,KLIKO12821PR,BAJO,A,,
LAMPARAS DE SEÑ | R5W 67 12V5W BA15S R,KLIKO12821REDPR,BAJO,A,,
LAMPARAS DE SEÑ | C5W 1139 12V5W SV8.5,KLIKO12844PR,BAJO,A,,
LAMPARAS DE SEÑ | C10W 1136 12V10W SV8,KLIKO12854PR,BAJO,A,,
LAMPARA DE SEÑA | C10W TUBULAR 12V 10W,KLIKO12860PR,BAJO,A,,
LAMPARAS DE SEÑ | C10W 1144 12V 10W SV,KLIKO12866PR,BAJO,A,,
LAMPARAS DE SEÑ | T4W 53 12V4W BA9S BL,KLIKO12929PR,BAJO,A,,
LAMPARAS DE SEÑ | W5W 2821 12V5W AMBAR,KLIKO12961AMB,BAJO,A,,
LAMPARAS DE SEÑ | W5W 2821 12V5W AZUL,KLIKO12961BLUPR,BAJO,A,,
LAMPARAS DE SEÑ | W5W 2821 12V5W VERDE,KLIKO12961GREPR,BAJO,B,,
LAMPARAS DE SEÑ | W5W 2821 12V5W BLANC,KLIKO12961PR,BAJO,A,,
LAMPARAS DE SEÑ | W5W 2821 12V5W ROJA,KLIKO12961REDPR,BAJO,A,,
LAMPARAS DE SEÑ | C15W 1144 12V 15W SV,KLIKO12966PR,BAJO,A,,
LAMPARA HALOGEN | H7 12V 55W KOBO (COD,KLIKO12972PR,BAJO,A,,
LAMPARA HALOGEN | BLISTER COLOURS H7 1,KLIKO12972YEW,BAJO,C,,
LAMPARA HALOGEN | H21W 24V 21W BAY9S 5,KLIKO13056PR,BAJO,A,,
LAMPARAS DE SEÑ | W3W 24V 3W 2821 BLAN,KLIKO13256PR,BAJO,A,,
LAMPARA HALOGEN | H1 24V 70W KOBO (COD,KLIKO13258PR,BAJO,A,,
LAMPARA HALOGEN | H3 24V 70W KOBO (COD,KLIKO13336PR,BAJO,A,,
LAMPARA HALOGEN | H4 PT43 24V 60/55W K,KLIKO13342PR,BAJO,A,,
LAMPARA HALOGEN | H11 24V 55W KOBO (CO,KLIKO13362PR,BAJO,A,,
LAMPARAS DE SEÑ | P15W 24V 15W BA15S B,KLIKO13403PR,BAJO,A,,
LAMPARAS DE SEÑ | P21/5W 1176 BA15D 24,KLIKO13405PR,BAJO,A,,
LAMPARAS DE SEÑ | PY21W 24V 21W BAU15S,KLIKO13496PR,BAJO,A,,
LAMPARAS DE SEÑ | P21W 1141 24V BLANCA,KLIKO13498PR,BAJO,A,,
LAMPARAS DE SEÑ | P21/5W 1034 24V BLAN,KLIKO13499PR,BAJO,A,,
LAMPARAS DE SEÑ | T5 24V 1.2W 2721 CON,KLIKO13515PR,BAJO,B,,
LAMPARAS DE SEÑ | T1.2W 24V 1.2W BLANC,KLIKO13516PR,BAJO,A,,
LAMPARAS DE SEÑ | 24V 1.2W BX8.3D 24V,KLIKO13597PR,BAJO,A,,
LAMPARAS DE SEÑ | 24V 1.2W BX8.5D/2 24,KLIKO13598PR,BAJO,A,,
LAMPARAS DE SEÑ | 24V 1.2W BX8.5D/2 24,KLIKO13600PR,BAJO,A,,
LAMPARAS DE SEÑ | 24V 1.2W BX8.5D/1.5,KLIKO13603PR,BAJO,A,,
LAMPARAS DE SEÑ | 24V 1.2W BX8.4D 24V,KLIKO13605PR,BAJO,A,,
LAMPARAS DE SEÑ | 24V 1.2W BX8.4D 24V,KLIKO13606PR,BAJO,A,,
LAMPARAS DE SEÑ | R10W 24V 10W 67 BLAN,KLIKO13814PR,BAJO,A,,
LAMPARAS DE SEÑ | R5W 24V 5W 67 BLANCA,KLIKO13821PR,BAJO,A,,
LAMPARAS DE SEÑ | C5W 24V5W SV8.5 BLAN,KLIKO13844PR,BAJO,A,,
LAMPARAS DE SEÑ | T4W 24V4W 53 BLANCA,KLIKO13929PR,BAJO,A,,
LAMPARAS DE SEÑ | W5W 24V 5W 2821 BLAN,KLIKO13961PR,BAJO,A,,
LAMPARA HALOGEN | H7 24V 70W KOBO (COD,KLIKO13972PR,BAJO,A,,
LAMPARA HALOGEN | H18 12V 65W (CODIGO,KLIKO22974PR,BAJO,A,,
OFF ROAD FARO D | FARO DE 9 LED REDOND,KLIKO27WROBLA,BAJO,A,,
OFF ROAD FARO D | FARO DE 9 LED CUADRA,KLIKO27WSQBLA,BAJO,A,,
LAMPARAS DE SEÑ | 3156 12V 21W VIDRIO,KLIKO3156AMB,BAJO,A,,
LAMPARAS DE SEÑ | 3156 12V 21W BLANCA,KLIKO3156PR,BAJO,A,,
LAMPARAS DE SEÑ | 3157 12V 21/5W VIDRI,KLIKO3157AMB,BAJO,A,,
LAMPARAS DE SEÑ | 3157 12V 21/5W BLANC,KLIKO3157PR,BAJO,A,,
LAMPARAS DE SEÑ | 3757A 12V PY27/7W AM,KLIKO3757AMBPR,BAJO,B,,
LAMPARAS DE SEÑ | 3757 12V PY27W,KLIKO3757PR,BAJO,A,,
LAMPARAS DE SEÑ | 12V 2.3W T6.5 (CODIG,KLIKO3892PR,BAJO,A,,
LAMPARAS DE SEÑ | 12V 2W T6.6 BA7S (CO,KLIKO3893PR,BAJO,A,,
OFF ROAD FARO D | FARO DE 14 LED REDON,KLIKO42WROAZU,BAJO,A,,
OFF ROAD FARO D | FARO DE 14 LED REDON,KLIKO42WROBLA,BAJO,A,,
OFF ROAD FARO D | FARO DE 16 LED CUADR,KLIKO48WSQAZU,BAJO,A,,
OFF ROAD FARO D | FARO DE 16 LED CUADR,KLIKO48WSQBLA,BAJO,A,,
OFF ROAD FARO D | FARO DE 42 LED REDON,KLIKO72WROAMA,BAJO,C,,
OFF ROAD FARO D | FARO DE 42 LED REDON,KLIKO72WROROJ,BAJO,C,,
LAMPARA HALOGEN | 880 12V 27W H27/1 (C,KLIKO880PR,BAJO,B,,
LAMPARA HALOGEN | 881 12V 27W H27/2 (C,KLIKO881PR,BAJO,A,,
LAMPARA HALOGEN | 886 12V 55W H27/2 (C,KLIKO886PR,BAJO,A,,
"LAMPARA HALOGEN | 893 12V 37,5W H27/2",KLIKO893PR,BAJO,C,,
LAMPARA HALOGEN | 9004 12V 65W/45W KOB,KLIKO9004PR,BAJO,B,,
LAMPARA HALOGEN | BLISTER COLOURS 9006,KLIKO9006YEW,BAJO,C,,
LAMPARA HALOGEN | 9007 12V 55W/65W KOB,KLIKO9007PR,BAJO,A,,
"LAMPARA HALOGEN | LAMPARA 9011, 12V 65",KLIKO9011PR,BAJO,C,,
LAMPARA HALOGEN | 9012 HIR2 12V 55W SC,KLIKO9012PR,BAJO,A,,
LAMPARA BLUE VI | H1 55W 12V XENON BLU,KLIKOB12258XEN,BAJO,A,,
LAMPARA BLUE VI | H3 55W 12V XENON BLU,KLIKOB12336XEN,BAJO,A,,
LAMPARA BLUE VI | H4 PT43 60/55W 12V X,KLIKOB12342XEN,BAJO,A,,
LAMPARA BLUE VI | H11 55W XENON BLUE X,KLIKOB12362XEN,BAJO,A,,
LAMPARA BLUE VI | H5 PT45 60/55W 12V X,KLIKOB12596XEN,BAJO,B,,
LAMPARA BLUE VI | H7 55W 12V XENON BLU,KLIKOB12972XEN,BAJO,A,,
LAMPARA BLUE VI | H1 70W 24V XENON BLU,KLIKOB13258XEN,BAJO,A,,
LAMPARA BLUE VI | H3 70W 24V XENON BLU,KLIKOB13336XEN,BAJO,C,,
LAMPARA BLUE VI | H4 PT43 60/55W 24V X,KLIKOB13342XEN,BAJO,A,,
LAMPARA BLUE VI | H7 70W 24V XENON BLU,KLIKOB13972XEN,BAJO,A,,
LAMPARAS DE SEÑ | B35 12V 35/35W BA20D,KLIKOB35PR,BAJO,A,,
LAMPARAS DE SEÑ | B35 12V 45/45W BA20D,KLIKOB45PR,BAJO,A,,
LAMPARA BLUE VI | 880 12V 27W XENON BL,KLIKOB880XEN,BAJO,C,,
LAMPARA BLUE VI | H27 - 12V 55W BLUE V,KLIKOB881XEN,BAJO,B,,
LAMPARA BLUE VI | 9004 55W XENON BLUE,KLIKOB9004XEN,BAJO,C,,
LAMPARA BLUE VI | 9005 60W XENON BLUE,KLIKOB9005XEN,BAJO,A,,
LAMPARA BLUE VI | 9006 55W XENON BLUE,KLIKOB9006XEN,BAJO,A,,
LAMPARA BLUE VI | 9007 55W XENON BLUE,KLIKOB9007XEN,BAJO,C,,
LAMPARA BLUE VI | 9012 HIR2 12V 55W SC,KLIKOB9012XEN,MEDIO,C,,
LAMPARA BLUE VI | H13 55W XENON BLUE X,KLIKOBH13XEN,BAJO,C,,
LAMPARA BLUE VI | H15 55W XENON BLUE X,KLIKOBH15XEN,MEDIO,B,,
LAMPARA BLUE VI | H16 PSX24W XENON BLU,KLIKOBH16XEN,BAJO,B,,
LAMPARA BLUE VI | H8 - 12V 35W BLUE VI,KLIKOBH8XEN,BAJO,B,,
LAMPARA BLUE VI | H11B 12V 55W XENON B,KLIKOBKH11BXEN,BAJO,B,,
LAMPARA BLUE VI | H16L 12C 19W XENON B,KLIKOBNH16LXEN,BAJO,C,,
LAMPARA ORIGINA | LAMPARA XENON D1R 12,KLIKOD1R-43K,MEDIO,C,,
LAMPARA ORIGINA | LAMPARA XENON D1R 12,KLIKOD1R-6K,MEDIO,C,,
LAMPARA ORIGINA | LAMPARA XENON D1R 12,KLIKOD1R-8K,MEDIO,C,,
LAMPARA ORIGINA | LAMPARA XENON D1S 12,KLIKOD1S-43K,BAJO,A,,
LAMPARA ORIGINA | LAMPARA XENON D1S 12,KLIKOD1S-6K,BAJO,B,,
LAMPARA ORIGINA | LAMPARA XENON D1S 12,KLIKOD1S-8K,BAJO,B,,
LAMPARA ORIGINA | LAMPARA XENON D2R 12,KLIKOD2R-43K,BAJO,C,,
LAMPARA ORIGINA | LAMPARA XENON D2R 12,KLIKOD2R-6K,BAJO,C,,
LAMPARA ORIGINA | LAMPARA XENON D2R 12,KLIKOD2R-8K,BAJO,C,,
LAMPARA ORIGINA | LAMPARA XENON D2S 12,KLIKOD2S-43K,BAJO,C,,
LAMPARA ORIGINA | LAMPARA XENON D2S 12,KLIKOD2S-6K,BAJO,C,,
LAMPARA ORIGINA | LAMPARA XENON D2S 12,KLIKOD2S-8K,BAJO,C,,
LAMPARA ORIGINA | LAMPARA XENON D3R 12,KLIKOD3R-43K,MEDIO,C,,
LAMPARA ORIGINA | LAMPARA XENON D3R 12,KLIKOD3R-6K,MEDIO,C,,
LAMPARA ORIGINA | LAMPARA XENON D3R 12,KLIKOD3R-8K,MEDIO,C,,
LAMPARA ORIGINA | LAMPARA XENON D3S 12,KLIKOD3S-43K,MEDIO,A,,
LAMPARA ORIGINA | LAMPARA XENON D3S 12,KLIKOD3S-6K,MEDIO,B,,
LAMPARA ORIGINA | LAMPARA XENON D3S 12,KLIKOD3S-8K,MEDIO,C,,
LAMPARA ORIGINA | LAMPARA XENON D4R 12,KLIKOD4R-43K,BAJO,B,,
LAMPARA ORIGINA | LAMPARA XENON D4R 12,KLIKOD4R-6K,BAJO,B,,
LAMPARA ORIGINA | LAMPARA XENON D4R 12,KLIKOD4R-8K,BAJO,C,,
LAMPARA ORIGINA | LAMPARA XENON D4S 12,KLIKOD4S-43K,BAJO,B,,
LAMPARA ORIGINA | LAMPARA XENON D4S 12,KLIKOD4S-6K,BAJO,B,,
LAMPARA ORIGINA | LAMPARA XENON D4S 12,KLIKOD4S-8K,BAJO,C,,
LAMPARA ORIGINA | LAMPARA XENON D5S 12,KLIKOD5S-43K,ALTO,C,,
LAMPARA ORIGINA | LAMPARA XENON D8S 12,KLIKOD8S-43K,MEDIO,A,,
LAMPARA HALOGEN | H10 12V 55W KOBO (CO,KLIKOH10PR,BAJO,C,,
LAMPARA HALOGEN | LAMPARA H11B KOBO 12,KLIKOH11BPR,BAJO,A,,
LAMPARA HALOGEN | H12 12V 53W (CODIGO,KLIKOH12PR,BAJO,C,,
LAMPARA HALOGEN | LAMPARA H13 12V 55W,KLIKOH13PR,BAJO,B,,
LAMPARA HALOGEN | LAMPARA H15 KOBO 12V,KLIKOH15PR,BAJO,A,,
LAMPARA HALOGEN | H16L 12C 19W KOBO (C,KLIKOH16LPR,BAJO,A,,
LAMPARA HALOGEN | LAMPARA 12V 35/35W B,KLIKOH6MPR,BAJO,A,,
LAMPARA BLUE VI | BOSCH 12V 35/35W BLU,KLIKOH6MXEN,BAJO,A,,
LAMPARA HALOGEN | LAMPARA H8 12V 35W K,KLIKOH8PR,BAJO,A,,
LAMPARA HALOGEN | LAMPARA H9 12V 55W K,KLIKOH9PR,BAJO,A,,
LAMPARA HALOGEN | 9005 12V 60W KOBO (C,KLIKOHB39005PR,BAJO,A,,
LAMPARA HALOGEN | 9006 12V 51W KOBO (C,KLIKOHB49006PR,BAJO,A,,
LAMPARA HALOGEN | BLISTER HOD H1 12V55,KLIKOHOD12258CV,BAJO,C,,
LAMPARA HALOGEN | BLISTER HOD H3 12V55,KLIKOHOD12336CV,BAJO,C,,
LAMPARA HALOGEN | BLISTER HOD H4 12V 6,KLIKOHOD12342PINK,BAJO,C,,
LAMPARA HALOGEN | BLISTER HOD H11 12V5,KLIKOHOD12362PINK,BAJO,C,,
LAMPARA HALOGEN | BLISTER HOD 9005 12V,KLIKOHOD9005CV,BAJO,C,,
LAMPARA HALOGEN | BLISTER HOD 9005 12V,KLIKOHOD9005PINKV,BAJO,D,,
LAMPARA HALOGEN | BLISTER HOD 9007 12V,KLIKOHOD9007CV,BAJO,C,,
LAMPARA HALOGEN | HP24W 12V 24W,KLIKOHP24W,BAJO,C,,
LAMPARA HALOGEN | HP24W 12V 24W AMBAR,KLIKOHP24WY,BAJO,C,,
LAMPARA HALOGEN | KIT H1 12V 55W SKY L,KLIKOK12258SK,BAJO,C,,
LAMPARA HALOGEN | KIT H3 12V 55W SKY L,KLIKOK12336SK,BAJO,C,,
LAMPARA HALOGEN | KIT H4 12V 60/55 SKY,KLIKOK12342SK,BAJO,B,,
LAMPARA HALOGEN | KIT H11 12V 55W SKY,KLIKOK12362SK,BAJO,C,,
LAMPARA HALOGEN | KIT H7 12V 55W SKY L,KLIKOK12972SK,BAJO,B,,
LAMPARA HALOGEN | KIT H27 12V 55W SKY,KLIKOK880SK,BAJO,C,,
LAMPARA HALOGEN | KIT H27 12V 55W SKY,KLIKOK881SK,BAJO,C,,
LAMPARA HALOGEN | KIT 9005 12V 51W SKY,KLIKOK9005SK,BAJO,C,,
LAMPARA HALOGEN | KIT 9006 12V 55W SKY,KLIKOK9006SK,BAJO,C,,
LAMPARA HALOGEN | KIT H16 12V 24W SKY,KLIKOKH16SK,BAJO,C,,
LAMPARA HALOGEN | KIT H8 12V 35W SKY L,KLIKOKH8SK,BAJO,C,,
LAMPARA HALOGEN | LAMPARA KOBO 12V 18/,KLIKOM5-18,BAJO,A,,
LAMPARA HALOGEN | LAMPARA KOBO 12V 35/,KLIKOM5-35,BAJO,A,,
LAMPARA HALOGEN | LAMPARA KOBO 12V 25/,KLIKOM5PR,BAJO,A,,
LAMPARA BLUE VI | SMASH M5 12V 25/25W,KLIKOM5XEN,BAJO,A,,
LAMPARA HALOGEN | P13W 12V 13W KOBO (C,KLIKOP13WPR,BAJO,A,,
LAMPARA BLUE VI | P13W 12V 13W XENON B,KLIKOP13WXEN,BAJO,B,,
LAMPARA HALOGEN | H16 PSX24W 12V BULBO,KLIKOPSX24WGL,BAJO,A,,
LAMPARA HALOGEN | BLISTER COLOURS H16,KLIKOPSX24YEW,BAJO,C,,
LAMPARA HALOGEN | PSX26GL 12V BULBO T/,KLIKOPSX26GL,BAJO,C,,
LAMPARA HALOGEN | PY24W 12V 24W AMBAR,KLIKOPY24W,BAJO,C,,
LAMPARAS DE SEÑ | 67 12V 10W PATA DEFA,KLIKORY10WPR,BAJO,A,,
LAMPARAS DE SEÑ | T19 12V 25/25W P15D-,KLIKOT19PR,BAJO,C,,
LEDS SEÑALIZACI | BLISTER X 2 T20 - 11,KLILED12065SMD13,BAJO,B,,
LEDS SEÑALIZACI | BLISTER X 2 T20 - 11,KLILED12066SMD13,BAJO,A,,
LEDS SEÑALIZACI | BLISTER X 2 12496 -,KLILED12496BLA13,BAJO,A,,
LED SEÑALIZACIO | BLISTER X 2 1141 - 1,KLILED12496SILAMB,BAJO,A,,
LED SEÑALIZACIO | BLISTER X 2 - 1141 -,KLILED12498BLA13,BAJO,A,,
LED SEÑALIZACIO | BLISTER X 2 1141 - 1,KLILED12498BLA8,BAJO,A,,
LED SEÑALIZACIO | BLISTER X 2 - 1141 -,KLILED12498LTROJ,BAJO,C,,
LED SEÑALIZACIO | BLISTER X 2 - 1141 -,KLILED12498LTYEW,BAJO,B,,
LED SEÑALIZACIO | BLISTER X 2 67 / 100,KLILED12498SIL,BAJO,A,,
LED SEÑALIZACIO | BLISTER X 2 1141 - 1,KLILED12498SILAMB,BAJO,A,,
LED SEÑALIZACIO | BLISTER X 2 1141 - 1,KLILED12498SILROJ,BAJO,B,,
LEDS SEÑALIZACI | BLISTER X 2 - 1034 -,KLILED12499BLA13,BAJO,A,,
LEDS SEÑALIZACI | BLISTER X 2 1034 - 1,KLILED12499BLA22,BAJO,B,,
LED SEÑALIZACIO | BLISTER X 2 1034 - 1,KLILED12499BLA8,BAJO,A,,
LEDS SEÑALIZACI | 1034 - 1157 - P21/5W,KLILED12499COBBL,BAJO,A,,
LED SEÑALIZACIO | BLISTER X 2 1034 - 1,KLILED12499LTROJ,BAJO,C,,
LED SEÑALIZACIO | BLISTER X 2 1034 - 1,KLILED12499LTYEW,BAJO,C,,
LED SEÑALIZACIO | BLISTER X 2 1034 / 1,KLILED12499SIL,BAJO,A,,
LED SEÑALIZACIO | BLISTER X 2 1034 - 1,KLILED12499SILAMB,BAJO,B,,
LED SEÑALIZACIO | BLISTER X 2 1034 - 1,KLILED12499SILROJ,BAJO,A,,
LED SEÑALIZACIO | BLISTER X 2 2721 - T,KLILED12516BLSUP,BAJO,A,,
LED SEÑALIZACIO | LAMPARA LED PARA SEÑ,KLILED12516COBAMA,BAJO,B,,
LED SEÑALIZACIO | BLISTER X 2 - 2721 -,KLILED12516COBAZ,BAJO,A,,
LED SEÑALIZACIO | BLISTER X 2 - 2721 -,KLILED12516COBBL,BAJO,A,,
LED SEÑALIZACIO | BLISTER X 2 - 2721 -,KLILED12516COBPI,BAJO,C,,
LED SEÑALIZACIO | LEDS COB 2721 -T5 -,KLILED12516COBROJ,BAJO,B,,
LED SEÑALIZACIO | BLISTER X 2 - 2721 1,KLILED12597BLA,BAJO,A,,
LED SEÑALIZACIO | BLISTER X 2 2721 - T,KLILED12597COBBL,BAJO,A,,
LEDS SEÑALIZACI | BLISTER X 2 67 - 1 P,KLILED12821BLA22,BAJO,A,,
LEDS SEÑALIZACI | BLISTER X 2 67 - R5W,KLILED12821COB,BAJO,A,,
LED SEÑALIZACIO | BLISTER X 2 67 / 100,KLILED12821FLABL,BAJO,B,,
LED CERAMIK | BLISTER X 2 67 / 100,KLILED12821FLAYE,BAJO,C,,
LED SEÑALIZACIO | BLISTER X 2 - 67 / 1,KLILED12821LTBLA,BAJO,A,,
LED SEÑALIZACIO | BLISTER X 2 - 67 / 1,KLILED12821LTROJ,BAJO,B,,
LED SEÑALIZACIO | BLISTER X 2 - 67 / 1,KLILED12821LTYEW,BAJO,B,,
LED SEÑALIZACIO | BLISTER X 2 - 1034 -,KLILED12822FLABL,BAJO,C,,
LED CERAMIK | BLISTER X 2 1034 - 1,KLILED12822FLARO,BAJO,B,,
LED SEÑALIZACIO | BLISTER X 2 - 1034 -,KLILED12822LTAMA,BAJO,C,,
LED SEÑALIZACIO | BLISTER X 2 - 1034 -,KLILED12822LTBLA,BAJO,A,,
LED SEÑALIZACIO | BLISTER X 2 - 1034 -,KLILED12822LTROJ,BAJO,B,,
LED SEÑALIZACIO | BLISTER X 2 - 1034 -,KLILED12822LTYEW,BAJO,B,,
LED SEÑALIZACIO | BLISTER X 2 - 53 - T,KLILED12929BLA5P,BAJO,A,,
LED SEÑALIZACIO | BLISTER X 2 53 - T4W,KLILED12929COBBL,BAJO,A,,
LED SEÑALIZACIO | BLISTER X 2 53 - T4W,KLILED12929LTBLA,BAJO,C,,
LED SEÑALIZACIO | BLISTER X 2 2821 - T,KLILED12961AMA5P,BAJO,A,,
LED SEÑALIZACIO | BLISTER X 2 2821 - T,KLILED12961AZU5P,BAJO,A,,
LED SEÑALIZACIO | BLISTER X 2 2821 - T,KLILED12961BLA13,BAJO,A,,
LED SEÑALIZACIO | BLISTER X 2 2821 - T,KLILED12961BLA5P,BAJO,A,,
LED SEÑALIZACIO | BLISTER X 2 2821 - T,KLILED12961BLA9P,BAJO,A,,
LED SEÑALIZACIO | BLISTER X 2 - 2821 -,KLILED12961BLCAN,BAJO,A,,
LED SEÑALIZACIO | LAMPARA LED PARA SEÑ,KLILED12961CAN57,BAJO,A,,
LED SEÑALIZACIO | BLISTER X 2 - 2821 -,KLILED12961COBAMA,BAJO,B,,
LED SEÑALIZACIO | BLISTER X 2 - 2821 -,KLILED12961COBAZ,BAJO,A,,
LED SEÑALIZACIO | BLISTER X 2 - 2821 -,KLILED12961COBBL,BAJO,A,,
LED SEÑALIZACIO | BLISTER X 2 - 2821 -,KLILED12961CREE6-AMB,BAJO,A,,
LED SEÑALIZACIO | BLISTER X 2 - 2821 -,KLILED12961CREE6-BLA,BAJO,A,,
LED SEÑALIZACIO | BLISTER X 2 2821 BIV,KLILED12961CSPBL,BAJO,A,,
LED SEÑALIZACIO | BLISTER X 2 2821 - T,KLILED12961GELAZ,BAJO,A,,
LED SEÑALIZACIO | BLISTER X 2 2821 - T,KLILED12961GELBL,BAJO,A,,
LED SEÑALIZACIO | BLISTER X 2 2821 - T,KLILED12961GELPI,BAJO,A,,
LED SEÑALIZACIO | BLISTER X 2 2821 - T,KLILED12961GELRO,BAJO,A,,
LED SEÑALIZACIO | BLISTER X 2 2821 - T,KLILED12961GELVE,BAJO,A,,
LED SEÑALIZACIO | BLISTER X 2 2821 - T,KLILED12961GELYE,BAJO,A,,
LED SEÑALIZACIO | BLISTER X 2 2821 - T,KLILED12961IRMSS,BAJO,A,,
LED SEÑALIZACIO | BLISTER X 2 LED 2821,KLILED12961LEBLA,BAJO,B,,
LED SEÑALIZACIO | BLISTER X 2 LED 2821,KLILED12961LEMUL,BAJO,A,,
LED SEÑALIZACIO | BLISTER X 2 2821 - T,KLILED12961LENS,BAJO,A,,
LED SEÑALIZACIO | BLISTER X 2 2821 - T,KLILED12961LUC10,BAJO,A,,
LED SEÑALIZACIO | BLISTER X 2 - 2821 -,KLILED12961LUCR6,BAJO,A,,
LED SEÑALIZACIO | 2821 - T10 - W5W COB,KLILED12961RGB,BAJO,B,,
LEDS SEÑALIZACI | BLISTER X 2 -2821 -,KLILED12961ROJ5P,BAJO,A,,
LEDS SEÑALIZACI | BLISTER X 2 - 2821 -,KLILED12961ROSA5,BAJO,A,,
LED SEÑALIZACIO | BLISTER X 2 2821 - T,KLILED12961SGAZU,BAJO,A,,
LED SEÑALIZACIO | BLISTER X 2 2821 - T,KLILED12961SGBLA,BAJO,A,,
LED SEÑALIZACIO | BLISTER X 2 2821 - T,KLILED12961SGPIN,BAJO,A,,
LED SEÑALIZACIO | BLISTER X 2 2821 - T,KLILED12961SGROJ,BAJO,A,,
LED SEÑALIZACIO | BLISTER X 2 2821 - T,KLILED12961SGVER,BAJO,B,,
LED SEÑALIZACIO | BLISTER X 2 2821 - T,KLILED12961SGYEW,BAJO,A,,
LED SEÑALIZACIO | BLISTER X 2 2821 - T,KLILED12961SIL26,BAJO,A,,
LED SEÑALIZACIO | BLISTER X 2 2821 - T,KLILED12961SILAZ,BAJO,A,,
LED SEÑALIZACIO | BLISTER X 2 2821 - T,KLILED12961SILBL,BAJO,A,,
LED SEÑALIZACIO | BLISTER X 2 2821 - T,KLILED12961SILPI,BAJO,A,,
LED SEÑALIZACIO | BLISTER X 2 2821 - T,KLILED12961SILRO,BAJO,A,,
LED SEÑALIZACIO | BLISTER X 2 2821 - T,KLILED12961SILSP,BAJO,A,,
LED SEÑALIZACIO | BLISTER X 2 2821 - T,KLILED12961SILVE,BAJO,A,,
LED SEÑALIZACIO | BLISTER X 2 2821 - T,KLILED12961SILYE,BAJO,A,,
LED SEÑALIZACIO | BLISTER X 2 2821 - T,KLILED12961SMD24,BAJO,A,,
LED SEÑALIZACIO | BLISTER X 2 2821 - T,KLILED12961SMD30,BAJO,A,,
LED SEÑALIZACIO | BLISTER X 2 - 2821 -,KLILED12961SUPCO,BAJO,A,,
LED SEÑALIZACIO | BLISTER X 2 2821 - T,KLILED12961TLAZU,BAJO,A,,
LED SEÑALIZACIO | BLISTER X 2 2821 - T,KLILED12961TLBLA,BAJO,A,,
LED SEÑALIZACIO | BLISTER X 2 2821 - T,KLILED12961TLPIN,BAJO,A,,
LED SEÑALIZACIO | BLISTER X 2 2821 - T,KLILED12961TLROJ,BAJO,A,,
LED SEÑALIZACIO | BLISTER X 2 2821 - T,KLILED12961TLVER,BAJO,B,,
LED SEÑALIZACIO | BLISTER X 2 2821 - T,KLILED12961TLYEW,BAJO,A,,
LED SENALIZACIO | BLISTER X 2 2821 - T,KLILED12961ULTRAAMA,BAJO,A,,
LED SENALIZACIO | BLISTER X 2 2821 - T,KLILED12961ULTRAAZU,BAJO,A,,
LED SENALIZACIO | BLISTER X 2 2821 - T,KLILED12961ULTRABL,BAJO,A,,
LED SENALIZACIO | BLISTER X 2 2821 - T,KLILED12961ULTRAROJ,BAJO,A,,
LED SENALIZACIO | BLISTER X 2 2821 - T,KLILED12961ULTRAROSA,BAJO,A,,
LED SENALIZACIO | BLISTER X 2 2821 - T,KLILED12961ULTRAVER,BAJO,A,,
LED SEÑALIZACIO | BLISTER X 2 2821 - T,KLILED12961VER5P,BAJO,A,,
LED SEÑALIZACIO | BLISTER X 2 1141 - 1,KLILED13498BLA13,BAJO,A,,
LED SEÑALIZACIO | BLISTER X 2 1003 - 1,KLILED13498BLA8,BAJO,A,,
LED SEÑALIZACIO | BLISTER X 2 - 1141 -,KLILED13498LTROJ,BAJO,C,,
LED SEÑALIZACIO | BLISTER X 2 - 1141 -,KLILED13498LTYEW,BAJO,C,,
LED SEÑALIZACIO | BLISTER X2 - 1141 -,KLILED13498ROJ24,BAJO,B,,
LED SEÑALIZACIO | BLISTER X 2 67 / 100,KLILED13498SIL,BAJO,A,,
LED SEÑALIZACIO | BLISTER X 2 1141 - 1,KLILED13498SILAMB,BAJO,B,,
LED SEÑALIZACIO | BLISTER X 2 1141 - 1,KLILED13498SILROJ,BAJO,A,,
LEDS SMD | BLISTER X 2 1034 - 1,KLILED13499BLA13,BAJO,A,,
LEDS SEÑALIZACI | BLISTER X 2 1034 - 1,KLILED13499BLA22,BAJO,B,,
LEDS SEÑALIZACI | BLISTER X 2 1034 - 1,KLILED13499BLA24,BAJO,B,,
LEDS SEÑALIZACI | 1034 - 1157 - P21/5W,KLILED13499LTBLA,BAJO,C,,
LEDS SEÑALIZACI | 1034 - 1157 - P21/5W,KLILED13499LTROJ,BAJO,C,,
LEDS SEÑALIZACI | 1034 - 1157 - P21/5W,KLILED13499LTYEW,BAJO,C,,
LED SEÑALIZACIO | BLISTER X 2 1034 / 1,KLILED13499SIL,BAJO,A,,
LED SEÑALIZACIO | BLISTER X 2 1034 - 1,KLILED13499SILAMB,BAJO,C,,
LED SEÑALIZACIO | BLISTER X 2 1034 - 1,KLILED13499SILROJ,BAJO,C,,
LED SEÑALIZACIO | BLISTER X 2 - 2721 -,KLILED13516BLSUP,BAJO,B,,
LEDS SEÑALIZACI | BLISTER X 2 2722 1 S,KLILED13597BLA,BAJO,A,,
LED SEÑALIZACIO | 2721 COB - 24 V CON,KLILED13597COBBL,BAJO,A,,
LED SEÑALIZACIO | BLISTER X 2 - 67 - 1,KLILED13821BLA22,BAJO,A,,
LED SEÑALIZACIO | BLISTER X 2 - 67 - R,KLILED13821COB,BAJO,A,,
LED SEÑALIZACIO | BLISTER X2 - 67 / 10,KLILED13821FLABL,BAJO,B,,
LED SEÑALIZACIO | BLISTER X 2 67 / 100,KLILED13821LTBLA,BAJO,B,,
LED SEÑALIZACIO | BLISTER X 2 67 / 100,KLILED13821LTROJ,BAJO,C,,
LED SEÑALIZACIO | BLISTER X 2 67 / 100,KLILED13821LTYEW,BAJO,B,,
LED SEÑALIZACIO | BLISTER X2 - 1034 /,KLILED13822FLABL,BAJO,C,,
LED SEÑALIZACIO | BLISTER X2 - 1034 /,KLILED13822FLAROJ,BAJO,C,,
LED SEÑALIZACIO | BLISTER X2 - 1034 /,KLILED13822LTAMA,BAJO,C,,
LED SEÑALIZACIO | BLISTER X2 - 1034 /,KLILED13822LTBLA,BAJO,C,,
LED SEÑALIZACIO | BLISTER X2 - 1034 /,KLILED13822LTROJ,BAJO,C,,
LED SEÑALIZACIO | BLISTER X 2 - 53 - T,KLILED13929BLA5P,BAJO,A,,
LED SEÑALIZACIO | BLISTER X 2 - 2821 -,KLILED13961AMA5P,BAJO,B,,
LED SEÑALIZACIO | BLISTER X 2 - 2821 -,KLILED13961AZU5,BAJO,A,,
LED SEÑALIZACIO | BLISTER X 2 2821 - T,KLILED13961BLA5P,BAJO,A,,
LED SEÑALIZACIO | BLISTER X 2 2821 - T,KLILED13961BLA9P,BAJO,A,,
LED SEÑALIZACIO | BLISTER X 2 - 2821 -,KLILED13961COBAMA,BAJO,C,,
LED SEÑALIZACIO | BLISTER X 2 - 2821 -,KLILED13961COBBL,BAJO,A,,
LED SEÑALIZACIO | BLISTER X 2 2821 - T,KLILED13961GELAZ,BAJO,A,,
LED SEÑALIZACIO | BLISTER X 2 2821 - T,KLILED13961GELBL,BAJO,A,,
LED SEÑALIZACIO | BLISTER X 2 2821 - T,KLILED13961GELRO,BAJO,A,,
LED SEÑALIZACIO | LAMPARA LED PARA SEÑ,KLILED13961LUC6,BAJO,B,,
LED SEÑALIZACIO | BLISTER X 2 2821 - T,KLILED13961SGAZU,BAJO,B,,
LED SEÑALIZACIO | BLISTER X 2 2821 - T,KLILED13961SGBLA,BAJO,A,,
LED SEÑALIZACIO | BLISTER X 2 2821 - T,KLILED13961SGROJ,BAJO,B,,
LED SEÑALIZACIO | BLISTER X 2 2821 - T,KLILED13961SILAZ,BAJO,A,,
LED SEÑALIZACIO | BLISTER X 2 2821 - T,KLILED13961SILBL,BAJO,A,,
LED SEÑALIZACIO | BLISTER X 2 2821 - T,KLILED13961SILRO,BAJO,B,,
LED SEÑALIZACIO | BLISTER X 2 - LED 28,KLILED13961SUPCO,BAJO,A,,
LED SEÑALIZACIO | BLISTER X 2 2821 - T,KLILED13961TLAZU,BAJO,B,,
LED SEÑALIZACIO | BLISTER X 2 2821 - T,KLILED13961TLBLA,BAJO,A,,
LED SEÑALIZACIO | BLISTER X 2 2821 - T,KLILED13961TLROJ,BAJO,C,,
LED SEÑALIZACIO | BLISTER X 2 2821 - T,KLILED13961TLVER,BAJO,C,,
LED SEÑALIZACIO | BLISTER X 2 2821 - T,KLILED13961TLYEW,BAJO,B,,
LED SEÑALIZACIO | BLISTER X 2 - LED 28,KLILED2821SUPCAN,BAJO,D,,
LED SEÑALIZACIO | BLISTER X 2 - 1034 -,KLILEDCAN1034,BAJO,B,,
LED SEÑALIZACIO | BLISTER X 2 - 1141 -,KLILEDCAN1141,BAJO,A,,
LED SEÑALIZACIO | BLISTER X 2 - 1141 -,KLILEDCAN1141AMB,BAJO,B,,
LED SEÑALIZACIO | BLISTER X 2 - T10 28,KLILEDCAN2821,BAJO,A,,
LED SEÑALIZACIO | BLISTER X 2 - 3156 P,KLILEDCAN3156,BAJO,C,,
LED SEÑALIZACIO | BLISTER X 2 - 3156 P,KLILEDCAN3156AMB,BAJO,C,,
LED SEÑALIZACIO | BLISTER X 2 - 3157 P,KLILEDCAN3157,BAJO,B,,
LED SEÑALIZACIO | BLISTER X 2 - 7440 -,KLILEDCAN7440,BAJO,B,,
LED SEÑALIZACIO | BLISTER X 2 - 1034 -,KLILEDCAN7440AMB,BAJO,B,,
LED SEÑALIZACIO | BLISTER X 2 - 3157 2,KLILEDCAN7443,BAJO,A,,
LED SEÑALIZACIO | BLISTER X 2 2821 - T,KLILEDCC12961RGB,BAJO,A,,
LED SEÑALIZACIO | BLISTER X 2 - 1034 -,KLILEDCSP1034,BAJO,C,,
LED SEÑALIZACIO | BLISTER X 2 - 1141 -,KLILEDCSP1141,BAJO,C,,
LED SEÑALIZACIO | BLISTER X 2 - 1141 -,KLILEDCSP1141AMB,BAJO,C,,
LED SEÑALIZACIO | BLISTER X 2 - T10 28,KLILEDCSP2821,BAJO,A,,
LED SEÑALIZACIO | BLISTER X 2 - 7440 -,KLILEDCSP7440,BAJO,C,,
LED SEÑALIZACIO | BLISTER X 2 - 7440 -,KLILEDCSP7440AMB,BAJO,C,,
LED SEÑALIZACIO | BLISTER X 2 - 7443 -,KLILEDCSP7443,BAJO,B,,
LED SEÑALIZACIO | JUEGO X 2 DE LED DE,KLILEDEMBUAMB,BAJO,B,,
LED SEÑALIZACIO | JUEGO X 2 DE LED DE,KLILEDEMBUBLA,BAJO,B,,
LED SEÑALIZACIO | JUEGO DE FAROS DE GI,KLILEDEMBUBLPLUS,BAJO,C,,
LEDS COB | PLAFON DE LUZ INTERI,KLILEDPLACOB18,BAJO,B,,
LEDS COB | PLAFON DE LUZ INTERI,KLILEDPLACOB21,BAJO,B,,
LEDS COB | PLAFON DE LUZ INTERI,KLILEDPLACOB24,BAJO,B,,
LEDS COB | PLAFON DE LUZ INTERI,KLILEDPLACOB36,BAJO,B,,
LEDS COB | PLAFON DE LUZ INTERI,KLILEDPLACOB48,BAJO,B,,
LEDS SMD | TUBULAR - FESTOON 2,KLILEDTUB2CAN3112,BAJO,B,,
LED SEÑALIZACIO | BLISTER X 2 TUBULAR,KLILEDTUB31CAN,BAJO,A,,
LED SEÑALIZACIO | BLISTER X 2 TUBULAR,KLILEDTUB31COB12,BAJO,A,,
LED SEÑALIZACIO | BLISTER X 2 TUBULAR,KLILEDTUB31LTBLA,BAJO,A,,
LED SEÑALIZACIO | BLISTER X 2 TUBULAR,KLILEDTUB36CAN,BAJO,A,,
LED SEÑALIZACIO | BLISTER X 2 TUBULAR,KLILEDTUB36COB12,BAJO,A,,
LED SEÑALIZACIO | BLISTER X 2 TUBULAR,KLILEDTUB36LTBLA,BAJO,A,,
LED SEÑALIZACIO | BLISTER X 2 TUBULAR,KLILEDTUB39CAN,BAJO,A,,
LED SEÑALIZACIO | BLISTER X 2 - TUBULA,KLILEDTUB39COB12,BAJO,A,,
LED SEÑALIZACIO | BLISTER X 2 TUBULAR,KLILEDTUB39LTBLA,BAJO,A,,
LED SEÑALIZACIO | BLISTER X 2 - TUBULA,KLILEDTUB3BLA3612,BAJO,C,,
LEDS SEÑALIZACI | BLISTER X 2 TUBULAR,KLILEDTUB3BLA3912,BAJO,A,,
LED SEÑALIZACIO | BLISTER X 2 TUBULAR,KLILEDTUB41CAN,BAJO,A,,
LED SEÑALIZACIO | BLISTER X 2 TUBULAR,KLILEDTUB41COB12,BAJO,A,,
LED SEÑALIZACIO | BLISTER X 2 TUBULAR,KLILEDTUB41LTBLA,BAJO,A,,
LEDS SMD | TUBULAR - FESTOON 6,KLILEDTUB6BLA3912,BAJO,A,,
LAMPARA HALOGEN | PWY24W 12V 24W AMBAR,KLINEWPWY24WKO,BAJO,C,,
LAMPARA HALOGEN | PS19W 12V 19W (CODIG,KLIPS19W,BAJO,A,,
LAMPARA HALOGEN | PS19W 12V 19W AMBAR,KLIPSY19W,BAJO,B,,
LAMPARA HALOGEN | PSY24W 12V 24W BULBO,KLIPSY24WKO,BAJO,C,,
LAMPARA HALOGEN | PW24W 12V 24W (CODIG,KLIPW24W,BAJO,C,,
LAMPARA HALOGEN | PWY24W 12V 24W AMBAR,KLIPWY24W,BAJO,B,,
BOMBA DE COMBUS | CHEVROLET SIAM DI TE,KOB0058,MEDIO,C,,
BOMBA ALIMENTAD | PERKINS 6354 - 4 6 C,KOB0354,MEDIO,C,,
BOMBA DE COMBUS | FIAT 1100 [DOB.DIAF],KOB1003/3,MEDIO,C,,
BOMBA DE COMBUS | FIAT 600E - R - TAVR,KOB1007/3,MEDIO,C,,
BOMBA DE COMBUS | FIAT 1500 - 1600,KOB1013/1,MEDIO,C,,
DIAFRAGMA DE BO | FIAT 600 - 1100 - 15,KOB1068,BAJO,D,,
BOMBA DE COMBUS | RENAULT 4 - 6 - GORD,KOB1117,MEDIO,C,,
BOMBA DE COMBUS | RENAULT 12 1300/1400,KOB1118,MEDIO,C,,
BOMBA DE COMBUS | RENAULT 12 - 18 1400,KOB1119,MEDIO,C,,
BOMBA DE COMBUS | RENAULT 12 1300/1400,KOB1121,MEDIO,C,,
BOMBA DE COMBUS | RENAULT 4 - 6 84 SIN,KOB1123,MEDIO,C,,
BOMBA DE COMBUS | RENAULT 12 - 18 1400,KOB1125,MEDIO,C,,
BOMBA DE COMBUS | RENAULT 12 - TRAFFIC,KOB1127,MEDIO,C,,
BOMBA DE COMBUS | RENAULT 12 - TRAFFIC,KOB1127S,MEDIO,C,,
BOMBA DE COMBUS | RENAULT 11 84/86 BOQ,KOB1129,MEDIO,C,,
BOMBA DE COMBUS | RENAULT 9 - 11 BOQUI,KOB1131,MEDIO,C,,
BOMBA DE COMBUS | RENAULT 9 - 11 1400/,KOB1131S,MEDIO,C,,
BOMBA DE COMBUS | RENAULT 18 1400/1600,KOB1133,MEDIO,C,,
BOMBA DE COMBUS | RENAULT 18 1400/1600,KOB1133S,MEDIO,C,,
BOMBA DE COMBUS | RENAULT 18 - 21 - FU,KOB1139S,MEDIO,C,,
BOMBA DE COMBUS | RENAULT 19 RT - CHAM,KOB1145S,MEDIO,C,,
DIAFRAGMA DE BO | FIAT 125 - 128 - 147,KOB1280,BAJO,C,,
BOMBA DE COMBUS | PEUGEOT 403 - 404 -,KOB1525,MEDIO,C,,
BOMBA ALIMENTAD | MAXION 3 152 sin vas,KOB1695K,MEDIO,C,,
BOMBA ALIMENTAD | MAXION MS P - 4001T,KOB1811,MEDIO,C,,
BOMBA DE COMBUS | CITROEN 2CV,KOB2002,MEDIO,D,,
BOMBA DE COMBUS | CITROEN 3CV - AMI 8,KOB2003,MEDIO,C,,
BOMBA DE COMBUS | PEUGEOT 505 86/91 -,KOB2006,MEDIO,C,,
BOMBA DE COMBUS | FIAT 128 - 147 - BRI,KOB2035,MEDIO,C,,
BOMBA DE COMBUS | PEUGEOT 405 1 9 92 S,KOB2103S,MEDIO,C,,
BOMBA DE COMBUS | PEUGEOT 405 - 205 1,KOB2104S,MEDIO,C,,
BOMBA DE COMBUS | FIAT 125,KOB2114,MEDIO,C,,
BOMBA DE COMBUS | FIAT 133 - 600S,KOB2138,MEDIO,C,,
BOMBA DE COMBUS | FIAT REGATTA 100S,KOB2140,MEDIO,C,,
BOMBA DE COMBUS | FIAT TEMPRA BRASILER,KOB2180,MEDIO,C,,
BOMBA DE COMBUS | FIAT DUNA - REGATTA,KOB2190,MEDIO,C,,
BOMBA DE COMBUS | FIAT DUNA WEEKEND SE,KOB2190S,MEDIO,C,,
BOMBA DE COMBUS | LADA 1200/1400 - NIV,KOB2192,MEDIO,C,,
BOMBA DE COMBUS | LADA SAMARA 1300S,KOB2194,MEDIO,D,,
BOMBA DE COMBUS | PEUGEOT 205 1 4/1 6,KOB2205,MEDIO,C,,
BOMBA ALIMENTAD | PERKINS 4 236 - 4 21,KOB2567K,MEDIO,C,,
BOMBA ALIMENTAD | PERKINS 4 236 - 4 23,KOB2568K,MEDIO,D,,
BOMBA ALIMENTAD | FORD TRANSIT,KOB2658S,MEDIO,C,,
BOMBA DE COMBUS | CHEVROLET 37 - 61 SA,KOB3510,MEDIO,C,,
BOMBA DE COMBUS | CHEVROLET 400 - CHEV,KOB3540,MEDIO,C,,
BOMBA ALIMENTAD | PERKINS 4 203 - 6 30,KOB4203-6305,MEDIO,C,,
BOMBA ALIMENTAD | MAXION 4 236 - CHEVR,KOB4236,MEDIO,C,,
BOMBA DE COMBUS | DIESEL PERKINS/MAXIO,KOB4354,MEDIO,C,,
BOMBA ALIMENTAD | MAXION 6 354 4 MÁQUI,KOB4354K,MEDIO,D,,
BOMBA DE COMBUS | VOLKSWAGEN DODGE VAL,KOB4880,MEDIO,C,,
BOMBA DE COMBUS | FIAT 147 - UNO - 105,KOB5001,MEDIO,C,,
BOMBA DE COMBUS | CHEVROLET CHEVETTE 1,KOB5021S,MEDIO,C,,
BOMBA DE COMBUS | CHEVROLET Monza 1 6/,KOB5023S,MEDIO,D,,
BOMBA ALIMENTAD | FORD BEDFORD,KOB6020,MEDIO,C,,
BOMBA ALIMENTAD | PERKINS 6 354 6 CILI,KOB6354,MEDIO,C,,
BOMBA ALIMENTAD | FORD BORGWARD FORD C,KOB6365,MEDIO,D,,
BOMBA DE COMBUS | TOYOTA CELICA - CORO,KOB6380,MEDIO,C,,
BOMBA ALIMENTAD | INDENOR,KOB6400,MEDIO,C,,
BOMBA DE COMBUS | FORD FALCON - F100 -,KOB6491,MEDIO,C,,
BOMBA DE COMBUS | FORD TAUNUS 77/80,KOB6492,MEDIO,C,,
BOMBA DE COMBUS | FORD FALCON - F100 -,KOB6493,MEDIO,C,,
BOMBA DE COMBUS | FORD TAUNUS 81/82,KOB6494,MEDIO,C,,
BOMBA DE COMBUS | FORD TAUNUS 74/77,KOB6495,MEDIO,C,,
BOMBA ALIMENTAD | JOHN DEERE 3 - 4 - 6,KOB6500,ALTO,D,,
BOMBA ALIMENTAD | JOHN DEERE EQUIPO OR,KOB6505S,MEDIO,C,,
BOMBA DE COMBUS | RENAULT TORINO - TOR,KOB6510,MEDIO,C,,
BOMBA DE COMBUS | RENAULT TORINO - TOR,KOB6511,MEDIO,C,,
BOMBA DE COMBUS | RENAULT IKA ESTANCIE,KOB6520,MEDIO,C,,
BOMBA DE COMBUS | RENAULT IKA JEEP CON,KOB6530,MEDIO,C,,
BOMBA ALIMENTAD | MAXION ROVER - CHEVR,KOB6600S,MEDIO,C,,
BOMBA ALIMENTAD | MAXION ROVER - FORD,KOB6601S,MEDIO,C,,
BOMBA ALIMENTAD | ROVER LANDROVER DEFE,KOB6609S,MEDIO,D,,
BOMBA ALIMENTAD | MERCEDES BENZ SPRINT,KOB6610S,MEDIO,C,,
BOMBA ALIMENTAD | MWM MOTOR 229 FORD F,KOB6620,MEDIO,C,,
BOMBA ALIMENTAD | MWM MOTOR 410 MA - T,KOB6630,MEDIO,C,,
BOMBA ALIMENTAD | MWM MOTOR 410 MA - T,KOB6631,MEDIO,C,,
BOMBA ALIMENTAD | CUMMINS B 3 9 - 5 9,KOB6640S,MEDIO,C,,
BOMBA ALIMENTAD | CUMMINS B 3 9 - 5 9,KOB6641S,MEDIO,C,,
BOMBA ALIMENTAD | CUMMINS 6CTAA - 6CTA,KOB6650,ALTO,C,,
BOMBA ALIMENTAD | CUMMINS 6CTAA - 6CTA,KOB6654,ALTO,C,,
BOMBA ALIMENTAD | CUMMINS BT 6 CILINDR,KOB6656,ALTO,C,,
BOMBA ALIMENTAD | MAXION 4 23 MONTAJE,KOB9110,MEDIO,D,,
BOMBA ALIMENTAD | MAXION 4 236 - 4 248,KOB9115,MEDIO,D,,
BOMBA ALIMENTAD | MAXION 4 236 - Q - 2,KOB9120,MEDIO,C,,
BOMBA ALIMENTAD | MWM SPRINT 6 CILINDR,KOB9125S,MEDIO,C,,
BOMBA ALIMENTAD | MWM SPRINT 6 CILINDR,KOB9126S,MEDIO,C,,
BOMBA DE COMBUS | CHEVROLET C20 PICK U,KOB9130,MEDIO,C,,
BOMBA DE COMBUS | FORD CORCEL - DEL RE,KOB9140S,MEDIO,D,,
BOMBA DE COMBUS | VOLKSWAGEN DODGE 150,KOB9141,MEDIO,C,,
BOMBA DE COMBUS | FORD MOTOR V8,KOB9142,MEDIO,C,,
BOMBA DE COMBUS | FORD TAUNUS 83/85,KOB9143,MEDIO,C,,
"BOMBA DE COMBUS | FORD SIERRA 2,3 - CO",KOB9144S,MEDIO,C,,
"BOMBA DE COMBUS | FORD SIERRA 1,6 SELL",KOB9145S,MEDIO,C,,
BOMBA DE COMBUS | CHEVROLET C10 PICK U,KOB9146,MEDIO,C,,
BOMBA DE COMBUS | FORD FALCON 6 CILIND,KOB9147S,MEDIO,C,,
"BOMBA DE COMBUS | FORD ESCORT 1,6 MOTO",KOB9148S,MEDIO,C,,
BOMBA DE COMBUS | FORD FALCON - F100 -,KOB9149S,MEDIO,C,,
BOMBA DE COMBUS | VOLKSWAGEN CARAT - G,KOB9151S,MEDIO,C,,
BOMBA DE COMBUS | FORD ESCORT - GALAXY,KOB9155S/56S,MEDIO,C,,
BOMBA DE COMBUS | VOLKSWAGEN KOMBI - E,KOB9160S,MEDIO,C,,
BOMBA DE COMBUS | FORD F100 - F150 6 C,KOB9170S,MEDIO,C,,
BOMBA DE COMBUS | VOLKSWAGEN DODGE POL,KOB9172,MEDIO,C,,
BOMBA DE COMBUS | FORD MOTOR V8 302 SE,KOB9173S,MEDIO,C,,
DIAFRAGMA DE BO | PEUGEOT INDENOR - CI,KOBFP1063/64,BAJO,C,,
DIAFRAGMA DE BO | RENAULT TODOS,KOBFP1117/1125,BAJO,C,,
DIAFRAGMA DE BO | RENAULT IKA TORINO -,KOBFP216,BAJO,C,,
DIAFRAGMA DE BO | FORD F100 - FALCON -,KOBFP446,BAJO,C,,
DIAFRAGMA DE BO | FORD F100 - FALCON -,KOBFP447,BAJO,C,,
DIAFRAGMA DE BO | CHEVROLET 400 - CHEV,KOBFP459,BAJO,C,,
DIAFRAGMA DE BO | PERKINS TODOS 2005 -,KOBFP50,BAJO,C,,
RESISTENCIA | RESISTENCIA 10W,KUB10W2.2RJ,BAJO,D,,
EMULADOR TRAILE | PARA LUCES DE TRAILE,KUB5VTEMU,BAJO,A,,
EMULADOR TRAILE | PARA LUCES DE TRAILE,KUB6VTEMU,BAJO,A,,
CIERRE CENTRALI | KIT DE CIERRE CENTRA,KUBCCU,BAJO,A,,
CIERRE CENTRALI | KIT DE CIERRE CENTRA,KUBCCUR,MEDIO,A,,
LUZ DE CORTESIA | MODULO LED COB DE CO,KUBEMBUCHEV,BAJO,C,,
LUZ DE CORTESIA | MODULO LED COB DE CO,KUBEMBUCOB,BAJO,C,,
LUZ DE CORTESIA | MODULO LED COB DE CO,KUBEMBUFIAT,BAJO,C,,
LUZ DE CORTESIA | MODULO LED COB DE CO,KUBEMBUFORD,BAJO,C,,
LUZ DE CORTESIA | MODULO LED COB DE CO,KUBEMBUPEU,BAJO,C,,
LUZ DE CORTESIA | MODULO LED COB DE CO,KUBEMBUREN,BAJO,C,,
CAMARA DE RETRO | CAMARA TRASERA HIGH,KUBHD-KCAM-021,BAJO,B,,
CAMARA DE RETRO | CAMARA TRASERA HIGH,KUBHD-KCAM-022,BAJO,C,,
CAMARA DE RETRO | CAMARA TRASERA HIGH,KUBHD-KCAM-023,BAJO,C,,
CAMARA DE RETRO | CAMARA TRASERA HIGH,KUBHD-KCAM-024,BAJO,C,,
CAMARA DE RETRO | CAMARA TRASERA HIGH,KUBHD-KCAM-031,MEDIO,C,,
CAMARA FRONTAL | CAMARA FRONTAL HIGH,KUBHD-KCAM025,MEDIO,C,,
CAMARA FRONTAL | CAMARA FRONTAL HIGH,KUBHD-KCAM026,BAJO,C,,
CAMARA FRONTAL | CAMARA FRONTAL HIGH,KUBHD-KCAM027,MEDIO,C,,
CAMARA FRONTAL | CAMARA FRONTAL HIGH,KUBHD-KCAM028,BAJO,C,,
CAMARA FRONTAL | CAMARA FRONTAL HIGH,KUBHD-KCAM029,BAJO,C,,
CAMARA FRONTAL | CAMARA FRONTAL HIGH,KUBHD-KCAM030,BAJO,C,,
LINTERNA MINERA | LINTERNA CON SOSTEN,KUBHEADLED,BAJO,B,,
TAPA DE OPTICA | JUEGO CAPUCHON OPTIC,KUBK100,BAJO,C,,
TAPA DE OPTICA | JUEGO CAPUCHON OPTIC,KUBK105,BAJO,C,,
TAPA DE OPTICA | JUEGO CAPUCHON OPTIC,KUBK80,BAJO,B,,
TAPA DE OPTICA | JUEGO CAPUCHON OPTIC,KUBK85,BAJO,B,,
TAPA DE OPTICA | JUEGO CAPUCHON OPTIC,KUBK90,BAJO,B,,
TAPA DE OPTICA | JUEGO CAPUCHON OPTIC,KUBK95,BAJO,C,,
ALARMA PARA AUT | ALARMA CON SENSORES,KUBKB-AL829,MEDIO,A,,
ALARMA PARA AUT | ALARMA CON SENSORES,KUBKB-AL851,MEDIO,A,,
ALARMA PARA MOT | ALARMA UNIVERSAL PAR,KUBKB-ALF16,BAJO,B,,
CABLE CARGADOR | CABLE CARGADOR 3 EN,KUBKB-CA3EN1B,BAJO,B,,
CABLE CARGADOR | CABLE CARGADOR 6 EN,KUBKB-CA6EN1B,BAJO,C,,
CABLE CARGADOR | CABLE CARGADOR 3 EN,KUBKB-CA6EN1IRO,BAJO,C,,
CABLE CARGADOR | CABLE CARGADOR USB -,KUBKB-CATC01W,BAJO,A,,
CABLE CARGADOR | CABLE CARGADOR TIPO,KUBKB-CATC02W,BAJO,B,,
ACCESORIO PARA | CARGADOR CUADRUPLE U,KUBKB-CH-005BB,BAJO,C,,
ACCESORIO PARA | CARGADOR CUADRUPLE U,KUBKB-CH-010B,BAJO,C,,
ACCESORIO PARA | CARGADOR DOBLE USB C,KUBKB-CH-011B,BAJO,C,,
CABLE CONECTOR | CABLE CONECTOR IPHON,KUBKB-CH-013,BAJO,C,,
CARGADOR 12V | CARGADOR 12V TOMA EN,KUBKB-CH-014,BAJO,C,,
CARGADOR 12V / | CARGADOR USB + TIPO,KUBKB-CH012B,BAJO,B,,
CARGADOR 12V / | CARGADOR USB + TIPO,KUBKB-CH012W,BAJO,C,,
CARGADOR 12V / | CARGADOR 2 USB + TIP,KUBKB-CH013B,BAJO,B,,
CARGADOR 12V / | CARGADOR 2 USB + TIP,KUBKB-CH013W,BAJO,C,,
CARGADOR 12V / | CARGADOR USB + TIPO,KUBKB-CH014B,BAJO,C,,
CARGADOR 12V / | CARGADOR USB + TIPO,KUBKB-CH014W,BAJO,C,,
CARGADOR 12V / | CARGADOR 2 USB + TIP,KUBKB-CH015B,BAJO,C,,
CARGADOR 12V / | CARGADOR 2 USB + TIP,KUBKB-CH015W,BAJO,C,,
CARGADOR 12V / | CARGADOR USB + TIPO,KUBKB-CH016B,BAJO,C,,
CONTROL REMOTO | CONTROL REMOTO PARA,KUBKB-CT829,BAJO,C,,
CONTROL REMOTO | CONTROL REMOTO CON L,KUBKB-CT851,BAJO,B,,
INVERSOR DE COR | CONVERSOR / TRANSFOR,KUBKB-INV2412,BAJO,C,,
BOTON ENCENDIDO | KIT DE BOTON DE ENCE,KUBKB-PUSH,MEDIO,C,,
SIRENA 6 TONOS | SIRENA 6 TONOS ULTRA,KUBKB-SIR6T,BAJO,A,,
ACCESORIO PARA | SOPORTE DE CELULAR U,KUBKB-SOP-020B,BAJO,B,,
ACCESORIO PARA | SOPORTE DE CELULAR P,KUBKB-SOP-021,BAJO,C,,
ACCESORIO PARA | SOPORTE DE CELULAR P,KUBKB-SOP-022,BAJO,C,,
ACCESORIO PARA | SOPORTE DE CELULAR P,KUBKB-SOP-023,BAJO,B,,
ACCESORIO PARA | SOPORTE DE CELULAR I,KUBKB-SOP-024B,BAJO,C,,
ACCESORIO PARA | CARGADOR Y SOPORTE P,KUBKB-SOP-025,MEDIO,C,,
CARGADOR CON VO | CARGADOR USB + TIPO,KUBKB-TCVOLTB,BAJO,B,,
CARGADOR CON VO | CARGADOR USB + TIPO,KUBKB-TCVOLTS,BAJO,B,,
ACCESORIO PARA | CAVIDAD PARA TOMA 12,KUBKB-TOM001,BAJO,A,,
ACCESORIO PARA | CAVIDAD PARA TOMA 12,KUBKB-TOM002,BAJO,A,,
ACCESORIO PARA | TOMA 12V USB DUAL US,KUBKB-TOM003,BAJO,B,,
ACCESORIO PARA | TOMA 12V USB DUAL US,KUBKB-TOM004,BAJO,A,,
ACCESORIO PARA | TOMA 12V USB DUAL US,KUBKB-TOM005,BAJO,B,,
ACCESORIO PARA | CARCASA DE TOMA 12V,KUBKB-TOM006,BAJO,C,,
ACCESORIO PARA | TOMA 12V USB DUAL CO,KUBKB-TOM007,BAJO,C,,
ACCESORIO PARA | TOMA 12V USB + ENCEN,KUBKB-TOM008,BAJO,B,,
ACCESORIO PARA | TOMA 12V USB + ENCEN,KUBKB-TOM009,BAJO,B,,
ACCESORIO PARA | CARGADOR USB A ROSCA,KUBKB-TOM011,BAJO,C,,
ACCESORIO PARA | TOMA 12V USB DUAL 5V,KUBKB-TOM012,BAJO,C,,
INTERRUPTOR UNI | TECLA ON / OFF 2 POS,KUBKB-TOM013,BAJO,A,,
TOMA DE CONEXIO | TOMA DE CONEXION CON,KUBKB-TOM015,BAJO,A,,
TOMA DE CONEXIO | TOMA DE CONEXION CON,KUBKB-TOM016,BAJO,B,,
TOMA DE CONEXIO | TOMA DE CONEXION CON,KUBKB-TOM017,BAJO,C,,
INTERRUPTOR UNI | TECLA DOBLE ON / OFF,KUBKB-TOM018,BAJO,B,,
INTERRUPTOR UNI | TECLA DOBLE ON / OFF,KUBKB-TOM019,BAJO,C,,
INTERRUPTOR UNI | TECLA DOBLE ON / OFF,KUBKB-TOM020,BAJO,C,,
ACCESORIO PARA | VOLTIMETRO DIGITAL 1,KUBKB-VOLT-AZU,BAJO,C,,
ACCESORIO PARA | VOLTIMETRO DIGITAL 1,KUBKB-VOLT-RED,BAJO,C,,
ACCESORIO PARA | VOLTIMETRO DIGITAL 1,KUBKB-VOLT-SIL,BAJO,C,,
ACCESORIO PARA | VOLTIMETRO DIGITAL 1,KUBKB-VOLT-VER,,D,,
ACCESORIO PARA | RESISTENCIA DE CALOR,KUBKBACC001,BAJO,B,,
ACCESORIO PARA | AUXILIAR PARA CONEXI,KUBKBAUXBT001,BAJO,A,,
CABLE MICRO USB | CABLE MICRO USB CORD,KUBKBCA01BL,BAJO,C,,
CABLE MICRO USB | CABLE MICRO USB CORD,KUBKBCA01PI,BAJO,C,,
CABLE 2 EN 1 - | CABLE 2 EN 1 - 1M NE,KUBKBCA02BK,BAJO,C,,
CABLE 2 EN 1 - | CABLE 2 EN 1 - 1M AZ,KUBKBCA02BL,BAJO,C,,
CABLE 2 EN 1 - | CABLE 2 EN 1 - 1M RO,KUBKBCA02PI,BAJO,C,,
"HDMI 1,8 M | HDMI 1,8 M NEGRO",KUBKBCA03,BAJO,C,,
ACCESORIO PARA | CARGADOR USB CON MUL,KUBKBCH001B,BAJO,C,,
ACCESORIO PARA | CARGADOR USB CON MUL,KUBKBCH002B,BAJO,C,,
ACCESORIO PARA | CARGADOR DOBLE USB 1,KUBKBCH003B,BAJO,B,,
ACCESORIO PARA | CARGADOR DOBLE USB 1,KUBKBCH003W,BAJO,C,,
ACCESORIO PARA | CARGADOR DOBLE USB 1,KUBKBCH004B,BAJO,A,,
ACCESORIO PARA | CARGADOR DOBLE USB 1,KUBKBCH004W,BAJO,B,,
ACCESORIO PARA | CARGADOR DOBLE USB 1,KUBKBCH005GW,BAJO,C,,
ACCESORIO PARA | CARGADOR DOBLE USB 1,KUBKBCH005SB,BAJO,B,,
ACCESORIO PARA | CARGADOR DOBLE USB 1,KUBKBCH005SW,BAJO,C,,
ACCESORIO PARA | CARGADOR DOBLE USB 1,KUBKBCH006B,BAJO,C,,
ACCESORIO PARA | CARGADOR DOBLE USB +,KUBKBCH007B,BAJO,C,,
ACCESORIO PARA | CARGADOR DOBLE USB +,KUBKBCH007P,BAJO,C,,
ACCESORIO PARA | CARGADOR DOBLE USB +,KUBKBCH007W,BAJO,C,,
ACCESORIO PARA | CARGADOR DOBLE USB +,KUBKBCH008B,BAJO,B,,
ACCESORIO PARA | CARGADOR DOBLE USB +,KUBKBCH008BLU,BAJO,C,,
ACCESORIO PARA | CARGADOR DOBLE USB +,KUBKBCH008GO,BAJO,C,,
ACCESORIO PARA | CARGADOR DOBLE USB +,KUBKBCH009B,BAJO,B,,
ACCESORIO PARA | ALARGUE CON 2 USB +,KUBKBCH010B,BAJO,C,,
EARPODS | EARPODS BLANCO,KUBKBEA01,BAJO,D,,
ACCESORIO PARA | TRANSMISOR DE BLUETO,KUBKBFMBTBLACK,BAJO,C,,
ACCESORIO PARA | TRANSMISOR DE BLUETO,KUBKBFMBTSILVER,BAJO,B,,
KIT DE SENSORES | NEGRO - 8 PIEZAS (4,KUBKBFS-BLACK,MEDIO,C,,
ACCESORIO PARA | INVERSOR CORRIENTE 1,KUBKBINV001B,BAJO,B,,
ACCESORIO PARA | INVERSOR CORRIENTE 1,KUBKBINV001R,BAJO,C,,
ACCESORIO PARA | LLAVERO MEDIDOR DE A,KUBKBKC001,BAJO,C,,
ACCESORIO PARA | LINTERNA (RECARGABLE,KUBKBLIN001B,BAJO,B,,
ACCESORIO PARA | LINTERNA (RECARGABLE,KUBKBLIN001GO,BAJO,C,,
ACCESORIO PARA | LINTERNA A PILA + OP,KUBKBLIN002B,BAJO,C,,
ACCESORIO PARA | ANILLO PARA CELULAR,KUBKBR001B,BAJO,C,,
ACCESORIO PARA | ANILLO PARA CELULAR,KUBKBR001G,BAJO,C,,
ACCESORIO PARA | ANILLO PARA CELULAR,KUBKBR001GO,BAJO,C,,
ACCESORIO PARA | ANILLO PARA CELULAR,KUBKBR001P,BAJO,C,,
ACCESORIO PARA | ANILLO PARA CELULAR,KUBKBR001S,BAJO,C,,
ACCESORIO PARA | SOPORTE DE CELULAR P,KUBKBSOP001B,BAJO,C,,
ACCESORIO PARA | SOPORTE DE CELULAR P,KUBKBSOP001BLU,BAJO,C,,
ACCESORIO PARA | SOPORTE DE CELULAR P,KUBKBSOP001GR,BAJO,C,,
ACCESORIO PARA | SOPORTE DE CELULAR P,KUBKBSOP001VER,BAJO,C,,
ACCESORIO PARA | SOPORTE DE CELULAR /,KUBKBSOP002B,BAJO,C,,
ACCESORIO PARA | SOPORTE DE CELULAR /,KUBKBSOP003,BAJO,C,,
ACCESORIO PARA | SOPORTE DE CELULAR /,KUBKBSOP003R,BAJO,C,,
ACCESORIO PARA | SOPORTE DE CELULAR /,KUBKBSOP004B,BAJO,B,,
ACCESORIO PARA | SOPORTE DE CELULAR /,KUBKBSOP005B,BAJO,B,,
ACCESORIO PARA | SOPORTE DE CELULAR /,KUBKBSOP006B,BAJO,B,,
ACCESORIO PARA | SOPORTE DE CELULAR /,KUBKBSOP006BLU,BAJO,C,,
ACCESORIO PARA | SOPORTE DE CELULAR /,KUBKBSOP006R,BAJO,C,,
ACCESORIO PARA | SOPORTE DE CELULAR /,KUBKBSOP006Y,BAJO,C,,
ACCESORIO PARA | SOPORTE CELULAR IMAN,KUBKBSOP007BLU,BAJO,C,,
ACCESORIO PARA | SOPORTE CELULAR IMAN,KUBKBSOP007GO,BAJO,C,,
ACCESORIO PARA | SOPORTE CELULAR IMAN,KUBKBSOP007P,BAJO,C,,
ACCESORIO PARA | SOPORTE CELULAR IMAN,KUBKBSOP007R,BAJO,C,,
ACCESORIO PARA | SOPORTE CELULAR IMAN,KUBKBSOP007S,BAJO,C,,
ACCESORIO PARA | SOPORTE CELULAR / GP,KUBKBSOP008A,BAJO,C,,
ACCESORIO PARA | SOPORTE CELULAR / GP,KUBKBSOP008B,BAJO,C,,
ACCESORIO PARA | SOPORTE CELULAR / GP,KUBKBSOP008O,BAJO,C,,
ACCESORIO PARA | SOPORTE CELULAR / GP,KUBKBSOP009B,BAJO,C,,
ACCESORIO PARA | SOPORTE CELULAR / GP,KUBKBSOP010B,BAJO,C,,
ACCESORIO PARA | SOPORTE CELULAR / GP,KUBKBSOP010BLU,BAJO,C,,
ACCESORIO PARA | SOPORTE CELULAR / GP,KUBKBSOP010R,BAJO,C,,
ACCESORIO PARA | SOPORTE CELULAR / GP,KUBKBSOP011B,BAJO,C,,
ACCESORIO PARA | SOPORTE CELULAR / GP,KUBKBSOP011BLU,BAJO,C,,
ACCESORIO PARA | SOPORTE CELULAR / GP,KUBKBSOP011GR,BAJO,C,,
ACCESORIO PARA | SOPORTE CELULAR / GP,KUBKBSOP011GREY,BAJO,C,,
ACCESORIO PARA | SOPORTE CELULAR / GP,KUBKBSOP011P,BAJO,C,,
ACCESORIO PARA | SOPORTE CELULAR / GP,KUBKBSOP011R,BAJO,C,,
ACCESORIO PARA | SOPORTE CELULAR / GP,KUBKBSOP011Y,BAJO,C,,
ACCESORIO PARA | SOPORTE CELULAR / GP,KUBKBSOP012B,BAJO,C,,
ACCESORIO PARA | SOPORTE CELULAR / GP,KUBKBSOP012BLU,BAJO,C,,
ACCESORIO PARA | SOPORTE CELULAR / GP,KUBKBSOP012R,BAJO,C,,
ACCESORIO PARA | SOPORTE CELULAR / GP,KUBKBSOP012Y,BAJO,C,,
ACCESORIO PARA | CLIP PORTA ANTEOJOS,KUBKBSOP013B,BAJO,B,,
ACCESORIO PARA | CLIP PORTA ANTEOJOS,KUBKBSOP013BLU,BAJO,C,,
ACCESORIO PARA | CLIP PORTA ANTEOJOS,KUBKBSOP013R,BAJO,C,,
ACCESORIO PARA | CLIP PORTA ANTEOJOS,KUBKBSOP013S,BAJO,C,,
ACCESORIO PARA | CLIP PORTA ANTEOJOS,KUBKBSOP013VE,BAJO,C,,
ACCESORIO PARA | CLIP PORTA ANTEOJOS,KUBKBSOP013W,BAJO,C,,
ACCESORIO PARA | PORTA CELULARES AUTO,KUBKBSOP014B,BAJO,C,,
ACCESORIO PARA | SOPORTE PARA CELULAR,KUBKBSOP015WGR,BAJO,C,,
ACCESORIO PARA | SOPORTE PARA CELULAR,KUBKBSOP015WP,BAJO,C,,
ACCESORIO PARA | SOPORTE PARA CELULAR,KUBKBSOP015WV,BAJO,C,,
ACCESORIO PARA | BASE DE GOMA ANTI DE,KUBKBSOP016B,BAJO,C,,
ACCESORIO PARA | BASE DE GOMA ANTI DE,KUBKBSOP016BLU,BAJO,C,,
ACCESORIO PARA | BASE DE GOMA ANTI DE,KUBKBSOP016C,BAJO,C,,
ACCESORIO PARA | BASE DE GOMA ANTI DE,KUBKBSOP016GR,BAJO,C,,
ACCESORIO PARA | BASE DE GOMA ANTI DE,KUBKBSOP016PI,BAJO,C,,
ACCESORIO PARA | BASE DE GOMA ANTI DE,KUBKBSOP016VI,BAJO,C,,
ACCESORIO PARA | BASE DE GOMA ANTI DE,KUBKBSOP016Y,BAJO,C,,
ACCESORIO PARA | BASE DE GOMA ANTI DE,KUBKBSOP017,BAJO,C,,
ACCESORIO PARA | BASE DE GOMA ANTI DE,KUBKBSOP017BLU,BAJO,C,,
ACCESORIO PARA | BASE DE GOMA ANTI DE,KUBKBSOP017VI,BAJO,C,,
ACCESORIO PARA | SOPORTE DE CELULAR P,KUBKBSOP018B,BAJO,C,,
ACCESORIO PARA | BASE SILICONADA PORT,KUBKBSOP019,BAJO,C,,
ACCESORIO PARA | BASE SILICONADA PORT,KUBKBSOP019BLU,BAJO,C,,
ACCESORIO PARA | BASE SILICONADA PORT,KUBKBSOP019GR,BAJO,C,,
ACCESORIO PARA | BASE SILICONADA PORT,KUBKBSOP019R,BAJO,C,,
ACCESORIO PARA | BASE SILICONADA PORT,KUBKBSOP019Y,BAJO,D,,
PARLANTE RECTAN | PARLANTE RECTANGULO,KUBKBSP01BL,BAJO,C,,
PARLANTE RECTAN | PARLANTE RECTANGULO,KUBKBSP01GR,BAJO,C,,
PARLANTE RECTAN | PARLANTE RECTANGULO,KUBKBSP01OR,BAJO,C,,
PARLANTE RECTAN | PARLANTE RECTANGULO,KUBKBSP01PI,BAJO,C,,
PARLANTE RECTAN | PARLANTE RECTANGULO,KUBKBSP01WH,BAJO,C,,
PARLANTE SHOWER | PARLANTE SHOWER (WAT,KUBKBSP03WH,BAJO,C,,
ACCESORIO PARA | LUZ MAPA USB NEGRO,KUBKBUSBLI001BLA,BAJO,B,,
ACCESORIO PARA | ALARGUE CON 2 USB +,KUBKBUSCH001B,BAJO,B,,
ACCESORIO PARA | ALARGUE CON 2 USB +,KUBKBUSCH002B,BAJO,B,,
ACCESORIO PARA | ALARGUE CON 2 USB +,KUBKBUSCH003B,BAJO,B,,
ACCESORIO PARA | ALARGUE CON 2 USB +,KUBKBUSCH004B,BAJO,A,,
ACCESORIO PARA | CARGADOR DOBLE USB +,KUBKBUSCH010B,BAJO,C,,
ACCESORIO PARA | VOLTIMETRO DIGITAL 1,KUBKBVOLTRED,BAJO,C,,
ACCESORIO PARA | VOLTIMETRO DIGITIAL,KUBKBVOLUSBAZU,BAJO,C,,
ACCESORIO PARA | VOLTIMETRO DIGITIAL,KUBKBVOLUSBRED,BAJO,C,,
ACCESORIO PARA | VOLTIMETRO DIGITIAL,KUBKBVOLUSBSIL,BAJO,C,,
ACCESORIO PARA | VOLTIMETRO DIGITIAL,KUBKBVOLUSBVER,BAJO,C,,
CAMARA DE RETRO | CAMARA HD CON VISION,KUBKCAM-TRUCK,MEDIO,C,,
CAMARA DE RETRO | NEGRO - UNIVERSAL,KUBKCAM011E,BAJO,B,,
CAMARA DE RETRO | NEGRO - UNIVERSAL,KUBKCAM015,BAJO,B,,
CAMARA DE RETRO | NEGRO - UNIVERSAL,KUBKCAM021,BAJO,A,,
CAMARA DE RETRO | NEGRO - UNIVERSAL,KUBKCAM022,BAJO,B,,
"KIT DE SENSORES | NEGRO - UNIVERSAL
 E",KUBKCAPS007P,MEDIO,B,,
SENSORES DE EST | NUEVA GENERACION CON,KUBKDPS-16852,MEDIO,C,,
KIT DE SENSORES | GRIS PERLA - UNIVERS,KUBKDPS06801,BAJO,C,,
KIT DE SENSORES | GRIS TOPO - UNIVERSA,KUBKDPS06804,BAJO,C,,
KIT DE SENSORES | CROMADO - UNIVERSAL,KUBKDPS068100,BAJO,C,,
KIT DE SENSORES | GRIS STONE - UNIVERS,KUBKDPS06813,BAJO,C,,
KIT DE SENSORES | AZUL - UNIVERSAL,KUBKDPS06821,BAJO,C,,
KIT DE SENSORES | ROJO - UNIVERSAL,KUBKDPS06833,BAJO,C,,
KIT DE SENSORES | GRIS PLATA - UNIVERS,KUBKDPS06845,BAJO,B,,
KIT DE SENSORES | NEGRO - UNIVERSAL CA,KUBKDPS06852,BAJO,A,,
KIT DE SENSORES | BLANCO - UNIVERSAL,KUBKDPS06856,BAJO,B,,
KIT DE SENSORES | MARFIL - UNIVERSAL,KUBKDPS06857,BAJO,C,,
KIT DE CAMARAS | KIT DE 4 CAMARAS HD,KUBKIT-4MON+CAM,ALTO,C,,
KIT CAMARAS | KIT CON 4 CAMARAS 36,KUBKIT-CAM360,MEDIO,C,,
KIT DE CAMARAS | KIT DE CAMARA HD CON,KUBKIT-MONCAM,ALTO,B,,
TAPA DE OPTICA | JUEGO CAPUCHON OPTIC,KUBKMULTI,BAJO,A,,
RELAY TEMPORIZA | CAJA TEMPORIZADORA P,KUBKU-15001,BAJO,A,,
RELAY TEMPORIZA | CAJA TEMPORIZADORA P,KUBKU-15003,BAJO,A,,
RELAY TEMPORIZA | CAJA TEMPORIZADORA P,KUBKU-15007,BAJO,C,,
DESTELLADOR MEC | UNIVERSAL 12V 2T >>,KUBKU-22,BAJO,A,,
DESTELLADOR MEC | UNIVERSAL 12V 3T >>,KUBKU-23,BAJO,A,,
RELAY | UNIVERSAL 4T 12V 50,KUBKU-34,BAJO,A,,
RELAY | UNIVERSAL 5T 12V 50,KUBKU-35N,BAJO,A,,
RELAY | INVERSOR 5T 12V 50 A,KUBKU-36,BAJO,A,,
RELAY | UNIVERSAL 4T 12V 70,KUBKU-62,BAJO,A,,
RELAY COMPETICI | UNIVERSAL 4T 12V 50,KUBKU-65,BAJO,B,,
DESTELLADOR ELE | UNIVERSAL LINEA VIEJ,KUBKU-72,BAJO,A,,
DESTELLADOR ELE | UNIVERSAL LINEA VIEJ,KUBKU-73,BAJO,A,,
DESTELLADOR ELE | UNIVERSAL LINEA NUEV,KUBKU-80,BAJO,A,,
DESTELLADOR ELE | UNIVERSAL LINEA NUEV,KUBKU-83,BAJO,A,,
DESTELLADOR ELE | UNIVERSAL LINEA NUEV,KUBKU-84,BAJO,A,,
RELAY | UNIVERSAL 4T 12V 70,KUBKU-9183,BAJO,A,,
SOPORTES FAROS | JUEGO DE SOPORTES PA,KUBKU-BRA001,BAJO,B,,
SOPORTES FAROS | JUEGO DE SOPORTES PA,KUBKU-BRA002,BAJO,C,,
SOPORTES FAROS | JUEGO DE SOPORTES PA,KUBKU-BRA003,BAJO,A,,
SOPORTES FAROS | JUEGO DE SOPORTES PA,KUBKU-BRA004,BAJO,B,,
CUBRE LLAVE DE | FORD FOCUS 2 - FIEST,KUBKU-CULLA001,BAJO,C,,
CUBRE LLAVE DE | FORD FOCUS 2 - FIEST,KUBKU-CULLA002,BAJO,C,,
CUBRE LLAVE DE | FORD FOCUS 2 - FIEST,KUBKU-CULLA003,BAJO,C,,
CUBRE LLAVE DE | FORD FOCUS 2 - FIEST,KUBKU-CULLA004,BAJO,C,,
CUBRE LLAVE DE | FORD KUGA - MONDEO -,KUBKU-CULLA005,BAJO,C,,
CUBRE LLAVE DE | FORD KUGA - MONDEO -,KUBKU-CULLA006,BAJO,C,,
CUBRE LLAVE DE | FORD KUGA - MONDEO -,KUBKU-CULLA007,BAJO,C,,
CUBRE LLAVE DE | FORD KUGA - MONDEO -,KUBKU-CULLA008,BAJO,C,,
CUBRE LLAVE DE | FORD KA NEW BLACK,KUBKU-CULLA009,BAJO,C,,
CUBRE LLAVE DE | FORD KA NEW RED,KUBKU-CULLA010,BAJO,C,,
CUBRE LLAVE DE | FORD KA NEW BLUE,KUBKU-CULLA011,BAJO,C,,
CUBRE LLAVE DE | FORD KA NEW PINK,KUBKU-CULLA012,BAJO,C,,
CUBRE LLAVE DE | FORD FIESTA - FOCUS,KUBKU-CULLA013,BAJO,C,,
CUBRE LLAVE DE | FORD FIESTA - FOCUS,KUBKU-CULLA014,BAJO,C,,
CUBRE LLAVE DE | FORD FIESTA - FOCUS,KUBKU-CULLA015,BAJO,C,,
CUBRE LLAVE DE | FORD FIESTA - FOCUS,KUBKU-CULLA016,BAJO,C,,
CUBRE LLAVE DE | RENAULT SANDERO BLAC,KUBKU-CULLA017,BAJO,C,,
CUBRE LLAVE DE | RENAULT SANDERO RED,KUBKU-CULLA018,BAJO,C,,
CUBRE LLAVE DE | RENAULT SANDERO BLUE,KUBKU-CULLA019,BAJO,C,,
CUBRE LLAVE DE | RENAULT SANDERO PINK,KUBKU-CULLA020,BAJO,C,,
CUBRE LLAVE DE | RENAULT LOGAN - DUST,KUBKU-CULLA021,BAJO,C,,
CUBRE LLAVE DE | RENAULT LOGAN - DUST,KUBKU-CULLA022,BAJO,C,,
CUBRE LLAVE DE | RENAULT LOGAN - DUST,KUBKU-CULLA023,BAJO,C,,
CUBRE LLAVE DE | RENAULT LOGAN - DUST,KUBKU-CULLA024,BAJO,C,,
CUBRE LLAVE DE | RENAULT KWID BLACK,KUBKU-CULLA025,BAJO,C,,
CUBRE LLAVE DE | RENAULT KWID RED,KUBKU-CULLA026,BAJO,C,,
CUBRE LLAVE DE | RENAULT KWID BLUE,KUBKU-CULLA027,BAJO,C,,
CUBRE LLAVE DE | RENAULT KWID PINK,KUBKU-CULLA028,BAJO,C,,
CUBRE LLAVE DE | RENAULT CLIO - KANGO,KUBKU-CULLA029,BAJO,C,,
CUBRE LLAVE DE | RENAULT CLIO - KANGO,KUBKU-CULLA030,BAJO,C,,
CUBRE LLAVE DE | RENAULT CLIO - KANGO,KUBKU-CULLA031,BAJO,C,,
CUBRE LLAVE DE | RENAULT CLIO - KANGO,KUBKU-CULLA032,BAJO,C,,
CUBRE LLAVE DE | CHEVROLET 3 BOTONES,KUBKU-CULLA033,BAJO,C,,
CUBRE LLAVE DE | CHEVROLET 3 BOTONES,KUBKU-CULLA034,BAJO,C,,
CUBRE LLAVE DE | CHEVROLET 3 BOTONES,KUBKU-CULLA035,BAJO,C,,
CUBRE LLAVE DE | CHEVROLET 3 BOTONES,KUBKU-CULLA036,BAJO,C,,
CUBRE LLAVE DE | CHEVROLET PRISMA - O,KUBKU-CULLA037,BAJO,C,,
CUBRE LLAVE DE | CHEVROLET PRISMA - O,KUBKU-CULLA038,BAJO,C,,
CUBRE LLAVE DE | CHEVROLET PRISMA - O,KUBKU-CULLA039,BAJO,C,,
CUBRE LLAVE DE | CHEVROLET PRISMA - O,KUBKU-CULLA040,BAJO,C,,
CUBRE LLAVE DE | CHEVROLET CELTA - AS,KUBKU-CULLA041,BAJO,C,,
CUBRE LLAVE DE | CHEVROLET CELTA - AS,KUBKU-CULLA042,BAJO,C,,
CUBRE LLAVE DE | CHEVROLET CELTA - AS,KUBKU-CULLA043,BAJO,C,,
CUBRE LLAVE DE | CHEVROLET CELTA - AS,KUBKU-CULLA044,BAJO,C,,
CUBRE LLAVE DE | CHEVROLET PRISMA BLA,KUBKU-CULLA045,BAJO,C,,
CUBRE LLAVE DE | CHEVROLET PRISMA RED,KUBKU-CULLA046,BAJO,C,,
CUBRE LLAVE DE | CHEVROLET PRISMA BLU,KUBKU-CULLA047,BAJO,C,,
CUBRE LLAVE DE | CHEVROLET PRISMA PIN,KUBKU-CULLA048,BAJO,C,,
CUBRE LLAVE DE | CHEVROLET CORSA BLAC,KUBKU-CULLA049,BAJO,C,,
CUBRE LLAVE DE | CHEVROLET CORSA RED,KUBKU-CULLA050,BAJO,C,,
CUBRE LLAVE DE | CHEVROLET CORSA BLUE,KUBKU-CULLA051,BAJO,C,,
CUBRE LLAVE DE | CHEVROLET CORSA PINK,KUBKU-CULLA052,BAJO,C,,
CUBRE LLAVE DE | VW WOLFSBURGO BORA -,KUBKU-CULLA053,BAJO,C,,
CUBRE LLAVE DE | VW WOLFSBURGO BORA -,KUBKU-CULLA054,BAJO,C,,
CUBRE LLAVE DE | VW WOLFSBURGO BORA -,KUBKU-CULLA055,BAJO,C,,
CUBRE LLAVE DE | VW WOLFSBURGO BORA -,KUBKU-CULLA056,BAJO,C,,
CUBRE LLAVE DE | VW GTI GOLF BLACK,KUBKU-CULLA057,BAJO,C,,
CUBRE LLAVE DE | VW GTI GOLF RED,KUBKU-CULLA058,BAJO,C,,
CUBRE LLAVE DE | VW GTI GOLF BLUE,KUBKU-CULLA059,BAJO,C,,
CUBRE LLAVE DE | VW GTI GOLF PINK,KUBKU-CULLA060,BAJO,C,,
CUBRE LLAVE DE | VW GLI VENTO - GOLF,KUBKU-CULLA061,BAJO,C,,
CUBRE LLAVE DE | VW GLI VENTO - GOLF,KUBKU-CULLA062,BAJO,C,,
CUBRE LLAVE DE | VW GLI VENTO - GOLF,KUBKU-CULLA063,BAJO,C,,
CUBRE LLAVE DE | VW GLI VENTO - GOLF,KUBKU-CULLA064,BAJO,C,,
CUBRE LLAVE DE | VW 3 BOTONES BORA -,KUBKU-CULLA065,BAJO,B,,
CUBRE LLAVE DE | VW 3 BOTONES BORA -,KUBKU-CULLA066,BAJO,C,,
CUBRE LLAVE DE | VW 3 BOTONES BORA -,KUBKU-CULLA067,BAJO,C,,
CUBRE LLAVE DE | VW 3 BOTONES BORA -,KUBKU-CULLA068,BAJO,C,,
CUBRE LLAVE DE | VW 2 BOTONES AMAROK,KUBKU-CULLA069,BAJO,B,,
CUBRE LLAVE DE | VW 2 BOTONES AMAROK,KUBKU-CULLA070,BAJO,C,,
CUBRE LLAVE DE | VW 2 BOTONES AMAROK,KUBKU-CULLA071,BAJO,C,,
CUBRE LLAVE DE | VW 2 BOTONES AMAROK,KUBKU-CULLA072,BAJO,C,,
CUBRE LLAVE DE | VW MK7 - GTI - VIRTU,KUBKU-CULLA073,BAJO,B,,
CUBRE LLAVE DE | VW MK7 - GTI - VIRTU,KUBKU-CULLA074,BAJO,C,,
CUBRE LLAVE DE | VW MK7 - GTI - VIRTU,KUBKU-CULLA075,BAJO,C,,
CUBRE LLAVE DE | VW MK7 - GTI - VIRTU,KUBKU-CULLA076,BAJO,C,,
CUBRE LLAVE DE | VW GOL POWER -TREND,KUBKU-CULLA077,BAJO,C,,
CUBRE LLAVE DE | VW GOL POWER -TREND,KUBKU-CULLA078,BAJO,C,,
CUBRE LLAVE DE | VW GOL POWER -TREND,KUBKU-CULLA079,BAJO,C,,
CUBRE LLAVE DE | VW GOL POWER -TREND,KUBKU-CULLA080,BAJO,C,,
CUBRE LLAVE DE | VW SURAN - FOX QQ BL,KUBKU-CULLA081,BAJO,C,,
CUBRE LLAVE DE | VW SURAN - FOX QQ RE,KUBKU-CULLA082,BAJO,C,,
CUBRE LLAVE DE | VW SURAN - FOX QQ BL,KUBKU-CULLA083,BAJO,C,,
CUBRE LLAVE DE | VW SURAN - FOX QQ PI,KUBKU-CULLA084,BAJO,C,,
CUBRE LLAVE DE | FIAT STRADA - IDEA B,KUBKU-CULLA085,BAJO,C,,
CUBRE LLAVE DE | FIAT STRADA - IDEA R,KUBKU-CULLA086,BAJO,C,,
CUBRE LLAVE DE | FIAT STRADA - IDEA B,KUBKU-CULLA087,BAJO,C,,
CUBRE LLAVE DE | FIAT STRADA - IDEA P,KUBKU-CULLA088,BAJO,C,,
CUBRE LLAVE DE | FIAT 500 DOBLO- GRAN,KUBKU-CULLA089,BAJO,C,,
CUBRE LLAVE DE | FIAT 500 DOBLO- GRAN,KUBKU-CULLA090,BAJO,C,,
CUBRE LLAVE DE | FIAT 500 DOBLO- GRAN,KUBKU-CULLA091,BAJO,C,,
CUBRE LLAVE DE | FIAT 500 DOBLO- GRAN,KUBKU-CULLA092,BAJO,C,,
CUBRE LLAVE DE | HONDA FIR - CITY - C,KUBKU-CULLA093,BAJO,C,,
CUBRE LLAVE DE | HONDA FIR - CITY - C,KUBKU-CULLA094,BAJO,C,,
CUBRE LLAVE DE | HONDA FIR - CITY - C,KUBKU-CULLA095,BAJO,C,,
CUBRE LLAVE DE | HONDA FIR - CITY - C,KUBKU-CULLA096,BAJO,C,,
CUBRE LLAVE DE | CITROEN 2 BOTONES NA,KUBKU-CULLA097,BAJO,C,,
CUBRE LLAVE DE | CITROEN 2 BOTONES NA,KUBKU-CULLA098,BAJO,C,,
CUBRE LLAVE DE | CITROEN 2 BOTONES NA,KUBKU-CULLA099,BAJO,C,,
CUBRE LLAVE DE | CITROEN 2 BOTONES NA,KUBKU-CULLA100,BAJO,C,,
CUBRE LLAVE DE | CITROEN 3 BOTONES NA,KUBKU-CULLA101,BAJO,C,,
CUBRE LLAVE DE | CITROEN 3 BOTONES NA,KUBKU-CULLA102,BAJO,C,,
CUBRE LLAVE DE | CITROEN 3 BOTONES NA,KUBKU-CULLA103,BAJO,C,,
CUBRE LLAVE DE | CITROEN 3 BOTONES NA,KUBKU-CULLA104,BAJO,C,,
CUBRE LLAVE DE | CITROEN C3 BLACK,KUBKU-CULLA105,BAJO,C,,
CUBRE LLAVE DE | CITROEN C3 RED,KUBKU-CULLA106,BAJO,C,,
CUBRE LLAVE DE | CITROEN C3 BLUE,KUBKU-CULLA107,BAJO,C,,
CUBRE LLAVE DE | CITROEN C3 PINK,KUBKU-CULLA108,BAJO,C,,
CUBRE LLAVE DE | TOYOTA 2 BOTONES COR,KUBKU-CULLA109,BAJO,C,,
CUBRE LLAVE DE | TOYOTA 2 BOTONES COR,KUBKU-CULLA110,BAJO,C,,
CUBRE LLAVE DE | TOYOTA 2 BOTONES COR,KUBKU-CULLA111,BAJO,C,,
CUBRE LLAVE DE | TOYOTA 2 BOTONES COR,KUBKU-CULLA112,BAJO,C,,
CUBRE LLAVE DE | TOYOTA 3 BOTONES COR,KUBKU-CULLA113,BAJO,C,,
CUBRE LLAVE DE | TOYOTA 3 BOTONES COR,KUBKU-CULLA114,BAJO,C,,
CUBRE LLAVE DE | TOYOTA 3 BOTONES COR,KUBKU-CULLA115,BAJO,C,,
CUBRE LLAVE DE | TOYOTA 3 BOTONES COR,KUBKU-CULLA116,BAJO,C,,
CUBRE LLAVE DE | TOYOTA 3 BOTONES HIL,KUBKU-CULLA117,BAJO,C,,
CUBRE LLAVE DE | TOYOTA 3 BOTONES HIL,KUBKU-CULLA118,BAJO,C,,
CUBRE LLAVE DE | TOYOTA 3 BOTONES HIL,KUBKU-CULLA119,BAJO,C,,
CUBRE LLAVE DE | TOYOTA 3 BOTONES HIL,KUBKU-CULLA120,BAJO,C,,
CUBRE LLAVE DE | PEUGEOT 206 - 207 -,KUBKU-CULLA121,BAJO,C,,
CUBRE LLAVE DE | PEUGEOT 206 - 207 -,KUBKU-CULLA122,BAJO,C,,
CUBRE LLAVE DE | PEUGEOT 206 - 207 -,KUBKU-CULLA123,BAJO,C,,
CUBRE LLAVE DE | PEUGEOT 206 - 207 -,KUBKU-CULLA124,BAJO,C,,
CUBRE LLAVE DE | PEUGEOT 2 BOTONES NA,KUBKU-CULLA125,BAJO,C,,
CUBRE LLAVE DE | PEUGEOT 2 BOTONES NA,KUBKU-CULLA126,BAJO,C,,
CUBRE LLAVE DE | PEUGEOT 2 BOTONES NA,KUBKU-CULLA127,BAJO,C,,
CUBRE LLAVE DE | PEUGEOT 2 BOTONES NA,KUBKU-CULLA128,BAJO,C,,
CUBRE LLAVE DE | PEUGEOT 3 BOTONES NA,KUBKU-CULLA129,BAJO,C,,
CUBRE LLAVE DE | PEUGEOT 3 BOTONES NA,KUBKU-CULLA130,BAJO,C,,
CUBRE LLAVE DE | PEUGEOT 3 BOTONES NA,KUBKU-CULLA131,BAJO,C,,
CUBRE LLAVE DE | PEUGEOT 3 BOTONES NA,KUBKU-CULLA132,BAJO,C,,
CUBRE LLAVE DE | PEUGEOT 208 BLACK,KUBKU-CULLA133,BAJO,C,,
CUBRE LLAVE DE | PEUGEOT 208 RED,KUBKU-CULLA134,BAJO,C,,
CUBRE LLAVE DE | PEUGEOT 208 BLUE,KUBKU-CULLA135,BAJO,C,,
CUBRE LLAVE DE | PEUGEOT 208 PINK,KUBKU-CULLA136,BAJO,C,,
CUBRE LLAVE DE | AUDI A1 A3 A4 A5 A6,KUBKU-CULLA137,BAJO,C,,
CUBRE LLAVE DE | AUDI A1 A3 A4 A5 A6,KUBKU-CULLA138,BAJO,C,,
CUBRE LLAVE DE | AUDI A1 A3 A4 A5 A6,KUBKU-CULLA139,BAJO,C,,
CUBRE LLAVE DE | AUDI A1 A3 A4 A5 A6,KUBKU-CULLA140,BAJO,C,,
CUBRE LLAVE DE | JEEP RENEGADE BLACK,KUBKU-CULLA141,BAJO,C,,
CUBRE LLAVE DE | JEEP RENEGADE RED,KUBKU-CULLA142,BAJO,C,,
CUBRE LLAVE DE | JEEP RENEGADE BLUE,KUBKU-CULLA143,BAJO,C,,
CUBRE LLAVE DE | JEEP RENEGADE PINK,KUBKU-CULLA144,BAJO,C,,
CUBRE LLAVE DE | BMW X1 X3 X5 X6 COLO,KUBKU-CULLA145,BAJO,C,,
CUBRE LLAVE DE | HONDA FIT - CIVIC -,KUBKU-CULLA146,BAJO,C,,
CUBRE LLAVE DE | HONDA FIT - CIVIC -,KUBKU-CULLA147,BAJO,C,,
CUBRE LLAVE DE | HONDA FIT - CIVIC -,KUBKU-CULLA148,BAJO,C,,
CUBRE LLAVE DE | HONDA FIT - CIVIC -,KUBKU-CULLA149,BAJO,C,,
CUBRE LLAVE DE | CITROEN C4 PICASSO -,KUBKU-CULLA150,BAJO,C,,
CUBRE LLAVE DE | CITROEN C4 PICASSO -,KUBKU-CULLA151,BAJO,C,,
CUBRE LLAVE DE | CITROEN C4 PICASSO -,KUBKU-CULLA152,BAJO,C,,
CUBRE LLAVE DE | CITROEN C4 PICASSO -,KUBKU-CULLA153,BAJO,C,,
CUBRE LLAVE DE | CHEVROLET SPIN - TRA,KUBKU-CULLA154,BAJO,C,,
CUBRE LLAVE DE | CHEVROLET SPIN - TRA,KUBKU-CULLA155,BAJO,C,,
CUBRE LLAVE DE | CHEVROLET SPIN - TRA,KUBKU-CULLA156,BAJO,C,,
CUBRE LLAVE DE | CHEVROLET SPIN - TRA,KUBKU-CULLA157,BAJO,C,,
CUBRE LLAVE DE | HONDA HRV NAVAJA - C,KUBKU-CULLA158,BAJO,C,,
CUBRE LLAVE DE | HONDA HRV NAVAJA - C,KUBKU-CULLA159,BAJO,C,,
CUBRE LLAVE DE | HONDA HRV NAVAJA - C,KUBKU-CULLA160,BAJO,C,,
CUBRE LLAVE DE | HONDA HRV NAVAJA - C,KUBKU-CULLA161,BAJO,C,,
CUBRE LLAVE DE | AUDI A4 - A5 - A6 -,KUBKU-CULLA162,BAJO,C,,
CUBRE LLAVE DE | BMW LLAVE PRESENCIA,KUBKU-CULLA163,BAJO,C,,
CUBRE LLAVE DE | CITROEN DS4 NAVAJA 3,KUBKU-CULLA164,BAJO,C,,
CUBRE LLAVE DE | CITROEN DS4 NAVAJA 3,KUBKU-CULLA165,BAJO,C,,
CUBRE LLAVE DE | CITROEN DS4 NAVAJA 3,KUBKU-CULLA166,BAJO,C,,
CUBRE LLAVE DE | CITROEN DS4 NAVAJA 3,KUBKU-CULLA167,BAJO,C,,
CUBRE LLAVE DE | MERCEDES BENZ 2 BOTO,KUBKU-CULLA168,BAJO,C,,
CUBRE LLAVE DE | HONDA FIT 3 BOTONES,KUBKU-CULLA169,BAJO,C,,
CUBRE LLAVE DE | HONDA FIT 3 BOTONES,KUBKU-CULLA170,BAJO,C,,
CUBRE LLAVE DE | HONDA FIT 3 BOTONES,KUBKU-CULLA171,BAJO,C,,
CUBRE LLAVE DE | HONDA FIT 3 BOTONES,KUBKU-CULLA172,BAJO,C,,
CUBRE LLAVE DE | HONDA FIT HRV LINEA,KUBKU-CULLA173,BAJO,C,,
CUBRE LLAVE DE | HONDA FIT HRV LINEA,KUBKU-CULLA174,BAJO,C,,
CUBRE LLAVE DE | HONDA FIT HRV LINEA,KUBKU-CULLA175,BAJO,C,,
CUBRE LLAVE DE | HONDA FIT HRV LINEA,KUBKU-CULLA176,BAJO,C,,
CUBRE LLAVE DE | HONDA FIT - CIVIC CI,KUBKU-CULLA177,BAJO,C,,
CUBRE LLAVE DE | HONDA FIT - CIVIC CI,KUBKU-CULLA178,BAJO,C,,
CUBRE LLAVE DE | HONDA FIT - CIVIC CI,KUBKU-CULLA179,BAJO,C,,
CUBRE LLAVE DE | HONDA FIT - CIVIC CI,KUBKU-CULLA180,BAJO,C,,
CUBRE LLAVE DE | HONDA MOTOS - COLOR,KUBKU-CULLA181,BAJO,C,,
CUBRE LLAVE DE | HONDA MOTOS - COLOR,KUBKU-CULLA182,BAJO,C,,
CUBRE LLAVE DE | HONDA MOTOS - COLOR,KUBKU-CULLA183,BAJO,C,,
CUBRE LLAVE DE | HONDA CIVIC CRV LINE,KUBKU-CULLA184,BAJO,C,,
CUBRE LLAVE DE | HONDA CIVIC CRV LINE,KUBKU-CULLA185,BAJO,C,,
CUBRE LLAVE DE | HONDA CIVIC CRV LINE,KUBKU-CULLA186,BAJO,C,,
CUBRE LLAVE DE | HONDA CIVIC CRV LINE,KUBKU-CULLA187,BAJO,C,,
CUBRE LLAVE DE | REANULT SANDERO - CL,KUBKU-CULLA188,BAJO,C,,
CUBRE LLAVE DE | REANULT SANDERO - CL,KUBKU-CULLA189,BAJO,C,,
CUBRE LLAVE DE | REANULT SANDERO - CL,KUBKU-CULLA190,BAJO,C,,
CUBRE LLAVE DE | REANULT SANDERO - CL,KUBKU-CULLA191,BAJO,C,,
CUBRE LLAVE DE | RENAUL FLUENCE NAVAJ,KUBKU-CULLA192,BAJO,C,,
CUBRE LLAVE DE | RENAUL FLUENCE NAVAJ,KUBKU-CULLA193,BAJO,C,,
CUBRE LLAVE DE | RENAUL FLUENCE NAVAJ,KUBKU-CULLA194,BAJO,C,,
CUBRE LLAVE DE | VOLKSWAGEN GTI - GOL,KUBKU-CULLA195,BAJO,C,,
CUBRE LLAVE DE | VOLKSWAGEN GTI - GOL,KUBKU-CULLA196,BAJO,C,,
CUBRE LLAVE DE | VOLKSWAGEN GTI - GOL,KUBKU-CULLA197,BAJO,C,,
CUBRE LLAVE DE | VOLKSWAGEN GTI - GOL,KUBKU-CULLA198,BAJO,C,,
CUBRE LLAVE DE | RENAULT MEGANE 2 - C,KUBKU-CULLA199,BAJO,C,,
CUBRE LLAVE DE | RENAULT MEGANE 2 - C,KUBKU-CULLA200,BAJO,C,,
CUBRE LLAVE DE | RENAULT MEGANE 2 - C,KUBKU-CULLA201,BAJO,C,,
CUBRE LLAVE DE | PEUGEOT 508 PRESENCI,KUBKU-CULLA202,BAJO,C,,
CUBRE LLAVE DE | TOYOTA COROLLA - HIL,KUBKU-CULLA203,BAJO,C,,
CUBRE LLAVE DE | TOYOTA COROLLA - HIL,KUBKU-CULLA204,BAJO,C,,
CUBRE LLAVE DE | TOYOTA COROLLA - HIL,KUBKU-CULLA205,BAJO,C,,
CUBRE LLAVE DE | TOYOTA COROLLA - HIL,KUBKU-CULLA206,BAJO,C,,
CUBRE LLAVE DE | FIAT TORO - ARGO - D,KUBKU-CULLA207,BAJO,C,,
CUBRE LLAVE DE | FIAT TORO - ARGO - D,KUBKU-CULLA208,BAJO,C,,
CUBRE LLAVE DE | FIAT TORO - ARGO - D,KUBKU-CULLA209,BAJO,C,,
CUBRE LLAVE DE | FIAT ARGO - CRONOS -,KUBKU-CULLA210,BAJO,C,,
CUBRE LLAVE DE | FIAT ARGO - CRONOS -,KUBKU-CULLA211,BAJO,C,,
CUBRE LLAVE DE | FIAT ARGO - CRONOS -,KUBKU-CULLA212,BAJO,C,,
CUBRE LLAVE DE | FIAT ARGO - CRONOS -,KUBKU-CULLA213,BAJO,C,,
CUBRE LLAVE DE | FIAT QUBO - DUCATO -,KUBKU-CULLA214,BAJO,C,,
CUBRE LLAVE DE | FIAT QUBO - DUCATO -,KUBKU-CULLA215,BAJO,C,,
CUBRE LLAVE DE | FIAT QUBO - DUCATO -,KUBKU-CULLA216,BAJO,C,,
CUBRE LLAVE DE | FIAT QUBO - DUCATO -,KUBKU-CULLA217,BAJO,C,,
CUBRE LLAVE DE | NISSAN VERSA - SENTR,KUBKU-CULLA218,BAJO,C,,
CUBRE LLAVE DE | NISSAN VERSA - SENTR,KUBKU-CULLA219,BAJO,C,,
CUBRE LLAVE DE | NISSAN VERSA - SENTR,KUBKU-CULLA220,BAJO,C,,
CUBRE LLAVE DE | NISSAN VERSA - SENTR,KUBKU-CULLA221,BAJO,C,,
CUBRE LLAVE DE | NISSAN 4 BOTONES - C,KUBKU-CULLA222,BAJO,C,,
CUBRE LLAVE DE | NISSAN 4 BOTONES - C,KUBKU-CULLA223,BAJO,C,,
CUBRE LLAVE DE | NISSAN 4 BOTONES - C,KUBKU-CULLA224,BAJO,C,,
CUBRE LLAVE DE | NISSAN 4 BOTONES - C,KUBKU-CULLA225,BAJO,C,,
CUBRE LLAVE DE | FORD RANGER - ECOSPO,KUBKU-CULLA226,BAJO,C,,
CUBRE LLAVE DE | FORD ECOSPORT - KA -,KUBKU-CULLA227,BAJO,C,,
CUBRE LLAVE DE | FORD ECOSPORT - KA -,KUBKU-CULLA228,BAJO,C,,
CUBRE LLAVE DE | FORD ECOSPORT - KA -,KUBKU-CULLA229,BAJO,C,,
CUBRE LLAVE DE | FORD ECOSPORT - KA -,KUBKU-CULLA230,BAJO,C,,
CUBRE LLAVE DE | VESPA MOTOS - COLOR,KUBKU-CULLA231,BAJO,C,,
CUBRE LLAVE DE | VESPA MOTOS - COLOR,KUBKU-CULLA232,BAJO,C,,
CUBRE LLAVE DE | VESPA MOTOS - COLOR,KUBKU-CULLA233,BAJO,C,,
KIT DE GIROS FI | JUEGO DE RESISTENCIA,KUBKU-GIRFIJ,BAJO,A,,
CABLEADO DE INS | KIT DE CABLEADO DE I,KUBKU-HAR001,BAJO,C,,
CABLEADO DE INS | KIT DE CABLEADO DE I,KUBKU-HAR002,MEDIO,A,,
RELAY MINIATURA | UNIVERSAL 5T 12V 50,KUBKU-MINI5T,BAJO,A,,
RELAY TEMPORIZA | DE PRECALENTAMIENTO,KUBKU-PPC5P,MEDIO,C,,
RELAY TEMPORIZA | DE PRECALENTAMIENTO,KUBKU-PPC7P,MEDIO,C,,
LUZ AMBIENTE | TOMA USB 12V PARA IL,KUBKU-WALLPUR,BAJO,C,,
LUZ AMBIENTE | TOMA USB 12V PARA IL,KUBKU-WALLRED,BAJO,C,,
LLAVEROS TUNNIN | LLAVERO NITRO ROJO,KUBLL015,BAJO,A,,
LLAVEROS TUNNIN | LLAVERO NITRO SILVER,KUBLL016,BAJO,C,,
LLAVEROS TUNNIN | LLAVERO CAJA DE CAMB,KUBLL030,BAJO,C,,
LLAVEROS TUNNIN | LLAVERO CAJA DE CAMB,KUBLL031,BAJO,C,,
LLAVEROS TUNNIN | LLAVERO FILTRO CONIC,KUBLL035,BAJO,C,,
PORTATIL LED 12 | PORTATIL LED 12V CAN,KUBMOTOLED12V,BAJO,A,,
PORTATIL LED 24 | PORTATIL LED 24V,KUBMOTOLED24V,BAJO,A,,
PORTATIL LED 12 | PORTATIL LED 12V CON,KUBPLED12V,BAJO,A,,
PORTATIL LED 24 | PORTATIL LED 24V CON,KUBPLED24V,BAJO,C,,
PORTATIL LED 12 | PORTATIL LED 12V CAN,KUBPROLED12V,BAJO,A,,
PORTATIL LED 24 | PORTATIL LED 24V,KUBPROLED24V,BAJO,C,,
CABLE RCA PARA | RCA - UNIVERSAL MACH,KUBRCA10MMM,BAJO,C,,
CABLE RCA PARA | RCA - UNIVERSAL MACH,KUBRCA5MMM,BAJO,C,,
RESISTENCIA CAN | RESISTENCIA PARA LAM,KUBRES25W,BAJO,C,,
RESISTENCIA CAN | RESISTENCIA PARA LAM,KUBRES50W,BAJO,B,,
RESISTENCIA CAN | RESISTENCIA PARA LAM,KUBRES5W,BAJO,B,,
EMULADOR TRAILE | EMULADOR PARA LUCES,KUBTEMU,BAJO,A,,
ADAPTADOR KIT D | JUEGO DE ADAPTADORES,KUBTK-101,BAJO,A,,
ADAPTADOR KIT D | JUEGO DE ADAPTADORES,KUBTK-104,BAJO,A,,
ADAPTADOR KIT D | JUEGO DE ADAPTADORES,KUBTK-105,BAJO,A,,
ADAPTADOR KIT D | JUEGO DE ADAPTADORES,KUBTK-114,BAJO,C,,
ADAPTADOR KIT D | JUEGO DE ADAPTADORES,KUBTK-118,BAJO,B,,
ADAPTADOR KIT D | JUEGO DE ADAPTADORES,KUBTK-119,BAJO,B,,
ADAPTADOR KIT D | JUEGO DE ADAPTADORES,KUBTK-119A,BAJO,B,,
ADAPTADOR BIODO | ARO PLASTICO ADAPTAD,KUBTK-304,BAJO,A,,
INTERRUPTOR UNI | INTERRUPTOR ON / OFF,KUBTOM010,BAJO,A,,
INTERRUPTOR UNI | TECLA DE 2 PUNTOS UN,KUBTOM014,BAJO,A,,
LUZ LED DECORAT | LUZ INTERIORRGB DECO,KUBUSB-DECO,BAJO,C,,
ACCESORIO PARA | LUZ MAPA USB COLORES,KUBUSBLI001,BAJO,A,,
KIT FARO AUXILI | KIT DE PALIO FIRE 01,LAMKA010001,,D,,
KIT FARO AUXILI | KIT COMPLETO PALIO/,LAMKA010004,,D,,
KIT FARO AUXILI | KITPALIO.12/IDEA/STR,LAMKA010008,,D,,
KIT FARO AUXILI | KIT PALIO SIENA (12/,LAMKA010010,,D,,
KIT FARO AUXILI | KIT COMPLETO FOCUS I,LAMKA020002,,D,,
KIT FARO AUXILI | KIT COMPLETO RANGER,LAMKA020004,,D,,
KIT FARO AUXILI | KIT FIESTA KINETIC(1,LAMKA020005,,D,,
KIT FARO AUXILI | KIT COMPLETO DE FLUE,LAMKA060002,,D,,
KIT FARO AUXILI | KIT COMPLETO MEGANE,LAMKA060003,,D,,
KIT FARO AUXILI | KIT COMPLETO DE CLIO,LAMKA060004,,D,,
KIT FARO AUXILI | KIT COMPLETO DE CLIO,LAMKA060008,,D,,
KIT FARO AUXILI | KIT COMPLETO LOGAN 2,LAMKA060009,,D,,
KIT FARO AUXILI | KIT COMPLETO KANGOO,LAMKA060011,,D,,
KIT FARO AUXILI | KIT COMPLETO CLIO II,LAMKA060012,,D,,
KIT FARO AUXILI | KIT COMP. 207 (08/..,LAMKA070001,,D,,
KIT FARO AUXILI | KIT COMPLETO 307 (06,LAMKA070002,,D,,
KIT FARO AUXILI | KIT 207 (08/...) - 3,LAMKA070003,,D,,
KIT FARO AUXILI | KIT COMPLETO FARO AU,LAMKA070004,,D,,
KIT FARO AUXILI | KIT COMPLETO FOX (10,LAMKA080002,,D,,
KIT FARO AUXILI | KITCOMP.TREND/VOYAGE,LAMKA080004,,D,,
KIT FARO AUXILI | KITCOMP.TREND/VOYAGE,LAMKA080005,,D,,
KIT FARO AUXILI | KITCOMP. TREND/VOYAG,LAMKA080006,,D,,
KIT FARO AUXILI | KIT COMPLETO GOL TRE,LAMKA080009,,D,,
FORMADORES DE J | FORMADOR DE JUNTAS H,LOC475944,BAJO,C,,
PRODUCTOS ESPEC | Antichillido del con,LOC718808,BAJO,D,,
DISTRIBUIDOR ME | RENAULT 19,LS_160,ALTO,D,,
DISTRIBUIDOR ME | RENAULT TRAFIC 1400,LS_183,MEDIO,D,,
DISTRIBUIDOR ME | RENAULT TRAFIC 2000,LS_184,MEDIO,D,,
DISTRIBUIDOR ME | VOLKSWAGEN GACEL - C,LS_189,ALTO,C,,
CAPTOR DE DISTR | FIAT RAGATTA,LS_2150,BAJO,D,,
CAPTOR DE DISTR | ,LS_2165,BAJO,C,,
REPARACION DE D | VOLKSWAGEN GACEL,LS_217,MEDIO,D,,
DISTRIBUIDOR EL | RENAULT 18 2000,LS_5001,ALTO,D,,
DISTRIBUIDOR EL | FIAT REGATTA 85 / SU,LS_5011,ALTO,D,,
DISTRIBUIDOR EL | FIAT 128 - 147,LS_5012,ALTO,C,,
DISTRIBUIDOR EL | PEUGEOT 505 GAMA,LS_5021,ALTO,C,,
DISTRIBUIDOR EL | PEUGEOT TIPO INDIEL,LS_5022,ALTO,D,,
DISTRIBUIDOR EL | VOLKSWAGEN VALIANT,LS_5032,ALTO,C,,
DISTRIBUIDOR EL | VOLKSWAGEN GOL GTI -,LS_5035,MEDIO,D,,
DISTRIBUIDOR EL | FORD TAUNUS,LS_5041,ALTO,D,,
DISTRIBUIDOR EL | FORD TAUNUS INDIEL,LS_5048,ALTO,D,,
DISTRIBUIDOR EL | FORD SIERRA INDIEL,LS_5049,ALTO,D,,
DISTRIBUIDOR EL | CHEVROLET 400,LS_5052,ALTO,D,,
DISTRIBUIDOR EL | CHEVROLET CHEVETTE,LS_5053,ALTO,D,,
DISTRIBUIDOR EL | RENAULT TORINO 4 BAN,LS_5061,ALTO,C,,
DISTRIBUIDOR EL | RENAULT JEEP IKA,LS_5070,ALTO,C,,
DISTRIBUIDOR EL | ESTANCIERA,LS_5072,ALTO,D,,
AVANCE AL VACIO | VOLKSWAGEN GACEL ORI,LS_990,BAJO,C,,
AVANCE AL VACIO | FIAT MARELLI ELECTRO,LS_991,BAJO,C,,
LED CERAMIK | 1141 - 1156 - P21W L,LUX12498LTBLA,BAJO,B,,
LEDS SMD | 1141 - 1156 - P21W 1,LUX12498ROJ13,BAJO,B,,
LEDS SMD | 1034 - 1157 - P21/5W,LUX12499AMA13,BAJO,B,,
LEDS CREE | 1034 - 1157 - P21/5W,LUX12499CREE6,BAJO,B,,
LED CERAMIK | 1034 - 1157 - P21/5W,LUX12499FLAYE,BAJO,C,,
LEDS SMD | 1176 - 1157 - P21/5W,LUX12502AMA13,BAJO,C,,
LEDS SMD | 1176 - 1157 - P21/5W,LUX12502ROJ13,BAJO,B,,
LEDS SMD | 67 - 1 POLO 22 LED 1,LUX12821BLA22,BAJO,A,,
LED CERAMIK | 67 / 1003 / 1141 - 1,LUX12821FLABL,BAJO,C,,
LED CERAMIK | 1034 - 1157 - P21/5W,LUX12822LTYEW,BAJO,C,,
LEDS ESTANDAR | LED 53 - T4W - BA9S,LUX12929LEVER,BAJO,C,,
LEDS COB | 2821 - T10 - W5W - C,LUX12961COBAZ,BAJO,A,,
LEDS COB | 2821 - T10 - W5W - C,LUX12961COBRO,BAJO,A,,
LEDS COB | 2821 - T10 - W5W - C,LUX12961COBVE,BAJO,A,,
LEDS SMD | 2821 - T10 - W5W 9 S,LUX12961ROJ13P,BAJO,C,,
LEDS SMD | 2821 - T10 - W5W 5 S,LUX12961ROJ5P,BAJO,A,,
LED CERAMIK | T10 / 2821 LED CERAM,LUX12961TLPIN,BAJO,B,,
LEDS COB | H4 COB CON LUPA - BL,LUX13342COB,BAJO,C,,
LEDS SEÑALIZACI | 13496 - 1 POLO PATA,LUX13496AMA13,BAJO,B,,
LEDS SMD | 1141 - 1156 - P21W 1,LUX13498BLA8,BAJO,A,,
LEDS SMD | 1141 - 1156 - P21W 1,LUX13498ROJ13,BAJO,B,,
LEDS SMD | 1034 - 1157 - P21/5W,LUX13499AMA13,BAJO,C,,
LEDS SMD | 1034 - 1157 - P21/5W,LUX13499BLA13,BAJO,C,,
LEDS SMD | 1034 - 1157 - P21/5W,LUX13499BLA22,BAJO,A,,
LEDS SMD | 1034 - 1157 - P21/5W,LUX13499BLA8,BAJO,B,,
LEDS CREE | 1034 - 1157 - P21/5W,LUX13499BLCAN,BAJO,C,,
LEDS COB | 1034 - 1157 - P21/5W,LUX13499COBBL,BAJO,A,,
LEDS SMD | 1034 - 1157 - P21/5W,LUX13499ROJ13,BAJO,B,,
LEDS SMD | 2721 - T5 - W1.2W 1,LUX13516BLSUP,BAJO,A,,
LEDS SMD | 67 - 1 POLO 22 LED 1,LUX13821BLA22,BAJO,A,,
LED CERAMIK | 1034 - 1157 - P21/5W,LUX13822LTBLA,BAJO,C,,
LED CERAMIK | 1034 - 1157 - P21/5W,LUX13822LTROJ,BAJO,C,,
LED CERAMIK | 1034 - 1157 - P21/5W,LUX13822LTYEW,BAJO,C,,
LEDS SMD | 2821 - T10 - W5W 9 S,LUX13961AZU13P,BAJO,D,,
LEDS SMD | 2821 - T10 - W5W 9 S,LUX13961AZU9P,BAJO,C,,
LEDS SMD | 2821 - T10 - W5W 13,LUX13961BL13P,BAJO,B,,
LEDS COB | 2821 - T10 - W5W - C,LUX13961COBAZ,BAJO,C,,
LEDS COB | 2821 - T10 - W5W - C,LUX13961COBRO,BAJO,C,,
LEDS COB | 2821 - T10 - W5W - C,LUX13961COBVE,BAJO,C,,
LEDS ESTANDAR | LED 2821 - T10 - W5W,LUX13961LEAMA,BAJO,C,,
LEDS ESTANDAR | LED 2821 - T10 - W5W,LUX13961LEAZU,BAJO,C,,
LEDS ESTANDAR | LED 2821 - T10 - W5W,LUX13961LEBLA,BAJO,B,,
LEDS ESTANDAR | LED 2821 - T10 - W5W,LUX13961LEROJ,BAJO,C,,
LEDS ESTANDAR | LED 2821 - T10 - W5W,LUX13961LEVER,BAJO,C,,
LEDS SMD | 2821 - T10 - W5W 9 S,LUX13961ROJ13P,BAJO,C,,
LEDS SMD | 2821 - T10 - W5W 5 S,LUX13961ROJ5P,BAJO,A,,
LEDS SMD | 2821 - T10 - W5W 9 S,LUX13961ROJ9P,BAJO,D,,
ROLLO DE LED | ROLLO DE LED (300 LE,LUX3528AMA12V,BAJO,C,,
ROLLO DE LED | ROLLO DE LED (300 LE,LUX3528AZU12V,BAJO,C,,
ROLLO DE LED | ROLLO DE LED (300 LE,LUX3528AZU24V,BAJO,B,,
ROLLO DE LED | ROLLO DE LED (300 LE,LUX3528BLA12V,BAJO,B,,
ROLLO DE LED | ROLLO DE LED (300 LE,LUX3528BLA24V,BAJO,C,,
ROLLO DE LED | ROLLO DE LED (300 LE,LUX3528RGB12V,BAJO,C,,
ROLLO DE LED | ROLLO DE LED (300 LE,LUX3528ROJ12V,BAJO,C,,
ROLLO DE LED | ROLLO DE LED (300 LE,LUX3528ROJ24V,BAJO,C,,
ROLLO DE LED | ROLLO DE LED (300 LE,LUX3528ROSA12,BAJO,C,,
ROLLO DE LED | ROLLO DE LED (300 LE,LUX3528VER12V,BAJO,C,,
ROLLO DE LED | ROLLO DE LED (300 LE,LUX3528VER24V,BAJO,C,,
ROLLO DE LED | ROLLO DE LED (300 LE,LUX5050AMA12V,BAJO,C,,
ROLLO DE LED | ROLLO DE LED (300 LE,LUX5050AMA24V,BAJO,C,,
ROLLO DE LED | ROLLO DE LED (300 LE,LUX5050AZU12V,BAJO,B,,
ROLLO DE LED | ROLLO DE LED (300 LE,LUX5050AZU24V,BAJO,B,,
ROLLO DE LED | ROLLO DE LED (300 LE,LUX5050BLA12V,BAJO,B,,
ROLLO DE LED | ROLLO DE LED (300 LE,LUX5050BLA24V,BAJO,A,,
ROLLO DE LED | ROLLO DE LED (300 LE,LUX5050RGB12V,BAJO,C,,
ROLLO DE LED | ROLLO DE LED (300 LE,LUX5050ROJ12V,BAJO,C,,
ROLLO DE LED | ROLLO DE LED (300 LE,LUX5050ROJ24V,BAJO,C,,
ROLLO DE LED | ROLLO DE LED (300 LE,LUX5050ROSA12V,BAJO,C,,
ROLLO DE LED | ROLLO DE LED (300 LE,LUX5050VER12V,BAJO,C,,
ROLLO DE LED | ROLLO DE LED (300 LE,LUX5050VER24V,BAJO,C,,
LEDS COB | 9005 COB CON LUPA -,LUX9005COB,BAJO,C,,
LEDS CREE | 9005 LED CREE 50W -,LUX9005CREE,BAJO,C,,
LEDS COB | 9006 COB CON LUPA -,LUX9006COB,BAJO,C,,
LEDS CREE | 9006 LED CREE 50W -,LUX9006CREE,BAJO,C,,
OFF ROAD KIT DE | 9006 PROYECTOR MINI,LUXA5-9006,MEDIO,C,,
OFF ROAD KIT DE | H11 PROYECTOR MINI L,LUXA5-H11,MEDIO,C,,
OFF ROAD KIT DE | H4 PROYECTOR MINI LU,LUXA5-H4,MEDIO,B,,
OFF ROAD KIT DE | H7 PROYECTOR MINI LU,LUXA5-H7,MEDIO,B,,
OFF ROAD BARRA | BARRA DE LED ULTRA S,LUXBAR110RUAR,MEDIO,B,,
OFF ROAD BARRA | BARRA DE LED ULTRA S,LUXBAR110RUAR-AMB,MEDIO,C,,
OFF ROAD BARRA | BARRA DE 40 LED 120,LUXBAR120,MEDIO,A,,
OFF ROAD BARRA | BARRA DE 6 LED 18 WA,LUXBAR18,BAJO,A,,
OFF ROAD BARRA | BARRA DE 60 LED 180,LUXBAR180,MEDIO,A,,
OFF ROAD BARRA | BARRA DE 16 LED DE 3,LUXBAR180PLUS,MEDIO,B,,
OFF ROAD BARRA | BARRA DE 6 LED 18 WA,LUXBAR18AMB,BAJO,B,,
OFF ROAD BARRA | BARRA DE LED DE 18 W,LUXBAR18MAX,BAJO,A,,
OFF ROAD BARRA | BARRA DE LED DE 18 W,LUXBAR18MAXAMB,BAJO,C,,
OFF ROAD BARRA | BARRA DE 12 LED DE 1,LUXBAR18MULTI,BAJO,A,,
OFF ROAD BARRA | BARRA DE 12 LED DE 1,LUXBAR18MULTIAMB,BAJO,C,,
OFF ROAD BARRA | BARRA DE LED ULTRA S,LUXBAR18RUAR,BAJO,A,,
OFF ROAD BARRA | BARRA DE LED ULTRA S,LUXBAR18RUAR-AMB,BAJO,A,,
OFF ROAD BARRA | BARRA DE 80 LED 240,LUXBAR240,MEDIO,A,,
OFF ROAD BARRA | BARRA LED EPISTAR Y,LUXBAR252PLUS,MEDIO,C,,
OFF ROAD BARRA | BARRA DE 96 LED 288,LUXBAR288,MEDIO,C,,
OFF ROAD BARRA | BARRA DE 54 LED DE 3,LUXBAR288PLUS,MEDIO,C,,
OFF ROAD BARRA | BARRA DE 100 LED 300,LUXBAR300,MEDIO,C,,
OFF ROAD BARRA | BARRA DE 63 LED DE 3,LUXBAR324PLUS,MEDIO,C,,
OFF ROAD BARRA | BARRA DE 12 LED 36 W,LUXBAR36,BAJO,A,,
OFF ROAD BARRA | BARRA DE 120 LED DE,LUXBAR360PLUS,ALTO,C,,
OFF ROAD BARRA | BARRA DE LED DE 120,LUXBAR36MAX,BAJO,A,,
OFF ROAD BARRA | BARRA DE 24 LED DE 3,LUXBAR36MULTI,BAJO,A,,
OFF ROAD BARRA | BARRA DE LED DE 72 W,LUXBAR36PLUS,BAJO,A,,
OFF ROAD BARRA | BARRA DE LED DE 72 W,LUXBAR36PLUSW+A,BAJO,C,,
OFF ROAD BARRA | CON SOPAPAS PARA PEG,LUXBAR36QUAL-AMB,BAJO,B,,
OFF ROAD BARRA | CON SOPAPAS PARA PEG,LUXBAR36QUAL-BLU,BAJO,B,,
OFF ROAD BARRA | CON SOPAPAS PARA PEG,LUXBAR36QUAL-GRE,BAJO,C,,
OFF ROAD BARRA | CON SOPAPAS PARA PEG,LUXBAR36QUAL-RED,BAJO,C,,
OFF ROAD BARRA | BARRA DE LED ULTRA S,LUXBAR36RUAR,BAJO,A,,
OFF ROAD BARRA | BARRA DE LED ULTRA S,LUXBAR36RUAR-AMB,BAJO,A,,
OFF ROAD BARRA | BARRA DE 18 LED 36 W,LUXBAR36ULTRA,BAJO,B,,
OFF ROAD BARRA | BARRA LED EPISTAR Y,LUXBAR396PLUS,ALTO,C,,
OFF ROAD BARRA | BARRA DE LED ULTRA S,LUXBAR54RUAR,BAJO,A,,
OFF ROAD BARRA | BARRA DE LED ULTRA S,LUXBAR54RUAR-AMB,BAJO,A,,
OFF ROAD BARRA | BARRA DE 24 LED 72 W,LUXBAR72,BAJO,A,,
OFF ROAD BARRA | BARRA DE LED ULTRA S,LUXBAR72RUAR,MEDIO,A,,
OFF ROAD BARRA | BARRA DE LED ULTRA S,LUXBAR72RUAR-AMB,MEDIO,B,,
OFF ROAD BARRA | BARRA DE 30 LED 90 W,LUXBAR90,MEDIO,C,,
OFF ROAD KIT LE | KIT DE LED H13 6TA G,LUXC6-H13,BAJO,D,,
OFF ROAD KIT DE | H27 6 GEN 16000LM CH,LUXC6-H27,BAJO,C,,
OFF ROAD KIT DE | H1 6 GEN 20000LM CHI,LUXC6MINI-H1,BAJO,C,,
OFF ROAD KIT DE | H11 6 GEN 20000LM CH,LUXC6MINI-H11,BAJO,C,,
OFF ROAD KIT DE | H27 6 GEN 20000LM CH,LUXC6MINI-H27,BAJO,C,,
OFF ROAD KIT DE | H4 6 GEN 20000LM CHI,LUXC6MINI-H4,BAJO,C,,
OFF ROAD KIT DE | 9004 6 GEN 20000LM C,LUXC6MINI9004,BAJO,C,,
OFF ROAD KIT DE | 9006 6 GEN 20000LM C,LUXC6MINI9006,BAJO,C,,
OFF ROAD KIT DE | 9007 6 GEN 20000LM C,LUXC6MINI9007,BAJO,C,,
OFF ROAD KIT DE | PSX24W 6 GEN 20000LM,LUXC6MINIPSX24W,BAJO,C,,
OFF ROAD JUEGO | UNIVERSAL RECTANGULA,LUXCOB21212V,BAJO,C,,
LED SUPER CANBU | LED 7440 BLANCO SUPE,LUXCSP7440,BAJO,D,,
OFF ROAD BARRA | BARRA CURVA DE 40 LE,LUXCURV120,MEDIO,A,,
OFF ROAD BARRA | BARRA CURVA DE 60 LE,LUXCURV180,MEDIO,B,,
OFF ROAD BARRA | BARRA CURVA DE 80 LE,LUXCURV240,MEDIO,B,,
OFF ROAD BARRA | BARRA CURVA DE 100 L,LUXCURV300,ALTO,B,,
ANILLOS LED | ANILLOS PARA SUSPENS,LUXDAK001,BAJO,C,,
ANILLOS LED | ANILLOS PARA SUSPENS,LUXDAK002,BAJO,C,,
ANILLOS LED | ANILLOS PARA SUSPENS,LUXDAK003,BAJO,C,,
ANILLOS LED | ANILLOS PARA SUSPENS,LUXDAK004,BAJO,C,,
ANILLOS LED | ANILLOS PARA SUSPENS,LUXDAK005,BAJO,C,,
ANILLOS LED | ANILLOS PARA SUSPENS,LUXDAK006,BAJO,C,,
OFF ROAD FARO D | FARO AUXILIAR 12V 10,LUXDJ-BYL10W,BAJO,A,,
OFF ROAD JUEGO | SET X 4 FAROS DESTEL,LUXDJ-KD108810W,BAJO,B,,
LED SEÑALIZACIO | SET X 5 HILO DE NEON,LUXDJ-KD118810W,MEDIO,B,,
LED SEÑALIZACIO | TIRA DE LUCES RGB X,LUXDJ-KD128810W,BAJO,B,,
OFF ROAD JUEGO | JUEGO FAROS X 4 DE S,LUXDJ-KD138810W,BAJO,A,,
LAMPARA LED | LAMPARA H4 LED BLANC,LUXDJ-KD13891,BAJO,B,,
LAMPARA LED | LAMPARA H4 LED BLANC,LUXDJ-KD13892,BAJO,B,,
LAMPARA LED | LAMPARA H4 LED BLANC,LUXDJ-KD13893,BAJO,B,,
OFF ROAD FARO D | FAROS AUXILIARES 12V,LUXDJ-KD412W,BAJO,A,,
OFF ROAD FARO D | MOLDURA LED 25CM X 2,LUXDJ-KD512W-AMBER,BAJO,B,,
OFF ROAD FARO D | MOLDURA LED 25CM X 2,LUXDJ-KD512W-RED,BAJO,B,,
OFF ROAD FARO D | MOLDURA LED 25CM X 2,LUXDJ-KD512W-WHITE,BAJO,B,,
OFF ROAD FARO D | SENALIZACION LATERAL,LUXDJ-KD612W-AMBER,BAJO,A,,
OFF ROAD FARO D | SENALIZACION LATERAL,LUXDJ-KD612W-GREEN,BAJO,B,,
OFF ROAD FARO D | SENALIZACION LATERAL,LUXDJ-KD612W-RED,BAJO,A,,
OFF ROAD FARO D | SENALIZACION LATERAL,LUXDJ-KD612W-WHITE,BAJO,A,,
OFF ROAD FARO D | FAROS AUXILIARES 12V,LUXDJ-KD6810W,BAJO,A,,
OFF ROAD FARO D | SENALIZACION LATERAL,LUXDJ-KD712W-AMBER,BAJO,A,,
OFF ROAD FARO D | SENALIZACION LATERAL,LUXDJ-KD712W-GREEN,BAJO,B,,
OFF ROAD FARO D | SENALIZACION LATERAL,LUXDJ-KD712W-RED,BAJO,A,,
OFF ROAD FARO D | SENALIZACION LATERAL,LUXDJ-KD712W-WHITE,BAJO,A,,
OFF ROAD FARO D | FARO AUXILIAR LED DE,LUXDJ-KD7810W,BAJO,A,,
JUEGO DE LUCES | JUEGO DE FAROS LED L,LUXDJ-KD812W-AMB,BAJO,B,,
OFF ROAD FARO D | FARO AUXILIAR LED DE,LUXDJ-KD8810W,BAJO,A,,
OFF ROAD FARO D | FARO AUXILIAR LED DE,LUXDJ-KD9810W,BAJO,A,,
OFF ROAD FARO D | LUZ TESTIGO UNIVERSA,LUXDJ-KED812W-AMBER,BAJO,A,,
OFF ROAD FARO D | LUZ TESTIGO UNIVERSA,LUXDJ-KED812W-GREEN,BAJO,B,,
OFF ROAD FARO D | LUZ TESTIGO UNIVERSA,LUXDJ-KED812W-RED,BAJO,A,,
OFF ROAD FARO D | LUZ TESTIGO UNIVERSA,LUXDJ-KED812W-WHITE,BAJO,B,,
OFF ROAD FARO D | LUZ LED BLANCA CON F,LUXDJ-MTY20W,BAJO,B,,
OFF ROAD FARO D | CALAVERA CON ILUMINA,LUXDJ-MTY30W,BAJO,B,,
OFF ROAD FARO D | LUZ LED BLANCA Y AMB,LUXDJ-NEW-MTY20W,BAJO,B,,
OFF ROAD FARO D | RECTANGULAR DOBLE LU,LUXDJ-U1010W,BAJO,A,,
OFF ROAD FARO D | RECTANGULAR TRIPLE L,LUXDJ-U1110W,BAJO,A,,
OFF ROAD FARO D | RECTANGULAR CUADRUPL,LUXDJ-U1210W,BAJO,A,,
OFF ROAD FARO D | JUEGO DE FARO CUADRA,LUXDJ-U1310W,MEDIO,B,,
OFF ROAD FARO D | RECTANGULAR QUINTUPL,LUXDJ-U1410W,BAJO,B,,
OFF ROAD FARO D | RECTANGULAR SEXTUPLE,LUXDJ-U1510W,BAJO,B,,
OFF ROAD FARO D | RECTANGULAR SEXTUPLE,LUXDJ-U1610W,BAJO,B,,
OFF ROAD FARO D | RECTANGULAR OCTUPLE,LUXDJ-U1710W,MEDIO,B,,
OFF ROAD FARO D | RECTANGULAR DECUPLO,LUXDJ-U1810W,MEDIO,B,,
OFF ROAD FARO M | FARO AUXILIAR 12V 10,LUXDJ-U510W,BAJO,B,,
OFF ROAD FARO D | LUZ LED ALTA Y BAJA,LUXDJ-U710W-BLUE,BAJO,B,,
OFF ROAD FARO D | LUZ LED BLANCA ESTAB,LUXDJ-U710W-MULTI,BAJO,B,,
OFF ROAD FARO D | LUZ LED ALTA Y BAJA,LUXDJ-U710W-RED,BAJO,B,,
OFF ROAD FARO D | LUZ LED ALTA Y BAJA,LUXDJ-U710W-WHITE,BAJO,A,,
OFF ROAD FARO D | LUZ LED ALTA Y BAJA,LUXDJ-U7MINI10W-BLUE,BAJO,C,,
OFF ROAD FARO D | LUZ LED ALTA Y BAJA,LUXDJ-U7MINI10W-RED,BAJO,C,,
OFF ROAD FARO D | LUZ LED ALTA Y BAJA,LUXDJ-U7MINI10W-WHITE,BAJO,A,,
OFF ROAD FARO D | FARO DE GIRO UNIVERS,LUXDJ-ZXD015W,BAJO,A,,
OFF ROAD FARO D | FARO DE GIRO UNIVERS,LUXDJ-ZXD025W,BAJO,A,,
OFF ROAD FARO D | FARO DE GIRO UNIVERS,LUXDJ-ZXD025WAMB,BAJO,A,,
OFF ROAD FARO D | GIRO PARA MOTO CON L,LUXDJ-ZXD1015W,BAJO,C,,
OFF ROAD FARO D | GIRO PARA MOTO CON L,LUXDJ-ZXD1025W,BAJO,B,,
OFF ROAD FARO D | GIRO PARA MOTO CON L,LUXDJ-ZXD1115W,BAJO,A,,
OFF ROAD FARO D | FARO DE GIRO UNIVERS,LUXDJ-ZXD115W,BAJO,B,,
OFF ROAD FARO D | GIRO PARA MOTO CON L,LUXDJ-ZXD1315W,BAJO,B,,
OFF ROAD FARO D | GIRO PARA MOTO CON L,LUXDJ-ZXD1415W,BAJO,B,,
OFF ROAD FARO D | GIRO PARA MOTO CON L,LUXDJ-ZXD1515W,BAJO,B,,
OFF ROAD FARO D | GIRO PARA MOTO CON L,LUXDJ-ZXD1615W,BAJO,B,,
OFF ROAD FARO D | FARO DE GIRO UNIVERS,LUXDJ-ZXD215W,BAJO,B,,
OFF ROAD FARO D | GIRO PARA MOTO CON L,LUXDJ-ZXD315W,BAJO,A,,
OFF ROAD FARO D | FARO DE GIRO UNIVERS,LUXDJ-ZXD415W,BAJO,A,,
OFF ROAD FARO D | FARO DE GIRO UNIVERS,LUXDJ-ZXD515W,BAJO,A,,
OFF ROAD FARO D | GIRO PARA MOTO CON L,LUXDJ-ZXD615W,BAJO,B,,
OFF ROAD FARO D | GIRO PARA MOTO CON L,LUXDJ-ZXD715W,BAJO,A,,
OFF ROAD FARO D | GIRO PARA MOTO CON L,LUXDJ-ZXD815W,BAJO,B,,
OFF ROAD FARO D | GIRO PARA MOTO CON L,LUXDJ-ZXD915W,BAJO,B,,
OFF ROAD FARO D | FARO DE GIRO UNIVERS,LUXDJ-ZXE025W,BAJO,B,,
OFF ROAD FARO D | FARO DE GIRO UNIVERS,LUXDJ-ZXF025W,BAJO,B,,
OFF ROAD FARO D | FARO DE GIRO UNIVERS,LUXDJ-ZXG025W,BAJO,C,,
OFF ROAD FARO D | FARO DE LED CUADRADO,LUXDJ10124D,BAJO,C,,
OFF ROAD FARO D | FARO DE LED CUADRADO,LUXDJ1012AHALO,BAJO,C,,
OFF ROAD FARO D | CUADRADO 27 WATTS (9,LUXDJ1012AMBMB,BAJO,B,,
OFF ROAD FARO D | CUADRADO 27 WATTS (9,LUXDJ1012BLULU,BAJO,C,,
OFF ROAD FARO D | FARO DE LED CUADRADO,LUXDJ1012CROSS,BAJO,C,,
OFF ROAD FARO D | FARO DE LED CUADRADO,LUXDJ1012JEEP,BAJO,C,,
OFF ROAD FARO D | CUADRADO 36 WATTS (8,LUXDJ1012MAX,BAJO,B,,
OFF ROAD FARO D | FARO DE LED CUADRADO,LUXDJ1012MULTI,BAJO,C,,
OFF ROAD FARO D | FARO DE LED CUADRADO,LUXDJ1012PENT,BAJO,C,,
OFF ROAD FARO D | FARO DE LED CUADRADO,LUXDJ1012PRE,BAJO,B,,
OFF ROAD FARO D | CUADRADO 27 WATTS (9,LUXDJ1012SPEP,BAJO,A,,
OFF ROAD FARO D | FARO DE LED CUADRADO,LUXDJ1012SPIN,BAJO,C,,
OFF ROAD FARO D | FARO DE LED CUADRADO,LUXDJ1012ULTRA,BAJO,B,,
OFF ROAD FARO D | FARO DE LED CUADRADO,LUXDJ1012WHALO,BAJO,C,,
OFF ROAD FARO D | REDONDO 10 WATTS (1,LUXDJ10W,BAJO,C,,
OFF ROAD FARO D | REDONDO 10 WATTS (1,LUXDJ10WHALO,BAJO,C,,
OFF ROAD FARO D | LUZ LED BLANCA ESTAB,LUXDJ10WHALO-RED,BAJO,C,,
OFF ROAD FARO D | LUZ LED BLANCA ESTAB,LUXDJ10WHALO-WHITE,BAJO,C,,
OFF ROAD FARO D | RECTANGULAR 18 WATTS,LUXDJ11124D,BAJO,A,,
OFF ROAD FARO D | RECTANGULAR 18 WATTS,LUXDJ1112AMB,BAJO,C,,
OFF ROAD FARO D | FARO DE LED RECTANGU,LUXDJ1112HD,BAJO,A,,
OFF ROAD FARO D | FARO DE LED RECTANGU,LUXDJ1112JEEP,BAJO,B,,
OFF ROAD FARO D | RECTANGULAR 18 WATTS,LUXDJ1112MAX,BAJO,B,,
OFF ROAD FARO D | FARO DE LED RECTANGU,LUXDJ1112NEW,BAJO,B,,
OFF ROAD FARO D | RECTANGULAR 18 WATTS,LUXDJ1112SPEP,BAJO,A,,
OFF ROAD FARO D | RECTANGULAR 72 WATTS,LUXDJ1112SPIN,BAJO,B,,
OFF ROAD FARO D | FARO DE LED RECTANGU,LUXDJ1112ULTRA,BAJO,B,,
OFF ROAD JUEGO | UNIVERSAL CIRCULAR -,LUXDJ1129LED,BAJO,B,,
OFF ROAD FARO D | FARO LED REDONDO 21,LUXDJ1412PENT,MEDIO,C,,
OFF ROAD FARO D | FARO LED REDONDO 21,LUXDJ1412SPIN,MEDIO,C,,
OFF ROAD FARO D | FARO LED REDONDO 21,LUXDJ1412ULTRA,BAJO,C,,
OFF ROAD FARO D | CIRULAR 51 WATTS (18,LUXDJ1413SPEP,BAJO,B,,
OFF ROAD FARO D | FARO DE LED REDONDO,LUXDJ1413ULTRA,BAJO,B,,
OFF ROAD FARO D | CUADRADO 20 WATTS (4,LUXDJ1512SPCR,BAJO,B,,
OFF ROAD JUEGO | UNIVERSAL RECTANGULA,LUXDJ2125LED,BAJO,B,,
OFF ROAD FARO D | FARO DE LED CIRULAR,LUXDJ3914AMBMB,BAJO,B,,
OFF ROAD FARO D | FARO DE LED CIRULAR,LUXDJ3914BLULU,BAJO,B,,
OFF ROAD FARO D | CIRULAR 42 WATTS (14,LUXDJ3914SPEP,BAJO,A,,
OFF ROAD JUEGO | UNIVERSAL RECTANGULA,LUXDJ4125LED,BAJO,C,,
OFF ROAD FARO D | CUADRADO 48 WATTS (1,LUXDJ4914AMBMB,BAJO,C,,
OFF ROAD FARO D | CUADRADO 48 WATTS (1,LUXDJ4914BLULU,BAJO,C,,
OFF ROAD FARO D | CUADRADO 48 WATTS (1,LUXDJ4914SPEPI,BAJO,A,,
OFF ROAD FARO D | RECTANGULAR 9 WATTS,LUXDJ5900BLA,BAJO,C,,
OFF ROAD FARO D | LUZ LED BLANCA CON F,LUXDJ5925AHALO-BLUE,BAJO,C,,
OFF ROAD FARO D | LUZ LED BLANCA CON F,LUXDJ5925AHALO-RED,BAJO,C,,
OFF ROAD FARO D | LUZ LED BLANCA CON F,LUXDJ5925AHALO-WHITE,BAJO,B,,
OFF ROAD FARO D | LUZ MULTILED BLANCA,LUXDJ5925AHALO-YELLOW,BAJO,B,,
OFF ROAD FARO D | RECTANGULAR 45 WATTS,LUXDJ5925BLA,BAJO,A,,
OFF ROAD FARO D | LUZ MULTILED BLANCA,LUXDJ5925CROSS,BAJO,B,,
OFF ROAD FARO D | LUZ MULTILED BLANCA,LUXDJ5925JEEP,MEDIO,B,,
OFF ROAD FARO D | LUZ MULTILED BLANCA,LUXDJ5925PRE,MEDIO,C,,
OFF ROAD FARO D | RECTANGULAR 45 WATTS,LUXDJ5930BLA,BAJO,B,,
OFF ROAD FARO D | FARO DE LED RECTANGU,LUXDJ5930HALO,BAJO,C,,
OFF ROAD FARO D | LUZ LED BLANCA CON F,LUXDJ5930HALO-BLUE,BAJO,C,,
OFF ROAD FARO D | LUZ LED BLANCA CON F,LUXDJ5930HALO-RED,BAJO,C,,
OFF ROAD FARO D | LUZ LED BLANCA CON F,LUXDJ5930HALO-WHITE,BAJO,C,,
OFF ROAD FARO D | LUZ LED BLANCA CON F,LUXDJ5930HALO-YELLOW,BAJO,C,,
OFF ROAD FARO D | FARO LED RECTANGULAR,LUXDJ5930ULTRA,BAJO,C,,
OFF ROAD FARO D | RECTANGULAR 24 WATTS,LUXDJ5935AMB,BAJO,C,,
OFF ROAD FARO D | RECTANGULAR 24 WATTS,LUXDJ5935BLA,BAJO,A,,
OFF ROAD FARO D | LUZ MULTILED BLANCA,LUXDJ5935CROSS,BAJO,C,,
OFF ROAD FARO D | FARO LED RECTANGULAR,LUXDJ5935JEEP,MEDIO,B,,
OFF ROAD FARO D | FARO LED RECTANGULAR,LUXDJ5935MAX,MEDIO,C,,
"OFF ROAD FARO D | FARO RECTANGULAR 19,",LUXDJ5935MULTI,MEDIO,C,,
OFF ROAD FARO D | FARO LED RECTANGULAR,LUXDJ5935PENT,MEDIO,C,,
OFF ROAD FARO D | LUZ MULTILED BLANCA,LUXDJ5935RUAR,MEDIO,B,,
OFF ROAD FARO D | LUZ MULTILED BLANCA,LUXDJ5935SPIN,BAJO,C,,
OFF ROAD FARO D | FARO LED RECTANGULAR,LUXDJ5935ULTRA,MEDIO,C,,
OFF ROAD FARO D | RECTANGULAR 30 WATTS,LUXDJ5940BLALA,BAJO,C,,
OFF ROAD FARO D | RECTANGULAR 12 WATTS,LUXDJ5960BLALA,BAJO,C,,
OFF ROAD FARO D | RECTANGULAR 18 WATTS,LUXDJ5970BLALA,BAJO,C,,
OFF ROAD FARO D | FARO RECTANGULAR 15,LUXDJ5990BLALA,BAJO,C,,
OFF ROAD FARO D | CUADRADO 36 WATTS (6,LUXDJ5991AMB,BAJO,C,,
OFF ROAD FARO D | CUADRADO 60 WATTS (6,LUXDJ5995AMB,BAJO,C,,
OFF ROAD FARO D | CUADRADO 60 WATTS (6,LUXDJ5995BLA,BAJO,C,,
OFF ROAD FARO D | OVALADO 24 WATTS (8,LUXDJ6900BLA,BAJO,A,,
OFF ROAD FARO D | FARO DE LED OVALADO,LUXDJ6900MAX,BAJO,B,,
PROYECTOR LED L | JUEGO DE PROYECTORES,LUXDJ6910HALO,ALTO,A,,
PROYECTOR LED L | JUEGO DE PROYECTORES,LUXDJ6910W+Y,ALTO,C,,
"OFF ROAD FARO D | REDONDO 5.75"" AUTO -",LUXDJ6920CROSS,MEDIO,C,,
"OFF ROAD FARO D | REDONDO 5.75"" AUTO -",LUXDJ6920PENT,MEDIO,C,,
"OFF ROAD FARO D | REDONDO 5.75"" AUTO -",LUXDJ6920WHALO,BAJO,B,,
OFF ROAD FARO D | REDONDO 7 USO IDEAL,LUXDJ6930BLALA,BAJO,A,,
"OFF ROAD FARO D | REDONDO 7"" AUTO - CA",LUXDJ6930CROSS,MEDIO,C,,
"OFF ROAD FARO D | REDONDO 7"" USO IDEAL",LUXDJ6930JEEP,MEDIO,B,,
OFF ROAD FARO D | FARO LED 7 40W 1 LED,LUXDJ6930MAX,MEDIO,C,,
OFF ROAD FARO D | FARO LED 7 40W 13 LE,LUXDJ6930MULTI,MEDIO,C,,
"OFF ROAD FARO D | REDONDO 7"" CALABERA",LUXDJ6930PENT,MEDIO,B,,
OFF ROAD FARO D | FARO LED 7 96W 32 LE,LUXDJ6930PRE,MEDIO,C,,
"OFF ROAD FARO D | REDONDO 7"" USO IDEAL",LUXDJ6930RUAR,BAJO,C,,
"OFF ROAD FARO D | REDONDO 7"" 12 LED EP",LUXDJ6930SPIN,MEDIO,C,,
"OFF ROAD FARO D | REDONDO 7"" USO IDEAL",LUXDJ6930ULTRA,MEDIO,C,,
PLAFON LED | JUEGO DE 2 UNIDADES,LUXDJ6931BLA,BAJO,A,,
PLAFON LED | PLAFON LED CON TECLA,LUXDJ6932BLA,BAJO,A,,
PLAFON LED | JUEGO DE 2 UNIDADES,LUXDJ6933BLA,BAJO,A,,
PLAFON LED | JUEGO DE 2 UNIDADES,LUXDJ6934BLA,BAJO,A,,
OFF ROAD FARO D | FARO LED 7 40W 13 LE,LUXDJ6935AHALO,MEDIO,C,,
OFF ROAD FARO D | REDONDO 7 USO IDEAL,LUXDJ6935BLA,BAJO,B,,
PLAFON LED | CAJA DE 4 UNIDADES D,LUXDJ6935BLA-50BA,BAJO,B,,
OFF ROAD FARO D | FARO LED 7 48W 16 LE,LUXDJ6935ULTRA,MEDIO,C,,
PLAFON LED | CAJA DE 4 UNIDADES D,LUXDJ6936BLA-100B,MEDIO,C,,
OFF ROAD FARO D | JUEGO FARO LED 3.5 3,LUXDJ6940AHALO,MEDIO,A,,
OFF ROAD FARO D | LUZ LED BLANCA CON O,LUXDJ6940CROSS,ALTO,C,,
OFF ROAD FARO D | JUEGO FARO LED 17W 4,LUXDJ6940JEEP,MEDIO,C,,
PROYECTOR LED L | JUEGO DE PROYECTORES,LUXDJ6950MAX,ALTO,C,,
PROYECTOR LED L | JUEGO DE PROYECTORES,LUXDJ6950MINI,ALTO,B,,
"OFF ROAD FARO D | DAKAR FORCE 5"" 15 LE",LUXDJ6950ULTRA-5,MEDIO,B,,
"OFF ROAD FARO D | DAKAR FORCE 7"" 15 LE",LUXDJ6950ULTRA-7,MEDIO,B,,
"OFF ROAD FARO D | DAKAR FORCE 9"" 15 LE",LUXDJ6950ULTRA-9,MEDIO,C,,
OFF ROAD FARO D | REDONDO 96 WATTS (32,LUXDJ6970BLALA,ALTO,C,,
OFF ROAD FARO D | CUADRADO 48 WATTS (1,LUXDJ6980BLALA,MEDIO,C,,
"OFF ROAD FARO D | LUZ LED BLANCA, AMBA",LUXDJ7124D,BAJO,B,,
OFF ROAD FARO D | LUZ LED BLANCA ESTAB,LUXDJ712CROSS-BLUE,BAJO,C,,
OFF ROAD FARO D | LUZ LED BLANCA ESTAB,LUXDJ712CROSS-RED,BAJO,C,,
OFF ROAD FARO D | LUZ LED BLANCA ESTAB,LUXDJ712CROSS-WHITE,BAJO,C,,
OFF ROAD FARO D | LUZ LED BLANCA ESTAB,LUXDJ712HALO,BAJO,A,,
OFF ROAD FARO D | LUZ LED BLANCA ESTAB,LUXDJ712JEEP-BLUE,BAJO,C,,
OFF ROAD FARO D | LUZ LED BLANCA ESTAB,LUXDJ712JEEP-RED,BAJO,C,,
OFF ROAD FARO D | LUZ LED BLANCA ESTAB,LUXDJ712JEEP-WHITE,BAJO,C,,
OFF ROAD FARO D | LUZ LED BLANCA Y AMB,LUXDJ712MAX,BAJO,C,,
OFF ROAD FARO D | LUZ LED BLANCA Y AMB,LUXDJ712MINI,BAJO,B,,
OFF ROAD FARO D | LUZ LED BLANCA Y AMB,LUXDJ712MULTI,BAJO,B,,
OFF ROAD FARO D | LUZ LED BLANCA Y AMB,LUXDJ712PENT-BLUE,BAJO,C,,
OFF ROAD FARO D | LUZ LED BLANCA Y AMB,LUXDJ712PENT-RED,BAJO,C,,
OFF ROAD FARO D | LUZ LED BLANCA Y AMB,LUXDJ712PENT-WHITE,BAJO,B,,
OFF ROAD FARO D | LUZ LED BLANCA ESTAB,LUXDJ712PRE-BLUE,BAJO,C,,
OFF ROAD FARO D | LUZ LED BLANCA ESTAB,LUXDJ712PRE-RED,BAJO,C,,
OFF ROAD FARO D | LUZ LED BLANCA ESTAB,LUXDJ712PRE-WHITE,BAJO,C,,
OFF ROAD FARO D | LUZ LED BLANCA ESTAB,LUXDJ712REDHALO,BAJO,C,,
OFF ROAD FARO D | LUZ LED BLANCA ESTAB,LUXDJ712RUAR,BAJO,C,,
OFF ROAD FARO D | CIRCULAR DE 12 WATTS,LUXDJ712SPEP,BAJO,C,,
OFF ROAD FARO D | LUZ LED BLANCA ESTAB,LUXDJ712SPEPI,BAJO,A,,
OFF ROAD FARO D | LUZ LED BLANCA ESTAB,LUXDJ712SPIN-BLUE,BAJO,C,,
OFF ROAD FARO D | LUZ LED BLANCA ESTAB,LUXDJ712SPIN-RED,BAJO,C,,
OFF ROAD FARO D | LUZ LED BLANCA ESTAB,LUXDJ712SPIN-WHITE,BAJO,C,,
OFF ROAD FARO D | LUZ LED BLANCA Y AMB,LUXDJ712ULTRA-BLUE,BAJO,C,,
OFF ROAD FARO D | LUZ LED BLANCA Y AMB,LUXDJ712ULTRA-RED,BAJO,C,,
OFF ROAD FARO D | LUZ LED BLANCA Y AMB,LUXDJ712ULTRA-WHITE,BAJO,B,,
OFF ROAD FARO D | LUZ LED BLANCA ESTAB,LUXDJ715-RHALO,BAJO,C,,
PANEL LED | JUEGO DE PANELES CIR,LUXDJ7154D,ALTO,C,,
OFF ROAD FARO D | LUZ LED BLANCA ESTAB,LUXDJ715AHALO,BAJO,C,,
OFF ROAD FARO D | LUZ LED BLANCA Y AMB,LUXDJ715CROSS,MEDIO,C,,
OFF ROAD FARO D | LUZ LED BLANCA ESTAB,LUXDJ715JEEP,BAJO,C,,
OFF ROAD FARO D | LUZ LED BLANCA Y AMB,LUXDJ715MAX,MEDIO,B,,
OFF ROAD FARO D | LUZ LED BLANCA ESTAB,LUXDJ715MINI,BAJO,B,,
OFF ROAD FARO D | LUZ LED BLANCA Y AMB,LUXDJ715PENT,MEDIO,C,,
"OFF ROAD FARO D | LUZ LED BLANCA, AMBA",LUXDJ715PRE,BAJO,C,,
OFF ROAD FARO D | LUZ LED BLANCA Y AMB,LUXDJ715RUAR,BAJO,C,,
OFF ROAD FARO D | CIRCULAR DE 12 WATTS,LUXDJ715SPEP,BAJO,C,,
OFF ROAD FARO D | LUZ LED BLANCA ESTAB,LUXDJ715SPIN,BAJO,C,,
OFF ROAD FARO D | LUZ LED BLANCA Y AMB,LUXDJ715ULTRA,MEDIO,C,,
OFF ROAD JUEGO | JUEGO DE FAROS LED 7,LUXDJ715WHALO,BAJO,A,,
OFF ROAD FARO D | ROMBOIDAL 27 WATTS (,LUXDJ7900BLALA,BAJO,C,,
OFF ROAD FARO D | ROMBOIDAL 48 WATTS (,LUXDJ7910BLALA,BAJO,C,,
OFF ROAD FARO D | FARO DE LED CIRULAR,LUXDJ912AHALO,BAJO,B,,
OFF ROAD FARO D | CIRULAR 27 WATTS (9,LUXDJ912AMBB,BAJO,A,,
OFF ROAD FARO D | CIRULAR 27 WATTS (9,LUXDJ912BLUU,BAJO,B,,
OFF ROAD FARO D | FARO DE LED CIRULAR,LUXDJ912CROSS,BAJO,C,,
OFF ROAD FARO D | FARO DE LED CIRULAR,LUXDJ912HALO,BAJO,C,,
OFF ROAD FARO D | FARO DE LED CIRULAR,LUXDJ912JEEP,BAJO,B,,
OFF ROAD FARO D | CIRCULAR 36 WATTS (8,LUXDJ912MAX,BAJO,A,,
OFF ROAD FARO D | CIRULAR 27 WATTS (9,LUXDJ912MINI,BAJO,B,,
OFF ROAD FARO D | FARO DE LED REDONDO,LUXDJ912MULTI,BAJO,B,,
OFF ROAD FARO D | FARO DE LED CIRULAR,LUXDJ912PENT,BAJO,B,,
OFF ROAD FARO D | FARO DE LED CIRULAR,LUXDJ912PLUS,BAJO,C,,
OFF ROAD FARO D | FARO DE LED REDONDO,LUXDJ912RUAR,BAJO,B,,
OFF ROAD FARO D | CIRULAR 27 WATTS (9,LUXDJ912SPEPI,BAJO,A,,
OFF ROAD FARO D | FARO DE LED CIRULAR,LUXDJ912SPIN,BAJO,C,,
OFF ROAD FARO D | FARO DE LED REDONDO,LUXDJ912ULTRA,BAJO,C,,
PANEL LED | JUEGO DE PANELES TRA,LUXDJU110W,ALTO,C,,
PANEL LED | PANEL RGB PARA USO E,LUXDJU810W,MEDIO,C,,
PANEL LED RGB | 1280 LEDS l 16*64 PI,LUXDJU910W,MEDIO,C,,
PANEL LED RGB | 1536 LEDS l 16*96 PI,LUXDJU925W,MEDIO,C,,
PANEL LED RGB | 1536 LEDS l 16*96 PI,LUXDJU950W,ALTO,C,,
TIRA DE LED DRL | TIRA DE LED AUTOADHE,LUXDRICREE12R150C,MEDIO,C,,
TIRA DE LED DRL | TIRA DE LED AUTOADHE,LUXDRICREE12RJ120,MEDIO,C,,
TIRA DE LED DRL | TIRA DE LED AUTOADHE,LUXDRICSP12ROJ120,MEDIO,C,,
TIRA DE LED DRL | TIRA DE LED AUTOADHE,LUXDRICSP12ROJ150,MEDIO,C,,
OFF ROAD FARO D | TIRA FLEXIBLE LED RO,LUXDRLFLEX-RAMB,BAJO,B,,
JUEGO DE TIRAS | JUEGO (2 UNIDADES) D,LUXDRLFLEXAMB30,BAJO,C,,
JUEGO DE TIRAS | JUEGO (2 UNIDADES) D,LUXDRLFLEXAMB60,BAJO,C,,
JUEGO DE TIRAS | DRL FLEXIBLE AZUL 60,LUXDRLFLEXAZU,BAJO,C,,
JUEGO DE TIRAS | JUEGO (2 UNIDADES) D,LUXDRLFLEXAZU30,BAJO,C,,
JUEGO DE TIRAS | JUEGO (2 UNIDADES) D,LUXDRLFLEXAZU60,BAJO,C,,
JUEGO DE TIRAS | DRL FLEXIBLE BLANCA,LUXDRLFLEXBLA,BAJO,C,,
TIRAS DE LED DR | TIRAS DE LED DRL / D,LUXDRLFLEXBLA120,BAJO,C,,
TIRAS DE LED DR | TIRAS DE LED DRL / D,LUXDRLFLEXBLA150,MEDIO,C,,
JUEGO DE TIRAS | JUEGO (2 UNIDADES) D,LUXDRLFLEXBLA30,BAJO,C,,
JUEGO DE TIRAS | JUEGO (2 UNIDADES) D,LUXDRLFLEXBLA60,BAJO,C,,
JUEGO DE TIRAS | DRL FLEXIBLE BLANCA,LUXDRLFLEXBYA,BAJO,C,,
JUEGO DE TIRAS | JUEGO (2 UNIDADES) D,LUXDRLFLEXBYA30,BAJO,C,,
JUEGO DE TIRAS | JUEGO (2 UNIDADES) D,LUXDRLFLEXBYA60,BAJO,B,,
JUEGO DE TIRAS | JUEGO (2 UNIDADES) D,LUXDRLFLEXROJ30,BAJO,C,,
JUEGO DE TIRAS | JUEGO (2 UNIDADES) D,LUXDRLFLEXROJ60,BAJO,C,,
EMULADOR PARA K | KIT 9004 / 9007 CAN-,LUXECA9004-7,BAJO,C,,
EMULADOR PARA K | KIT 9005 CAN-BUS (X,LUXECA9005,BAJO,C,,
EMULADOR PARA K | KIT 9006 CAN-BUS (X,LUXECA9006,BAJO,C,,
EMULADOR PARA K | KIT H1 CAN-BUS (X JU,LUXECAH1,BAJO,C,,
EMULADOR PARA K | KIT H11 CAN-BUS (X J,LUXECAH11,BAJO,C,,
EMULADOR PARA K | KIT H3 CAN-BUS (X JU,LUXECAH3,BAJO,C,,
EMULADOR PARA K | KIT H4 CAN-BUS (X JU,LUXECAH4,BAJO,C,,
EMULADOR PARA K | KIT H7 CAN-BUS (X JU,LUXECAH7,BAJO,C,,
OFF ROAD BARRA | 12-36V BLANCA Y AMBA,LUXETI108BAR,MEDIO,C,,
OFF ROAD BARRA | 12-36V BLANCA Y AMBA,LUXETI126BAR,MEDIO,C,,
OFF ROAD BARRA | 12-36V BLANCA Y AMBA,LUXETI144BAR,MEDIO,C,,
OFF ROAD BARRA | 12-36V BLANCA Y AMBA,LUXETI18BAR,BAJO,C,,
OFF ROAD BARRA | 12-36V BLANCA Y AMBA,LUXETI36BAR,MEDIO,C,,
OFF ROAD BARRA | 12-36V BLANCA Y AMBA,LUXETI54BAR,MEDIO,C,,
OFF ROAD BARRA | 12-36V BLANCA Y AMBA,LUXETI72BAR,MEDIO,C,,
OFF ROAD BARRA | 12-36V BLANCA Y AMBA,LUXETI90BAR,MEDIO,B,,
JUEGO DE CONECT | CONECTOR FICHA PARA,LUXFITI3528,BAJO,B,,
JUEGO DE CONECT | CONECTOR FICHA PARA,LUXFITI5050,BAJO,A,,
OFF ROAD FARO D | 12V - 6 LED CHAT PAR,LUXFLASH-AMBYAMB,BAJO,A,,
OFF ROAD FARO D | 12V - 6 LED CHAT PAR,LUXFLASH-AYA,BAJO,A,,
OFF ROAD FARO D | 12V - 6 LED CHAT PAR,LUXFLASH-AYB,BAJO,B,,
OFF ROAD FARO D | 12V - 6 LED CHAT PAR,LUXFLASH-AYR,BAJO,B,,
OFF ROAD FARO D | 12V - 6 LED CHAT PAR,LUXFLASH-BYA,BAJO,A,,
OFF ROAD FARO D | 12V - 6 LED CHAT PAR,LUXFLASH-BYB,BAJO,A,,
OFF ROAD FARO D | 12V - 6 LED CHAT PAR,LUXFLASH-RYA,BAJO,B,,
OFF ROAD FARO D | 12V - 6 LED CHAT PAR,LUXFLASH-RYR,BAJO,A,,
OFF ROAD FARO D | 12V - 6 LED CHAT PAR,LUXFLASH-VYV,BAJO,A,,
OFF ROAD FARO D | LAMPARA LED MOTO H4,LUXG4-MOTO-H4,BAJO,A,,
OFF ROAD FARO D | LAMPARA LED MOTO H6,LUXG4-MOTO-H6,BAJO,A,,
OFF ROAD KIT DE | LAMPARA LED MOTO MUL,LUXG6-MOTO-72,BAJO,A,,
LEDS CREE | H16 LED CREE 50W - B,LUXH16CREE,BAJO,C,,
LEDS COB | H27 COB CON LUPA - B,LUXH27COB,BAJO,C,,
LAMPARA LED MOT | LAMPARA LED MOTO H4,LUXH4-GOLD,BAJO,A,,
OFF ROAD FARO D | LAMPARA LED MOTO H4,LUXH4-SILVER,BAJO,A,,
LAMPARA LED MOT | H6 12V 12W 12000 LUX,LUXH6-GOLD,BAJO,A,,
OFF ROAD FARO D | LAMPARA LED MOTO H6,LUXH6-SILVER,BAJO,A,,
CABLEADO DE INS | INSTALACION PARA JUE,LUXINST001,BAJO,C,,
MODULO LED SMD | 12 LED SMD AUTOADHES,LUXKD13900-12BLU,BAJO,A,,
MODULO LED SMD | 12 LED SMD AUTOADHES,LUXKD13900-12PINK,BAJO,A,,
MODULO LED SMD | 12 LED SMD AUTOADHES,LUXKD13900-12PURP,BAJO,A,,
MODULO LED SMD | 12 LED SMD AUTOADHES,LUXKD13900-12RED,BAJO,A,,
MODULO LED SMD | 12 LED SMD AUTOADHES,LUXKD13900-12VER,BAJO,A,,
MODULO LED SMD | 12 LED SMD AUTOADHES,LUXKD13900-12WHI,BAJO,A,,
MODULO LED SMD | 12 LED SMD AUTOADHES,LUXKD13900-12YEW,BAJO,A,,
MODULO LED SMD | 12 LED SMD AUTOADHES,LUXKD13900-24BLU,BAJO,A,,
MODULO LED SMD | 12 LED SMD AUTOADHES,LUXKD13900-24RED,BAJO,A,,
MODULO LED SMD | 12 LED SMD AUTOADHES,LUXKD13900-24VER,BAJO,A,,
MODULO LED SMD | 12 LED SMD AUTOADHES,LUXKD13900-24WHI,BAJO,A,,
MODULO LED SMD | 12 LED SMD AUTOADHES,LUXKD13900-24YEW,BAJO,A,,
MODULO LED SMD | 1 LED SMD CON LUPA A,LUXKD13901-12BLU,BAJO,A,,
MODULO LED SMD | 1 LED SMD CON LUPA A,LUXKD13901-12PINK,BAJO,A,,
MODULO LED SMD | 1 LED SMD CON LUPA A,LUXKD13901-12PURP,BAJO,A,,
MODULO LED SMD | 1 LED SMD CON LUPA A,LUXKD13901-12RED,BAJO,A,,
MODULO LED SMD | 1 LED SMD CON LUPA A,LUXKD13901-12VER,BAJO,A,,
MODULO LED SMD | 1 LED SMD CON LUPA A,LUXKD13901-12WHI,BAJO,A,,
MODULO LED SMD | 1 LED SMD CON LUPA A,LUXKD13901-12YEW,BAJO,A,,
MODULO LED SMD | 1 LED SMD CON LUPA A,LUXKD13901-24BLU,BAJO,A,,
MODULO LED SMD | 1 LED SMD CON LUPA A,LUXKD13901-24RED,BAJO,A,,
MODULO LED SMD | 1 LED SMD CON LUPA A,LUXKD13901-24VER,BAJO,B,,
MODULO LED SMD | 1 LED SMD CON LUPA A,LUXKD13901-24WHI,BAJO,A,,
MODULO LED SMD | 1 LED SMD CON LUPA A,LUXKD13901-24YEW,BAJO,A,,
MODULO LED COB | 5 LED COB CIRCULAR A,LUXKD13902-12BLU,BAJO,A,,
MODULO LED COB | 5 LED COB CIRCULAR A,LUXKD13902-12PINK,BAJO,B,,
MODULO LED COB | 5 LED COB CIRCULAR A,LUXKD13902-12PURP,BAJO,A,,
MODULO LED COB | 5 LED COB CIRCULAR A,LUXKD13902-12RED,BAJO,A,,
MODULO LED COB | 5 LED COB CIRCULAR A,LUXKD13902-12VER,BAJO,B,,
MODULO LED COB | 5 LED COB CIRCULAR A,LUXKD13902-12WHI,BAJO,A,,
MODULO LED COB | 5 LED COB CIRCULAR A,LUXKD13902-12YEW,BAJO,B,,
MODULO LED COB | 5 LED COB CIRCULAR A,LUXKD13902-24BLU,BAJO,B,,
MODULO LED COB | 5 LED COB CIRCULAR A,LUXKD13902-24RED,BAJO,B,,
MODULO LED COB | 5 LED COB CIRCULAR A,LUXKD13902-24VER,BAJO,C,,
MODULO LED COB | 5 LED COB CIRCULAR A,LUXKD13902-24WHI,BAJO,A,,
MODULO LED COB | 5 LED COB CIRCULAR A,LUXKD13902-24YEW,BAJO,B,,
MODULO LED COB | PLACA LED COB FUME A,LUXKD13903-12BLU,BAJO,A,,
MODULO LED COB | PLACA LED COB FUME A,LUXKD13903-12PINK,BAJO,B,,
MODULO LED COB | PLACA LED COB FUME A,LUXKD13903-12PURP,BAJO,B,,
MODULO LED COB | PLACA LED COB FUME A,LUXKD13903-12RED,BAJO,A,,
MODULO LED COB | PLACA LED COB FUME A,LUXKD13903-12VER,BAJO,B,,
MODULO LED COB | PLACA LED COB FUME A,LUXKD13903-12WHI,BAJO,A,,
MODULO LED COB | PLACA LED COB FUME A,LUXKD13903-12YEW,BAJO,B,,
MODULO LED COB | PLACA LED COB FUME A,LUXKD13903-24BLU,BAJO,A,,
MODULO LED COB | PLACA LED COB FUME A,LUXKD13903-24RED,BAJO,A,,
MODULO LED COB | PLACA LED COB FUME A,LUXKD13903-24VER,BAJO,B,,
MODULO LED COB | PLACA LED COB FUME A,LUXKD13903-24WHI,BAJO,A,,
MODULO LED COB | PLACA LED COB FUME A,LUXKD13903-24YEW,BAJO,B,,
MODULO LED COB | 3 LED COB CIRCULAR F,LUXKD13904-12BLU,BAJO,B,,
MODULO LED COB | 3 LED COB CIRCULAR F,LUXKD13904-12PINK,BAJO,B,,
MODULO LED COB | 3 LED COB CIRCULAR F,LUXKD13904-12PURP,BAJO,B,,
MODULO LED COB | 3 LED COB CIRCULAR F,LUXKD13904-12RED,BAJO,A,,
MODULO LED COB | 3 LED COB CIRCULAR F,LUXKD13904-12VER,BAJO,B,,
MODULO LED COB | 3 LED COB CIRCULAR F,LUXKD13904-12WHI,BAJO,A,,
MODULO LED COB | 3 LED COB CIRCULAR F,LUXKD13904-12YEW,BAJO,B,,
MODULO LED COB | 3 LED COB CIRCULAR F,LUXKD13904-24BLU,BAJO,B,,
MODULO LED COB | 3 LED COB CIRCULAR F,LUXKD13904-24RED,BAJO,B,,
MODULO LED COB | 3 LED COB CIRCULAR F,LUXKD13904-24VER,BAJO,C,,
MODULO LED COB | 3 LED COB CIRCULAR F,LUXKD13904-24WHI,BAJO,B,,
MODULO LED COB | 3 LED COB CIRCULAR F,LUXKD13904-24YEW,BAJO,C,,
OFF ROAD KIT LE | KIT DE LED 9005 5TA,LUXL5-9005-56,BAJO,C,,
OFF ROAD KIT LE | KIT DE LED H16 5TA G,LUXL5-H16-56,BAJO,C,,
OFF ROAD KIT LE | KIT DE LED H16 6TA G,LUXL6-H16-72,,D,,
LEDS SMD | 2821 - T10 - W5W 5 S,LUXLED12961BLA5P,BAJO,A,,
ROLLO DE LED | ROLLO DE LED 3528 -,LUXLED3528AMA24,BAJO,C,,
ROLLO DE LED | ROLLO DE LED DE NEON,LUXLEDDRILT12AMA,BAJO,C,,
ROLLO DE LED | ROLLO DE LED DE NEON,LUXLEDDRILT12AZU,BAJO,C,,
ROLLO DE LED | ROLLO DE LED DE NEON,LUXLEDDRILT12BLA,BAJO,B,,
ROLLO DE LED | ROLLO DE LED DE NEON,LUXLEDDRILT12ICE,BAJO,C,,
ROLLO DE LED | ROLLO DE LED DE NEON,LUXLEDDRILT12PIN,BAJO,C,,
ROLLO DE LED | ROLLO DE LED DE NEON,LUXLEDDRILT12ROJ,BAJO,C,,
ROLLO DE LED | ROLLO DE LED DE NEON,LUXLEDDRILT12VER,BAJO,C,,
ROLLO DE LED | ROLLO DE LED DE NEON,LUXLEDDRILT12VIO,BAJO,C,,
LED SEÑALIZACIO | JUEGO X 2 DE LED DE,LUXLEDEMBUAMB,BAJO,A,,
LED SEÑALIZACIO | JUEGO X 2 DE LED DE,LUXLEDEMBUBLA,BAJO,A,,
LED SEÑALIZACIO | JUEGO DE FAROS DE GI,LUXLEDEMBUBLAPLUS,BAJO,B,,
LED SEÑALIZACIO | JUEGO X 2 DE LED DE,LUXLEDEMBUBLUE,BAJO,B,,
PLAFON LED CREE | RECARGABLE USB 6 LED,LUXLEDRICREE12AZU,BAJO,C,,
PLAFON LED CREE | RECARGABLE USB 6 LED,LUXLEDRICREE12BLA,BAJO,C,,
PLAFON LED CREE | RECARGABLE USB 6 LED,LUXLEDRICREE12ICE,BAJO,C,,
PLAFON LED CREE | RECARGABLE USB 6 LED,LUXLEDRICREE12PIN,BAJO,C,,
MINI PLAFON LED | RECARGABLE USB 6 LED,LUXLEDRICSP12,BAJO,B,,
JUEGO DE TIRAS | JUEGO (2 UNIDADES) D,LUXLEDTIRA12VAYB,,D,,
JUEGO DE TIRAS | JUEGO (2 UNIDADES) D,LUXLEDTIRA12VAYR,,D,,
JUEGO DE TIRAS | JUEGO (2 UNIDADES) D,LUXLEDTIRA12VROJ,BAJO,C,,
JUEGO DE TIRAS | JUEGO (2 UNIDADES) D,LUXLEDTIRA12VRYB,BAJO,C,,
LAMPARA LED MOT | M5 12V 12W 12000 LUX,LUXM5-GOLD,BAJO,A,,
OFF ROAD FARO D | LAMPARA LED MOTO M5,LUXM5-SILVER,BAJO,A,,
OFF ROAD KIT DE | 9005 CHIP CSP SUPER,LUXM7-9005,BAJO,C,,
OFF ROAD KIT DE | 9006 CHIP CSP SUPER,LUXM7-9006,BAJO,C,,
OFF ROAD KIT DE | H1 CHIP CSP SUPER CA,LUXM7-H1,BAJO,B,,
OFF ROAD KIT DE | H11 CHIP CSP SUPER C,LUXM7-H11,BAJO,B,,
OFF ROAD KIT DE | H4 CHIP CSP SUPER CA,LUXM7-H4,MEDIO,A,,
OFF ROAD KIT DE | H7 CHIP CSP SUPER CA,LUXM7-H7,BAJO,A,,
OFF ROAD KIT LE | KIT DE LED H3 8VA GE,LUXM8-H3-240,BAJO,D,,
OFF ROAD KIT LE | KIT DE LED 9006 9NA,LUXN9-9006-160,BAJO,C,,
OFF ROAD KIT LE | KIT DE LED H1 9NA GE,LUXN9-H1-160,BAJO,C,,
OFF ROAD KIT LE | KIT DE LED H11 9NA G,LUXN9-H11-160,BAJO,C,,
OFF ROAD KIT LE | KIT DE LED H16L 9NA,LUXN9-H16L-160,MEDIO,C,,
OFF ROAD KIT LE | KIT DE LED H3 9NA GE,LUXN9-H3-160,BAJO,C,,
LEDS SMD | OJO DE ANGEL 39LED 3,LUXOJO352812V,BAJO,C,,
LEDS SMD | OJO DE ANGEL 39LED 5,LUXOJO505012V,BAJO,C,,
LEDS COB | OJO DE ANGEL COB-60M,LUXOJO60-24V,BAJO,C,,
LED SEÑALIZACIO | JUEGO DE OJOS DE ANG,LUXOJOCOB100MM,BAJO,C,,
LED SEÑALIZACIO | JUEGO DE OJOS DE ANG,LUXOJOCOB120MM,BAJO,C,,
LED SEÑALIZACIO | JUEGO DE OJOS DE ANG,LUXOJOCOB60MM,BAJO,C,,
LED SEÑALIZACIO | JUEGO DE OJOS DE ANG,LUXOJOCOB80MM,BAJO,C,,
OFF ROAD KIT DE | 9006 7 GEN 32000LM C,LUXP7-90060,BAJO,C,,
OFF ROAD KIT LE | KIT DE LED H1 7MA GE,LUXP7-H1-160,BAJO,C,,
OFF ROAD KIT DE | H13 7 GEN 32000LM CH,LUXP7-H13,BAJO,C,,
OFF ROAD KIT DE | H3 7 GEN 32000LM CHI,LUXP7-H3,BAJO,C,,
OFF ROAD KIT DE | H7 7 GEN 32000LM CHI,LUXP7-H7,BAJO,C,,
OFF ROAD KIT DE | PSX24WGL 7 GEN 32000,LUXP7-PSX,BAJO,C,,
LEDS SMD | PLAFON INTERIOR AUTO,LUXPLA30SMD12,BAJO,C,,
LEDS COB | PLAFON DE LUZ INTERI,LUXPLACOB18,BAJO,B,,
LEDS COB | PLAFON DE LUZ INTERI,LUXPLACOB21,BAJO,B,,
LEDS COB | PLAFON DE LUZ INTERI,LUXPLACOB24,BAJO,B,,
BALIZA GIRATORI | BALIZA GIRATORIA LED,LUXPREWARAMB,MEDIO,C,,
BALIZA GIRATORI | BALIZA GIRATORIA LED,LUXPREWARBLUE,MEDIO,C,,
BALIZA GIRATORI | BALIZA GIRATORIA LED,LUXPREWARRED,MEDIO,C,,
TESTER LAMPARAS | PRUEBA KITS DE LED -,LUXPROBADOR,ALTO,B,,
OFF ROAD KIT DE | 9005 HB3 10MA GENERA,LUXR8-9005,BAJO,A,,
OFF ROAD KIT DE | 9006 HB4 10MA GENERA,LUXR8-9006,BAJO,A,,
OFF ROAD KIT DE | 9007 10MA GENERACION,LUXR8-9007,BAJO,C,,
OFF ROAD KIT DE | H1 10MA GENERACION C,LUXR8-H1,BAJO,A,,
OFF ROAD KIT DE | H11 10MA GENERACION,LUXR8-H11,BAJO,A,,
OFF ROAD KIT DE | H27 10MA GENERACION,LUXR8-H27,BAJO,B,,
OFF ROAD KIT DE | H3 10MA GENERACION C,LUXR8-H3,BAJO,A,,
OFF ROAD KIT DE | H4 10MA GENERACION C,LUXR8-H4,BAJO,A,,
OFF ROAD KIT DE | H7 10MA GENERACION C,LUXR8-H7,BAJO,A,,
OFF ROAD KIT DE | PSX24W H16 10MA GENE,LUXR8-PSX24W,BAJO,A,,
MODULO LED COB | PLACA LED COB AUTOAD,LUXRICO12AMAMAX,BAJO,A,,
MODULO LED COB | TABLA RIGIDA COB AZU,LUXRICO12AZU,BAJO,A,,
MODULO LED COB | PLACA LED COB AUTOAD,LUXRICO12AZUMAX,BAJO,A,,
MODULO LED COB | TABLA RIGIDA COB BLA,LUXRICO12BLA,BAJO,A,,
MODULO LED COB | PLACA LED COB AUTOAD,LUXRICO12BLAMAX,BAJO,A,,
MODULO LED COB | TABLA RIGIDA COB PIN,LUXRICO12PIN,BAJO,A,,
MODULO LED COB | PLACA LED COB AUTOAD,LUXRICO12PINMAX,BAJO,A,,
MODULO LED COB | TABLA RIGIDA COB VIO,LUXRICO12PURP,BAJO,A,,
MODULO LED COB | PLACA LED COB AUTOAD,LUXRICO12PURPMAX,BAJO,A,,
MODULO LED COB | TABLA RIGIDA COB ROJ,LUXRICO12ROJ,BAJO,A,,
MODULO LED COB | PLACA LED COB AUTOAD,LUXRICO12ROJMAX,BAJO,A,,
MODULO LED COB | TABLA RIGIDA COB VER,LUXRICO12VER,BAJO,A,,
MODULO LED COB | PLACA LED COB AUTOAD,LUXRICO12VERMAX,BAJO,A,,
MODULO LED COB | TABLA RIGIDA COB YEL,LUXRICO12YEW,BAJO,A,,
MODULO LED COB | TABLA RIGIDA COB AMA,LUXRICO24AMA,BAJO,A,,
MODULO LED COB | PLACA LED COB AUTOAD,LUXRICO24AMAMAX,BAJO,A,,
MODULO LED COB | TABLA RIGIDA COB AZU,LUXRICO24AZU,BAJO,A,,
MODULO LED COB | PLACA LED COB AUTOAD,LUXRICO24AZUMAX,BAJO,A,,
MODULO LED COB | TABLA RIGIDA COB BLA,LUXRICO24BLA,BAJO,A,,
MODULO LED COB | PLACA LED COB AUTOAD,LUXRICO24BLAMAX,BAJO,A,,
MODULO LED COB | PLACA LED COB AUTOAD,LUXRICO24PURPMAX,BAJO,B,,
MODULO LED COB | TABLA RIGIDA COB ROJ,LUXRICO24ROJ,BAJO,A,,
MODULO LED COB | PLACA LED COB AUTOAD,LUXRICO24ROJMAX,BAJO,A,,
MODULO LED COB | TABLA RIGIDA COB VER,LUXRICO24VER,BAJO,A,,
MODULO LED COB | PLACA LED COB AUTOAD,LUXRICO24VERMAX,BAJO,A,,
LEDS SMD | TABLA RIGIDA 3 LED 5,LUXRIG3AMA12V,BAJO,C,,
LEDS SMD | TABLA RIGIDA 3 LED 5,LUXRIG3AZU24V,BAJO,C,,
LEDS SMD | TABLA RIGIDA 3 LED 5,LUXRIG3ROJ24V,BAJO,B,,
LEDS SMD | TABLA RIGIDA 3 LED 5,LUXRIG3VER12V,BAJO,B,,
LEDS SMD | TABLA RIGIDA 3 LED 5,LUXRIG3VER24V,BAJO,C,,
LEDS SMD | TABLA RIGIDA 3 LED 5,LUXRIG3VIO12V,BAJO,B,,
LEDS SMD | TABLA RIGIDA 5 LED 5,LUXRIG5AZU24V,BAJO,C,,
LEDS SMD | TABLA RIGIDA 5 LED 5,LUXRIG5VER24V,BAJO,C,,
OFF ROAD FARO D | GIRO PARA MOTO CON L,LUXRUN-ZXD015W,BAJO,B,,
OFF ROAD FARO D | GIRO PARA MOTO CON L,LUXRUN-ZXD415W,BAJO,A,,
OFF ROAD FARO D | GIRO PARA MOTO CON L,LUXRUN-ZXD515W,BAJO,A,,
OFF ROAD KIT DE | 9004 6 GEN REVOLUTIO,LUXS64D-9004,BAJO,C,,
OFF ROAD KIT DE | 9005 6 GEN REVOLUTIO,LUXS64D-9005,BAJO,C,,
OFF ROAD KIT DE | 9006 6 GEN REVOLUTIO,LUXS64D-9006,BAJO,C,,
OFF ROAD KIT DE | 9007 6 GEN REVOLUTIO,LUXS64D-9007,BAJO,C,,
OFF ROAD KIT DE | H1 6 GEN REVOLUTION,LUXS64D-H1,BAJO,B,,
OFF ROAD KIT DE | H11 6 GEN REVOLUTION,LUXS64D-H11,BAJO,B,,
OFF ROAD KIT DE | H13 6 GEN REVOLUTION,LUXS64D-H13,BAJO,C,,
OFF ROAD KIT DE | H16 6 GEN REVOLUTION,LUXS64D-H16,BAJO,C,,
OFF ROAD KIT DE | H27 6 GEN REVOLUTION,LUXS64D-H27,BAJO,C,,
OFF ROAD KIT DE | H3 6 GEN REVOLUTION,LUXS64D-H3,BAJO,C,,
OFF ROAD KIT DE | H7 6 GEN REVOLUTION,LUXS64D-H7,BAJO,A,,
OFF ROAD KIT DE | H3 6 GEN 32000LM CHI,LUXS6GOLD-H3,BAJO,C,,
OFF ROAD KIT DE | KIT DE LED 9006 6TA,LUXS6GOLD9006,BAJO,C,,
OFF ROAD KIT DE | 9004 6 GEN 32000LM C,LUXS6HIGH-9004,BAJO,B,,
OFF ROAD KIT DE | 9005 6 GEN 32000LM C,LUXS6HIGH-9005,BAJO,A,,
OFF ROAD KIT DE | 9006 6 GEN 32000LM C,LUXS6HIGH-9006,BAJO,A,,
OFF ROAD KIT DE | 9007 6 GEN 32000LM C,LUXS6HIGH-9007,BAJO,B,,
OFF ROAD KIT DE | 9012 6 GEN 32000LM C,LUXS6HIGH-9012,BAJO,C,,
OFF ROAD KIT DE | H1 6 GEN 32000LM CHI,LUXS6HIGH-H1,BAJO,A,,
OFF ROAD KIT DE | H11 6 GEN 32000LM CH,LUXS6HIGH-H11,BAJO,A,,
OFF ROAD KIT DE | H13 6 GEN 32000LM CH,LUXS6HIGH-H13,BAJO,C,,
OFF ROAD KIT DE | H16 6 GEN 32000LM CH,LUXS6HIGH-H16,BAJO,A,,
OFF ROAD KIT DE | H27 6 GEN 32000LM CH,LUXS6HIGH-H27,BAJO,B,,
OFF ROAD KIT DE | H3 6 GEN 32000LM CHI,LUXS6HIGH-H3,BAJO,A,,
OFF ROAD KIT DE | H4 6 GEN 32000LM CHI,LUXS6HIGH-H4,BAJO,A,,
OFF ROAD KIT DE | H7 6 GEN 32000LM CHI,LUXS6HIGH-H7,BAJO,A,,
OFF ROAD KIT DE | P13W 6 GEN 32000LM C,LUXS6HIGH-P13W,BAJO,C,,
OFF ROAD KIT DE | H11 6 GEN 32000LM CH,LUXS6PLUS-H11,BAJO,C,,
OFF ROAD KIT DE | H16 6 GEN 32000LM CH,LUXS6PLUS-H16,BAJO,C,,
OFF ROAD KIT DE | H3 6 GEN 32000LM CHI,LUXS6PLUS-H3,BAJO,C,,
OFF ROAD KIT DE | 9004 6 GEN 32000LM C,LUXS6PLUS9004,BAJO,C,,
TIRA DE LED DRL | TIRA DE LED AUTOADHE,LUXSTOP-32LED100C,BAJO,C,,
TIRA DE LED DRL | TIRA DE LED AUTOADHE,LUXSTOP-32LED90CM,BAJO,C,,
OFF ROAD FARO D | FARO STOP 32 LED 12V,LUXSTOP32LED,BAJO,A,,
BALIZA RECTANGU | BALIZA RECTANGULAR L,LUXSUPWARAMB,MEDIO,C,,
JUEGO DE TIRAS | JUEGO (2 UNIDADES) D,LUXTIRA12V30ROJ,BAJO,C,,
JUEGO DE TIRAS | JUEGO (2 UNIDADES) D,LUXTIRA12V60BLA,BAJO,C,,
JUEGO DE TIRAS | JUEGO (2 UNIDADES) D,LUXTIRA12V60ROJ,BAJO,C,,
TIRA DE LED | TIRA DE LED 30 CM -,LUXTIRA15X30A,BAJO,C,,
TIRA DE LED | TIRA DE LED 30 CM -,LUXTIRA15X30V,BAJO,C,,
LEDS COB | BARRA RIGIDA DE LED,LUXTIRACOBPIP,BAJO,B,,
KIT DE FAROS LE | KIT FAROS TRASEROS L,LUXTRAIL-12V-24V,ALTO,B,,
OFF ROAD FAROS | PACK X 4 UNIDADES DE,LUXTRUCK-AMB12,BAJO,B,,
OFF ROAD FAROS | PACK X 4 UNIDADES DE,LUXTRUCK-AMB24,BAJO,C,,
OFF ROAD FAROS | JUEGO DE FAROS TRASE,LUXTRUCK-BI12V,BAJO,A,,
OFF ROAD FAROS | JUEGO DE FAROS TRASE,LUXTRUCK-BI24V,BAJO,A,,
OFF ROAD FAROS | PACK X 4 UNIDADES DE,LUXTRUCK-BLUE12,BAJO,C,,
OFF ROAD FAROS | JUEGO DE FAROS TRASE,LUXTRUCK-CIR12V,MEDIO,C,,
OFF ROAD FAROS | JUEGO DE FAROS TRASE,LUXTRUCK-CIR24V,MEDIO,C,,
OFF ROAD FAROS | JUEGO DE FAROS TRASE,LUXTRUCK-FLE12V,MEDIO,C,,
OFF ROAD FAROS | JUEGO DE FAROS TRASE,LUXTRUCK-FLE24V,MEDIO,C,,
OFF ROAD FAROS | PACK X 4 UNIDADES DE,LUXTRUCK-GRE12,BAJO,C,,
OFF ROAD FAROS | PACK X 4 UNIDADES DE,LUXTRUCK-RED12,BAJO,B,,
OFF ROAD FAROS | PACK X 4 UNIDADES DE,LUXTRUCK-RED24,BAJO,C,,
OFF ROAD FAROS | JUEGO DE FAROS TRASE,LUXTRUCK-SUP12V,MEDIO,C,,
OFF ROAD FAROS | JUEGO DE FAROS TRASE,LUXTRUCK-SUP24V,MEDIO,C,,
OFF ROAD FAROS | SET X 4 FAROS COLGAN,LUXTRUCK-SUPAMB12V,MEDIO,C,,
OFF ROAD FAROS | SET X 4 FAROS COLGAN,LUXTRUCK-SUPAMB24V,MEDIO,C,,
OFF ROAD FAROS | SET X 4 FAROS COLGAN,LUXTRUCK-SUPRED12V,MEDIO,C,,
OFF ROAD FAROS | SET X 4 FAROS COLGAN,LUXTRUCK-SUPRED24V,MEDIO,C,,
OFF ROAD FAROS | SET X 4 FAROS COLGAN,LUXTRUCK-SUPWHI12V,MEDIO,C,,
OFF ROAD FAROS | SET X 4 FAROS COLGAN,LUXTRUCK-SUPWHI24V,MEDIO,C,,
OFF ROAD FAROS | JUEGO DE FAROS TRASE,LUXTRUCK-TRI12V,BAJO,A,,
OFF ROAD FAROS | JUEGO DE FAROS TRASE,LUXTRUCK-TRI24V,BAJO,A,,
OFF ROAD FAROS | JUEGO DE FAROS TRASE,LUXTRUCK-ULT12V,MEDIO,C,,
OFF ROAD FAROS | JUEGO DE FAROS TRASE,LUXTRUCK-ULT24V,MEDIO,C,,
OFF ROAD FAROS | PACK X 4 UNIDADES DE,LUXTRUCK-WHI12,BAJO,B,,
OFF ROAD FAROS | PACK X 4 UNIDADES DE,LUXTRUCK-WHI24,BAJO,B,,
OFF ROAD JUEGO | JUEGO DE 5 FAROS DE,LUXTRUCKBIONE12V,MEDIO,B,,
OFF ROAD FARO D | JUEGO DE FAROS COLOR,LUXTRUCKSINAMB12V,BAJO,C,,
OFF ROAD FARO D | JUEGO DE FAROS COLOR,LUXTRUCKSINAZU12V,BAJO,B,,
OFF ROAD FARO D | JUEGO DE FAROS COLOR,LUXTRUCKSINRED12V,BAJO,C,,
OFF ROAD FARO D | JUEGO DE FAROS COLOR,LUXTRUCKSINVER12V,BAJO,C,,
OFF ROAD FARO D | JUEGO DE FAROS COLOR,LUXTRUCKSINWHI12V,BAJO,C,,
LEDS SMD | TUBULAR - FESTOON 3,LUXTUB3AZU3912,BAJO,C,,
LEDS SMD | TUBULAR - FESTOON 3,LUXTUB3BLA3912,BAJO,A,,
LEDS SMD | TUBULAR - FESTOON 3,LUXTUB3BLA3924,BAJO,A,,
LEDS SMD | TUBULAR - FESTOON 3,LUXTUB3ROJ3912,BAJO,C,,
LEDS SMD | TUBULAR - FESTOON 6,LUXTUB6AZU3912,BAJO,C,,
LEDS SMD | TUBULAR - FESTOON 6,LUXTUB6PBLA24,BAJO,B,,
LEDS SMD | TUBULAR - FESTOON 6,LUXTUB6ROJ3912,BAJO,C,,
BALIZA GIRATORI | BALIZA DESTELLANTE L,LUXWARAMB,BAJO,A,,
BALIZA GIRATORI | BALIZA DESTELLANTE L,LUXWARBLUE,BAJO,A,,
BALIZA GIRATORI | BALIZA DESTELLANTE L,LUXWARGRE,BAJO,C,,
BALIZA GIRATORI | BALIZA DESTELLANTE L,LUXWARRED,BAJO,B,,
OFF ROAD KIT DE | H12-9012 3 COLORES:,LUXX12-H12,BAJO,C,,
OFF ROAD KIT DE | H7 3 COLORES: BLANCO,LUXX12-H7,,D,,
OFF ROAD KIT DE | 9005 3 COLORES: BLAN,LUXX13-9005,BAJO,C,,
OFF ROAD KIT DE | 9007 3 COLORES: BLAN,LUXX13-9007,BAJO,C,,
OFF ROAD KIT DE | H13 3 COLORES: BLANC,LUXX13-H13,BAJO,C,,
OFF ROAD KIT DE | H27 3 COLORES: BLANC,LUXX13-H27,BAJO,D,,
OFF ROAD KIT DE | H11 4 COLORES: BLANC,LUXX14-H11,BAJO,C,,
OFF ROAD KIT DE | H12 - 9012 4 COLORES,LUXX14-H12,BAJO,C,,
OFF ROAD KIT DE | H13 4 COLORES: BLANC,LUXX14-H13,BAJO,D,,
OFF ROAD KIT DE | H15 CANBUS 48 WATTS,LUXX14-H15,MEDIO,A,,
OFF ROAD KIT DE | H27 4 COLORES: BLANC,LUXX14-H27,BAJO,D,,
OFF ROAD KIT DE | H7 4 COLORES: BLANCO,LUXX14-H7,BAJO,C,,
OFF ROAD KIT DE | 9004 ULTRA SLIM 2200,LUXY3-9004,BAJO,B,,
OFF ROAD KIT DE | 9005 ULTRA SLIM 2000,LUXY3-9005,BAJO,A,,
OFF ROAD KIT DE | 9006 ULTRA SLIM 2200,LUXY3-9006,BAJO,A,,
OFF ROAD KIT DE | 9007 ULTRA SLIM 2200,LUXY3-9007,BAJO,B,,
OFF ROAD KIT DE | 9012 ULTRA SLIM 2200,LUXY3-9012,BAJO,B,,
OFF ROAD KIT DE | H1 ULTRA SLIM 20000L,LUXY3-H1,BAJO,A,,
OFF ROAD KIT DE | H11 ULTRA SLIM 22000,LUXY3-H11,BAJO,A,,
OFF ROAD KIT DE | H13 ULTRA SLIM 20000,LUXY3-H13,BAJO,B,,
OFF ROAD KIT DE | H27 ULTRA SLIM 22000,LUXY3-H27,BAJO,A,,
OFF ROAD KIT DE | H3 ULTRA SLIM 22000L,LUXY3-H3,BAJO,A,,
OFF ROAD KIT DE | H4 ULTRA SLIM 22000L,LUXY3-H4,BAJO,A,,
OFF ROAD KIT DE | H7 ULTRA SLIM 22000L,LUXY3-H7,BAJO,A,,
OFF ROAD KIT DE | P13W ULTRA SLIM 2200,LUXY3-P13W,BAJO,A,,
OFF ROAD KIT DE | PSX24 ULTRA SLIM 200,LUXY3-PSX24,BAJO,A,,
OFF ROAD KIT DE | H4 LUPA PROYECTOR GR,LUXY6-H4,MEDIO,A,,
"TERMINAL DE INS | ESTÁNDAR CORTO 5,2 M",MAC1,BAJO,C,,
TERMINAL DE INS | MEDIANO X 100 UNIDAD,MAC136,BAJO,C,,
TERMINAL DE INS | ESTÁNDAR 7 MM X 100,MAC14,MEDIO,B,,
TERMINAL DE INS | REDONDO TIPO FORD X,MAC147,BAJO,C,,
TERMINAL DE INS | HEMBRA GRANDE REFORZ,MAC1515,MEDIO,C,,
TERMINAL DE INS | MEDIANO MENOR 6 - 5M,MAC2006,BAJO,C,,
AISLADOR | TERMINAL HEMBRA STD,MAC2010,BAJO,C,,
TERMINAL DE INS | MACHO MEDIANO X 100,MAC2916,BAJO,C,,
TERMINAL DE INS | MEDIANO 5 - 2MM X 10,MAC3002,BAJO,C,,
TERMINAL DE INS | HEMBRA STANDAR CON T,MAC3915,BAJO,A,,
"TERMINAL DE INS | 3,80 MM OJAL",MAC44 3/8,MEDIO,C,,
TERMINAL DE INS | 8.40 MM OJAL,MAC44 5/16,MEDIO,C,,
TERMINAL DE INS | OJAL D/13 LATON S/NE,MAC45-1/2,ALTO,C,,
TERMINAL DE INS | OJAL D/10.5 LATON S/,MAC45-3/8,ALTO,C,,
"TERMINAL DE INS | ESTÁNDAR 5,1 MM X 10",MAC47,BAJO,C,,
TERMINAL DE INS | MACHO STANDAR CON TR,MAC4916,BAJO,C,,
TERMINAL DE INS | CHICO MAYOR 4 - 2MM,MAC5,BAJO,C,,
TERMINAL DE INS | HEMBRA BANDERA X 100,MAC5915,BAJO,C,,
"TERMINAL DE INS | MACHO CHICO 2,8MM X",MAC5916,BAJO,C,,
TERMINAL DE INS | HEMBRA TIPO FORD X 1,MAC630,BAJO,C,,
TERMINAL DE INS | HEMBRA MEDIANO REFOR,MAC6915,BAJO,C,,
TERMINAL DE INS | HEMBRA CHICO REFORZA,MAC7915,BAJO,C,,
TERMINAL DE INS | HEMBRA CHICO CON TRA,MAC8915,BAJO,C,,
TERMINAL DE INS | ESTÁNDAR X 100 UNIDA,MAC9,BAJO,B,,
TERMINAL DE INS | HEMBRA STANDAR X 100,MAC915,BAJO,A,,
TERMINAL DE INS | MACHO STANDAR X 100,MAC916,BAJO,C,,
TERMINAL DE INS | CHICO X 100 UNIDADES,MAC952,BAJO,C,,
CABLE BUJIA 8 M | VW FOX / SURAN,MAL521C,MEDIO,C,,
CABLE BUJIA 8 M | FIAT 600,MAL801C,MEDIO,C,,
CABLE BUJIA 8 M | FIAT 128,MAL803C,MEDIO,C,,
CABLE BUJIA 8 M | FIAT 128 EUROPA,MAL804C,MEDIO,D,,
CABLE BUJIA 8MM | FIAT 128 EUROPA,MAL804S,MEDIO,D,,
CABLE BUJIA 8 M | FORD FALCON - FAIRLA,MAL816C,MEDIO,C,,
CABLE BUJIA 8 M | FORD F100 8 CILINDRO,MAL823C,ALTO,C,,
CABLE BUJIA 8 M | FORD FAIRLANE - F100,MAL824C,ALTO,C,,
CABLE BUJIA 8 M | RENAULT IKA TORINO -,MAL828C,MEDIO,D,,
CABLE BUJIA 8 M | RENAULT 18 2000 - FU,MAL832C,MEDIO,D,,
CABLE BUJIA 8 M | PEUGEOT 504 2 0 BOBI,MAL854C,MEDIO,D,,
CABLE BUJIA 8 M | FIAT 128 SUPER EUROP,MAL865C,MEDIO,D,,
CABLE BUJIA 8 M | FIAT DUNA MOTOR TIPO,MAL871C,MEDIO,D,,
MATAFUEGO | MATAFUEGO 1 KG. CORT,MATMTFC,BAJO,A,,
MATAFUEGO | MATAFUEGO 1 KG. LARG,MATMTFL,BAJO,A,,
"EQUIPO MULTIMED | 2 DIN 7"" CON TOUCH S",MAV-2550,ALTO,C,,
"EQUIPO MULTIMED | 2 DIN 10"" CON IPS TO",MAV-4000,ALTO,C,,
AMPLIFICADOR - | CLASE AB - 4 CANALES,MAV-AB480,ALTO,C,,
AMPLIFICADOR - | CLASE D MINI - MONO,MAV-D12000MINI,ALTO,C,,
AMPLIFICADOR - | CLASE D MINI - MONO,MAV-D1800MINI,ALTO,C,,
AMPLIFICADOR - | CLASE D MINI - 4 CAN,MAV-D4120MINI,ALTO,C,,
AMPLIFICADOR - | CLASE D MINI - 4 CAN,MAV-D480MINI,ALTO,C,,
JUEGO DE PARLAN | JUEGO DE PARLANTES C,MAV10400,MEDIO,A,,
JUEGO DE PARLAN | JUEGO DE PARLANTES C,MAV10525,MEDIO,A,,
JUEGO DE PARLAN | JUEGO DE PARLANTES C,MAV10650,MEDIO,A,,
JUEGO DE PARLAN | JUEGO DE PARLANTES C,MAV10690,MEDIO,A,,
MEDIO RANGO | MEDIO RANGO 6.5 500,MAV6600HI,MEDIO,C,,
JUEGO DE PARLAN | JUEGO COMPONENTE : J,MAV80650,ALTO,C,,
ADAPTADOR DE IM | UNIVERSAL RCA PARA A,MAVAD-105,BAJO,B,,
FICHAS DE AUDIO | KIT DE CABLES PARA P,MAVAWK-0GA-B,MEDIO,C,,
FICHAS DE AUDIO | KIT DE CABLES PARA P,MAVAWK-4GA-B,BAJO,A,,
FICHAS DE AUDIO | KIT DE CABLES PARA P,MAVAWK-8GA-B,BAJO,A,,
FICHAS DE AUDIO | KIT DE EXTRACION DE,MAVDRS3,BAJO,C,,
SUBWOOFER | SUBWOOFER ULTRA SLIM,MAVFLAT12,ALTO,C,,
FICHAS DE AUDIO | FUSIBLE PARA POTENCI,MAVFUSAGU50,BAJO,B,,
FICHAS DE AUDIO | FUSIBLE PARA POTENCI,MAVFUSAGU60,BAJO,B,,
FICHAS DE AUDIO | FUSIBLE PARA POTENCI,MAVFUSAGU80,BAJO,B,,
ANTENA DE GPS | ANTENA PARA GPS CON,MAVGP-03-S,BAJO,C,,
FICHAS DE AUDIO | FICHA DE AUDIO PLUG,MAVJR1M2F,BAJO,C,,
PAR DE MEDIOS | PAR DE MEDIOS RANGO,MAVM6500L,MEDIO,C,,
"ESTEREO BLUETOO | 1 DIN CON BLUETOOTH,",MAVMAV-1500,MEDIO,C,,
"ESTEREO BLUETOO | 1 DIN CON BLUETOOTH,",MAVMAV-1550,MEDIO,C,,
"EQUIPO MULTIMED | 2 DIN 7"" CON TOUCH S",MAVMAV-2500,ALTO,C,,
"EQUIPO MULTIMED | PANTALLA 1 DIN 10.5""",MAVMAV-2600,ALTO,C,,
"EQUIPO MULTIMED | PANTALLA 5"" CON CARP",MAVMAV-2700,ALTO,C,,
"EQUIPO MULTIMED | 2 DIN 9"" CON IPS TOU",MAVMAV-3000,ALTO,C,,
SUBWOOFER | SUBWOOFER 15 DOBLE B,MAVMAV-S15000,ALTO,C,,
"TWEETER | TWEETER 3.5"" , 6.5OZ",MAVMAV-TW2500,MEDIO,C,,
FICHAS DE AUDIO | MICROFONO PARA ESTER,MAVMIC-2,BAJO,C,,
FICHAS DE AUDIO | CABLEADO RCA PARA PO,MAVRCA003-5M,BAJO,B,,
SUBWOOFER | SUBWOOFER 10 DOBLE B,MAVS10000,ALTO,C,,
SUBWOOFER | SUBWOOFER 12 DOBLE B,MAVS12000,ALTO,B,,
SUBWOOFER | SUBWOOFER 8 DOBLE BO,MAVS8000,MEDIO,C,,
CAJON PARA SUBW | CAJON PARA SUBWOOFER,MAVSIM12,BAJO,C,,
FICHAS DE AUDIO | FICHA PARA ESTEREO T,MAVSK1761-11,BAJO,C,,
FICHAS DE AUDIO | PIN ADAPTADOR DE ANT,MAVSKAA-06,BAJO,B,,
FICHAS DE AUDIO | PIN ADAPTADOR DE ANT,MAVSKAA-08,BAJO,A,,
FICHAS DE AUDIO | PIN ADAPTADOR DE ANT,MAVSKAA-09,BAJO,B,,
FICHAS DE AUDIO | PIN ADAPTADOR DE ANT,MAVSKAA-10,BAJO,A,,
FICHAS DE AUDIO | PIN ADAPTADOR DE ANT,MAVSKAA-13-03,BAJO,C,,
BOOSTER DE ANTE | EXTENSION DE CABLE C,MAVSKAA-13-BST,BAJO,C,,
FICHAS DE AUDIO | PIN ADAPTADOR DE ANT,MAVSKAA-27,BAJO,B,,
FICHAS DE AUDIO | FICHA DE AUDIO PLUG,MAVSKCW038-1M,BAJO,C,,
FICHAS DE AUDIO | FUSIBLE PARA POTENCI,MAVSKF-05-100,BAJO,C,,
FICHAS DE AUDIO | FUSIBLE PARA POTENCI,MAVSKF-05-150,BAJO,B,,
FICHAS DE AUDIO | FUSIBLE PARA POTENCI,MAVSKF-05-200,BAJO,C,,
FICHAS DE AUDIO | FUSIBLE PARA POTENCI,MAVSKF-05-250,BAJO,C,,
FICHAS DE AUDIO | FUSIBLE PARA POTENCI,MAVSKF-05-80A,BAJO,C,,
FICHAS DE AUDIO | ZOCALO / CAJA PORTA,MAVSKFH127G,BAJO,B,,
FICHAS DE AUDIO | ZOCALO PORTA FUSIBLE,MAVSKFH206,BAJO,B,,
FICHAS DE AUDIO | FICHA ISO PARA ESTER,MAVSKJVC16-21,BAJO,C,,
FICHAS DE AUDIO | FICHA ISO PARA ESTER,MAVSKKEN16-21,BAJO,C,,
FICHAS DE AUDIO | FICHA ISO PARA ESTER,MAVSKPAN1605,BAJO,C,,
FICHAS DE AUDIO | FICHA ISO PARA ESTER,MAVSKPAN16C2,BAJO,C,,
FICHAS DE AUDIO | FICHA ISO PARA ESTER,MAVSKPIO1610,BAJO,B,,
FICHAS DE AUDIO | FICHA ISO PARA ESTER,MAVSKSY16-21,BAJO,C,,
FICHAS DE AUDIO | DIVISOR RCA HEMBRA A,MAVTY-2M,BAJO,B,,
PROLONGADOR USB | FICHA CABLE ALARGUE,MAVUSBM-USBF,BAJO,B,,
FICHAS DE AUDIO | CABLE O PIN DE ANTEN,MAVWIT-243,BAJO,C,,
"TERMOVÁLVULAS D | FIAT MOTOR 1.0, 1.3,",MB_1000,BAJO,D,,
"TERMOVÁLVULAS D | FIAT MOTOR 1.0, 1.3,",MB_1001,BAJO,D,,
"TERMOVÁLVULAS D | FIAT MOTOR 1.0, 1.3,",MB_1002,BAJO,D,,
"TERMOVÁLVULAS D | FIAT MOTOR 1.0, 1.3,",MB_1003,BAJO,C,,
"TERMOVÁLVULAS D | FIAT MOTOR 1.0, 1.3,",MB_1004,BAJO,D,,
TERMOVÁLVULAS D | VOLKSWAGEN CADDY 1.8,MB_1005,BAJO,D,,
"TERMOVÁLVULAS D | SEAT TOLEDO 1.6 I, 1",MB_1006,BAJO,D,,
"TERMOVÁLVULAS D | CITROËN AX, BERLINGO",MB_1007,MEDIO,D,,
"TERMOVÁLVULAS D | FIAT BRAVA 1.9 TD, B",MB_1008,MEDIO,D,,
"TERMOVÁLVULAS D | FIAT BRAVA 1.9 TD, B",MB_1009,MEDIO,D,,
"INTERRUPTOR STO | UNIVERSAL, FORD BEDF",MB_101,BAJO,C,,
TERMOVÁLVULAS D | ALFA ROMEO 145 1.9 T,MB_1010,MEDIO,D,,
"TERMOVÁLVULAS D | AUDI A6 2.6, A8, 2.8",MB_1011,MEDIO,D,,
"TERMOVÁLVULAS D | DENSO, VOLKSWAGEN",MB_1012,BAJO,D,,
TERMOVÁLVULAS D | VOLKSWAGEN TRANSPORT,MB_1013,MEDIO,D,,
"TERMOVÁLVULAS D | VOLKSWAGEN GOLF, PAS",MB_1014,MEDIO,D,,
"TERMOVÁLVULAS D | MOTOR MAXION, PERKIN",MB_1015,MEDIO,D,,
TERMOVÁLVULAS D | DEUTZ MOTORES DE AIR,MB_1016,BAJO,D,,
TERMOVÁLVULAS D | DEUTZ MOTORES DE AIR,MB_1017,BAJO,D,,
TERMOVÁLVULAS D | DEUTZ MOTORES DE ACE,MB_1018,BAJO,D,,
"TERMOVÁLVULAS D | DEUTZ OPCIONAL, MOTO",MB_1019,BAJO,D,,
"INTERRUPTOR STO | UNIVERSAL, FIAT",MB_102,BAJO,C,,
"TERMOVÁLVULAS D | CITROËN BX, C15, C25",MB_1020,MEDIO,C,,
"TERMOVÁLVULAS D | AUDI A3 1.9 TDI, A6",MB_1021,MEDIO,D,,
"TERMOVÁLVULAS D | FIAT 128 1.1, FIORIN",MB_1022,BAJO,D,,
"TERMOVÁLVULAS D | RENAULT 19 1.4, 1.7,",MB_1023,MEDIO,D,,
"TERMOVÁLVULAS D | AUDI A3 1.9 TDI, A6",MB_1024,MEDIO,D,,
"TERMOVÁLVULAS D | AUDI A3, TT 1.8 T, 3",MB_1025,MEDIO,D,,
TERMOVÁLVULAS D | CITROËN EVASION 1.9,MB_1026,MEDIO,D,,
"TERMOVÁLVULAS D | CITROËN BX, C15, C25",MB_1027,BAJO,D,,
"TERMOVÁLVULAS D | PEUGEOT 604 2.7, REN",MB_1028,MEDIO,D,,
"TERMOVÁLVULAS D | CITROËN AX, BX, C15,",MB_1029,MEDIO,D,,
INTERRUPTOR STO | UNIVERSAL REFORZADO,MB_103,BAJO,C,,
INTERRUPTOR STO | UNIVERSAL REFORZADO,MB_103/1,BAJO,D,,
"TERMOVÁLVULAS D | RENAULT ESPACE 3.0,",MB_1030,MEDIO,D,,
TERMOVÁLVULAS D | ALFA ROMEO 145 1.9 T,MB_1031,MEDIO,D,,
"TERMOVÁLVULAS D | VOLKSWAGEN GOL, POIN",MB_1032,BAJO,D,,
TERMOVÁLVULAS D | VOLKSWAGEN CADDY 1.5,MB_1033,BAJO,D,,
"TERMOVÁLVULAS D | DENSO, VOLKSWAGEN GO",MB_1034,BAJO,D,,
"TERMOVÁLVULAS D | VOLKSWAGEN GOLF 1.0,",MB_1035,BAJO,D,,
"TERMOVÁLVULAS D | VOLKSWAGEN GOL 1.6,",MB_1036,BAJO,D,,
"INTERRUPTOR STO | RENAULT GORDINI, PEU",MB_104,BAJO,D,,
"INTERRUPTOR STO | RENAULT GORDINI, PEU",MB_105,BAJO,D,,
"INTERRUPTOR STO | RENAULT 4L, 4S, R6",MB_106,BAJO,C,,
"INTERRUPTOR STO | RENAULT 12, TORINO,",MB_107,BAJO,C,,
"INTERRUPTOR STO | PEUGEOT 404, 504, RE",MB_108,BAJO,C,,
"INTERRUPTOR STO | RENAULT IKA, RAMBLER",MB_109,BAJO,D,,
"INTERRUPTOR STO | FIAT 600, SEAT",MB_110,BAJO,C,,
"SENSORES DE INY | FORD GALAXY 1.9 TDI,",MB_1100,MEDIO,D,,
"SENSORES DE INY | CITROËN AX, BERLINGO",MB_1101,BAJO,D,,
SENSORES DE INY | ALFA ROMEO 145 1.9 T,MB_1102,BAJO,C,,
"SENSORES DE INY | ALFA ROMEO 155 2.5,",MB_1103,BAJO,D,,
"SENSORES DE INY | FIAT BRAVA 1.6, BRAV",MB_1104,BAJO,D,,
"SENSORES DE INY | RENAULT CLIO 1.9 D,",MB_1105,MEDIO,D,,
SENSORES DE INY | ALFA ROMEO 145 1.6 I,MB_1106,BAJO,C,,
"SENSORES DE INY | AUDI A6 1.9 TDI, 2.5",MB_1107,BAJO,D,,
"SENSORES DE INY | ALFA ROMEO 75, 90 2.",MB_1108,BAJO,D,,
"SENSORES DE INY | ALFA ROMEO 33, 145,",MB_1109,BAJO,C,,
INTERRUPTOR STO | FIAT 600,MB_111,BAJO,C,,
"SENSORES DE INY | AUDI A4 2.8, A6, SEA",MB_1110,BAJO,D,,
"SENSORES DE INY | FORD ESCORT 2.0, VOL",MB_1111,BAJO,D,,
"SENSORES DE INY | FIAT TEMPRA, TIPO, U",MB_1112,BAJO,C,,
"SENSORES DE INY | FORD ESCORT, FIESTA,",MB_1113,BAJO,C,,
"SENSORES DE INY | FORD ESCORT 1.8, 2.0",MB_1114,BAJO,D,,
"SENSORES DE INY | FIAT DUCATO, FIORINO",MB_1115,BAJO,C,,
"SENSORES DE INY | ALFA ROMEO 147, 159",MB_1116,BAJO,C,,
"SENSORES DE INY | FORD C-MAX 1.8, 2.0,",MB_1117,BAJO,C,,
"SENSORES DE INY | FORD FIESTA 1.3, 1.3",MB_1118,BAJO,C,,
"SENSORES DE INY | FORD FIESTA 1.3, KA",MB_1119,BAJO,C,,
"INTERRUPTOR STO | ALFA ROMEO SPIDER, C",MB_112,BAJO,C,,
"SENSORES DE INY | FORD F-100, F-250, F",MB_1120,MEDIO,D,,
"SENSORES DE INY | GENRAL MOTORS, OPEL",MB_1121,BAJO,D,,
SENSORES DE INY | GENERAL MOTORS BLAZE,MB_1122,BAJO,C,,
"SENSORES DE INY | FORD ESCORT, FIESTA,",MB_1123,BAJO,D,,
SENSORES DE INY | VOLKSWAGEN GOLF 1.8,MB_1124,BAJO,D,,
"SENSORES DE INY | FORD F-150, F-250, F",MB_1125,ALTO,D,,
"SENSORES DE INY | FORD COUGAR 2.5, FIE",MB_1126,ALTO,D,,
"SENSORES DE INY | ALFA ROMEO 33 1.7, 1",MB_1127,BAJO,D,,
"SENSORES DE INY | FIAT PALIO 1.4, SIEN",MB_1128,BAJO,C,,
"SENSORES DE INY | AUDI A4, A6",MB_1129,ALTO,D,,
"INTERRUPTOR STO | DODGE 1500, CITROEN",MB_113,BAJO,C,,
"SENSORES DE INY | AUDI A3, A4, A6, TT",MB_1130,ALTO,C,,
"SENSORES DE INY | AUDI A2, A4, A6, A8,",MB_1131,MEDIO,C,,
"SENSORES DE INY | AUDI A3, A4, A6, A8",MB_1132,MEDIO,D,,
"SENSORES DE INY | SEAT CORODOBA 1.4, I",MB_1133,MEDIO,D,,
"SENSORES DE INY | AUDI A1, A2 1.6 FSI,",MB_1134,BAJO,C,,
"SENSORES DE INY | ALFA ROMEO 145, 146,",MB_1135,MEDIO,D,,
"SENSORES DE INY | ALFA ROMEO 159 1.8,",MB_1136,MEDIO,D,,
SENSORES DE INY | ALFA ROMEO 145 1.9 J,MB_1137,MEDIO,D,,
"SENSORES DE INY | RENAULT CLIO, ESPACE",MB_1138,BAJO,C,,
SENSORES DE INY | NISSAN TIIDA 1.5 DCI,MB_1139,MEDIO,D,,
"INTERRUPTOR STO | DODGE PICK UP, FARGO",MB_114,BAJO,C,,
"SENSORES DE INY | CITROËN BERLINGO, C3",MB_1140,BAJO,C,,
"SENSORES DE INY | CITROËN BERLINGO, C3",MB_1141,BAJO,D,,
"SENSORES DE INY | CITROËN BERLINGO, C1",MB_1142,MEDIO,C,,
"SENSORES DE INY | CITROËN XANTIA 3.0,",MB_1143,BAJO,D,,
"SENSORES DE INY | ALFA ROMEO 147, 156,",MB_1144,MEDIO,C,,
"SENSORES DE INY | DAEWOO ESPERO 1.8, 2",MB_1145,BAJO,D,,
SENSORES DE INY | CITROËN BERLINGO 2.0,MB_1146,MEDIO,D,,
SENSORES DE INY | MERCEDES BENZ CLASE,MB_1147,MEDIO,D,,
"SENSORES DE INY | RENAULT 19 1.7, 21 1",MB_1148,ALTO,D,,
"SENSORES DE INY | VOLKSWAGEN GOLF 1.9,",MB_1149,BAJO,D,,
INTERRUPTOR STO | CHRYSLER VALIANT,MB_115,BAJO,C,,
"SENSORES DE INY | FORD ESCORT, FIESTA,",MB_1150,BAJO,D,,
"SENSORES DE INY | CITROËN AX 1.4 GTI,",MB_1151,BAJO,D,,
"SENSORES DE INY | ALFA ROMEO 155 2.0,",MB_1152,BAJO,D,,
"SENSORES DE INY | HONDA ACCORD, CIVIC,",MB_1153,BAJO,D,,
INTERRUPTOR STO | FORD FALCON,MB_116,BAJO,C,,
"INTERRUPTOR STO | FORD PICK UP, FAIRLA",MB_117,BAJO,C,,
INTERRUPTOR STO | FORD FALCON 86,MB_118,BAJO,C,,
INTERRUPTOR STO | FORD CAMIÓN,MB_119,BAJO,C,,
INTERRUPTOR STO | FORD TAUNUS,MB_120,BAJO,C,,
"INTERRUPTOR STO | CHEVROLET, PEUGEOT 5",MB_121,BAJO,C,,
INTERRUPTOR STO | CHEVROLET CHEVY,MB_122,BAJO,C,,
INTERRUPTOR STO | RASTROJERO,MB_123,BAJO,D,,
"INTERRUPTOR STO | MERCEDEZ BENZ, RASTR",MB_124,BAJO,C,,
"INTERRUPTOR STO | MERCEDES BENZ 405 D,",MB_125,BAJO,C,,
"INTERRUPTOR STO | ROVER, SIAM DI TELLA",MB_126,BAJO,C,,
"INTERRUPTOR STO | CITROEN AX, VISA, PE",MB_127,BAJO,C,,
"INTERRUPTOR STO | CITROEN AX, SAXO, VI",MB_128,BAJO,C,,
INTERRUPTOR STO | MERCEDES BENZ CAMIÓN,MB_129,BAJO,C,,
"INTERRUPTOR STO | PEUGEOT, CHEVROLET",MB_131,BAJO,C,,
"INTERRUPTOR STO | RENAULT 4, 5, 9, 11,",MB_132,BAJO,C,,
"INTERRUPTOR STO | FORD COURRIER, ECOSP",MB_133,BAJO,C,,
INTERRUPTOR STO | VOLKSWAGEN GACEL,MB_134,BAJO,C,,
"INTERRUPTOR STO | FORD ESCORT 1.6, 1.8",MB_135,BAJO,C,,
"INTERRUPTOR STO | PEUGEOT 405D, 405TD,",MB_136,BAJO,C,,
"INTERRUPTOR STO | ALFA ROMEO 155, 164,",MB_137,BAJO,C,,
"INTERRUPTOR STO | FIAT DUCATO D, DUNA,",MB_138,BAJO,C,,
"INTERRUPTOR STO | FORD KA, ORION, TRAN",MB_139,BAJO,C,,
"INTERRUPTOR STO | FIAT DUCATO D, DUNA,",MB_140,BAJO,C,,
"INTERRUPTOR STO | ALFA ROMEO 155, SPID",MB_141,BAJO,C,,
"INTERRUPTOR STO | ALFA ROMEO SPIDER, F",MB_142,BAJO,C,,
"INTERRUPTOR STO | GENERAL MOTORS, OPEL",MB_143,BAJO,C,,
"INTERRUPTOR STO | FORD COURRIER, ECOSP",MB_144,BAJO,C,,
"INTERRUPTOR STO | CITROEN AX, BERLINGO",MB_145,BAJO,C,,
INTERRUPTOR STO | SCANIA CAMIÓN Y OMNI,MB_146,BAJO,C,,
"INTERRUPTOR STO | VOLKSWAGEN GOLF, PAS",MB_147,BAJO,C,,
"INTERRUPTOR STO | VOLKSWAGEN GACEL, GO",MB_148,BAJO,C,,
"INTERRUPTOR STO | MERCEDES BENZ 709, 1",MB_149,BAJO,C,,
INTERRUPTOR STO | MERCEDES BENZ CAMIÓN,MB_150,BAJO,C,,
"INTERRUPTOR STO | RENAULT 19, 21, 25,",MB_151,BAJO,C,,
"INTERRUPTOR STO | GENERAL MOTORS, OPEL",MB_152,BAJO,C,,
"INTERRUPTOR STO | GENERAL MOTORS, OPEL",MB_153,BAJO,C,,
"INTERRUPTOR STO | AUDI A3, TT 1.8 T, T",MB_154,BAJO,C,,
"INTERRUPTOR STO | GENERAL MOTORS, OPEL",MB_156,MEDIO,C,,
"INTERRUPTOR STO | GENERAL MOTORS, OPEL",MB_157,BAJO,C,,
"INTERRUPTOR STO | GENERAL MOTORS, OPEL",MB_158,MEDIO,C,,
"INTERRUPTOR STO | FORD ECOSPORT, FIEST",MB_159,MEDIO,C,,
"INTERRUPTOR STO | GENERAL MOTORS, OPEL",MB_161,BAJO,C,,
"INTERRUPTOR STO | AUDI A2, A3, TT, VOL",MB_162,MEDIO,C,,
"INTERRUPTOR STO | AUDI TT, VOLKSWAGEN",MB_163,MEDIO,C,,
INTERRUPTOR STO | FORD CARGO,MB_164,BAJO,C,,
"INTERRUPTOR STO | FORD F250, F350, F40",MB_165,BAJO,C,,
INTERRUPTOR STO | MERCEDES BENZ SPRINT,MB_166,BAJO,C,,
"INTERRUPTOR STO | GENERAL MOTORS, OPEL",MB_167,MEDIO,C,,
"INTERRUPTOR STO | GENERAL MOTORS, OPEL",MB_168,BAJO,C,,
"INTERRUPTOR STO | TOYOTA CAMRY, COROLL",MB_169,BAJO,C,,
"INTERRUPTOR STO | ALFA ROMEO 146, 147,",MB_170,MEDIO,C,,
"INTERRUPTOR STO | CITROEN BERLINGO, C3",MB_171,BAJO,C,,
"INTERRUPTOR STO | GENERAL MOTORS, OPEL",MB_172,MEDIO,C,,
"INTERRUPTOR STO | FORD COURIER LN, ESC",MB_173,MEDIO,C,,
"INTERRUPTOR STO | GENERAL MOTORS, OPEL",MB_174,MEDIO,C,,
"INTERRUPTOR STO | GENERAL MOTORS, OPEL",MB_175,MEDIO,D,,
INTERRUPTOR STO | CITROEN BERLINGO 1.9,MB_176,BAJO,C,,
"INTERRUPTOR STO | RENAULT CLIO, GRAND",MB_177,BAJO,C,,
"INTERRUPTOR STO | RENAULT DUSTER, CLIO",MB_178,BAJO,C,,
INTERRUPTOR STO | RENAULT KANGOO 1.5 D,MB_179,BAJO,C,,
"INTERRUPTOR STO | MERCEDES BENZ 710, 9",MB_180,BAJO,C,,
INTERRUPTOR STO | MERCEDES BENZ CAMIÓN,MB_181,BAJO,C,,
"INTERRUPTOR STO | FORD GALAXY, VOLKSWA",MB_182,BAJO,C,,
"INTERRUPTOR STO | PEUGEOT 206, 207, 30",MB_183,BAJO,C,,
"INTERRUPTOR STO | HONDA CIVIC, CR-V 2.",MB_184,BAJO,C,,
INTERRUPTOR STO | AGILE AVEO SPARK 2 T,MB_185,BAJO,C,,
"INTERRUPTOR STO | CHEVROLET AGILE, AVE",MB_186,BAJO,C,,
"INTERRUPTOR STO | FORD ECOSPORT 2017,",MB_193,BAJO,C,,
"INTERRUPTOR STO | FIAT 500 SPORT, ARGO",MB_194,BAJO,C,,
INTERRUPTORES D | FORD F100 DESDE EL 8,MB_201,BAJO,C,,
INTERRUPTORES D | FORD F100 DESDE 74 H,MB_202,BAJO,C,,
INTERRUPTORES D | FORD F100,MB_203,BAJO,C,,
INTERRUPTORES D | FORD FALCON,MB_204,BAJO,C,,
INTERRUPTORES D | FORD TAUNUS,MB_205,BAJO,C,,
INTERRUPTORES D | FORD FALCON DESDE EL,MB_206,BAJO,C,,
INTERRUPTORES D | FORD FALCON 71 AL 72,MB_207,BAJO,C,,
INTERRUPTORES D | FORD FALCON DESDE EL,MB_208,BAJO,D,,
"INTERRUPTORES D | PEUGEOT 204, 304, 30",MB_209,BAJO,C,,
"INTERRUPTORES D | FIAT 124, 125, 128,",MB_210,BAJO,C,,
"INTERRUPTORES D | FIAT 125, 128, 1500,",MB_211,BAJO,C,,
"INTERRUPTORES D | FIAT 127, 128, 147,",MB_212,BAJO,C,,
INTERRUPTORES D | CHEVROLET TORNADO,MB_213,BAJO,C,,
"INTERRUPTORES D | RENAULT 12, 18, FUEG",MB_214,BAJO,C,,
INTERRUPTORES D | DODGE CHRYSLER,MB_215,BAJO,D,,
INTERRUPTORES D | DODGE 1500 1.8,MB_216,BAJO,C,,
INTERRUPTORES D | RASTROJERO,MB_217,BAJO,D,,
INTERRUPTORES D | RASTROJERO,MB_218,BAJO,D,,
"INTERRUPTORES D | FORD CAPRI, ESCORT,",MB_219,BAJO,C,,
"INTERRUPTORES D | FORD F1000, F4000, F",MB_220,BAJO,C,,
"INTERRUPTORES D | RENAULT 5, 6, 12, 18",MB_221,BAJO,D,,
"INTERRUPTORES D | RENAULT 9, 11",MB_222,BAJO,C,,
"INTERRUPTORES D | VOLKSWAGEN CARAT, GA",MB_223,BAJO,C,,
"INTERRUPTORES D | FIAT 127, 128, 147,",MB_224,BAJO,C,,
"INTERRUPTORES D | FORD ESCORT, FIESTA",MB_225,BAJO,C,,
"INTERRUPTORES D | MITSUBISHI, VOLVO, R",MB_226,BAJO,C,,
"INTERRUPTORES D | FIAT DUNA, FIORINO,",MB_227,BAJO,C,,
"INTERRUPTORES D | ALFA ROMEO 145, 146,",MB_228,BAJO,C,,
"INTERRUPTORES D | SEAT CORDOBA, IBIZA,",MB_229,BAJO,C,,
"INTERRUPTORES D | RENAULT 12, 18, 21,",MB_230,BAJO,C,,
"INTERRUPTORES D | FORD COURIER, ESCORT",MB_231,BAJO,C,,
"INTERRUPTORES D | GENERAL MOTORS, OPEL",MB_232,BAJO,D,,
"INTERRUPTORES D | CHEVROLET C10, C20",MB_233,BAJO,C,,
"INTERRUPTORES D | AUDI A4, A6, A8, CIT",MB_234,BAJO,C,,
"INTERRUPTORES D | ALFA ROMEO MITO 1.4,",MB_235,BAJO,C,,
"INTERRUPTORES D | CITROEN BERLINGO, BX",MB_236,BAJO,C,,
"INTERRUPTORES D | VOLKSWAGEN GOL, SAVE",MB_237,BAJO,C,,
"INTERRUPTORES D | IVECO DAILY I 30-8,",MB_238,BAJO,C,,
"INTERRUPTORES D | FORD COURIER, ESCORT",MB_239,BAJO,C,,
"INTERRUPTORES D | AUDI A1, A2, A3, TT,",MB_240,BAJO,C,,
"INTERRUPTORES D | CITROEN BERLINGO, EV",MB_241,BAJO,C,,
"INTERRUPTORES D | CITROEN BERLINGO, C5",MB_242,BAJO,C,,
INTERRUPTORES D | MERCEDES BENZ SPRINT,MB_243,MEDIO,D,,
"INTERRUPTORES D | FORD F4000, RANGER,",MB_244,BAJO,C,,
"INTERRUPTORES D | AUDI A3, TT, SEAT CO",MB_245,MEDIO,C,,
"INTERRUPTORES D | MERCEDES BENZ 1618,",MB_246,MEDIO,C,,
INTERRUPTORES D | MERCEDES BENZ CAMIÓN,MB_247,MEDIO,C,,
"INTERRUPTORES D | AUDI A4, A6, A8, VOL",MB_248,MEDIO,D,,
INTERRUPTORES D | MERCEDES BENZ 1621,MB_249,MEDIO,D,,
"INTERRUPTORES D | TOYOTA CELICA, COROL",MB_250,BAJO,C,,
"INTERRUPTORES D | FORD ECOSPORT 2.0, F",MB_252,BAJO,C,,
"INTERRUPTORES D | FORD FOCUS 2.0, MOND",MB_253,BAJO,C,,
"INTERRUPTORES D | FORD RANGER, FOCUS 2",MB_254,BAJO,C,,
INTERRUPTORES D | RENAULT GRAND SCENIC,MB_255,MEDIO,D,,
INTERRUPTORES D | RENAULT GRAND SCENIC,MB_256,MEDIO,C,,
INTERRUPTORES D | RENAULT GRAND SCENIC,MB_257,BAJO,C,,
"INTERRUPTORES D | FIAT 500, BRAVO 1.9",MB_258,BAJO,C,,
INTERRUPTORES D | CHEVROLET AGILE,MB_259,BAJO,C,,
"INTERRUPTORES D | FORD F100, F4000 (96",MB_260,BAJO,C,,
INTERRUPTORES D | FORD ESCORT 2010 1.6,MB_261,BAJO,C,,
"INTERRUPTORES D | FORD RANGER 2012, TR",MB_262,BAJO,C,,
"INTERRUPTORES D | CITROEN BERLINGO, C2",MB_263,BAJO,C,,
"BULBO DE PRESIO | FORD COURIER, ESCORT",MB_301,BAJO,C,,
"BULBO DE PRESIO | BEDFORE, DODGE CORON",MB_302,BAJO,C,,
"BULBO DE PRESIO | DODGE 1500, FORD FAI",MB_303,BAJO,C,,
"BULBO DE PRESIO | DAIHATSU, IKA ESTANC",MB_304,BAJO,C,,
"BULBO DE PRESIO | DODGE DESOTO, FARGO,",MB_305,BAJO,D,,
"BULBO DE PRESIO | GENERAL MOTORS, OPEL",MB_306,BAJO,C,,
"BULBO DE PRESIO | ALFA ROMEO 155, 164,",MB_307,BAJO,C,,
"BULBO DE PRESIO | BMW 315, 320, 518, 5",MB_308,BAJO,C,,
"BULBO DE PRESIO | CHRYSLER VALIANT I,",MB_309,BAJO,C,,
"BULBO DE PRESIO | SEAT CORDOBA, IBIZA,",MB_310,BAJO,C,,
"BULBO DE PRESIO | CITROEN 3CV, AMI 8",MB_311,BAJO,C,,
"BULBO DE PRESIO | CITROEN C15, C25, VI",MB_312,BAJO,C,,
"BULBO DE PRESIO | FIAT DUNA D, FIORINO",MB_313,BAJO,C,,
"BULBO DE PRESIO | AUDI COUPE, QUATTRO,",MB_314,BAJO,C,,
"BULBO DE PRESIO | ALFA ROMEO 145, 146,",MB_315,BAJO,C,,
"BULBO DE PRESIO | FIAT DUNA D, FIORINO",MB_316,BAJO,C,,
"BULBO DE PRESIO | RENAULT 9, 19, 21, C",MB_317,BAJO,C,,
"BULBO DE PRESIO | RENAULT 9, 19, 21, 2",MB_318,BAJO,C,,
BULBO DE PRESIO | MITSUBISHI CARISMA 1,MB_319,BAJO,C,,
"BULBO DE PRESIO | DAEWOO LANOS, GENERA",MB_320,BAJO,B,,
"BULBO DE PRESIO | CITROEN AX, BERLINGO",MB_321,BAJO,C,,
"BULBO DE PRESIO | CITROEN AX, BERLINGO",MB_322,BAJO,C,,
"BULBO DE PRESIO | FORD ESCORT 1.8, ESC",MB_323,BAJO,C,,
"BULBO DE PRESIO | FORD ESCORT, ORION,",MB_324,BAJO,C,,
BULBO DE PRESIO | NISSAN ALMERA II 1.5,MB_325,BAJO,C,,
"BULBO DE PRESIO | AUDI A4, A6, A8, CAB",MB_326,BAJO,C,,
"BULBO DE PRESIO | AUDI A4, A6, A8 3.7,",MB_327,BAJO,C,,
"BULBO DE PRESIO | FORD ESCORT, F100, F",MB_328,BAJO,C,,
"BULBO DE PRESIO | CITROEN JUMPER 3.0,",MB_329,BAJO,C,,
"BULBO DE PRESIO | CITROEN BERLINGO, C3",MB_330,BAJO,C,,
BULBO DE PRESIO | DAIHATSU APPLAUSE 1.,MB_331,BAJO,C,,
"BULBO DE PRESIO | CITROEN JUMPER 2.2,",MB_332,BAJO,C,,
"BULBO DE PRESIO | FORD CAMIÓN, VOLKSWA",MB_333,BAJO,D,,
BULBO DE PRESIO | GENERAL MOTORS ASTRA,MB_334,BAJO,C,,
"BULBO DE PRESIO | GENERAL MOTORS, OPEL",MB_335,BAJO,C,,
"BULBO DE PRESIO | MERCEDEZ BENZ 1214,",MB_337,BAJO,C,,
"BULBO DE PRESIO | FIAT DUCATO 2.3 D, D",MB_338,BAJO,D,,
"BULBO DE PRESIO | FORD ESCORT 1.8, ESC",MB_339,BAJO,C,,
"BULBO DE PRESIO | GENERAL MOTORS, OPEL",MB_340,BAJO,C,,
"BULBO DE PRESIO | AUDI A3 3.2 QUATTRO,",MB_341,BAJO,C,,
"BULBO DE PRESIO | AUDI A1 1.6 TDI, A2,",MB_342,BAJO,C,,
"BULBO DE PRESIO | AUDI A3, A4, A6, A8,",MB_343,BAJO,C,,
"BULBO DE PRESIO | FORD GALAXY 2.8, SEA",MB_344,BAJO,C,,
"BULBO DE PRESIO | FORD MONDEO, TRANSIT",MB_345,BAJO,C,,
"BULBO DE PRESIO | FORD FIESTA V, FIEST",MB_346,BAJO,C,,
"BULBO DE PRESIO | AUDI A2 TDI, A3 TDI,",MB_347,BAJO,C,,
"BULBO DE PRESIO | DAIHATSU APPLAUSE, F",MB_348,BAJO,C,,
"BULBO DE PRESIO | DAIHATSU CHARADA, CH",MB_349,BAJO,C,,
"BULBO DE PRESIO | ALFA ROMEO 155, 164,",MB_350,BAJO,C,,
"BULBO DE PRESIO | FORD FIESTA III, FIE",MB_351,BAJO,C,,
"BULBO DE PRESIO | FORD EXPLORER 4.0, F",MB_352,BAJO,C,,
BULBO DE PRESIO | RASTROJERO INDENOR,MB_353,BAJO,C,,
BULBO DE PRESIO | MERCEDES BENZ CAMIÓN,MB_354,BAJO,C,,
"BULBO DE PRESIO | FORD FIESTA V, FOCUS",MB_355,BAJO,C,,
"BULBO DE PRESIO | FORD TRANSIT 2.5 D,",MB_356,BAJO,C,,
"BULBO DE PRESIO | FORD F100, F250, F35",MB_357,BAJO,C,,
"BULBO DE PRESIO | RENAULT CLIO, DUSTER",MB_358,BAJO,C,,
BULBO DE PRESIO | RENAULT LOGAN 1.5 DC,MB_359,BAJO,C,,
"BULBO DE PRESIO | AUDI A3 2.0 FSI, A4",MB_360,BAJO,C,,
BULBO DE PRESIO | FORD ECOSPORT 2008 1,MB_361,BAJO,C,,
BULBO DE PRESIO | FORD MONDEO DIESEL (,MB_362,BAJO,C,,
"BULBO DE PRESIO | AUDI A4 2.0 TFSI, A4",MB_363,BAJO,D,,
BULBO DE ELECTR | 82°- 68° PEUGEOT 204,MB_402,BAJO,B,,
BULBO DE ELECTR | 92°- 82° ALFA ROMEO,MB_403,BAJO,C,,
BULBO DE ELECTR | 103°- 99° GENERAL MO,MB_404,BAJO,C,,
BULBO DE ELECTR | 92°- 87° VOLKSWAGEN,MB_405,BAJO,C,,
"BULBO DE ELECTR | 89°- 79° CITROEN BX,",MB_406,BAJO,C,,
BULBO DE ELECTR | 86°- 76° PEUGEOT 205,MB_407,BAJO,C,,
BULBO DE ELECTR | 92°- 81° FORD ESCORT,MB_408,BAJO,C,,
"INTERRUPTOR DE | FORD FALCON, FAIRLAN",MB_501,BAJO,C,,
"INTERRUPTOR DE | FORD FALCON, FAIRLAN",MB_502,BAJO,C,,
INTERRUPTOR DE | FORD TAUNUS,MB_503,BAJO,C,,
INTERRUPTOR DE | FORD FALCON 62-68,MB_504,BAJO,C,,
"INTERRUPTOR DE | CITROËN AMI 8, PALA",MB_505,BAJO,D,,
"INTERRUPTOR DE | FIAT 1500, PALA RECT",MB_506,BAJO,D,,
INTERRUPTOR DE | FIAT 600,MB_507,BAJO,C,,
"INTERRUPTOR DE | FIAT 124, 125, 126,",MB_508,BAJO,C,,
"INTERRUPTOR DE | FIAT FIORINO, REGATT",MB_509,BAJO,C,,
"INTERRUPTOR DE | RENAULT 4L, 6, GORDI",MB_510,BAJO,D,,
"INTERRUPTOR DE | RENAULT 6, 12, TORIN",MB_511,BAJO,C,,
"INTERRUPTOR DE | RENAULT 4, 5, 6, 9,",MB_512,BAJO,C,,
"INTERRUPTOR DE | RENAULT 9, 11",MB_513,BAJO,C,,
"INTERRUPTOR DE | RENAULT 18, FUEGO",MB_514,BAJO,C,,
"INTERRUPTOR DE | RENAULT 18, FUEGO",MB_515,BAJO,C,,
INTERRUPTOR DE | PEUGEOT,MB_516,BAJO,D,,
"INTERRUPTOR DE | CITROËN AX, BERLINGO",MB_517,BAJO,C,,
"INTERRUPTOR DE | FIAT 128, 1500, REGA",MB_518,BAJO,C,,
"INTERRUPTOR DE | ALFA ROMEO 145, 146,",MB_519,BAJO,C,,
"INTERRUPTOR DE | GENERAL MOTORS, OPEL",MB_520,BAJO,D,,
INTERRUPTOR DE | CHEVROLET 400,MB_521,BAJO,D,,
"INTERRUPTOR DE | RENAULT 18, FUEGO",MB_522,BAJO,D,,
"INTERRUPTOR DE | RENAULT 18, FUEGO",MB_523,BAJO,C,,
"INTERRUPTOR DE | FORD ESCORT, FIESTA,",MB_524,BAJO,C,,
"INTERRUPTOR DE | VOLKSWAGEN GOL, POIN",MB_524/P,BAJO,C,,
"INTERRUPTOR DE | FORD FIESTA, KA, ORI",MB_525,BAJO,D,,
INTERRUPTOR DE | INTERRUPTOR DE ALARM,MB_526/C,BAJO,C,,
INTERRUPTOR DE | INTERRUPTOR DE ALARM,MB_526/R,BAJO,C,,
"INTERRUPTOR DE | GENERAL MOTORS, OPEL",MB_527,BAJO,C,,
"INTERRUPTOR DE | FIAT 124, 125, 126,",MB_528,BAJO,C,,
"INTERRUPTOR DE | RENAULT 19, 21, CLIO",MB_529,BAJO,C,,
"INTERRUPTOR DE | RENAULT 5,6, 9, 11,",MB_530,BAJO,C,,
"INTERRUPTOR DE | FIAT 1500, BRAVA, BR",MB_531,BAJO,C,,
"INTERRUPTOR DE | RENAULT ESPACE, EXPR",MB_532,BAJO,C,,
"INTERRUPTOR DE | FIAT DUCATO, DUNA, F",MB_533,BAJO,C,,
"INTERRUPTOR DE | RENAULT LAGUNA, LOGA",MB_534,BAJO,C,,
"INTERRUPTOR DE | GENERAL MOTORS, OPEL",MB_535,BAJO,D,,
"INTERRUPTOR DE | FIAT DUNA, FIORINO,",MB_536,BAJO,C,,
"INTERRUPTOR DE | RENAULT 19, 21, CLIO",MB_537,BAJO,D,,
INTERRUPTOR DE | INTERRUPTOR DE ALARM,MB_538/C,BAJO,C,,
INTERRUPTOR DE | INTERRUPTOR DE ALARM,MB_539/R,BAJO,D,,
"INTERRUPTOR DE | FORD ESCORT, FIESTA,",MB_540,BAJO,C,,
INTERRUPTOR DE | INTERRUPTOR DE ALARM,MB_541,BAJO,C,,
INTERRUPTOR DE | INTERRUPTOR DE ALARM,MB_542,BAJO,C,,
INTERRUPTOR DE | INTERRUPTOR DE ALARM,MB_543/C,BAJO,D,,
INTERRUPTOR DE | INTERRUPTOR DE ALARM,MB_543/R,BAJO,C,,
INTERRUPTOR DE | CONTACTOS PUERTA LAT,MB_544,BAJO,C,,
INTERRUPTOR DE | INTERRUPTOR DE ALARM,MB_545/C,BAJO,D,,
INTERRUPTOR DE | INTERRUPTOR DE ALARM,MB_545/R,BAJO,D,,
"INTERRUPTOR DE | RENAULT CLIO, MEGANE",MB_546,BAJO,C,,
"INTERRUPTOR DE | RENAULT CLIO, DUSTER",MB_547,BAJO,C,,
INTERRUPTOR DE | UNIVERSAL CAPOT/BAÚL,MB_548,BAJO,C,,
INTERRUPTOR DE | UNIVERSAL CAPOT/BAÚL,MB_549,BAJO,C,,
"INTERRUPTOR | LLAVE DE UN PUNTP, P",MB_601,BAJO,C,,
INTERRUPTOR | CORTA CORRIENTE MASA,MB_602,BAJO,C,,
INTERRUPTOR | CORTA CORRIENTE MASA,MB_603,BAJO,C,,
"INTERRUPTOR | CORTA CORRIENTE, CON",MB_604,BAJO,C,,
PORTALAMPARA | PORTALÁMPARAS TABLER,MB_703,BAJO,C,,
PORTALAMPARA | PORTALÁMPARAS CIRCUI,MB_704,BAJO,D,,
"SENSOR DE TEMPE | UNIVERSAL, ORLAN ROV",MB_800,BAJO,C,,
"SENSOR DE TEMPE | UNIVERSAL, REEMPLAZA",MB_801,BAJO,C,,
"SENSOR DE TEMPE | UNIVERSAL, REEMPLAZA",MB_802,BAJO,D,,
"SENSOR DE TEMPE | CHEVROLET PICK-UP, G",MB_803,BAJO,D,,
SENSOR DE TEMPE | DODGE 1500 HASTA 197,MB_804,BAJO,C,,
SENSOR DE TEMPE | DODGE 1500 HASTA 197,MB_805,BAJO,C,,
SENSOR DE TEMPE | CHRYSLER MOTOR VALIA,MB_806,BAJO,D,,
"SENSOR DE TEMPE | SEAT CORDOBA 1.8 I,",MB_807,BAJO,C,,
"SENSOR DE TEMPE | CHEVROLET, GENERAL M",MB_808,BAJO,C,,
"SENSOR DE TEMPE | CHEVROLET, GENERAL M",MB_809,BAJO,C,,
"SENSOR DE TEMPE | ALFA ROMEO 145, FIAT",MB_810,BAJO,C,,
"SENSOR DE TEMPE | FIAT PALIO, PUNTO, R",MB_811,BAJO,C,,
"SENSOR DE TEMPE | FIAT BRAVA 1.6, DUNA",MB_812,BAJO,C,,
"SENSOR DE TEMPE | FIAT 600, 600 E, 600",MB_813,BAJO,D,,
"SENSOR DE TEMPE | FIAT SIENA, TEMPRA,",MB_814,BAJO,C,,
"SENSOR DE TEMPE | FORD ESCORT, FIESTA,",MB_815,BAJO,C,,
"SENSOR DE TEMPE | FORD ESCORT, FIESTA,",MB_816,BAJO,C,,
"SENSOR DE TEMPE | FORD FALCON, SIERRA",MB_817,BAJO,C,,
"SENSOR DE TEMPE | FORD ESCORT 1.3, 1.6",MB_818,BAJO,C,,
SENSOR DE TEMPE | FORD TRANSIT 2.5,MB_819,BAJO,C,,
"SENSOR DE TEMPE | FORD PICK-UP V8, TAU",MB_820,BAJO,C,,
SENSOR DE TEMPE | FORD ESCORT 1.8,MB_821,BAJO,C,,
"SENSOR DE TEMPE | FORD F100 D, ESCORT,",MB_822,BAJO,C,,
"SENSOR DE TEMPE | FORD ESCORT 1.8 D, 1",MB_823,BAJO,C,,
SENSOR DE TEMPE | FORD FIESTA,MB_824,BAJO,C,,
"SENSOR DE TEMPE | FORD F100, RANGER 2.",MB_825,BAJO,C,,
SENSOR DE TEMPE | FORD CAMIÓN,MB_826,BAJO,C,,
"SENSOR DE TEMPE | FORD F100, RANGER 2.",MB_827,BAJO,C,,
"SENSOR DE TEMPE | FORD ESCORT, VOLKSWA",MB_828,BAJO,C,,
"SENSOR DE TEMPE | FORD FIESTA, TRANSIT",MB_829,BAJO,C,,
"SENSOR DE TEMPE | ALFA ROMEO SPIDER, D",MB_830,BAJO,D,,
"SENSOR DE TEMPE | MERCEDES BENZ 608, 9",MB_831,BAJO,C,,
SENSOR DE TEMPE | DEUTZ TODOS,MB_832,BAJO,C,,
SENSOR DE TEMPE | PERKINS CON MOTOR L3,MB_833,BAJO,C,,
"SENSOR DE TEMPE | FORD F100, F150, F25",MB_834,BAJO,C,,
SENSOR DE TEMPE | FORD CUMMINS,MB_835,BAJO,C,,
SENSOR DE TEMPE | RASTROJERO 1968 A 19,MB_836,BAJO,D,,
"SENSOR DE TEMPE | CITROËN BX, C15, C25",MB_837,BAJO,D,,
"SENSOR DE TEMPE | SACANIA, SAAB BR 116",MB_838,BAJO,D,,
"SENSOR DE TEMPE | RENAULT 4, 6",MB_839,BAJO,D,,
SENSOR DE TEMPE | RENAULT 12,MB_840,BAJO,C,,
"SENSOR DE TEMPE | CITROËN C25 2.5 D, C",MB_841,BAJO,C,,
"SENSOR DE TEMPE | CITROËN AX, BX, C15",MB_842,BAJO,C,,
"SENSOR DE TEMPE | RENAULT 21, ESPACE,",MB_843,BAJO,C,,
"SENSOR DE TEMPE | RENAULT SAFRANE 2.0,",MB_844,BAJO,C,,
"SENSOR DE TEMPE | RENAULT IKA, TORINO",MB_845,BAJO,C,,
SENSOR DE TEMPE | PEUGEOT DIESEL,MB_846,BAJO,C,,
SENSOR DE TEMPE | PEUGEOT 504 DIESEL,MB_847,BAJO,C,,
"SENSOR DE TEMPE | PEUGEOT 205, 305, 40",MB_848,BAJO,C,,
"SENSOR DE TEMPE | PEUGEOT 404 NAFTA, 5",MB_849,BAJO,C,,
SENSOR DE TEMPE | PEUGEOT 505,MB_850,BAJO,C,,
SENSOR DE TEMPE | PEUGEOT 505,MB_851,BAJO,C,,
"SENSOR DE TEMPE | VOLKSWAGEN GOL, VOYA",MB_852,BAJO,C,,
"SENSOR DE TEMPE | GENERAL MOTORS, OPEL",MB_853,BAJO,C,,
"SENSOR DE TEMPE | FORD ESCORT, COURIER",MB_854,BAJO,C,,
SENSOR DE TEMPE | JOHN DEERE TRACTORES,MB_855,BAJO,D,,
SENSOR DE TEMPE | MERCEDES BENZ SPRINT,MB_856,BAJO,C,,
"SENSOR DE TEMPE | GENERAL MOTORS, OPEL",MB_858,BAJO,C,,
"SENSOR DE TEMPE | RENAULT 21, ESPACE,",MB_859,BAJO,C,,
"SENSOR DE TEMPE | CITROËN BERLINGO, EV",MB_860,BAJO,D,,
"SENSOR DE TEMPE | CITROËN AX, XM, ZX,",MB_861,BAJO,D,,
"SENSOR DE TEMPE | FORD COURIER 1.6, ES",MB_862,BAJO,C,,
"SENSOR DE TEMPE | RENAULT 19, 21, CLIO",MB_863,MEDIO,D,,
"SENSOR DE TEMPE | RENAULT 21, ESPACE,",MB_864,MEDIO,D,,
"SENSOR DE TEMPE | RENAULT 19, 21, 25,",MB_865,BAJO,C,,
SENSOR DE TEMPE | ,MB_866,BAJO,D,,
"SENSOR DE TEMPE | RENAULT 21, CLIO, ES",MB_867,BAJO,C,,
"SENSOR DE TEMPE | RENAULT 19 1.7, 1.8,",MB_868,BAJO,C,,
SENSOR DE TEMPE | RENAULT BERLINGO 1.9,MB_869,BAJO,C,,
SENSOR DE TEMPE | CITROËN BERLINGO 1.9,MB_870,MEDIO,C,,
"SENSOR DE TEMPE | VOLKSWAGEN GOLF 2.8,",MB_871,MEDIO,D,,
"SENSOR DE TEMPE | FORD GALAXY 1.9 TD,",MB_872,BAJO,C,,
"SENSOR DE TEMPE | FIAT CROMA, PUNTO 1.",MB_873,MEDIO,C,,
"SENSOR DE TEMPE | CITROËN AX, BERLINGO",MB_875,MEDIO,C,,
"SENSOR DE TEMPE | RENAULT ESPACE, KANG",MB_876,MEDIO,D,,
"SENSOR DE TEMPE | ALFA ROMEO 145, 146,",MB_877,BAJO,C,,
"SENSOR DE TEMPE | CITROËN BERLINGO, SA",MB_878,MEDIO,C,,
"SENSOR DE TEMPE | FORD GALAXY 2.8 I, S",MB_879,MEDIO,D,,
"SENSOR DE TEMPE | FORD GALAXY 2.8, VOL",MB_880,MEDIO,D,,
SENSOR DE TEMPE | PEUGEOT 505 TD,MB_881,BAJO,D,,
"SENSOR DE TEMPE | FORD ESCORT, COURIER",MB_882,BAJO,C,,
"SENSOR DE TEMPE | FORD RANGER 2.5 D, 2",MB_883,BAJO,C,,
"SENSOR DE TEMPE | TOYOTA 4-RUNNER 3.0,",MB_884,BAJO,C,,
"SENSOR DE TEMPE | FORD FIESTA, TRANSIT",MB_885,BAJO,D,,
SENSOR DE TEMPE | ALFA ROMEO 145 1.9 T,MB_886,MEDIO,C,,
SENSOR DE TEMPE | MERCEDES BENZ CAMION,MB_887,MEDIO,D,,
"SENSOR DE TEMPE | CITROËN JUMPER 1.9,",MB_888,BAJO,C,,
"SENSOR DE TEMPE | CITROËN JUMPER 2.8,",MB_889,MEDIO,C,,
"SENSOR DE TEMPE | RENAULT CLIO 1.9, ES",MB_890,MEDIO,C,,
"SENSOR DE TEMPE | CITROËN EVASION 2.0,",MB_891,BAJO,D,,
"SENSOR DE TEMPE | CITROËN AX 1.4, BERL",MB_892,MEDIO,C,,
"SENSOR DE TEMPE | GENERAL MOTORS, SUBU",MB_893,BAJO,D,,
SENSOR DE TEMPE | VOLKSWAGEN GOL 1.8 D,MB_894,BAJO,C,,
"SENSOR DE TEMPE | RENAULT ESPACE, KANG",MB_895,MEDIO,C,,
"SENSOR DE TEMPE | FORD ESCORT, FIESTA",MB_896,BAJO,C,,
"SENSOR DE TEMPE | VOLKSWAGEN GOL, QUAN",MB_897,BAJO,C,,
"SENSOR DE TEMPE | CITROËN AX 1.5 D, BE",MB_898,BAJO,C,,
"SENSOR DE TEMPE | CITROËN AX 1.5, SAXO",MB_899,BAJO,D,,
SENSOR DE TEMPE | ALFA ROMEO 145 1.9 T,MB_899/1,ALTO,D,,
"SENSOR DE TEMPE | GM CHEVROLET ONIX, C",MB_899/11,BAJO,C,,
"SENSOR DE TEMPE | CITROËN AX, BERLINGO",MB_899/2,BAJO,D,,
SENSOR DE TEMPE | CITROËN JUMPER 2.5 T,MB_899/3,MEDIO,D,,
"SENSOR DE TEMPE | ALFA ROMEO 145, 146,",MB_899/4,BAJO,D,,
"SENSOR DE TEMPE | AUDI, VOLKSWAGEN OMN",MB_899/6,BAJO,D,,
SENSOR DE TEMPE | MERCEDES BENZ OMNIBU,MB_899/7,BAJO,D,,
SENSORES DE PRE | DEUTZ MOTOR. 413 OMN,MB_915,BAJO,C,,
SENSORES DE PRE | FIAT CAMION 619 AIRE,MB_916,BAJO,D,,
BULON / TUERCA | KIT ANTIRROBO HIGH S,MCG21156SL,MEDIO,C,,
BULON / TUERCA | KIT ANTIRROBO ORIGIN,MCG21156SU,MEDIO,C,,
BULON / TUERCA | KIT ANTIRROBO HIGH S,MCG24154SL,MEDIO,C,,
BULON / TUERCA | KIT ANTIRROBO ORIGIN,MCG24154SU,MEDIO,C,,
BULON / TUERCA | KIT ANTIRROBO HIGH S,MCG24157SL,MEDIO,C,,
BULON / TUERCA | KIT ANTIRROBO ORIGIN,MCG24157SU,MEDIO,C,,
BULON / TUERCA | KIT ANTIRROBO HIGH S,MCG24195SL,MEDIO,C,,
BULON / TUERCA | KIT ANTIRROBO ORIGIN,MCG24195SU,MEDIO,C,,
BULON / TUERCA | KIT ANTIRROBO ORIGIN,MCG24214SU,MEDIO,C,,
BULON / TUERCA | KIT ANTIRROBO NEGRO,MCG24214SUB,ALTO,C,,
BULON / TUERCA | KIT ANTIRROBO ORIGIN,MCG24238SU,MEDIO,C,,
BULON / TUERCA | KIT ANTIRROBO HIGH S,MCG25000SL,MEDIO,C,,
BULON / TUERCA | KIT ANTIRROBO ORIGIN,MCG25000SU,MEDIO,C,,
BULON / TUERCA | KIT ANTIRROBO HIGH S,MCG26002SL,MEDIO,C,,
BULON / TUERCA | KIT ANTIRROBO ORIGIN,MCG26002SU,MEDIO,C,,
BULON / TUERCA | KIT ANTIRROBO NEGRO,MCG26002SUB,ALTO,C,,
BULON / TUERCA | KIT ANTIRROBO HIGH S,MCG27170SL,MEDIO,C,,
BULON / TUERCA | KIT ANTIRROBO ORIGIN,MCG27170SU,MEDIO,D,,
BULON / TUERCA | KIT ANTIRROBO HIGH S,MCG27179SL,MEDIO,C,,
BULON / TUERCA | KIT ANTIRROBO ORIGIN,MCG27179SU,MEDIO,C,,
BULON / TUERCA | KIT ANTIRROBO ORIGIN,MCG27181SU,MEDIO,C,,
BULON / TUERCA | KIT ANTIRROBO HIGH S,MCG27204SL,MEDIO,C,,
BULON / TUERCA | KIT ANTIRROBO ORIGIN,MCG27204SU,MEDIO,C,,
BULON / TUERCA | KIT ANTIRROBO HIGH S,MCG27216SL,MEDIO,C,,
BULON / TUERCA | KIT ANTIRROBO ORIGIN,MCG27216SU,MEDIO,C,,
BULON / TUERCA | KIT ANTIRROBO ORIGIN,MCG27216SUB,ALTO,C,,
BULON / TUERCA | KIT ANTIRROBO ORIGIN,MCG27226SU,MEDIO,C,,
BULON / TUERCA | KIT ANTIRROBO HIGH S,MCG28018SL,MEDIO,C,,
BULON / TUERCA | KIT ANTIRROBO ORIGIN,MCG28018SU,MEDIO,C,,
BULON / TUERCA | KIT ANTIRROBO NEGRO,MCG28018SUB,ALTO,D,,
BULON / TUERCA | KIT ANTIRROBO ORIGIN,MCG28020SU,MEDIO,C,,
BULON / TUERCA | KIT ANTIRROBO ORIGIN,MCG28044SU,MEDIO,C,,
BULON / TUERCA | KIT ANTIRROBO NEGRO,MCG28044SUB,ALTO,C,,
TERMOCONTACTOS | PEUGEOT 404 BULBO EL,MD_15004,BAJO,C,,
TRANSMISORES DE | MERCEDES BENZ:,MD_24811,BAJO,D,,
BATERIA DE MOTO | YT5A 12N5-3B YT5A ZA,MIK12N5-BS,BAJO,A,,
BATERIA DE MOTO | 12N6.5-3B SAPUCAI CE,MIK12N6.5-BS,BAJO,B,,
BATERIA DE MOTO | 12N7-3B 12N7-BS 12N7,MIK12N7-BS,MEDIO,A,,
BATERIA DE MOTO | 12N7A-3A MOTOMEL SKU,MIK12N7B-BS,MEDIO,A,,
BATERIA DE MOTO | 12N9-4B-1 YB9-B ROUS,MIK12N9A-BS,BAJO,B,,
PARA MOTO | APLICACIÓN DELANTERA,MIKMIKI001-2.50R17,BAJO,B,,
PARA MOTO | APLICACIÓN DELANTERA,MIKMIKI001-2.50R18,BAJO,C,,
PARA MOTO | APLICACIÓN DELANTERA,MIKMIKI005-2.25R16,BAJO,C,,
PARA MOTO | APLICACIÓN DELANTERA,MIKMIKI005-2.75R17,BAJO,C,,
PARA MOTO | APLICACIÓN DELANTERA,MIKMIKI005-2.75R18,BAJO,C,,
PARA MOTO | APLICACIÓN TRASERA M,MIKMIKI005-3.00R18,BAJO,C,,
PARA MOTO | APLICACIÓN TRASERA M,MIKMIKI006-80.100R14,BAJO,C,,
PARA MOTO | APLICACIÓN TRASERA M,MIKMIKI006-90.90R18,MEDIO,C,,
PARA MOTO | APLICACIÓN DELANTERA,MIKMIKI01-2.75R18,BAJO,C,,
PARA MOTO | APLICACIÓN TRASERA M,MIKMIKI013-4.10R18,MEDIO,C,,
PARA MOTO | APLICACIÓN TRASERA M,MIKMIKI035-90.90R18,MEDIO,C,,
PARA MOTO | APLICACIÓN TRASERA M,MIKMIKI055-80.100R14,BAJO,C,,
PARA MOTO | APLICACIÓN DELANTERA,MIKMIKI071-2.75R17,BAJO,C,,
PARA MOTO | APLICACIÓN DELANTERA,MIKMIKI087-2.50R17,BAJO,C,,
PARA MOTO | APLICACIÓN DELANTERA,MIKMIKI105-2.50R17,BAJO,C,,
CAMARA DE MOTO | TR4 MIKIMOTO 110/90-,MIKTR4-1109013,BAJO,C,,
CAMARA DE MOTO | TR4 MIKIMOTO 110/90-,MIKTR4-1109017,BAJO,B,,
CAMARA DE MOTO | TR4 MIKIMOTO 2.50-16,MIKTR4-25016,BAJO,B,,
CAMARA DE MOTO | TR4 MIKIMOTO 2.50-17,MIKTR4-25017,BAJO,A,,
CAMARA DE MOTO | TR4 MIKIMOTO 2.75-17,MIKTR4-27517,BAJO,A,,
CAMARA DE MOTO | TR4 MIKIMOTO 3.00-14,MIKTR4-30014,BAJO,A,,
CAMARA DE MOTO | TR4 MIKIMOTO 3.00-18,MIKTR4-30018,BAJO,A,,
CAMARA DE MOTO | TR4 MIKIMOTO 3.00-21,MIKTR4-30021,BAJO,B,,
CAMARA DE MOTO | TR4 MIKIMOTO 4.10-18,MIKTR4-41018,BAJO,B,,
CAMARA DE MOTO | TR87 MIKIMOTO 3.00-1,MIKTR87-30010,BAJO,C,,
CAMARA DE MOTO | TR87 MIKIMOTO 3.50-1,MIKTR87-35010,BAJO,C,,
BATERIA DE MOTO | YT12B-BS YAMAHA FAZE,MIKYT12B,MEDIO,C,,
BATERIA DE MOTO | YT7B YB7B-B NX 150 X,MIKYT7B-BS,MEDIO,C,,
BATERIA DE MOTO | YT9BBS YT9B4 YAMAHA,MIKYT9B-BS,MEDIO,C,,
BATERIA DE MOTO | YTX12-BS KAWASAKI KL,MIKYTX12-BS,MEDIO,C,,
BATERIA DE MOTO | YTX14-BS SUZUKI DL10,MIKYTX14-BS,MEDIO,C,,
BATERIA DE MOTO | ALTO RENDIMIENTO YTX,MIKYTX14AHL-BS,MEDIO,C,,
BATERIA DE MOTO | YTX20L-BS HARLEY-DAV,MIKYTX20L-BS,MEDIO,C,,
BATERIA DE MOTO | YTX4L-BS HONDA FAN B,MIKYTX4L-BS,BAJO,B,,
BATERIA DE MOTO | YTX5L BS HONDA CG 15,MIKYTX5L-BS,BAJO,A,,
BATERIA DE MOTO | YTX7A-BS ZANELLA STY,MIKYTX7A-BS,MEDIO,B,,
BATERIA DE MOTO | YTX7L-BS MT 03 FZ 25,MIKYTX7L-BS,MEDIO,A,,
BATERIA DE MOTO | BAJAJ ROUSER DOMINAR,MIKYTX9-BS,MEDIO,B,,
BATERIA DE MOTO | YTZ10S CBR600 929 10,MIKYTZ10-BS,MEDIO,C,,
BATERIA DE MOTO | YTZ12S YAMAHA XT1200,MIKYTZ12-BS,MEDIO,C,,
BATERIA DE MOTO | YTZ7S PARA HONDA CB2,MIKYTZ7-BS,BAJO,B,,
CABLE ARMADO | DOBLE OJAL 25 CM,MOH025025,BAJO,C,,
CABLE ARMADO | DOBLE OJAL 30 CM,MOH025030,BAJO,C,,
CABLE ARMADO | DOBLE OJAL 35 CM,MOH025035,BAJO,C,,
CABLE ARMADO | DOBLE OJAL 40 CM,MOH025040,BAJO,B,,
CABLE ARMADO | DOBLE OJAL 45 CM,MOH025045,BAJO,C,,
CABLE ARMADO | DOBLE OJAL 50 CM,MOH025050,BAJO,B,,
CABLE ARMADO | DOBLE OJAL 55 CM,MOH025055,BAJO,C,,
CABLE ARMADO | DOBLE OJAL 60 CM,MOH025060,BAJO,B,,
CABLE ARMADO | DOBLE OJAL 65 CM,MOH025065,BAJO,C,,
CABLE ARMADO | DOBLE OJAL 70 CM,MOH025070,BAJO,C,,
CABLE ARMADO | DOBLE OJAL 75 CM,MOH025075,BAJO,C,,
CABLE ARMADO | DOBLE OJAL 80 CM,MOH025080,BAJO,B,,
CABLE ARMADO | DOBLE OJAL 85 CM,MOH025085,BAJO,C,,
CABLE ARMADO | DOBLE OJAL 90 CM,MOH025090,BAJO,C,,
CABLE ARMADO | DOBLE OJAL 95 CM,MOH025095,BAJO,C,,
CABLE ARMADO | DOBLE OJAL 100 CM,MOH025100,BAJO,B,,
CABLE ARMADO | DOBLE OJAL 105 CM,MOH025105,BAJO,C,,
CABLE ARMADO | DOBLE OJAL 110 CM,MOH025110,BAJO,C,,
CABLE ARMADO | DOBLE OJAL 115 CM,MOH025115,BAJO,C,,
CABLE ARMADO | DOBLE OJAL 120 CM,MOH025120,BAJO,C,,
CABLE ARMADO | DOBLE OJAL 125 CM,MOH025125,BAJO,C,,
CABLE ARMADO | DOBLE OJAL 130 CM,MOH025130,BAJO,C,,
CABLE ARMADO | DOBLE OJAL 135 CM,MOH025135,BAJO,C,,
CABLE ARMADO | DOBLE OJAL 140 CM,MOH025140,BAJO,C,,
CABLE ARMADO | DOBLE OJAL 145 CM,MOH025145,BAJO,C,,
CABLE ARMADO | DOBLE OJAL 150 CM,MOH025150,BAJO,C,,
CABLE ARMADO | DOBLE OJAL 155 CM,MOH025155,BAJO,C,,
CABLE ARMADO | DOBLE OJAL 160 CM,MOH025160,BAJO,C,,
CABLE ARMADO | DOBLE OJAL 165 CM,MOH025165,BAJO,C,,
CABLE ARMADO | DOBLE OJAL 170 CM,MOH025170,BAJO,C,,
CABLE ARMADO | DOBLE OJAL 175 CM,MOH025175,BAJO,C,,
CABLE ARMADO | DOBLE OJAL 200 CM,MOH025200,BAJO,C,,
CABLE ARMADO | DOBLE OJAL 250 CM,MOH025250,BAJO,C,,
CABLE ARMADO | DOBLE OJAL 300 CM,MOH025300,MEDIO,C,,
PUENTE PARA BAT | 150 AMPER 2 METROS,MOH1,BAJO,C,,
LLAVE SACA BUJI | LLAVE SACA BUJIA UNI,MOH100,BAJO,C,,
LLAVE SACA BUJI | FIAT F147-DUNA-PALIO,MOH101,BAJO,C,,
LLAVE SACA BUJI | VOLKSWAGEN DODGE 150,MOH102,BAJO,C,,
LLAVE SACA BUJI | CITROEN 3CV,MOH103,BAJO,C,,
LLAVE SACA BUJI | FIAT F125 FORD P UP,MOH104,BAJO,C,,
LLAVE SACA BUJI | CITROEN-FORD-PEUGEOT,MOH105,BAJO,B,,
LLAVE SACA BUJI | CHEVROLET CORSA IKA,MOH106,BAJO,C,,
LLAVE SACA BUJI | FIAT - FORD - PEUGEO,MOH107,BAJO,C,,
LLAVE SACA BUJI | RENAULT 9 - 11 - 12,MOH108,BAJO,C,,
LLAVE SACA BUJI | RENAULT CLIO II,MOH109,BAJO,B,,
PUENTE PARA BAT | 250 AMPER 2 METROS,MOH11,MEDIO,C,,
LLAVE SACA BUJI | CARDANICA HEXAGONAL,MOH110,BAJO,B,,
"LLAVE SACA BUJI | LLAVE CARDANICA , EX",MOH111,BAJO,B,,
LLAVE SACA BUJI | CHEVROLET - FIAT - P,MOH112,BAJO,B,,
LLAVE SACA BUJI | 207-208-2008-308-300,MOH113,BAJO,C,,
"PUENTE PARA BAT | 250 AMPER 2,50 METRO",MOH12,MEDIO,C,,
PUENTE PARA BAT | 250 AMPER 3 METROS,MOH13,MEDIO,C,,
"PUENTE PARA BAT | 150 AMPER 2,50 METRO",MOH2,BAJO,C,,
TERMINAL DE COB | CABLE DE 25 MM,MOH20/0,BAJO,B,,
TERMINAL DE COB | CABLE DE 25 MM CANTI,MOH20/1,BAJO,A,,
TERMINAL DE COB | CABLE DE 35 MM,MOH20/2,BAJO,A,,
TERMINAL DE COB | CABLE DE 50 MM,MOH20/3,BAJO,A,,
TERMINAL DE COB | CABLE DE 70 MM,MOH20/4,BAJO,B,,
CABLE ARMADO | BORNE-OJAL 25 CM,MOH25025,BAJO,C,,
CABLE ARMADO | BORNE-OJAL 30 CM,MOH25030,BAJO,C,,
CABLE ARMADO | BORNE-OJAL 35 CM,MOH25035,BAJO,C,,
CABLE ARMADO | BORNE-OJAL 40 CM,MOH25040,BAJO,C,,
CABLE ARMADO | BORNE-OJAL 45 CM,MOH25045,BAJO,C,,
CABLE ARMADO | BORNE-OJAL 50 CM,MOH25050,BAJO,C,,
CABLE ARMADO | BORNE-OJAL 55 CM,MOH25055,BAJO,C,,
CABLE ARMADO | BORNE-OJAL 60 CM,MOH25060,BAJO,C,,
CABLE ARMADO | BORNE-OJAL 65 CM,MOH25065,BAJO,C,,
CABLE ARMADO | BORNE-OJAL 70 CM,MOH25070,BAJO,C,,
CABLE ARMADO | BORNE-OJAL 75 CM,MOH25075,BAJO,C,,
CABLE ARMADO | BORNE-OJAL 80 CM,MOH25080,BAJO,C,,
CABLE ARMADO | BORNE-OJAL 85 CM,MOH25085,BAJO,C,,
CABLE ARMADO | BORNE-OJAL 90 CM,MOH25090,BAJO,C,,
CABLE ARMADO | BORNE-OJAL 95 CM,MOH25095,BAJO,C,,
CABLE ARMADO | BORNE-OJAL 100 CM,MOH25100,BAJO,C,,
CABLE ARMADO | BORNE-OJAL 105 CM,MOH25105,BAJO,C,,
CABLE ARMADO | BORNE-OJAL 110 CM,MOH25110,BAJO,C,,
CABLE ARMADO | BORNE-OJAL 115 CM,MOH25115,BAJO,C,,
CABLE ARMADO | BORNE-OJAL 120 CM,MOH25120,BAJO,C,,
CABLE ARMADO | BORNE-OJAL 125 CM,MOH25125,BAJO,C,,
CABLE ARMADO | BORNE-OJAL 130 CM,MOH25130,BAJO,C,,
CABLE ARMADO | BORNE-OJAL 135 CM,MOH25135,BAJO,C,,
CABLE ARMADO | BORNE-OJAL 140 CM,MOH25140,BAJO,C,,
CABLE ARMADO | BORNE-OJAL 145 CM,MOH25145,BAJO,D,,
CABLE ARMADO | BORNE-OJAL 150 CM,MOH25150,BAJO,C,,
CABLE ARMADO | BORNE-OJAL 155 CM,MOH25155,BAJO,C,,
CABLE ARMADO | BORNE-OJAL 160 CM,MOH25160,BAJO,D,,
CABLE ARMADO | BORNE-OJAL 165 CM,MOH25165,BAJO,C,,
CABLE ARMADO | BORNE-OJAL 170 CM,MOH25170,BAJO,D,,
CABLE ARMADO | BORNE-OJAL 175 CM,MOH25175,BAJO,D,,
CABLE ARMADO | BORNE-OJAL 200 CM,MOH25200,BAJO,D,,
CABLE ARMADO | BORNE-OJAL 250 CM,MOH25250,BAJO,D,,
CABLE ARMADO | BORNE-OJAL 300 CM,MOH25300,MEDIO,D,,
PUENTE PARA BAT | 150 AMPER 3 METROS,MOH3,BAJO,C,,
FICHA PARA TRAI | 5 CONTACTOS T/ BOSCH,MOH314,BAJO,C,,
FICHA PARA TRAI | 5 CONTACTOS,MOH315,BAJO,C,,
FICHA PARA TRAI | 7 CONTACTOS,MOH317,BAJO,B,,
FICHA PARA TRAI | 7 CONTACTOS,MOH319,BAJO,C,,
INTERRUPTOR DE | SOBRE CARROCERIA,MOH500,BAJO,B,,
INTERRUPTOR DE | SOBRE BORNE CON PERI,MOH501,BAJO,C,,
INTERRUPTOR DE | SOBRE TABLERO CON LL,MOH502,BAJO,C,,
INTERRUPTOR DE | SOBRE BATERIA CON LL,MOH503,BAJO,C,,
INTERRUPTOR DE | SOBRE BORNE CON ROSC,MOH504,BAJO,C,,
INTERRUPTOR DE | SOBRE TABLERO CON LL,MOH505,BAJO,C,,
INTERRUPTOR DE | SOBRE BORNE,MOH506,BAJO,C,,
FICHA PARA TRAI | ACOPLE 5 CONTACTOS T,MOH5354,BAJO,A,,
FICHA PARA TRAI | ACOPLE 7 CONTACTOS T,MOH5758,BAJO,B,,
FICHA ENCHUFE | FICHA ENCHUFE 7 CONT,MOH58,BAJO,C,,
TERMINAL DE BAT | DIESEL COMUN CANTIDA,MOH600-,BAJO,A,,
TERMINAL DE BAT | DIESEL COMUN CANTIDA,MOH600+,BAJO,A,,
TERMINAL DE BAT | UNIVERSAL COMUN CANT,MOH601-,BAJO,A,,
TERMINAL DE BAT | UNIVERSAL COMUN CANT,MOH601+,BAJO,A,,
TERMINAL DE BAT | DIESEL TIPO L,MOH602-,BAJO,B,,
TERMINAL DE BAT | DIESEL TIPO L,MOH602+,BAJO,B,,
TERMINAL DE BAT | NAUTICO MARIPOSA PLA,MOH603P-,BAJO,A,,
TERMINAL DE BAT | NAUTICO MARIPOSA PLA,MOH603P+,BAJO,A,,
TERMINAL DE BAT | SUPER DIESEL CANTIDA,MOH604-,BAJO,A,,
TERMINAL DE BAT | SUPER DIESEL CANTIDA,MOH604+,BAJO,A,,
TERMINAL DE BAT | SUPER DIESEL TIPO L,MOH605-,BAJO,C,,
TERMINAL DE BAT | SUPER DIESEL TIPO L,MOH605+,BAJO,C,,
TERMINAL DE BAT | MORDAZA UNIVERSAL,MOH606,BAJO,C,,
TERMINAL DE BAT | MORDAZA DIESEL-SUPER,MOH607,BAJO,A,,
TERMINAL DE BAT | UNIVERSAL TIPO L CAN,MOH611-,BAJO,A,,
TERMINAL DE BAT | UNIVERSAL TIPO L CAN,MOH611+,BAJO,A,,
TERMINAL DE BAT | RENAULT-PEUGEOT,MOH616-,BAJO,C,,
TERMINAL DE BAT | RENAULT-PEUGEOT,MOH616+,BAJO,C,,
TERMINAL DE BAT | SAPITO UNIVERSAL CAN,MOH617-,BAJO,A,,
TERMINAL DE BAT | SAPITO UNIVERSAL NEG,MOH617+,BAJO,A,,
TERMINAL DE BAT | SAPITO DIESEL CANTID,MOH619-,BAJO,A,,
TERMINAL DE BAT | SAPITO DIESEL CANTID,MOH619+,BAJO,A,,
TERMINAL DE BAT | SAPITO SUPER DIESEL,MOH620-,BAJO,A,,
TERMINAL DE BAT | SAPITO SUPER DIESEL,MOH620+,BAJO,A,,
TERMINAL DE COB | ESTAÑADO PARA CABLE,MOH917C,BAJO,B,,
TERMINAL DE COB | ESTAÑADO PARA CABLE,MOH918C,BAJO,C,,
TERMINAL DE COB | ESTAÑADO PARA CABLE,MOH919C,BAJO,A,,
TERMINAL DE COB | ESTAÑADO PARA CABLE,MOH920C,BAJO,A,,
TERMINAL DE COB | SIN ESTAÑAR PARA CAB,MOH921A,BAJO,C,,
TERMINAL DE COB | ESTAÑADO PARA CABLE,MOH921C,BAJO,A,,
TERMINAL DE COB | SIN ESTAÑAR PARA CAB,MOH922A,BAJO,B,,
TERMINAL DE COB | ESTAÑADO PARA CABLE,MOH922C,BAJO,A,,
TERMINAL DE COB | SIN ESTAÑAR PARA CAB,MOH923A,BAJO,B,,
TERMINAL DE COB | ESTAÑADO PARA CABLE,MOH923C,BAJO,A,,
TERMINAL DE COB | SIN ESTANAR PARA CAB,MOH924A,BAJO,B,,
TERMINAL DE COB | ESTAÑADO PARA CABLE,MOH924C,BAJO,A,,
TERMINAL DE COB | ESTAÑADO PARA CABLE,MOH925C,BAJO,B,,
LAMPARAS DE SEÑ | T20 7443 12V 21/5W B,MOTMOTO12066PR,BAJO,A,,
LAMPARA HALOGEN | H1 12V 55W MOTOLITE,MOTMOTO12258PR,BAJO,A,,
LAMPARA HALOGEN | H3 12V 55W MOTOLITE,MOTMOTO12336PR,BAJO,B,,
LAMPARA HALOGEN | H4 PT43 12V 60/55W M,MOTMOTO12342PR,BAJO,A,,
LAMPARA HALOGEN | H11 12V 55W MOTOLITE,MOTMOTO12362PR,BAJO,A,,
LAMPARAS DE SEÑ | PY21W 12V 21W BAU15S,MOTMOTO12496PR,BAJO,A,,
LAMPARAS DE SEÑ | P21W 1141 12V21W BLA,MOTMOTO12498PR,BAJO,A,,
LAMPARAS DE SEÑ | P21/5W 12V 1034 BAY1,MOTMOTO12499PR,BAJO,A,,
LAMPARAS DE SEÑ | R5W 67 12V 10W BA15S,MOTMOTO12814PR,BAJO,A,,
LAMPARAS DE SEÑ | R5W 67 12V5W BA15S B,MOTMOTO12821PR,BAJO,A,,
LAMPARAS DE SEÑ | W5W 2821 12V5W BLANC,MOTMOTO12961PR,BAJO,A,,
LAMPARA HALOGEN | H7 12V 55W MOTOLITE,MOTMOTO12972PR,BAJO,A,,
LAMPARA HALOGEN | 9005 12V 60W MOTOLIT,MOTMOTOHB39005PR,BAJO,C,,
LAMPARA HALOGEN | 9006 12V 51W MOTOLIT,MOTMOTOHB49006PR,BAJO,C,,
BUJÍA RESISTIVA | ,NGKBCPR5ES,,D,,
BUJÍA STANDARD | ,NGKBP6HS,,D,,
BUJÍA RESISTIVA | ,NGKBPR5EFS,,D,,
LLAVE DE LUCES | CON DOBLE PROTECCIÓN,NOSAB54,ALTO,C,,
"ALTERNADOR 12V | RANGER 2.5, 2.8 BLAZ",NOSANB080226,ALTO,C,,
REGULADOR DE VO | FIAT 128 - 125,NOSAW12V,MEDIO,D,,
REGULADOR DE VO | FORD FALCON - TAUNUS,NOSAZ12V,MEDIO,C,,
BOBINA DE IGNIC | RENAULT LAGUNA 2.0 1,NOSBIN201380,,D,,
BOBINA DE IGNIC | RENAULT 19 1.6 1995>,NOSBIN201391,,C,,
"BOBINA DE IGNIC | RENAULT CLIO 1.4, 1.",NOSBIN201414,,D,,
"BOBINA DE IGNIC | RENAULT CLIO 1.4, 1.",NOSBIN201415,,D,,
BOCINA DE RETRO | BOCINA DE RETROCESO,NOSBNRE-1,BAJO,C,,
REGULADOR DE VO | ELECTRONICO 200 AMPE,NOSC12V,ALTO,D,,
REGULADOR DE VO | ELECTRONICO 200 AMPE,NOSCF12V,ALTO,D,,
LLAVE DE LUCES | 12V. PROGRAMABLE C/O,NOSCPL-1,ALTO,C,,
LLAVE DE LUCES | 24V. PROGRAMABLE C/O,NOSCPL-2,ALTO,C,,
REGULADOR DE VO | ELECTRONICO 120 AMPE,NOSCTF12V,ALTO,D,,
REGULADOR DE VO | ELECTRONICO 120 AMPE,NOSCTK12V,BAJO,D,,
"LLAVE DE LUCES | FORD FALCON, MOD. DO",NOSDF54,ALTO,D,,
ENCHUFE DE ACOP | ENCHUFE DE ACOPLADO,NOSEAN4217,BAJO,C,,
ENCHUFE DE ACOP | ENCHUFE DE ACOPLADO,NOSEAN5197,BAJO,C,,
ENCENDIDO ELECT | ENCENDIDO ELECTRÓNIC,NOSEE,ALTO,C,,
REGULADOR DE VO | EXTERNO 12V,NOSEF12V,MEDIO,C,,
REGULADOR DE VO | EXTERNO 24V,NOSEF24V,MEDIO,C,,
REGULADOR DE VO | EXTERNO 12V,NOSEQ12V,BAJO,D,,
REGULADOR DE VO | FIAT 128 - 125,NOSEW12V,MEDIO,C,,
REGULADOR DE VO | EXTERNO 12V,NOSEX12V,MEDIO,D,,
REGULADOR DE VO | EXTERNO 24V,NOSEX24V,MEDIO,D,,
REGULADOR DE VO | EXTERNO 12V,NOSEXF12V,MEDIO,D,,
REGULADOR DE VO | EXTERNO 24V,NOSEXF24V,MEDIO,C,,
REGULADOR DE VO | EXTERNO 12V,NOSEZ12V,MEDIO,C,,
LLAVE DE LUCES | CON PROTECCIÓN TÉRMI,NOSGM32,ALTO,D,,
LLAVE DE LUCES | CON PROTECCIÓN TÉRMI,NOSGM93,ALTO,D,,
REGULADOR DE VO | ELECTRONICO INCORPOR,NOSIG12V,MEDIO,C,,
REGULADOR DE VO | ELECTRONICO INCORPOR,NOSIJ112V,MEDIO,C,,
REGULADOR DE VO | PARIS RHONE,NOSIJ124V,MEDIO,D,,
REGULADOR DE VO | ELECTRONICO INCORPOR,NOSIJ212V,MEDIO,C,,
REGULADOR DE VO | ELECTRONICO INCORPOR,NOSIJ312V,MEDIO,D,,
REGULADOR DE VO | 12v. Circuito tipo B,NOSIN12V,MEDIO,D,,
REGULADOR DE VO | 24v. Circuito tipo B,NOSIN24V,MEDIO,C,,
REGULADOR DE VO | ELECTRONICO INCORPOR,NOSINL12V,MEDIO,D,,
REGULADOR DE VO | ELECTRONICO INCORPOR,NOSINL24V,MEDIO,C,,
INDUCIDO PARA A | ,NOSINNNIP002,MEDIO,D,,
REGULADOR DE VO | ELECTRONICO INCORPOR,NOSINX24V,ALTO,D,,
REGULADOR DE VO | ELECTRONICO INCORPOR,NOSIP12V,MEDIO,D,,
REGULADOR DE VO | ELECTRONICO INCORPOR,NOSIP212V,MEDIO,C,,
REGULADOR DE VO | ELECTRONICO INCORPOR,NOSIP24V,MEDIO,D,,
"LLAVE LIMPIAPAR | EJE CORTO, C/ PROTEC",NOSLPC,MEDIO,D,,
"LLAVE LIMPIAPAR | EJE LARGO, C/ PROTEC",NOSLPL,MEDIO,C,,
REGULADOR DE VO | 12V. CIRCUITO TIPO B,NOSMAF12V,MEDIO,C,,
"REGULADOR DE VO | FIAT 643, 619, 697,",NOSMAF24V,MEDIO,C,,
REGULADOR DE VO | PEUGEOT 403 - 404,NOSMCF12V,BAJO,D,,
REGULADOR DE VO | EXTERNO 12V,NOSMEF12V,BAJO,C,,
RELAY | RELÉ 12V 50A 4 TERMI,NOSNY0124,BAJO,C,,
"RELAY | RELÉ 12V 50A, 5 TERM",NOSNY0125,BAJO,C,,
PLAQUETA PORTA | PARA ALTERNADOR GARE,NOSPGN,,D,,
PLAQUETA PORTA | 70R GAREF REF +,NOSPGP,,D,,
PLAQUETA PORTA | CON DIODOS NEGATIVOS,NOSPIN-,,D,,
PLAQUETA PORTA | CON DIODOS POSITIVOS,NOSPIP+,,D,,
PLAQUETA PORTA | THERMO KING 12V,NOSPRB067379,BAJO,D,,
PLAQUETA PORTA | FORD ESCORT -,NOSPRB080089,BAJO,D,,
PLAQUETA PORTA | CHEVROLET - FORD,NOSPRB080232,BAJO,C,,
PLAQUETA PORTA | CHEVROLET P - UP - M,NOSPRB080275,BAJO,C,,
PLAQUETA PORTA | FORD ESCORT - GOL -,NOSPRB080277,BAJO,C,,
"PLAQUETA PORTA | 90A, 6 DIODOS 35A, T",NOSPRB080923,MEDIO,C,,
"PLAQUETE PORTA | 6 DIODOS 50A, Ø 120",NOSPRB123201,BAJO,C,,
"PLAQUETA PORTA | 6 DIODOS AVALANCHA,",NOSPRB123202,BAJO,C,,
"PLAQUETA PORTA | 6 DIODOS 50A, Ø 120M",NOSPRB123238,MEDIO,C,,
"PLAQUETA RECTIF | FORD CARGO, F100, FI",NOSPRB123310,BAJO,D,,
"PLAQUETA PORTA | 6 DIODOS 50A, 120MM,",NOSPRB133201,BAJO,C,,
PLAQUETA PORTA | ,NOSPRB133207,BAJO,C,,
PLAQUETA PORTA | 24V RENAULT; VOLVO C,NOSPRB133223,BAJO,C,,
"PLAQUETA PORTA | MB, SCANIA, VW CAMIO",NOSPRB133224,BAJO,D,,
PLAQUETA PORTA | CAMIONES M.BENZ,NOSPRB133279,BAJO,C,,
PLAQUETA PORTA | VOLKSWAGEN AUDI BMW,NOSPRB319552,MEDIO,D,,
PLAQUETA PORTA | FIAT IVECO - PEUGEOT,NOSPRB319560,MEDIO,C,,
"PLAQUETA PORTA | FORD COURIER 1,3I",NOSPRB319570,MEDIO,D,,
"PLAQUETA PORTA | FORD ESCORT 1,8I 1",NOSPRB319584,MEDIO,C,,
PLAQUETA RECTIF | 8 diodos avalancha 5,NOSPRB319721,MEDIO,D,,
PLAQUETA RECTIF | CORSA WIND 96-2000,NOSPRB319725,MEDIO,C,,
"PLAQUETA PORTA | 120A, 6 DIODOS AVALA",NOSPRB319734,MEDIO,C,,
PLAQUETA PORTA | MASSEY FERG - MAX -,NOSPRB320366,BAJO,C,,
PLAQUETA PORTA | CASE - KOMATSU,NOSPRB320541,BAJO,C,,
PLAQUETA PORTA | VOLKSWAGEN AUDI BMW,NOSPRB320565,BAJO,D,,
"PLAQUETA PORTA | 30A, 6 DIODOS 35A +",NOSPRB320909,BAJO,C,,
PLAQUETA PORTA | DAF - KHD - MAN - SC,NOSPRB320955,MEDIO,C,,
PLAQUETA PORTA | DAF - MERCEDES BENZ,NOSPRB320961,MEDIO,D,,
PLAQUETA PORTA | IVECO DAILY - PEUGEO,NOSPRBBL0408,BAJO,C,,
PLAQUETA PORTA | FIAT PALIO - SIENA -,NOSPRBBL0600,BAJO,C,,
PLAQUETA PORTA | M. BENZ 1417 / 1618,NOSPRBBL0769,MEDIO,D,,
PLAQUETA PORTA | CHEVROLET ASTRA - OM,NOSPRD475034,BAJO,C,,
PLAQUETA RECTIF | 60A 6 DIODOS AVALANC,NOSPRD740756,BAJO,D,,
PLAQUETA RECTIF | 90A. 6 Diodos avalan,NOSPRD751297,BAJO,C,,
PLAQUETA PORTA | 8 DIODOS 80A TIPO AV,NOSPRF1S7T10,BAJO,D,,
"PLAQUETA PORTA | 8 DIODOS 50A, 105MM,",NOSPRF5S6Y10,BAJO,C,,
PLAQUETA PORTA | FORD PICK UP,NOSPRFF5AZ04,MEDIO,D,,
"PLAQUETA PORTA | 90A, 6 DIODOS + TRIO",NOSPRG800900,BAJO,C,,
PLAQUETA PORTA | 6 DIODOS 25A + TRIOD,NOSPRH013204,BAJO,D,,
PLAQUETA PORTA | CHEVROLET CORSA,NOSPRH023203,BAJO,C,,
PLAQUETA PORTA | 6 DIODOS 35A + TRIOD,NOSPRH053202,BAJO,C,,
PLAQUETA PORTA | 8 DIODOS 40A AVALANC,NOSPRH110050,BAJO,D,,
"PLAQUETA PORTA | 6 diodos 35A, Ø 114m",NOSPRH214675,BAJO,C,,
PLAQUETA PORTA | 6 diodos 50A + triod,NOSPRH356320,BAJO,D,,
PLAQUETA PORTA | 8 diodos 50A + triod,NOSPRH901320,BAJO,D,,
"PLAQUETA PORTA | 85A, 6 DIODOS 35A, C",NOSPRI213274,BAJO,C,,
PLAQUETA PORTA | INDIEL - FORD PERKIN,NOSPRI213437,BAJO,C,,
PLAQUETA PORTA | INDIEL - FORD ESCORT,NOSPRI213682,BAJO,C,,
"PLAQUETA PORTA | 85A, 6 DIODOS 35A, C",NOSPRI213894,BAJO,C,,
PLAQUETA PORTA | ,NOSPRIK01313,BAJO,C,,
PLAQUETA PORTA | 6 DIODOS - CONJUNTO,NOSPRIK02529,BAJO,C,,
"PLAQUETA PORTA | 65A, 6 DIODOS, Ø 115",NOSPRIK03939,BAJO,C,,
PLAQUETA PORTA | ,NOSPRIK04442,BAJO,D,,
PLAQUETA PORTA | FORD FIESTA - ESCORT,NOSPRLUBB133,BAJO,C,,
"PLAQUETA PORTA | 85A, 6 DIODOS 25A +",NOSPRLUBB137,BAJO,D,,
PLAQUETA PORTA | 6 DIODOS 50A + CAPAC,NOSPRM022101,BAJO,C,,
PLAQUETA PORTA | FIAT SEAT,NOSPRM320013,BAJO,C,,
PLAQUETA PORTA | 6 DIODOS 50A AVALANC,NOSPRM321679,BAJO,C,,
PLAQUETA PORTA | 6 DIODOS 35A + TRIOD,NOSPRM621501,BAJO,C,,
PLAQUETA PORTA | 6 DIODOS 50A + TRIOD,NOSPRM622001,BAJO,C,,
PLAQUETA PORTA | ALFA ROMEO,NOSPRM623301,BAJO,C,,
PLAQUETA PORTA | 6 DIODOS 50A + TRIOD,NOSPRM623601,BAJO,C,,
PLAQUETA PORTA | FIAT PALIO -,NOSPRM623701,MEDIO,C,,
PLAQUETA PORTA | 6 DIODOS 50A + TRIOD,NOSPRM624201,BAJO,C,,
PLAQUETA PORTA | 6 DIODOS 30A + TRIOD,NOSPRMI022370,BAJO,C,,
PLAQUETA PORTA | 6 DIODOS 30A + TRIOD,NOSPRMIT02674,BAJO,D,,
"PLAQUETA RECTIF | RENAULT CLIO, SCANIA",NOSPRMITR5188,MEDIO,C,,
"PLACA PORTADIOD | 8 diodos 35A, Ø114mm",NOSPRN001491,BAJO,D,,
PLACA PORTADIOD | FORD KA,NOSPRN107001,MEDIO,D,,
"PLACA PORTADIOD | 60A, 8 diodos 40A, Ø",NOSPRN551590,BAJO,C,,
"PLACA PORTADIOD | 8 DIODOS 40A, Ø 90MM",NOSPRN802250,MEDIO,C,,
PLAQUETA PORTA | HILUX,NOSPRN802300,BAJO,C,,
PLACA PORTADIOD | NIPPONDENSO,NOSPRN804760,MEDIO,C,,
PLAQUETA PORTA | TOYOTA,NOSPRN809220,BAJO,C,,
PLAQUETA PORTA | PEUGEOT -,NOSPRV100157,BAJO,D,,
PLAQUETA PORTA | 6 DIODOS 40A + CAPAC,NOSPRV101713,BAJO,C,,
PLAQUETA PORTA | 6 DIODOS 50A + CAPAC,NOSPRV101743,BAJO,C,,
"PLAQUETA PORTA | 6 diodos 50A + trio,",NOSPRV101773,BAJO,C,,
PLAQUETA PORTA | PEUGEOT -,NOSPRV103551,BAJO,C,,
PLAQUETA PORTA | RENAULT,NOSPRV104292,BAJO,C,,
"PLAQUETA PORTA | 75A, 6 DIODOS 50A +",NOSPRV104615,BAJO,C,,
PLAQUETA PORTA | 6 DIODOS 50A + CAPAC,NOSPRV105690,BAJO,D,,
PLAQUETA PORTA | 6 DIODOS 50A + CAPAC,NOSPRV180537,BAJO,D,,
PLAQUETA PORTA | FORD ECOSPORT,NOSPRV493810,BAJO,C,,
PLAQUETA PORTA | CHEVROLET S10 2.8 /0,NOSPRV493823,MEDIO,C,,
PLAQUETA PORTA | 120A. 3 DIODOS 50A A,NOSPRV493830,BAJO,C,,
PLAQUETA PORTA | PEUGEOT CITROEN RENA,NOSPRV546048,BAJO,C,,
PLAQUETA PORTA | PEUGEOT RENAULT19 -,NOSPRV546062,MEDIO,C,,
"PLAQUETA PORTA | 6 DIODOS, B+ 6MM CIT",NOSPRV593172,MEDIO,C,,
"PLAQUETA PORTA | 8 DIODOS, B+ 8MM, C/",NOSPRV593174,MEDIO,C,,
PLAQUETA PORTA | CLIO - KANGOO - MEGA,NOSPRV593408,BAJO,C,,
"PLAQUETA RECTIF | 12V 90A PEUGEOT 206,",NOSPRV593509,MEDIO,C,,
REGULADOR DE VO | MAGNETI M.RENAULT.,NOSRM118C,MEDIO,C,,
REGULADOR DE VO | ELECTRONICO INCORPOR,NOSRM119AC,MEDIO,C,,
REGULADOR DE VO | ELECTRONICO INCORPOR,NOSRM119B,MEDIO,D,,
REGULADOR DE VO | FORD VOLSWAGEN GOL -,NOSRNB003,BAJO,C,,
REGULADOR DE VO | 12V ARO COLECTOR 28M,NOSRNB016,BAJO,C,,
REGULADOR DE VO | 24V ARO COLECTOR 28M,NOSRNB018,BAJO,C,,
REGULADOR DE VO | 12V SIST. BOSCH CON,NOSRNB026,BAJO,C,,
"REGULADOR DE VO | CHEVROLET KADETT, MO",NOSRNB027,BAJO,C,,
REGULADOR DE VO | 12V. CIRCUITO TIPO A,NOSRNB041002,BAJO,C,,
REGULADOR DE VO | THERMOKING,NOSRNB067018,MEDIO,C,,
"REGULADOR DE VO | CHEVROLET BLAZER, CO",NOSRNB087040,MEDIO,C,,
REGULADOR DE VO | FIAT LÍNEA - PUNTO,NOSRNB105104,MEDIO,C,,
REGULADOR DE VO | 24V. CIRCUITO TIPO B,NOSRNB144122,MEDIO,C,,
REGULADOR DE VO | ,NOSRNB144131,MEDIO,C,,
REGULADOR DE VO | M. BENZ SPRINTER,NOSRNB144150,MEDIO,D,,
REGULADOR DE VO | FORD CARGO TODOS 24V,NOSRNB144178,MEDIO,C,,
REGULADOR DE VO | HONDA ACCORD (98>03),NOSRNB145206,MEDIO,C,,
"REGULADOR DE VO | FORD MONDEO, RANGER",NOSRNB145214,MEDIO,C,,
REGULADOR DE VO | FIAT PALIO - SIENA -,NOSRNB145220,MEDIO,C,,
REGULADOR DE VO | 12V TCH 05068,NOSRNB145225,MEDIO,C,,
"REGULADOR DE VO | AUDI A3, A4, A6, TT,",NOSRNB145229,MEDIO,C,,
"REGULADOR DE VO | CHEVROLET ASTRA, COR",NOSRNB145231,MEDIO,C,,
"REGULADOR DE VO | FORD COURIER, ECOSPO",NOSRNB145235,MEDIO,C,,
"REGULADOR DE VO | TOYOTA HILUX 2007, N",NOSRNB145236,MEDIO,C,,
REGULADOR DE VO | 12V. CIRCUITO TIPO A,NOSRNB145239,MEDIO,C,,
REGULADOR DE VO | 12V. CIRCUITO TIPO A,NOSRNB145247,MEDIO,C,,
REGULADOR DE VO | 12V. CIRCUITO TIPO B,NOSRNB145252,MEDIO,C,,
REGULADOR DE VO | 12V. CIRCUITO TIPO A,NOSRNB145255,MEDIO,C,,
REGULADOR DE VO | 12V. CIRCUITO TIPO A,NOSRNB145260,MEDIO,C,,
REGULADOR DE VO | 12V. CIRCUITO TIPO B,NOSRNB145261,MEDIO,C,,
REGULADOR DE VO | ,NOSRNB145276,MEDIO,C,,
REGULADOR DE VO | ,NOSRNB145286,MEDIO,C,,
REGULADOR DE VO | REGULADOR DE VOLTAJE,NOSRNB145297,MEDIO,C,,
REGULADOR DE VO | 24V. CIRCUITO TIPO B,NOSRNB145298,MEDIO,C,,
REGULADOR DE VO | 12V. CIRCUITO TIPO B,NOSRNB145369,MEDIO,D,,
REGULADOR DE VO | 12V. CIRCUITO TIPO B,NOSRNB220701,MEDIO,C,,
REGULADOR DE VO | 12V. CIRCUITO TIPO B,NOSRNB220703,MEDIO,C,,
REGULADOR DE VO | ,NOSRNB220706,MEDIO,C,,
REGULADOR DE VO | SPRINTER 311- 415 -,NOSRNB220815,MEDIO,D,,
REGULADOR DE VO | 12V. CIRCUITO TIPO B,NOSRNB220844,MEDIO,D,,
REGULADOR DE VO | AUDI A1 - A3 - Q2 -,NOSRNB220854,MEDIO,C,,
REGULADOR DE VO | FORD GALAXY - CARAT,NOSRNB311021,BAJO,C,,
REGULADOR DE VO | MERCEDES BENZ FURGON,NOSRNB311022,BAJO,C,,
REGULADOR DE VO | FIAT TEMPRA TURBO -,NOSRNB311026,BAJO,C,,
REGULADOR DE VO | CHEVROLET OMEGA - CO,NOSRNB311028,BAJO,C,,
REGULADOR DE VO | 12V. CIRCUITO TIPO A,NOSRNB311030,BAJO,C,,
REGULADOR DE VO | MERCEDES BENZ - VOLV,NOSRNB311211,BAJO,C,,
REGULADOR DE VO | VOLKSWAGEN AUDI QUAT,NOSRNB311212,BAJO,C,,
REGULADOR DE VO | CHEVROLET CORSA VECT,NOSRNB311214,BAJO,C,,
REGULADOR DE VO | VOLKSWAGEN GOLF S AA,NOSRNB311223,BAJO,C,,
REGULADOR DE VO | FIAT 24V IVECO MERCE,NOSRNB311301,BAJO,C,,
REGULADOR DE VO | 12V. CIRCUITO TIPO A,NOSRNB311506,MEDIO,D,,
REGULADOR DE VO | PEUGEOT PARTNER DIES,NOSRNB311512,BAJO,C,,
REGULADOR DE VO | 12V. CIRCUITO TIPO A,NOSRNB311518,MEDIO,C,,
REGULADOR DE VO | FORD FIESTA - KA - E,NOSRNB311523,BAJO,C,,
REGULADOR DE VO | 24V. CIRCUITO TIPO B,NOSRNB311543,MEDIO,C,,
REGULADOR DE VO | RENAULT CLIO - 19 -,NOSRNB337306,MEDIO,C,,
REGULADOR DE VO | 12V. CIRCUITO TIPO B,NOSRNB346010,MEDIO,C,,
REGULADOR DE VO | 12V. CIRCUITO TIPO B,NOSRNB346021,MEDIO,C,,
REGULADOR DE VO | 12V. CIRCUITO TIPO B,NOSRNB346056,MEDIO,C,,
REGULADOR DE VO | 12V. CIRCUITO TIPO A,NOSRNB346066,MEDIO,D,,
REGULADOR DE VO | ,NOSRNB346074,MEDIO,C,,
REGULADOR DE VO | 12V. CIRCUITO TIPO B,NOSRNB346081,MEDIO,D,,
REGULADOR DE VO | ,NOSRNB346139,MEDIO,D,,
REGULADOR DE VO | 12V. CIRCUITO TIPO B,NOSRNB346340,MEDIO,D,,
REGULADOR DE VO | ELECTRONICO INCORPOR,NOSRNB402,BAJO,C,,
REGULADOR DE VO | FORD - MAXION - MERC,NOSRNB457001,ALTO,D,,
REGULADOR DE VO | 24V. CIRCUITO TIPO B,NOSRNBA45250,ALTO,D,,
REGULADOR DE VO | CHEV.CORSA/OMEGA/VEC,NOSRND009701,BAJO,D,,
REGULADOR DE VO | 12V. CIRCUITO TIPO B,NOSRND009702,BAJO,D,,
REGULADOR DE VO | 12V. CIRCUITO TIPO B,NOSRND009708,BAJO,D,,
REGULADOR DE VO | 12v. Circuito tipo B,NOSRND009715,BAJO,D,,
REGULADOR DE VO | 12v. Circuito tipo A,NOSRND116360,BAJO,D,,
REGULADOR DE VO | 12V. CIRCUITO TIPO A,NOSRND116380,BAJO,D,,
REGULADOR DE VO | 24V. CIRCUITO TIPO A,NOSRND116388,BAJO,C,,
REGULADOR DE VO | 12V. CIRCUITO TIPO B,NOSRND116408,BAJO,D,,
REGULADOR DE VO | ELECTRONICO 12V TCH,NOSRND116411,BAJO,D,,
REGULADOR DE VO | ELECTRONICO 12V TCH,NOSRND116432,BAJO,D,,
REGULADOR DE VO | 12V. CIRCUITO TIPO A,NOSRND271520,MEDIO,D,,
REGULADOR DE VO | ,NOSRND271910,BAJO,D,,
REGULADOR DE VO | 12V. CIRCUITO TIPO A,NOSRND276010,BAJO,D,,
REGULADOR DE VO | ,NOSRND357961,MEDIO,C,,
REGULADOR DE VO | 12V. CIRCUITO TIPO B,NOSRND514474,MEDIO,D,,
"REGULADOR DE VO | CHEVROLET CRUZE, S10",NOSRND582947,MEDIO,C,,
REGULADOR DE VO | 12v 65A. Circuito ti,NOSRND648534,BAJO,D,,
REGULADOR DE VO | 12V. CIRCUITO TIPO A,NOSRND740756,MEDIO,C,,
REGULADOR DE VO | 12V. CIRCUITO TIPO B,NOSRND751297,MEDIO,C,,
"REGULADOR DE VO | 12. CIRCUITO TIPO A,",NOSRNF1S7T11,MEDIO,C,,
REGULADOR DE VO | 12V. CIRCUITO TIPO A,NOSRNFE43F02,BAJO,D,,
REGULADOR DE VO | 12V. CIRCUITO TIPO A,NOSRNFE9DF01,BAJO,D,,
REGULADOR DE VO | 12V. CIRCUITO TIPO A,NOSRNFE9DF04,BAJO,C,,
REGULADOR DE VO | 12v. Circuito tipo A,NOSRNFF3AU01,BAJO,D,,
REGULADOR DE VO | 12V. CIRCUITO TIPO A,NOSRNFF4ZU01,BAJO,D,,
REGULADOR DE VO | 12V. CIRCUITO TIPO A,NOSRNFF5RZ06,BAJO,D,,
REGULADOR DE VO | 12V. CIRCUITO TIPO A,NOSRNFF6DY03,MEDIO,D,,
REGULADOR DE VO | 12V. CIRCUITO TIPO A,NOSRNFF8WU08,MEDIO,D,,
REGULADOR DE VO | ,NOSRNFXS7U10,MEDIO,D,,
REGULADOR DE VO | 12V. CIRCUITO TIPO A,NOSRNFXW4U01,MEDIO,D,,
REGULADOR DE VO | CHEVROLET VECTRA - C,NOSRNH003319,BAJO,C,,
REGULADOR DE VO | ,NOSRNH003319C,MEDIO,C,,
REGULADOR DE VO | 12v. Circuito tipo A,NOSRNH008315,MEDIO,D,,
REGULADOR DE VO | ,NOSRNH023152,BAJO,D,,
REGULADOR DE VO | TCH 05033 >> RNH TR1,NOSRNH033155,BAJO,C,,
REGULADOR DE VO | 12V. CIRCUITO TIPO A,NOSRNH043151,BAJO,D,,
REGULADOR DE VO | 12v. Circuito tipo A,NOSRNH043154,MEDIO,D,,
REGULADOR DE VO | 12V. CIRCUITO TIPO A,NOSRNH093155,MEDIO,D,,
REGULADOR DE VO | 12v. Circuito tipo A,NOSRNH0G1315,BAJO,C,,
REGULADOR DE VO | 12V. CIRCUITO TIPO A,NOSRNH0G2340,MEDIO,D,,
REGULADOR DE VO | ,NOSRNH0G6315,MEDIO,D,,
REGULADOR DE VO | 12v. Circuito tipo A,NOSRNH0G8340,MEDIO,D,,
REGULADOR DE VO | 12v. Circuito tipo A,NOSRNH1G2340,BAJO,D,,
REGULADOR DE VO | 12V. CIRCUITO TIPO A,NOSRNH232443,MEDIO,C,,
REGULADOR DE VO | 12v. Circuito tipo A,NOSRNH5G2340,BAJO,D,,
REGULADOR DE VO | 12v. Circuito tipo A,NOSRNHTR1Z27,BAJO,D,,
REGULADOR DE VO | 12v. Circuito tipo A,NOSRNHTR1Z43,BAJO,D,,
REGULADOR DE VO | ELECTRONICO INCORPOR,NOSRNI1400,MEDIO,C,,
REGULADOR DE VO | FORD GALAXI - ESCORT,NOSRNI1540,MEDIO,C,,
REGULADOR DE VO | FIAT CAMIONES DIESEL,NOSRNI1600,MEDIO,C,,
REGULADOR DE VO | ELECTRONICO INCORPOR,NOSRNI1605,MEDIO,C,,
REGULADOR DE VO | ELECTRONICO INCORPOR,NOSRNI1610,MEDIO,C,,
REGULADOR DE VO | ELECTRONICO INCORPOR,NOSRNI1630,MEDIO,D,,
REGULADOR DE VO | ELECTRONICO INCORPOR,NOSRNI1635,MEDIO,C,,
REGULADOR DE VO | ELECTRONICO INCORPOR,NOSRNI1640,MEDIO,C,,
REGULADOR DE VO | ELECTRONICO INCORPOR,NOSRNI1645,MEDIO,C,,
REGULADOR DE VO | ELECTRONICO INCORPOR,NOSRNI1665,MEDIO,C,,
REGULADOR DE VO | ELECTRONICO INCORPOR,NOSRNI1680,MEDIO,C,,
REGULADOR DE VO | ELECTRONICO INCORPOR,NOSRNI1690,MEDIO,C,,
REGULADOR DE VO | ELECTRONICO INCORPOR,NOSRNI1695,MEDIO,C,,
REGULADOR DE VO | ELECTRONICO INCORPOR,NOSRNI1700,MEDIO,C,,
REGULADOR DE VO | ELECTRONICO INCORPOR,NOSRNI1705,MEDIO,C,,
REGULADOR DE VO | PEUGEOT 504 - 505,NOSRNI1710,MEDIO,C,,
REGULADOR DE VO | ELECTRONICO INCORPOR,NOSRNI1715,MEDIO,C,,
REGULADOR DE VO | ELECTRONICO INCORPOR,NOSRNI1720,MEDIO,C,,
REGULADOR DE VO | ELECTRONICO INCORPOR,NOSRNI1725,MEDIO,D,,
"REGULADOR DE VO | 12V FORD F-14000, CA",NOSRNI1760,MEDIO,C,,
REGULADOR DE VO | CHEVROLET S10 - RANG,NOSRNI1945,MEDIO,C,,
"REGULADOR DE VO | 24V ZANELLO TRACTOR,",NOSRNI1950,MEDIO,C,,
REGULADOR DE VO | PRESTOLITE RENAULT M,NOSRNI381770,MEDIO,C,,
REGULADOR DE VO | 12V. CIRCUITO TIPO A,NOSRNI381935,BAJO,C,,
REGULADOR DE VO | 12V. CIRCUITO TIPO A,NOSRNI381940,BAJO,C,,
REGULADOR DE VO | 12. CIRCUITO TIPO A,NOSRNI382110,BAJO,C,,
REGULADOR DE VO | KIA BESTA - TOPIC,NOSRNK000011,BAJO,C,,
REGULADOR DE VO | 12V 75A CASE TRACTOR,NOSRNL000148,BAJO,C,,
REGULADOR DE VO | 12v. Circuito tipo A,NOSRNLA173702,BAJO,D,,
REGULADOR DE VO | ,NOSRNM007600,MEDIO,C,,
REGULADOR DE VO | 12V. CIRCUITO TIPO A,NOSRNM022230,MEDIO,D,,
REGULADOR DE VO | 12V. CIRCUITO TIPO A,NOSRNM0A1271,MEDIO,C,,
REGULADOR DE VO | 12V. CIRCUITO TIPO A,NOSRNM209305,MEDIO,C,,
"REGULADOR DE VO | 12V, CIRCUITO TIPO A",NOSRNM390879,BAJO,C,,
REGULADOR DE VO | 12V. CIRCUITO TIPO A,NOSRNM562541,MEDIO,C,,
REGULADOR DE VO | CITROEN BERLINGO - C,NOSRNM563491,MEDIO,C,,
"REGULADOR DE VO | FIAT PALIO , PUNTO",NOSRNM611131,BAJO,C,,
REGULADOR DE VO | FIAT PALIO - SIENA -,NOSRNM611361,BAJO,C,,
REGULADOR DE VO | FORD FIESTA ROVER,NOSRNM617181,MEDIO,C,,
REGULADOR DE VO | 12v. Circuito tipo A,NOSRNM808140,BAJO,D,,
REGULADOR DE VO | 24v. Circuito tipo A,NOSRNM808141,BAJO,D,,
REGULADOR DE VO | 12V. CIRCUITO TIPO A,NOSRNMA022200,BAJO,D,,
REGULADOR DE VO | 12V. CIRCUITO TIPO A,NOSRNMA042010,BAJO,D,,
REGULADOR DE VO | ,NOSRNMI000498,MEDIO,C,,
REGULADOR DE VO | 12v. Circuito tipo A,NOSRNMI004370,BAJO,D,,
REGULADOR DE VO | 12v. Circuito tipo A,NOSRNMI004870,BAJO,D,,
REGULADOR DE VO | 12V. CIRCUITO TIPO A,NOSRNMI012472,BAJO,D,,
REGULADOR DE VO | 12v. Circuito tipo A,NOSRNMI013971,MEDIO,D,,
REGULADOR DE VO | 12V. CIRCUITO TIPO A,NOSRNMI017170,MEDIO,C,,
REGULADOR DE VO | 12V. CIRCUITO TIPO A,NOSRNMI018270,BAJO,D,,
REGULADOR DE VO | 12V. CIRCUITO TIPO A,NOSRNMI022272,BAJO,C,,
REGULADOR DE VO | 12V. CIRCUITO TIPO A,NOSRNMI025572,BAJO,C,,
REGULADOR DE VO | MITSUBISHI FORD,NOSRNMI040371,BAJO,C,,
"REGULADOR DE VO | FIAT, VOLVO CAMIONES",NOSRNMI37A859,BAJO,C,,
REGULADOR DE VO | 12v. Circuito tipo A,NOSRNMI618957,MEDIO,D,,
REGULADOR DE VO | ,NOSRNMI655570,BAJO,D,,
REGULADOR DE VO | ,NOSRNMIT08570,BAJO,D,,
REGULADOR DE VO | 12v. Circuito tipo A,NOSRNMIT09780,BAJO,D,,
REGULADOR DE VO | 12V. CIRCUITO TIPO A,NOSRNMITA0591,BAJO,C,,
REGULADOR DE VO | IVECO STRALIS,NOSRNMITA0592,MEDIO,C,,
REGULADOR DE VO | 12v. Circuito tipo A,NOSRNMITA2591,MEDIO,D,,
REGULADOR DE VO | 12V. CIRCUITO TIPO A,NOSRNMITJ1282,MEDIO,C,,
REGULADOR DE VO | ,NOSRNMITR0091,BAJO,D,,
REGULADOR DE VO | 12V. CIRCUITO TIPO A,NOSRNMIX23772,BAJO,D,,
REGULADOR DE VO | 12v. Circuito tipo A,NOSRNMIX24572,BAJO,D,,
REGULADOR DE VO | 12V. CIRCUITO TIPO B,NOSRNN000150,MEDIO,C,,
REGULADOR DE VO | 12v. Circuito tipo A,NOSRNN000360,MEDIO,D,,
REGULADOR DE VO | 12V. CIRCUITO TIPO A,NOSRNN000430,MEDIO,D,,
REGULADOR DE VO | 12v. Circuito tipo A,NOSRNN000440,MEDIO,D,,
REGULADOR DE VO | 12v. Circuito tipo A,NOSRNN000540,MEDIO,D,,
REGULADOR DE VO | 12v. Circuito tipo A,NOSRNN000610,MEDIO,D,,
REGULADOR DE VO | 12V. CIRCUITO TIPO A,NOSRNN000970,BAJO,C,,
REGULADOR DE VO | 12V. CIRCUITO TIPO A,NOSRNN001130,BAJO,C,,
REGULADOR DE VO | 12v. Circuito tipo A,NOSRNN001190,BAJO,D,,
"REGULADOR DE VO | 12. Circuito tipo A,",NOSRNN001630,BAJO,D,,
REGULADOR DE VO | 12V. CIRCUITO TIPO A,NOSRNN001960,BAJO,D,,
REGULADOR DE VO | 12V. CIRCUITO TIPO A,NOSRNN002090,MEDIO,D,,
REGULADOR DE VO | 12V. CIRCUITO TIPO A,NOSRNN003010,MEDIO,D,,
REGULADOR DE VO | 12V. CIRCUITO TIPO B,NOSRNN003350,MEDIO,C,,
REGULADOR DE VO | 12V. CIRCUITO TIPO B,NOSRNN003430,MEDIO,C,,
REGULADOR DE VO | 12V. CIRCUITO TIPO A,NOSRNN007100,MEDIO,C,,
REGULADOR DE VO | ,NOSRNN104240,MEDIO,C,,
REGULADOR DE VO | 12V. CIRCUITO TIPO B,NOSRNT72030,MEDIO,C,,
REGULADOR DE VO | 12V. CIRCUITO TIPO B,NOSRNV071017,MEDIO,D,,
REGULADOR DE VO | 12V. CIRCUITO TIPO A,NOSRNV300741,MEDIO,D,,
REGULADOR DE VO | 24V. CIRCUITO TIPO A,NOSRNV300744,BAJO,D,,
"REGULADOR DE VO | 12V. CICUITO TIPO B,",NOSRNV437320,MEDIO,D,,
REGULADOR DE VO | 12V. CIRCUITO TIPO B,NOSRNV439295,MEDIO,D,,
REGULADOR DE VO | 12V. CIRCUITO TIPO B,NOSRNV493811,MEDIO,C,,
REGULADOR DE VO | 12V. CIRCUITO TIPO A,NOSRNV493820,BAJO,C,,
REGULADRO DE VO | RENAULT DUSTER OROCH,NOSRNV501404,MEDIO,C,,
REGULADOR DE VO | 12V. CIRCUITO TIPO B,NOSRNV542299,MEDIO,C,,
REGULADOR DE VO | 12V. CIRCUITO TIPO B,NOSRNV542765,MEDIO,D,,
REGULADOR DE VO | ,NOSRNV543591,MEDIO,D,,
REGULADOR DE VO | 24V. CIRCUITO TIPO A,NOSRNV590536,MEDIO,D,,
REGULADOR DE VO | 12V. CIRCUITO TIPO A,NOSRNV590688,MEDIO,D,,
REGULADOR DE VO | 12V. CIRCUITO TIPO A,NOSRNV590932,BAJO,C,,
REGULADOR DE VO | 12V. CIRCUITO TIPO A,NOSRNV592781,BAJO,D,,
REGULADOR DE VO | 12V. CIRCUITO TIPO A,NOSRNV592791,BAJO,C,,
REGULADOR DE VO | 12V. CIRCUITO TIPO A,NOSRNV592793,BAJO,C,,
REGULADOR DE VO | 12V. CIRCUITO TIPO A,NOSRNV592802,MEDIO,C,,
REGULADOR DE VO | 12V. CIRCUITO TIPO B,NOSRNV593284,MEDIO,C,,
REGULADOR DE VO | 12V. CIRCUITO TIPO B,NOSRNV593290,MEDIO,C,,
REGULADOR DE VO | 12V. CIRCUITO TIPO B,NOSRNV593316,MEDIO,C,,
REGULADOR DE VO | 12V. CIRCUITO TIPO B,NOSRNV593362,MEDIO,D,,
REGULADOR DE VO | 12V. CIRCUITO TIPO B,NOSRNV593389,MEDIO,D,,
"REGULADOR DE VO | 12V. CICUITO TIPO B,",NOSRNV593419,MEDIO,C,,
REGULADOR DE VO | 12V. CIRCUITO TIPO A,NOSRNV593455,MEDIO,C,,
REGULADOR DE VO | 12V. CIRCUITO TIPO B,NOSRNV593505,MEDIO,C,,
REGULADOR DE VO | 12V. CIRCUITO TIPO B,NOSRNV593525,MEDIO,C,,
REGULADOR DE VO | 12V. CIRCUITO TIPO B,NOSRNV593529,MEDIO,C,,
REGULADOR DE VO | APLICACION CITROEN-,NOSRNV593532,MEDIO,C,,
REGULADOR DE VO | ,NOSRNV593538,MEDIO,D,,
REGULADOR DE VO | 12V. CICUITO TIPO A,NOSRNV593675,MEDIO,C,,
REGULADOR DE VO | 12V. CIRCUITO TIPO B,NOSRNV593857,MEDIO,C,,
REGULADOR DE VO | 12V. CIRCUITO TIPO B,NOSRNV595253,MEDIO,C,,
REGULADOR DE VO | ,NOSRNV595318,ALTO,D,,
REGULADOR DE VO | 12V. CIRCUITO TIPO B,NOSRNV606873,MEDIO,C,,
REGULADOR DE VO | ,NOSRNV611143,MEDIO,C,,
REGULADOR DE VO | ,NOSRNV614772,MEDIO,D,,
REGULADOR DE VO | 12V. CIRCUITO TIPO B,NOSRNV650030,MEDIO,C,,
REGULADOR DE VO | ,NOSRNV650441,MEDIO,D,,
REGULADOR DE VO | 12V. CICUITO TIPO A,NOSRNV655685,BAJO,D,,
"REGULADOR DE VO | 12V 65A FIAT 147, FO",NOSRNW457002,BAJO,C,,
REGULADOR DE VO | ,NOSRNW457006,BAJO,D,,
REGULADOR DE VO | 12V 55A. CIRCUITO TI,NOSRNW457007,MEDIO,D,,
CORTACORRIENTE | 100A - P/ VEHÍCULOS,NOSSCL,MEDIO,C,,
CORTACORRIENTE | LLAVE SCL,NOSSCLL,BAJO,C,,
CORTACORRIENTE | 100A - VEHÍCULOS LIV,NOSSML,MEDIO,C,,
LLAVE CORTACORR | 100A - VEHÍCULOS LIV,NOSSMLL,BAJO,C,,
"CORTACORRIENTE | 300A - BLINDADO, PAR",NOSSPB,MEDIO,B,,
"CORTACORRIENTE | 300A - BLINDADO, PAR",NOSSPL,MEDIO,C,,
"CORTACORRIENTE | 600A - BLINDADO, SER",NOSSXB,ALTO,C,,
"CORTACORRIENTE | 600A - BLINDADO, SER",NOSSXL,ALTO,C,,
LLAVE DE LUCES | FORD F-100 81>,NOSTB54,ALTO,C,,
TEMPORIZADOR DE | FIAT 12V,NOSTPDF,MEDIO,C,,
TEMPORIZADOR DE | JAPONES 24V,NOSTPDJ,MEDIO,C,,
TEMPORIZADOR DE | RENAULT 18 - TRAFIC,NOSTPDR,MEDIO,C,,
TEMPORIZADOR DE | PEUGEOT - FIAT - CHE,NOSTPDS,MEDIO,C,,
LLAVE DE LUCES | FORD FALCON - F100 6,NOSTT46,ALTO,D,,
LLAVE DE LUCES | CON PROTECCIÓN TÉRMI,NOSTT52,ALTO,D,,
LLAVE DE LUCES | FORD FALCON - F100 D,NOSTT54,ALTO,C,,
LLAVE DE LUCES | CHRYSLER P - UP - DO,NOSVD92,ALTO,D,,
LLAVE DE LUCES | CHRYSLER DODGE - VAL,NOSVD94,ALTO,D,,
"MOTORES DE ARRA | RENAULT MEGANE,KANGO",NQD0711/D7E27,ALTO,C,,
"MOTORES DE ARRA | RENAULT CLIO II,MEGA",NQD0713/D7E22,ALTO,C,,
"MODULO DE IGNIC | INDUMAG 1900, R FIAT",NQD11900,BAJO,C,,
"MODULO DE IGNIC | INDUMAG 1902, R FIAT",NQD11902,BAJO,C,,
PORTA ESCOBILLA | AUDI - UNO FIRE - FO,NQD222PE,BAJO,C,,
PORTA ESCOBILLA | HONDA FIT 1.4 1.3 /,NQD2293C,BAJO,C,,
"MOTORES DE ARRA | CHEVROLET CORSA, CLA",NQD8001,ALTO,C,,
"REGULADOR DE VO | VOLVO B58,B10M,NL10",NQDB018,BAJO,C,,
REGULADOR DE VO | FIAT TEMPRA 1.6 Y 2.,NQDB026,BAJO,C,,
"REGULADOR DE VO | FIAT DUNA1.5, FIORIN",NQDB027,BAJO,C,,
"REGULADOR DE VO | FIAT PALIO, SIENA, B",NQDB145220,BAJO,C,,
REGULADOR DE VO | AUDI IVECO SEAT VOLK,NQDB145225,BAJO,C,,
"REGULADOR DE VO | CHEVROLET ASTRA, COR",NQDB145231,BAJO,C,,
"REGULADOR DE VO | FORD COURIER, KA, FI",NQDB145235,BAJO,C,,
"REGULADOR DE VO | TOYOTA COROLLA 1,6/1",NQDB145236,BAJO,C,,
"REGULADOR DE VO | RENAULT KANGOO, CLIO",NQDB145239,BAJO,C,,
"REGULADOR DE VO | FIAT 500, DOBLO, DUC",NQDB145260,BAJO,C,,
REGULADOR DE VO | ALFA ROMEO - FIAT DU,NQDB145286,BAJO,C,,
REGULADOR DE VO | IVECO; JOHN DEERE; R,NQDB145297,BAJO,C,,
"REGULADOR DE VO | M. BENZ, SCANIA, VW,",NQDB145298,BAJO,C,,
REGULADOR DE VO | CITROËN C4 C4 PALASS,NQDB145322,MEDIO,C,,
REGULADOR DE VO | BMW 2012-2016 12 V R,NQDB145881,MEDIO,C,,
REGULADOR DE VO | UNIVERSAL 12V VRI-15,NQDB1515,BAJO,A,,
"REGULADOR DE VO | VW: GOL, VOYAGE, UP,",NQDB220701,BAJO,C,,
"REGULADOR DE VO | FIAT PALIO, FIAT SIE",NQDB220703,BAJO,C,,
"REGULADOR DE VO | RENAULT: CLIO, SANDE",NQDB220706,BAJO,C,,
REGULADOR DE VO | DACIA (2012-2016) NI,NQDB220810,BAJO,C,,
REGULADOR DE VO | MERCEDES-BENZ SPRINT,NQDB220815,MEDIO,C,,
REGULADOR DE VO | AUDI A3; SEAT; VOLKS,NQDB220855,MEDIO,C,,
"REGULADOR DE VO | M. BENZ, FURGON Y PI",NQDB311022,BAJO,C,,
"REGULADOR DE VO | VOLVO, VW 12 V VRB-3",NQDB311235/39/40,BAJO,C,,
REGULADOR DE VO | MERCEDES BENZ; IVECO,NQDB311506,MEDIO,C,,
"REGULADOR DE VO | IVECO EUROTECH, EURO",NQDB311543,BAJO,C,,
"REGULADOR DE VO | RENAULT 9, 19, CLIO,",NQDB337306,BAJO,C,,
REGULADOR DE VO | CITROËN; PEUGEOT; FI,NQDB346010,BAJO,C,,
"REGULADOR DE VO | CITROEN C5, C6; PEUG",NQDB346011,BAJO,C,,
"REGULADOR DE VO | FORD MONDEO , LAND R",NQDB346056,MEDIO,C,,
REGULADOR DE VO | BMW; MINI COOPER; PE,NQDB346066,MEDIO,C,,
"PLACA PORTADIOD | OPEL ASTRA, CORSA, Z",NQDBO123202,BAJO,C,,
"PLACA PORTADIOD | AUDI A3, SEAT TOLEDO",NQDBO123244,BAJO,C,,
"PLACA PORTADIOD | APLICACIONES: AUDI,",NQDBO133201,BAJO,C,,
PLACA PORTADIOD | VW; AUDI; 12 V 120 A,NQDBO133207,BAJO,C,,
PLACA PORTADIOD | VOLVO; CASE; 12/24 V,NQDBO319552,BAJO,C,,
"PLACA PORTADIOD | VW GOLF, PASSAT, VEN",NQDBO319576,BAJO,C,,
REGULADOR DE VO | ALTERNADORES GAREF:,NQDG7400,BAJO,C,,
REGULADOR DE VO | ISUZU; NISSAN PATROL,NQDH093155,BAJO,C,,
REGULADOR DE VO | NISSAN 12V RNH0G2340,NQDH0G2340,BAJO,C,,
REGULADOR DE VO | NISSAN FRONTIER XTER,NQDH110724,BAJO,C,,
"REGULADOR DE VO | ISUZU PICKUP, NISSAN",NQDH11109,BAJO,C,,
"REGULADOR DE VO | FORD ESCORT, FOCUS,",NQDH1S7T1,BAJO,C,,
"REGULADOR DE VO | CHEVROLET CORSA, VEC",NQDH3319,BAJO,C,,
PLACA PORTADIOD | VW GOL 1.6 1.8 POLO,NQDHC01174,MEDIO,C,,
PLACA PORTADIOD | VW GOL G3 1.6 SAVEIR,NQDHC01313,MEDIO,C,,
PLACA PORTADIOD | PEUGEOT 306 405 NAFT,NQDHC1593,MEDIO,C,,
"PLACA PORTADIOD | CHEVROLET CORSA, FIA",NQDHI01313,BAJO,C,,
PLACA PORTADIOD | RENAULT EXPRESS DIES,NQDHI01381,BAJO,C,,
PLACA PORTADIOD | FORD RANGER NAFTA 2.,NQDHI01442,MEDIO,C,,
PLACA PORTADIOD | CHEVROLET CORSA DIES,NQDHI203319,MEDIO,C,,
"PLACA PORTADIOD | CHEVROLET ASTRA, COR",NQDHI769509,MEDIO,C,,
REGULADOR DE VO | IZUSU AUTOELEVADORES,NQDHTR2Z49,BAJO,C,,
"REGULADOR DE VO | RENAULT 11/18, FUEGO",NQDI1400,BAJO,C,,
REGULADOR DE VO | VW GACEL/CARAT/SENDA,NQDI1540,BAJO,C,,
REGULADOR DE VO | FIAT - REGATTA - DUN,NQDI1610,BAJO,C,,
"REGULADOR DE VO | RENAULT 9, 11, 18, T",NQDI1690,BAJO,C,,
REGULADOR DE VO | PEUGEOT 505 DESDE 19,NQDI1710,BAJO,C,,
REGULADOR DE VO | DAIHATSU MINIBUS C/,NQDI381770,BAJO,C,,
"REGULADOR DE VO | PEUGEOT 306, 405 ; V",NQDI381935,BAJO,C,,
"INDUCIDO - BOBI | PEUGEOT 307 2.0 16V,",NQDINDU0037,BAJO,C,,
INDUCIDO - BOBI | CHEVROLET CORSA 1.0,NQDINDU0711/D7E27,BAJO,C,,
"INDUCIDO - BOBI | FORD TRANSIT 2.2, F-",NQDINDU1005A,BAJO,C,,
INDUCIDO - BOBI | VOLKSWAGEN VENTO 1.9,NQDINDU11216,MEDIO,C,,
INDUCIDO - BOBI | PEUGEOT PARTNER 2.0,NQDINDU11217,BAJO,C,,
"INDUCIDO - BOBI | RENAULT 9 1.4 GTS, 1",NQDINDU12406,BAJO,C,,
"INDUCIDO - BOBI | FORD KA 1.0, FOCUS 1",NQDINDU131BA,BAJO,C,,
INDUCIDO - BOBI | MERCEDEZ BENZ CUMMIN,NQDINDU15833,MEDIO,C,,
"INDUCIDO - BOBI | RENAULT TRAFIC 1.4,",NQDINDU20031,BAJO,C,,
"INDUCIDO - BOBI | FORD F-100 2.8 MWM,F",NQDINDU223013,MEDIO,C,,
INDUCIDO - BOBI | FIAT PALIO 1.6 16V T,NQDINDU22512,MEDIO,C,,
"INDUCIDO - BOBI | CUMMINS, MAXION, AGR",NQDINDU259750,BAJO,B,,
INDUCIDO - BOBI | RENAULT 9 1.4 GTS. 1,NQDINDU3023,BAJO,C,,
"INDUCIDO - BOBI | PEUGEOT 504, 505. FI",NQDINDU3027,MEDIO,C,,
"INDUCIDO - BOBI | PEUGEOT 405, 505, 20",NQDINDU3042,BAJO,C,,
"INDUCIDO - BOBI | TOYOTA HILUX 3.0,. C",NQDINDU4013,BAJO,C,,
"INDUCIDO - BOBI | FIAT PALIO1.7 D, SIE",NQDINDU4018,BAJO,C,,
INDUCIDO - BOBI | VOLKSWAGEN GOLF IV 1,NQDINDU4025,BAJO,C,,
"INDUCIDO - BOBI | RENAULT TRAFIC 1.4,",NQDINDU4079,BAJO,C,,
"INDUCIDO - BOBI | RENAULT R19 1.4, CLI",NQDINDU4124,BAJO,C,,
"INDUCIDO - BOBI | FIAT PALIO, SIENA NA",NQDINDU48018,BAJO,C,,
INDUCIDO - BOBI | CHEVROLET CORSA 1.0,NQDINDU5027,BAJO,C,,
INDUCIDO - BOBI | PEUGEOT 405 1.6 8V 3,NQDINDU54271,BAJO,C,,
INDUCIDO - BOBI | CUMMINS FORD 7000 RE,NQDINDU56466,MEDIO,C,,
"INDUCIDO - BOBI | RENAULT CLIO 1.2, KA",NQDINDU57671,BAJO,C,,
"INDUCIDO - BOBI | RENAULT R19 1.7I, R1",NQDINDU58683,BAJO,C,,
INDUCIDO - BOBI | MITSUBISHI COLT 1.5.,NQDINDU59071,BAJO,C,,
INDUCIDO - BOBI | CHEVROLET LUV 2.3. I,NQDINDU61004,MEDIO,C,,
INDUCIDO - BOBI | RENAULT SCENIC III >,NQDINDU71300,BAJO,C,,
INDUCIDO - BOBI | CHEVROLET S-10 2.8 T,NQDINDU7405,BAJO,C,,
INDUCIDO - BOBI | CHEVROLET ASTRA 1.6,NQDINDU8108,BAJO,C,,
INDUCIDO - BOBI | CHEVROLET CORSA 1.0,NQDINDU8111,BAJO,B,,
"INDUCIDO - BOBI | RENAULT R19 1.8, SCE",NQDINDU94228,BAJO,C,,
"INDUCIDO - BOBI | RENAULT CLIO 1.2, TR",NQDINDU94526,BAJO,C,,
"INDUCIDO - BOBI | FIAT FIORINO 1.7 D,",NQDINDUDRS4700,BAJO,C,,
INDUCIDO - BOBI | VOLKSWAGEN GOL 1.0 M,NQDINDUL1338,BAJO,C,,
"INDUCIDO - BOBI | VOLKSWAGEN GOL 1.0,",NQDINDUL1444,BAJO,C,,
"INDUCIDO - BOBI | FIAT DUCATO 2.5 D, I",NQDINDUQD055,BAJO,C,,
INDUCIDO - BOBI | PEUGEOT 207 COMPACT,NQDINDUTS12E10,BAJO,C,,
REGULADOR DE VO | TOYOTA COROLLA 1.8 0,NQDM022230,BAJO,C,,
"REGULADOR DE VO | FIAT SIENA, PALIO, D",NQDM0A1271,BAJO,C,,
REGULADOR DE VO | RENAULT VARIOS 12V V,NQDM118C,BAJO,C,,
REGULADOR DE VO | FIAT VARIOS 12V VRMA,NQDM119AC,BAJO,C,,
REGULADOR DE VO | FORD FOCUS 1.4 Y 1.6,NQDM562541,BAJO,C,,
REGULADOR DE VO | LAND ROVER; M. FERGU,NQDM617181,BAJO,C,,
REGULADOR DE VO | INTELIGENTE TIPO BOS,NQDN-145220,BAJO,C,,
REGULADOR DE VO | INTELIGENTE TIPO BOS,NQDN-145225,BAJO,C,,
REGULADOR DE VO | INTELIGENTE TIPO BOS,NQDN-145229,BAJO,C,,
REGULADOR DE VO | INTELIGENTE TIPO BOS,NQDN-145231,BAJO,C,,
REGULADOR DE VO | INTELIGENTE TIPO BOS,NQDN-145239,BAJO,C,,
REGULADOR DE VO | INTELIGENTE TIPO BOS,NQDN-145260,BAJO,C,,
REGULADOR DE VO | 12V SIST. BOSCH CON,NQDN026,BAJO,C,,
"REGULADOR DE VO | CHEVROLET KADETT, MO",NQDN027,BAJO,C,,
REGULADOR DE VO | REGULADOR RT3 TIPO I,NQDN1400,BAJO,C,,
REGULADOR DE VO | REGULADOR DE VOLTAJE,NQDN1515,BAJO,A,,
REGULADOR DE VO | REGULADOR RT3 TIPO I,NQDN1540,BAJO,C,,
REGULADOR DE VO | REGULADOR DE VOLTAJE,NQDN1552,BAJO,C,,
REGULADOR DE VO | REGULADOR RT3 TIPO I,NQDN1610,BAJO,C,,
REGULADOR DE VO | REGULADOR TIPO VALEO,NQDN1652,BAJO,C,,
REGULADOR DE VO | REGULADOR RT3 TIPO I,NQDN1690,BAJO,C,,
REGULADOR DE VO | REGULADOR TIPO INDIE,NQDN1695,BAJO,B,,
REGULADOR DE VO | REGULADOR RT3 TIPO I,NQDN1710,BAJO,C,,
"REGULADOR DE VO | TIPO VALEO 593455, Y",NQDN593455,BAJO,C,,
REGULADOR DE VO | REGULADOR TIPO GAREF,NQDN7400,BAJO,C,,
MOTORES DE ARRA | VW GOL VALEO - 9 DIE,NQDNQD0002,ALTO,C,,
"MOTORES DE ARRA | VW GOL 1.6, 1.8, 2.0",NQDNQD0003,ALTO,B,,
MOTORES DE ARRA | CHERY TIGGO 2.0 9D.,NQDNQD0007,ALTO,C,,
MOTORES DE ARRA | PEUGEOT 405 VALEO -,NQDNQD0024,ALTO,C,,
"MOTORES DE ARRA | FORD FIESTA 1., KA 1",NQDNQD0029,ALTO,C,,
MOTORES DE ARRA | PEUGEOT 103 / 206 /,NQDNQD0033,ALTO,C,,
MOTORES DE ARRA | CHEVROLET CORSA VALE,NQDNQD0036,ALTO,C,,
MOTORES DE ARRA | RENAULT 19 VALEO - 1,NQDNQD0037,ALTO,B,,
MOTORES DE ARRA | WV GOL / CADDY / GOL,NQDNQD0040,ALTO,C,,
MOTORES DE ARRA | CITROEN - PEUGEOT 1.,NQDNQD0056,ALTO,C,,
MOTORES DE ARRA | PEUGEOT 307 2.0 HDI-,NQDNQD0707,ALTO,C,,
"PORTA ESCOBILLA | CHEVROLET: CORSA, CH",NQDNQD100PE,BAJO,B,,
PORTA ESCOBILLA | FORD ESCORT 1.6-1.8,NQDNQD101PE,BAJO,B,,
"PORTA ESCOBILLA | PERKINS 6 CIL., 580E",NQDNQD102PE,BAJO,C,,
"PORTA ESCOBILLA | CHEVROLET: D20, D 60",NQDNQD105PE,BAJO,C,,
"PORTA ESCOBILLA | FORD: COURIER, ESCOR",NQDNQD109PE,BAJO,C,,
"PORTA ESCOBILLA | DECAROLI, MERCEDES B",NQDNQD114PE,BAJO,C,,
PORTA ESCOBILLA | CHEVROLET: CORSA 1.6,NQDNQD115PE,BAJO,A,,
"PORTA ESCOBILLA | CHEVROLET: CORSA, CE",NQDNQD116CPE,BAJO,A,,
"PORTA ESCOBILLA | CHEVROLET: CORSA, CE",NQDNQD116PE,BAJO,A,,
"PORTA ESCOBILLA | A3 1.6, 1.8, A4 1.8,",NQDNQD117PE,BAJO,B,,
PORTA ESCOBILLA | CHEVROLET: ASTRA 1.8,NQDNQD118PE,BAJO,B,,
PORTA ESCOBILLA | FIAT PALIO - PALIO W,NQDNQD119PE,BAJO,B,,
PORTA ESCOBILLA | CORSA - ALFA ROMEO 1,NQDNQD125PE,BAJO,B,,
PORTA ESCOBILLA | RENAULT: CLIO 1.0 I,NQDNQD128PE,BAJO,A,,
"PORTA ESCOBILLA | A6 1.9 TDI, 4.2 V8 Q",NQDNQD129PE,BAJO,B,,
"PORTA ESCOBILLA | AGRALE:OMNIBUS, CHEV",NQDNQD130PE,BAJO,B,,
"PORTA ESCOBILLA | ALFA ROMEO: 33, 155,",NQDNQD131PE,BAJO,C,,
"PORTA ESCOBILLA | RENAULT 19 , FORD OR",NQDNQD135PE,BAJO,A,,
PORTA ESCOBILLA | FORD: COURIER 1.5 TD,NQDNQD137PE,BAJO,B,,
"PORTA ESCOBILLA | ALFA ROMEO: 145, 155",NQDNQD139PE,BAJO,C,,
"PORTA ESCOBILLA | CITROEN: JUMPY 1.6,",NQDNQD141PE,BAJO,B,,
"PORTA ESCOBILLA | AUDI, CHEVROLET: S10",NQDNQD142PE,BAJO,B,,
"PORTA ESCOBILLA | ACURA, CASE, DODGE,",NQDNQD144PE,BAJO,C,,
"PORTA ESCOBILLA | CHEVROLET: AGILE, CE",NQDNQD149PE,BAJO,A,,
PORTA ESCOBILLA | JEEP: CHEROKEE 4.0 X,NQDNQD158PE,BAJO,C,,
PORTA ESCOBILLA | MAQUINAS VIALES Y AU,NQDNQD159PE,BAJO,C,,
PORTA ESCOBILLA | CITROEN: JUMPER 2.8,NQDNQD162PE,BAJO,C,,
"PORTA ESCOBILLA | AUDI: A4 1.8 T, 1.9",NQDNQD163PE,BAJO,C,,
PORTA ESCOBILLA | MERCEDES BENZ: SERIE,NQDNQD165PE,BAJO,C,,
"PORTA ESCOBILLA | AGRALE: MARRUA, MER",NQDNQD195PE,BAJO,C,,
PORTA ESCOBILLA | CASE: MÃQUINAS DIVE,NQDNQD196PE,BAJO,C,,
"PORTA ESCOBILLA | CHEVROLET: MONTANA,",NQDNQD210A,BAJO,A,,
"PORTA ESCOBILLA | VOLKSWAGEN: GOL, VOY",NQDNQD210B,BAJO,B,,
PORTA ESCOBILLA | ISUZU / NISSAN / YAN,NQDNQD214PE,BAJO,C,,
PORTA ESCOBILLA | FIAT: DUCATO MULTIJE,NQDNQD223PE,BAJO,B,,
"PORTA ESCOBILLA | BMW, CITROEN, FIAT:",NQDNQD224PE,BAJO,C,,
"PORTA ESCOBILLA | DACIA, FIAT: DOBLO 1",NQDNQD227PE,BAJO,B,,
MOTORES DE ARRA | RENAULT CLIO / KANGO,NQDNQD2454,ALTO,C,,
MOTORES DE ARRA | FIAT UNO / PALIO / F,NQDNQD3021,ALTO,C,,
MOTORES DE ARRA | FIAT REGATTA 1300/15,NQDNQD3022,ALTO,C,,
MOTORES DE ARRA | RENAULT 9 - 11 INDIE,NQDNQD3023,ALTO,C,,
MOTORES DE ARRA | RENAULT 12 1400 INDI,NQDNQD3024,ALTO,C,,
MOTORES DE ARRA | RENAULT 18 / 2000 IN,NQDNQD3025,ALTO,C,,
MOTORES DE ARRA | RENAULT 18 1400 INDI,NQDNQD3026,ALTO,C,,
MOTORES DE ARRA | PEUGEOT 504 / 2000 I,NQDNQD3027,ALTO,C,,
MOTORES DE ARRA | FIAT DUNA / UNO MOTO,NQDNQD3028,ALTO,C,,
MOTORES DE ARRA | RENAULT - 9 DIENTES,NQDNQD3042,ALTO,C,,
"MOTORES DE ARRA | VW GOL 1.8, 2.0 - SE",NQDNQD4004,ALTO,C,,
MOTORES DE ARRA | PEUGEOT - CITROEN DI,NQDNQD4006,ALTO,C,,
MOTORES DE ARRA | TOYOTA HILUX 3.0 MA-,NQDNQD4013,ALTO,C,,
MOTORES DE ARRA | CHEVROLET S10 2.8 TD,NQDNQD4015,ALTO,C,,
MOTORES DE ARRA | MERCEDES SPRINTER /,NQDNQD4018,ALTO,C,,
"MOTORES DE ARRA | FORD ESCORT 1.6 D, 1",NQDNQD4025,ALTO,C,,
MOTORES DE ARRA | VW POLO DIESEL / BOR,NQDNQD4028,ALTO,C,,
"PORTA ESCOBILLA | FIAT: PALIO 16V, SIE",NQDNQD402PE,BAJO,C,,
MOTORES DE ARRA | VW GOLF DIESEL / BOR,NQDNQD4035,ALTO,C,,
"MOTORES DE ARRA | VW GOLF, POLO, VENTO",NQDNQD4037,ALTO,C,,
MOTORES DE ARRA | VW BORA 2.0-GOLF 2.0,NQDNQD4038,ALTO,C,,
"MOTORES DE ARRA | VW BORA 2.0,GOLF 2.0",NQDNQD4039,ALTO,C,,
"PORTA ESCOBILLA | DEUTZ, FIAT ALIS, IV",NQDNQD403PE,BAJO,C,,
MOTORES DE ARRA | AUDI A4 1.8 - 9 DIEN,NQDNQD4052,ALTO,C,,
"MOTORES DE ARRA | VW POLO 1.4, 1.6 - 9",NQDNQD4061,ALTO,C,,
MOTORES DE ARRA | VW FOX / SURAN / VOY,NQDNQD4067,ALTO,C,,
"MOTORES DE ARRA | FORD FIESTA,ECOSPORT",NQDNQD4077,ALTO,C,,
MOTORES DE ARRA | FORD MOTOR ZETEC - 1,NQDNQD4079,ALTO,C,,
"PORTA ESCOBILLA | BLAZER, S-10 4.3 V6",NQDNQD407PE,BAJO,C,,
MOTORES DE ARRA | FIAT PUNTO/MAREA - A,NQDNQD4087,ALTO,C,,
MOTORES DE ARRA | FIAT PALIO/FIORINO/U,NQDNQD4088,ALTO,C,,
"MOTORES DE ARRA | VW GOL TREND, FOX, S",NQDNQD4093,ALTO,C,,
MOTORES DE ARRA | VW GOL 1.0 BOSCH 10D,NQDNQD4101,ALTO,C,,
"MOTORES DE ARRA | VW GOL, SENDA DIESEL",NQDNQD4105,ALTO,C,,
MOTORES DE ARRA | VW GOLF 1.6-1.8-2.0(,NQDNQD4110,ALTO,C,,
MOTORES DE ARRA | RENAULT CLIO - 10 DI,NQDNQD4114,ALTO,C,,
"MOTORES DE ARRA | VW SAVEIRO,QUANTUN 1",NQDNQD4124,ALTO,C,,
MOTORES DE ARRA | CHEVROLET ASTRA / CO,NQDNQD4125,ALTO,C,,
MOTORES DE ARRA | FIAT DUCATO 2.3 JTD,NQDNQD4132,ALTO,C,,
"MOTORES DE ARRA | FIAT PALIO,DOBLO,STR",NQDNQD4146,ALTO,C,,
"MOTORES DE ARRA | FIAT PALIO,SIENA 1.3",NQDNQD4150,ALTO,C,,
MOTORES DE ARRA | CAMION MERCEDES BENZ,NQDNQD416040,ALTO,C,,
"PORTA ESCOBILLA | CHEVROLET, CHRYSLER:",NQDNQD421PE,BAJO,C,,
"PORTA ESCOBILLA | ALFA ROMEO: 156 2.5,",NQDNQD426PE,BAJO,C,,
"PORTA ESCOBILLA | CITROEN: C3, C4 C5,",NQDNQD428PEIZQ,BAJO,B,,
"PORTA ESCOBILLA | AGRALE: 1600, 4000,",NQDNQD429PE,BAJO,C,,
"PORTA ESCOBILLA | CITROEN: C3 1.6, C4",NQDNQD430PE,BAJO,B,,
"PORTA ESCOBILLA | FORD: 4,9, MITSUBISH",NQDNQD444PE,BAJO,C,,
PORTA ESCOBILLA | CITROEN C3 1.4L 1.6L,NQDNQD445PE,BAJO,C,,
"PORTA ESCOBILLA | FORD: COURIER 99/13,",NQDNQD446PE,BAJO,B,,
PORTA ESCOBILLA | ALFA ROMEO: MITO 1.4,NQDNQD449PE,BAJO,C,,
PORTA ESCOBILLA | CITROEN: BERLINGO II,NQDNQD453PE,BAJO,C,,
"PORTA ESCOBILLA | FORD: CARGO C 1317,",NQDNQD463PE,BAJO,C,,
"PORTA ESCOBILLA | FORD: KA, KA + - 3 C",NQDNQD465PE,BAJO,C,,
"PORTA ESCOBILLA | AGCO, CASE: MAGNUN 2",NQDNQD467PE,BAJO,C,,
"PORTA ESCOBILLA | ATLAS COPCO, CASE: R",NQDNQD468PE,BAJO,C,,
"PORTA ESCOBILLA | VOLKSWAGE: FOX, GOL",NQDNQD473PE,BAJO,C,,
"PORTA ESCOBILLA | KIA: OPTIMA 14/16, S",NQDNQD474PE,BAJO,C,,
PORTA ESCOBILLA | CHEVROLET: PRISMA LT,NQDNQD476PE,BAJO,B,,
PORTA ESCOBILLA | CHEVROLET: ONIX 1.0,NQDNQD483PE,BAJO,C,,
MOTORES DE ARRA | CHEVROLET CORSA DIES,NQDNQD5008,ALTO,C,,
MOTORES DE ARRA | CHEVROLET CORSA DIES,NQDNQD5009,ALTO,C,,
MOTORES DE ARRA | CHEV.CORSA 1.7D - 9,NQDNQD5027,ALTO,C,,
MOTORES DE ARRA | HONDA FIT 1.5 07/...,NQDNQD6202,ALTO,C,,
MOTORES DE ARRA | HONDA CRV - 9 DIENTE,NQDNQD6603,ALTO,C,,
MOTORES DE ARRA | MITSUBISHI L200 / MO,NQDNQD7405,ALTO,C,,
MOTORES DE ARRA | CHEVROLET CAPTIVA 2.,NQDNQD8108,ALTO,C,,
MOTORES DE ARRA | CHEVROLET CRUZE 1.8,NQDNQD8111,ALTO,C,,
"MOTORES DE ARRA | CHERY QQ,FACE .../16",NQDNQD8113,ALTO,C,,
PORTA ESCOBILLA | RENAULT: TRAFIC 1.9,NQDNQD92PE,BAJO,C,,
"PORTA ESCOBILLA | CHEVROLET, CITROEN:",NQDNQD95PE,BAJO,B,,
"PORTA ESCOBILLA | CHEVROLET: ASTRA, ME",NQDNQD98PE,BAJO,A,,
"MOTORES DE ARRA | FIAT PALIO,PUNTO,DOB",NQDNQDD6G1,ALTO,C,,
MOTORES DE ARRA | FIAT STRADA 1.3 JTD(,NQDNQDD6G32,ALTO,C,,
"MOTORES DE ARRA | PEUGEOT 207,208-CITR",NQDNQDD7E16,ALTO,C,,
"MOTORES DE ARRA | VW GOL TREND,POLO,FO",NQDNQDD7ES6,ALTO,C,,
MOTORES DE ARRA | RENAULT MASTER 2.5 (,NQDNQDD7G11,ALTO,C,,
"MOTORES DE ARRA | RENAULT CLIO II,MEGA",NQDNQDD7R35,ALTO,C,,
MOTORES DE ARRA | FIAT DUNA 1.7 - 10 D,NQDNQDDRS4700,ALTO,C,,
"PORTA ESCOBILLA | FIAT , FORD , RENAUL",NQDNQDPE010,BAJO,B,,
"PORTA ESCOBILLA | FORD: FIESTA, FOCUS,",NQDNQDPE034,BAJO,C,,
PORTA ESCOBILLA | BUICK-CHEVROLET-CHRY,NQDNQDPE038,BAJO,C,,
PORTA ESCOBILLA | ACCURA-HONDA-LEXUS-T,NQDNQDPE039,BAJO,C,,
"PORTA ESCOBILLA | CHEVROLET, DAEWOO, O",NQDNQDPE214,BAJO,C,,
"PORTA ESCOBILLA | FORD: FALCON, F100,",NQDNQDPE311,BAJO,B,,
PORTA ESCOBILLA | MERCEDES BENZ (ESCOB,NQDNQDPE375,BAJO,C,,
"PORTA ESCOBILLA | FIAT , FORD , RENAUL",NQDNQDPE675,BAJO,C,,
PORTA ESCOBILLA | MERCEDES BENZ (ESCOB,NQDNQDPE715,BAJO,C,,
"MOTORES DE ARRA | FORD FIESTA,ECOSPORT",NQDNQDTS12E10,ALTO,C,,
MOTORES DE ARRA | VW AMAROK 2.0TDI - 1,NQDNQDTS22ER13,ALTO,C,,
MOTORES DE ARRA | FIAT - IVECO DAILY -,NQDQD051,ALTO,C,,
MOTORES DE ARRA | CHEVROLET BLAZER / S,NQDQD055,ALTO,C,,
MOTORES DE ARRA | VW CAMION - MOTOR DE,NQDQD060,ALTO,C,,
MOTORES DE ARRA | CITROEN JUMPER - PEU,NQDQD065,ALTO,C,,
MOTORES DE ARRA | FIAT DUCATO 2.5-PEUG,NQDQD066,ALTO,C,,
MOTORES DE ARRA | FORD 250 MOTOR MWM -,NQDQD223010,ALTO,C,,
MOTORES DE ARRA | CITROEN JUMPER - FIA,NQDQD223013,ALTO,C,,
MOTORES DE ARRA | IVECO EUROCARGO 91/À,NQDQD231011,ALTO,C,,
MOTORES DE ARRA | IVECO EUROCARGO 24V,NQDQD231016,ALTO,C,,
MOTORES DE ARRA | SCANIA - 12 DIENTES,NQDQD241001,ALTO,C,,
MOTORES DE ARRA | MERCEDES BENZ - 12 D,NQDQD241004,ALTO,C,,
MOTORES DE ARRA | VW CAMION MWM 4.2-6.,NQDQD259430,ALTO,C,,
MOTORES DE ARRA | VW CAMION MOTOR CUMM,NQDQD259640,ALTO,C,,
MOTORES DE ARRA | FORD F100 / F150 / F,NQDQD259750,ALTO,C,,
MOTORES DE ARRA | FORD CARGO CUMMINS 1,NQDQD261120,ALTO,C,,
"MOTORES DE ARRA | M.BENZ 1114,1214,171",NQDQD367034,ALTO,C,,
MOTORES DE ARRA | SCANIA 114 EB - 11 D,NQDQD371006,ALTO,C,,
MOTORES DE ARRA | MAN 22.230 / R292 /,NQDQD417001,ALTO,C,,
MOTORES DE ARRA | IVECO 24V.FKB 11D 6.,NQDQD417005,ALTO,C,,
MOTORES DE ARRA | SCANIA FKB - 11 DIEN,NQDQD417043,ALTO,C,,
MOTORES DE ARRA | CAMION SCANIA - VOLV,NQDQD417063,ALTO,C,,
MOTORES DE ARRA | FIAT FKB - 11 DIENTE,NQDQD417064,ALTO,C,,
MOTORES DE ARRA | MERCEDES BENZ - 11 D,NQDQD510301,ALTO,C,,
PLACA PORTADIOD | FORD: ESCORT; VW GOL,NQDRB080277,BAJO,C,,
"PLACA PORTADIOD | FIAT LINEA, PUNTO, B",NQDRB220704,BAJO,C,,
PLACA PORTADIOD | KOMATSU TRACTORES -,NQDRB320366,BAJO,C,,
PLACA PORTADIOD | FIAT DUCATO; IVECO D,NQDRBBL0408,BAJO,C,,
PLACA PORTADIOD | NISSAN KICKS 12V 90,NQDRBBL04M0,BAJO,C,,
PLACA PORTADIOD | VOLKSWAGEN FOX 1.6 2,NQDRBBL1002,BAJO,C,,
"PLACA PORTADIOD | FORD, PICK UP TODAS,",NQDRI213437,BAJO,B,,
"PLACA PORTADIOD | FORD, ESCORT, GALAXY",NQDRI213682,BAJO,C,,
PLACA PORTADIOD | GENERAL MOTORS - JOH,NQDRIK02529,BAJO,B,,
PLACA PORTADIOD | ALTERNADORES INDIEL,NQDRIK03939,BAJO,C,,
REGULADOR DE VO | AUDI; BMW; VW POLO;,NQDV1335,BAJO,C,,
"REGULADOR DE VO | RENAULT 18, 19, 21,",NQDV1652,BAJO,C,,
"REGULADOR DE VO | HYUNDAI ACCENT, COUP",NQDV455023,BAJO,C,,
"REGULADOR DE VO | CHEVROLET CORSA 1.0,",NQDV493811,BAJO,C,,
REGULADOR DE VO | PEUGEOT 307 Y 406 -,NQDV593284,BAJO,C,,
REGULADOR DE VO | BMW; LAND ROVER 12V,NQDV593406,BAJO,C,,
"REGULADOR DE VO | AUDI, VW PASSAT. 179",NQDV593455,BAJO,C,,
"REGULADOR DE VO | CHEVROLET CORSA, MER",NQDV593505,BAJO,C,,
"REGULADOR DE VO | FORD ECOSPORT, FIEST",NQDV593675,BAJO,C,,
"REGULADOR DE VO | BMW, MINI 17970 U593",NQDV593771,MEDIO,C,,
REGULADOR DE VO | VOLKSWAGEN NIVUS2020,NQDV599304,MEDIO,C,,
"REGULADOR DE VO | RENAULT SAFRANE, SCE",NQDV93290,BAJO,C,,
REGULADOR DE VO | CITROËN XSARA PICASS,NQDV93529,BAJO,C,,
REGULADOR DE VO | CITROËN XSARA PICASS,NQDV93857,BAJO,C,,
PLACA PORTADIOD | VOLVO PENTA; PEUGEOT,NQDVAL102556,BAJO,C,,
"PLACA PORTADIOD | PEUGEOT, RENAULT. PL",NQDVAL105252,BAJO,C,,
PLACA PORTADIOD | CHEVROLET S10 2.8TD,NQDVAL493823,BAJO,C,,
"PLACA PORTADIOD | CHEVROLET CORSA 1.8,",NQDVAL493830,BAJO,C,,
PLACA PORTADIOD | PEUGEOT - RENAULT 19,NQDVAL545941,BAJO,C,,
PLACA PORTADIOD | CITROEN - PEUGEOT -,NQDVAL592848,BAJO,C,,
PLACA PORTADIOD | FOX16V/1.6 POLO16V/1,NQDVAL593482,BAJO,C,,
PLACA PORTADIOD | VOLKSWAGEN AMAROK PR,NQDVAL593814,BAJO,C,,
TAPA DE VALVULA | PEUGEOT 206/ 207/ 30,NV0248L1,BAJO,C,,
TAPA SUPERIOR D | VOLKSWAGEN GOL G1/ A,NV0261091731,BAJO,C,,
KIT TAPAS DE DI | VOLKSWAGEN GOLF/ BOR,NV026109175A,BAJO,C,,
TAPA TERMOSTATO | VOLKSWAGEN GOL/ GACE,NV026121121A,BAJO,C,,
CONECTOR AGUA | VOLKSWAGEN GOLF/ POL,NV026121144B,BAJO,C,,
CONEXIÓN DISTRI | VOLKSWAGEN CADDY G2,NV028121132A,BAJO,C,,
CUERPO PORTA TE | VOLKSWAGEN GOL POWER,NV030121111S,MEDIO,C,,
TUBO RIGIDO TER | VOLKSWAGEN FOX/ SURA,NV032121065D,BAJO,C,,
PORTA TERMOSTAT | VOLKSWAGEN GOL TREND,NV032121111BJ,BAJO,C,,
CODO CONECTOR A | VOLKSWAGEN FOX/ SURA,NV032121118D,BAJO,C,,
TAPA TERMOSTATO | VOLKSWAGEN GOLF IV/B,NV032121121J,BAJO,C,,
CODO PORTA TERM | VOLKSWAGEN FOX/ GOL,NV032121121K,BAJO,C,,
CODO DE TERMOST | VOLKSWAGEN POLO/ GOL,NV037121121A,BAJO,C,,
CONEXION DISTRI | VOLKSWAGEN POLO/ PAS,NV037121132G,BAJO,C,,
BRIDA CONECTOR | VOLKSWAGEN CADDY/ GO,NV037121145,BAJO,C,,
CONECTOR AGUA | VOLKSWAGEN POLO DIES,NV037121619,BAJO,C,,
CONECTOR DE AGU | VOLKSWAGEN POLO DIES,NV037121619A,BAJO,C,,
TAPA TERMOSTATO | VOLKSWAGEN BORA/ GOL,NV038121121,BAJO,C,,
CONEXION DISTRI | VOLKSWAGEN BORA/ GOL,NV038121132D,BAJO,C,,
TAPA TERMOSTATO | VOLKSWAGEN POLO/ VIR,NV03C121121D,BAJO,C,,
CONEXIÓN DISTRI | VOLKSWAGEN PASSAT/ T,NV03H121144A,BAJO,C,,
CONEXION DISTRI | VOLKSWAGEN AMAROK 2.,NV03L121131M,BAJO,C,,
TAPA TERMOSTATO | VOLKSWAGEN FOX/SURAN,NV045121121A,BAJO,C,,
TAPA DE TERMOST | VOLKSWAGEN FOX/ SURA,NV04E121115AJ,BAJO,C,,
"TAPA TERMOSTATO | VOLKSWAGEN VENTO 1,4",NV04E121121A,BAJO,C,,
CONEXIÓN DISTRI | VOLKSWAGEN PASSAT GO,NV068121132A,BAJO,C,,
CONEXIÓN DISTRI | VOLKSWAGEN GOL III/,NV068121132B,BAJO,C,,
TAPA TERMOSTATO | VOLKSWAGEN BORA/ GOL,NV06A121121C,BAJO,C,,
CONECTOR BOMBA | VOLKSWAGEN VENTO/ PA,NV06H121131C,BAJO,C,,
CONECTOR AGUA | VOLKSWAGEN GOLF/ VEN,NV06J121132F,BAJO,C,,
TUBO RIGIDO DE | CHEVROLET CORSA II/M,NV09128719,BAJO,C,,
CHUPADOR BOMBA | PEUGEOT PARTNER 1.6,NV101866,BAJO,C,,
TAPA TERMOSTATO | RENAULT CAPTUR/ LOGA,NV110616620R,BAJO,C,,
RACOR MANGUERA | BMW E81 /116D /118D,NV11117800048,MEDIO,C,,
TAPA DE DISTRIB | TOYOTA HILUX/SW4 05/,NV11332-0L010,MEDIO,C,,
TAPA TERMOSTATO | BMW SERIE 3 323TI /3,NV11531722531,MEDIO,C,,
TUBO RIGIDO TER | MINI COOPER R55 /R56,NV11537589713,MEDIO,C,,
TAPA DE TERMOST | PEUGEOT 306/ 405/ PA,NV1336A1,BAJO,C,,
TAPA DE TERMOST | CITROEN BERLINGO 1.9,NV1336C9,BAJO,C,,
CONECTOR TAPA D | PEUGEOT 306/ 405/ 80,NV1336H7,BAJO,C,,
TAPA TERMOSTATO | PEUGEOT 306/ 406 CIT,NV1336J4,BAJO,C,,
CONECTOR TAPA D | PEUGEOT 306/ 405/ 40,NV1336J7,BAJO,C,,
CONECTOR AGUA A | PEUGEOT 206/207/PART,NV1336N8,BAJO,C,,
CONECTOR TAPA A | PEUGEOT 206/ 207/ 30,NV1336P5,BAJO,C,,
CONEXIÓN DISTRI | PEUGEOT 405/ 306/ PA,NV1336Q3,BAJO,C,,
TAPA DE TERMOST | PEUGEOT 206/ 207/ 30,NV1336R9,BAJO,C,,
TUBO RIGIDO SAL | PEUGEOT 207/ 208/ 30,NV1351VF,BAJO,C,,
TAPA TERMOSTATO | TOYOTA ETIOS 1.3 1.5,NV16321-47030,BAJO,C,,
TUBO RIGIDO CIR | TOYOTA COROLLA 1.8 1,NV16577-0T010,BAJO,C,,
TUBO RIGIDO CIR | TOYOTA COROLLA 08/14,NV16577-22040,BAJO,C,,
TUBO RIGIDO CIR | TOYOTA COROLLA 08/20,NV16577-22H02,BAJO,C,,
CONEXIÓN DISTRI | VOLKSWAGEN GOLF IV/,NV1J0121087,BAJO,C,,
CONEXIÓN DISTRI | VOLKSWAGEN GOLF/ BOR,NV1J0121087A,BAJO,C,,
CONECTOR AGUA 3 | VOLKSWAGEN POLO/ BOR,NV1J0121087B,BAJO,C,,
CONEXIÓN DISTRI | VOLKSWAGEN BORA/ SHA,NV1J0121087C,BAJO,C,,
CONEXIÓN DISTRI | VOLKSWAGEN BORA/ GOL,NV1J0121087D,BAJO,C,,
CONECTOR AGUA A | VOLKSWAGEN BORA/ GOL,NV1J0121619,BAJO,C,,
CONECTOR AGUA A | VOLKSWAGEN BORA 2.0/,NV1J0122291,BAJO,C,,
CONECTOR AGUA A | VOLKSWAGEN GOLF IV 0,NV1J0122291B,BAJO,C,,
CONECTOR AGUA A | VOLKSWAGEN GOLF IV M,NV1J0122291D,BAJO,C,,
CONECTOR AGUA A | VOLKSWAGEN POLO/ FOX,NV1J0122291F,BAJO,C,,
CONECTOR AGUA A | VOLKSWAGEN GOLF IV 1,NV1J0122291G,BAJO,C,,
CONECTOR AGUA A | VOLKSWAGEN FOX/ SURA,NV1K0121087B,BAJO,C,,
CONECTOR DE AGU | VOLKSWAGEN VENTO/ PA,NV1K0121087H,BAJO,C,,
CONECTOR AGUA A | VOLKSWAGEN SCIROCCO/,NV1K0122291BE,BAJO,C,,
CONECTOR AGUA A | VOLKSWAGEN BORA /CAD,NV1K0122291C,BAJO,C,,
CONECTOR AGUA A | VOLKSWAGEN VENTO 2.0,NV1K0122291H,BAJO,C,,
TAPA DE DISTRIB | HYUNDAI H100 MISUBIS,NV21350-42500,MEDIO,C,,
TAPA DISTRIBUCI | MITSUBISHI L200,NV21360-42500,MEDIO,C,,
TUBERÍA TERMOST | MERCEDES BENZ W204 /,NV2712001256,MEDIO,C,,
CODO DE TERMOST | FORD ECOSPORT/ FIEST,NV2S6G8250A1B,BAJO,C,,
"TAPON, ORING Y | VOLKSWAGEN FOX/ GOL",NV357198140S,BAJO,C,,
CONECTOR AGUA A | VOLKSWAGEN BORA/ GOL,NV3B0122291B,BAJO,C,,
CONECTOR AGUA A | VOLKSWAGEN VENTO MK6,NV5Q0122291S,BAJO,C,,
CONECTOR AGUA A | VOLKSWAGEN GOLF/ PAS,NV5Q0122291T,BAJO,C,,
JUEGO CAÑOS RAD | PEUGEOT 206 1.6 8V 9,NV6448G4,BAJO,C,,
JUEGO CAÑOS RAD | PEUGEOT 307 CITROEN,NV6448N9,BAJO,C,,
JUEGO CAÑOS RAD | PEUGEOT 207,NV6448Q0,BAJO,C,,
CONEXIÓN DISTRI | PEUGEOT PARTNER CITR,NV646696,BAJO,C,,
REPARACION MANG | DODGE JOURNEY 2.4 JE,NV65652,MEDIO,C,,
CONECTOR ACOPLE | VOLKSWAGEN FOX/ SURA,NV6Q0122291F,BAJO,C,,
TUBO RIGIDO CAL | RENAULT CLIO/ EXPRES,NV7700101034,BAJO,C,,
TUBO RIGIDO AGU | RENAULT CLIO/ TWINGO,NV7700111985,BAJO,C,,
TUBO RIGIDO BOM | RENAULT CLIO /KANGOO,NV7700873948,BAJO,C,,
CODO ENTRADA BO | RENAULT CLIO 2/ MIO,NV7701041348,BAJO,C,,
ROSCA TAPA FLOT | TOYOTA HILUX 05/15 1,NV77144-0K010,BAJO,C,,
TAPA SUPERIOR T | RENAULT CLIO/KANGOO/,NV8200065394,BAJO,C,,
TUBO RIGIDO BOM | RENAULT LOGAN 1.6 16,NV8200134513,BAJO,C,,
RAMPA INYECTORE | RENAULT CLIO2 /LOGAN,NV8200139674,BAJO,C,,
RAMPA INYECTORE | RENAULT LOGAN /SANDE,NV8200494284,BAJO,C,,
TAPA TERMOSTATO | RENAULT LOGAN/ SANDE,NV8200561420,BAJO,C,,
TAPA DE TERMOST | RENAULT LOGAN 2015 K,NV8200729683,BAJO,C,,
TUBO RIGIDO DE | CHEVROLET ASTRA/VECT,NV90322216,BAJO,C,,
TUBO RÍGIDO CAL | CHEVROLET CORSA CLAS,NV90448854,BAJO,C,,
RAMPA INYECTORE | CHEVROLET ASTRA /VEC,NV93275195,BAJO,C,,
TUBO RIGIDO CAL | SUZUKI FUN C-A/A /06,NV93288618,BAJO,C,,
TUBO RIGIDO CAL | CHEVROLET ASTRA/VECT,NV93369758,BAJO,C,,
TUBO RÍGIDO CAL | CHEVROLET CORSA II/M,NV93378094,BAJO,C,,
TUBO RIGIDO CAL | CHEVROLET AGILE/FUN/,NV94704072,BAJO,C,,
TUBO RÍGIDO CAL | CHEVROLET AVEO 1.6,NV96273608,BAJO,C,,
TAPA DISTRIBUCI | CHEVROLET AVEO,NV96350674,BAJO,C,,
RAMPA INYECTORE | PEUGEOT 206/PARTNER,NV9655833580,BAJO,C,,
CONECTOR TAPA A | PEUGEOT 206/ 207/ 30,NV9801622180,BAJO,C,,
CONECTOR T | VOKSWAGEN VENTO/ PAS,NVN90692901,BAJO,C,,
CONECTOR AGUA | VOLKSWAGEN BORA/ VEN,NVN90693001,BAJO,C,,
CODO TERMOSTATO | FORD KA 99/02 1.0 1.,NVXS6-E8250-AD,BAJO,C,,
CARCASA PORTA T | FORD KA/FIESTA/ECOSP,NVXS6E9K478AF,BAJO,C,,
CRIQUE BOTELLA | UNIVERSAL TIPO BOTEL,ORE10TBOTELLA,MEDIO,B,,
CRIQUE TIJERA | UNIVERSAL TIPO TIJER,ORE1TTIJERA,BAJO,A,,
CRIQUE BOTELLA | UNIVERSAL TIPO BOTEL,ORE2TBOTELLA,BAJO,A,,
CRIQUE CARRITO | UNIVERSAL TIPO CARRI,ORE2TCARRITO,MEDIO,A,,
CRIQUE TIJERA | UNIVERSAL TIPO TIJER,ORE2TTIJERA,BAJO,A,,
CRIQUE BOTELLA | UNIVERSAL TIPO BOTEL,ORE32TBOTELLA,MEDIO,C,,
CRIQUE CARRITO | UNIVERSAL TIPO CARRI,ORE3TCARRO,ALTO,A,,
CRIQUE BOTELLA | UNIVERSAL TIPO BOTEL,ORE4TBOTELLA,BAJO,A,,
CRIQUE BOTELLA | UNIVERSAL TIPO BOTEL,ORE6TBOTELLA,BAJO,A,,
ABRAZADERA | HEAVY DUTY - USO ESP,OREABNEU001,MEDIO,C,,
ABRAZADERAS | BLISTER DE ABRAZADER,OREABR001,BAJO,A,,
ALFOMBRA | ALFOMBRA PVC 4 PIEZA,OREAL001,BAJO,A,,
ALFOMBRA | ALFOMBRA PVC 4 PIEZA,OREAL002,BAJO,C,,
ALFOMBRA | ALFOMBRA PVC 4 PIEZA,OREAL003,BAJO,C,,
ALFOMBRA | ALFOMBRA PVC 3 PIEZA,OREAL004,BAJO,A,,
ALFOMBRA | ALFOMBRA PVC 3 PIEZA,OREAL005,BAJO,C,,
ALFOMBRA | ALFOMBRA PVC 3 PIEZA,OREAL006,BAJO,C,,
ALFOMBRA | ALFOMBRA PVC ALUMINI,OREAL007,BAJO,B,,
ALFOMBRA | ALFOMBRA PVC ALUMINI,OREAL008,BAJO,B,,
ALFOMBRA | ALFOMBRA PVC ALUMINI,OREAL009,BAJO,C,,
ALFOMBRA | ALFOMBRA PVC ALUMINI,OREAL010,BAJO,B,,
ALFOMBRA | ALFOMBRA PVC ALUMINI,OREAL011,BAJO,C,,
ALFOMBRA | ALFOMBRA PVC ALUMINI,OREAL012,BAJO,C,,
ALFOMBRA | ALFOMBRA PVC ALUMINI,OREAL013,BAJO,C,,
ALFOMBRA | ALFOMBRA PVC ALUMINI,OREAL014,BAJO,C,,
ALFOMBRA | ALFOMBRA PVC ALUMINI,OREAL015,BAJO,C,,
ALFOMBRA | ALFOMBRA PVC ALUMINI,OREAL016,BAJO,C,,
ALFOMBRA | ALFOMBRA CARPETA TIP,OREAL017,BAJO,B,,
ALFOMBRA | ALFOMBRA CARPETA TIP,OREAL018,BAJO,C,,
ALFOMBRA | ALFOMBRA CARPETA TIP,OREAL019,BAJO,C,,
ALFOMBRA | ALFOMBRA CARPETA TIP,OREAL020,BAJO,C,,
ALFOMBRA | ALFOMBRA CARPETA TIP,OREAL021,BAJO,C,,
ALFOMBRA | ALFOMBRA CARPETA TIP,OREAL022,BAJO,C,,
ALFOMBRA | ALFOMBRA DE PVC PARA,OREAL023,BAJO,A,,
ALFOMBRA ECONOM | ALFOMBRA PVC 4 PIEZA,OREAL024,BAJO,A,,
ALFOMBRA | ALFOMBRA PVC 3 PIEZA,OREAL025,BAJO,A,,
ALARMA PARA MOT | UNIVERSAL PARA FRENO,OREALFREN001,BAJO,C,,
ALARMA PARA MOT | UNIVERSAL PARA FRENO,OREALFREN002,BAJO,C,,
ALARMA PARA MOT | UNIVERSAL PARA FRENO,OREALFREN003,BAJO,C,,
ALARMA PARA MOT | UNIVERSAL PARA FRENO,OREALFREN004,BAJO,C,,
ALARMA PARA MOT | UNIVERSAL PARA FRENO,OREALFREN005,BAJO,C,,
ALARMA PARA MOT | UNIVERSAL PARA FRENO,OREALFREN006,BAJO,C,,
ANTENA | ANTENA AUTOMATICA EL,OREAN001,MEDIO,B,,
ANTENA | ANTENA DE FIBRA DE V,OREAN002,BAJO,C,,
ANTENA | MASTIL DE ANTENA 20C,OREAN003,BAJO,B,,
ANTENA | MASTIL DE ANTENA 17C,OREAN004,BAJO,A,,
ANTENA | MASTIL DE ANTENA 18C,OREAN005,BAJO,A,,
ANTENA | ANTENA ALETA DE TIBU,OREAN006,BAJO,B,,
ANTENA | ANTENA ALETA DE TIBU,OREAN007,BAJO,C,,
ANTENA | ANTENA ALETA DE TIBU,OREAN008,BAJO,C,,
ANTENA | ANTENA ALETA DE TIBU,OREAN009,BAJO,C,,
ANTENA | ANTENA ALETA DE TIBU,OREAN013,BAJO,B,,
ANTENA | ANTENA ALETA DE TIBU,OREAN014,BAJO,C,,
ANTENA | ANTENA ALETA DE TIBU,OREAN015,BAJO,C,,
ANTENA | ANTENA ALETA DE TIBU,OREAN016,BAJO,C,,
CONSOLA APOYA B | CONSOLA APOYA BRAZOS,OREAPB001,BAJO,A,,
CONSOLA APOYA B | CONSOLA APOYA BRAZOS,OREAPB002,BAJO,B,,
CONSOLA APOYA B | CONSOLA APOYA BRAZOS,OREAPB003,BAJO,A,,
CONSOLA APOYA B | CONSOLA APOYA BRAZOS,OREAPB004,BAJO,C,,
KIT DE ARANDELA | DORADA JUEGO X 8 PIE,OREARA-001,BAJO,A,,
KIT DE ARANDELA | PLATEADA JUEGO X 8 P,OREARA-002,BAJO,A,,
KIT DE ARANDELA | NEGRA JUEGO X 8 PIEZ,OREARA-003,BAJO,A,,
KIT DE ARANDELA | AZUL JUEGO X 8 PIEZA,OREARA-004,BAJO,A,,
KIT DE ARANDELA | ROJO JUEGO X 8 PIEZA,OREARA-005,BAJO,A,,
KIT DE ARANDELA | VERDE JUEGO X 8 PIEZ,OREARA-006,BAJO,A,,
KIT DE ARANDELA | VIOLETA JUEGO X 8 PI,OREARA-007,BAJO,A,,
KIT DE ARANDELA | GRIS JUEGO X 8 PIEZA,OREARA-008,BAJO,B,,
MINI ASPIRADORA | MINI ASPIRADORA 12V,OREASP001,BAJO,B,,
MINI ASPIRADORA | MINI ASPIRADORA 12V,OREASP002,BAJO,C,,
MINI ASPIRADORA | INALAMBRICA CON CARG,OREASP004,MEDIO,C,,
MINI ASPIRADORA | INALAMBRICA CON CARG,OREASP005,MEDIO,C,,
BOLSA DE PRECIN | 100MM LARGO X 2.4MM,OREB900001,BAJO,C,,
BOLSA DE PRECIN | 150MM LARGO X 2.5MM,OREB900002,BAJO,C,,
BOLSA DE PRECIN | 200MM LARGO X 3.5MM,OREB900005,BAJO,C,,
BOLSA DE PRECIN | 250MM LARGO X 3.6MM,OREB900006,BAJO,C,,
BOLSA DE PRECIN | 300MM LARGO X 3.6MM,OREB900007,BAJO,C,,
BOLSA DE PRECIN | 200MM LARGO X 4.7MM,OREB900010,BAJO,C,,
BOLSA DE PRECIN | 300MM LARGO X 4.7MM,OREB900012,BAJO,C,,
BOLSA DE PRECIN | 380MM LARGO X 4.7MM,OREB900013,BAJO,C,,
BOLSA DE PRECIN | 400MM LARGO X 4.8MM,OREB900014,BAJO,C,,
BANQUITO PLEGAB | MULTUSO DE PLASTICO,OREBANQ001,BAJO,A,,
PORTABICICLETA | UNIVERSAL REFORZADO,OREBIKE001,MEDIO,C,,
PORTA BICICLETA | PARA BAUL DE AUTO UN,OREBIKE002,MEDIO,C,,
CUBRE FRENO DE | GIRLS POWER - CUBRE,OREBKC-001,BAJO,C,,
BOLSO PARA TECH | 600 LITROS IMPERMEAB,OREBOL001,MEDIO,C,,
BOLSO DE TECHO | BOLSO PARA TECHO SUP,OREBOL002,ALTO,C,,
BOCHA DE PALANC | BOCHA DE PALANCA DE,OREBP001,BAJO,C,,
BOCHA DE PALANC | BOCHA DE PALANCA DE,OREBP002,BAJO,B,,
BOCHA DE PALANC | BOCHA DE PALANCA DE,OREBP003,BAJO,C,,
BOCHA DE PALANC | BOCHA DE PALANCA DE,OREBP004,BAJO,C,,
"BOCHA DE TRAILE | BOCHA DE TRAILER 1""",OREBT001,BAJO,A,,
"BOCHA DE TRAILE | BOCHA DE TRAILER 2""",OREBT002,BAJO,B,,
TORTUGA PARA TR | TORTUGA PARA TRAILER,OREBT003,BAJO,A,,
TORTUGA PARA TR | TORTUGA PARA TRAILER,OREBT004,BAJO,B,,
CABALLETE | UNIVERSAL TRIPODE 2T,ORECABIMP,BAJO,A,,
KIT DE CUBRE TO | SET DE 30 UNIDADES C,ORECAP001,BAJO,B,,
KIT DE CUBRE TO | SET DE 30 UNIDADES C,ORECAP002,BAJO,B,,
KIT DE CUBRE TO | SET DE 30 UNIDADES C,ORECAP003,BAJO,B,,
KIT DE CUBRE TO | SET DE 30 UNIDADES C,ORECAP004,BAJO,B,,
KIT DE CUBRE TO | SET DE 30 UNIDADES C,ORECAP005,BAJO,B,,
KIT DE CUBRE TO | SET DE 30 UNIDADES C,ORECAP006,BAJO,C,,
KIT DE CUBRE TO | SET DE 30 UNIDADES C,ORECAP007,BAJO,B,,
KIT DE CUBRE TO | SET DE 30 UNIDADES C,ORECAP008,BAJO,C,,
CARTEL SEÑALIZA | PISO MOJADO TIPO CAR,ORECAR001,BAJO,B,,
KIT CUBRE VOLAN | CUBRE VOLANTE 38MM +,ORECCV-001,BAJO,B,,
KIT CUBRE VOLAN | CUBRE VOLANTE 38MM +,ORECCV-002,BAJO,B,,
KIT CUBRE VOLAN | CUBRE VOLANTE 38MM +,ORECCV-003,BAJO,B,,
CHALECO REFLECT | AMARILLO CON TIRAS R,ORECHA001,BAJO,A,,
CHALECO REFLECT | NARANJA CON TIRAS RE,ORECHA002,BAJO,A,,
CARGADOR DE BAT | UNVERSAL 4 AMP 10-60,ORECHAR001,MEDIO,B,,
JUEGO DE CLIPS | UNIVERSAL 120 AMP (2,ORECLIP001,BAJO,B,,
JUEGO DE CLIPS | UNIVERSAL 90 AMP (2,ORECLIP002,BAJO,B,,
JUEGO DE CLIPS | UNIVERSAL 40 AMP (2,ORECLIP003,BAJO,B,,
FUNDA CUBRE AUT | LARGE 457X165X119CM.,ORECOBANT01LAR,ALTO,C,,
FUNDA CUBRE AUT | MEDIUM 432X165X119CM,ORECOBANT01MED,ALTO,C,,
FUNDA CUBRE AUT | SMALL 406X178X145CM.,ORECOBANT01SMA,MEDIO,C,,
FUNDA CUBRE AUT | EXTRA LARGE 483X178X,ORECOBANT01XLAR,ALTO,C,,
FUNDA CUBRE AUT | EXTRA EXTRA LARGE 50,ORECOBANT01XXLA,ALTO,C,,
FUNDA CUBRE AUT | LARGE 457X185X145CM.,ORECOBANT02LAR,ALTO,C,,
FUNDA CUBRE AUT | MEDIUM 432X185X145CM,ORECOBANT02MED,ALTO,C,,
FUNDA CUBRE AUT | SMALL 406X178X145CM.,ORECOBANT02SMA,ALTO,C,,
FUNDA CUBRE AUT | EXTRA LARGE 483X196X,ORECOBANT02XLAR,ALTO,C,,
FUNDA CUBRE AUT | EXTRA EXTRA LARGE 50,ORECOBANT02XXLA,ALTO,C,,
FUNDA CUBRE AUT | EXTRA EXTRA EXTRA LA,ORECOBANT02XXXLA,ALTO,C,,
COMPRESOR | COMPRESOR DE AIRE 12,ORECOM001,BAJO,A,,
COMPRESOR | COMPRESOR DE AIRE 12,ORECOM002,MEDIO,A,,
COMPRESOR | COMPRESOR DE AIRE 12,ORECOM003,ALTO,C,,
COMPRESOR | COMPRESOR DE AIRE 12,ORECOM004,MEDIO,B,,
COMPRESOR | COMPRESOR DE AIRE 12,ORECOM005,MEDIO,C,,
COMPRESOR | COMPRESOR DE AIRE 12,ORECOM006,MEDIO,B,,
"COMPRESOR | COMPRESOR DE
 AIRE D",ORECOM007,MEDIO,C,,
COMPRESOR | DIGITAL RECARGABLE U,ORECOM008,MEDIO,A,,
COMPRESOR | COMPRESOR DE AIRE IN,ORECOM009,BAJO,B,,
COMPRESOR | DIGITAL RECARGABLE U,ORECOM010,BAJO,A,,
CONO PLEGABLE | CONO PLEGABLE CONO P,ORECON001,BAJO,B,,
CONO REFLECTIVO | CONO DE PVC 30CM,ORECON002,BAJO,A,,
CONO REFLECTIVO | CONO DE PVC 50CM,ORECON003,BAJO,B,,
CONO REFLECTIVO | CONO DE PVC 70CM,ORECON004,BAJO,C,,
CONO REFLECTIVO | CONO DE PVC 75CM,ORECON005,BAJO,B,,
CONO REFLECTIVO | CONO DE PVC 1 METRO,ORECON006,BAJO,C,,
CONJUNTO COBERT | GIRLS POWER - CONJUN,ORECONJ-001,MEDIO,B,,
PAÑO DE MICROFI | SET DE PAÑO DE MICRO,ORECOS001,BAJO,A,,
PAÑO DE MICROFI | SET DE PAÑO DE MICRO,ORECOS002,BAJO,A,,
ESPONJA | ESPONJA MICROFIBRA A,ORECOS006,BAJO,B,,
ESPONJA | ESPONJA MICROFIBRA A,ORECOS007,BAJO,B,,
ESPONJA | ESPONJA MICROFIBRA M,ORECOS008,BAJO,B,,
KIT DE LIMPIEZA | SET 3 EN 1 LIMPIADOR,ORECOS010,BAJO,C,,
PAÑO DE MICROFI | PAÑO DE MICROFRIBA V,ORECOS011,BAJO,B,,
CUBRE AUTO ECON | CUBRE AUTO TAMAÑO L.,ORECUBAUTECO,BAJO,C,,
FUNDA CUBRE MOT | LARGE 232X100X125CM,ORECUBMOTLAR,BAJO,C,,
FUNDA CUBRE MOT | MEDIUM 203X89X122CM.,ORECUBMOTMED,BAJO,C,,
FUNDA CUBRE MOT | SMALL 183X89X122CM.,ORECUBMOTSMA,BAJO,C,,
FUNDA CUBRE MOT | EXTRA LARGE 246X105X,ORECUBMOTXLAR,MEDIO,C,,
FUNDA CUBRE MOT | EXTRA EXTRA LARGE 27,ORECUBMOTXXLA,MEDIO,C,,
FUNDA CUBRE QUA | MEDIUM 208X122X90CM.,ORECUBQUADLAR,BAJO,C,,
FUNDA CUBRE QUA | MEDIUM 208X122X90CM.,ORECUBQUADMED,BAJO,C,,
FUNDA CUBRE QUA | LARGE 219X122X100CM.,ORECUBQUADXLAR,BAJO,C,,
FUNDA CUBRE AUT | LARGE 457X165X119CM.,ORECUBTRI01LAR,MEDIO,C,,
FUNDA CUBRE AUT | MEDIUM 432X165X119CM,ORECUBTRI01MED,MEDIO,C,,
FUNDA CUBRE AUT | SMALL 406X165X119CM.,ORECUBTRI01SMA,MEDIO,C,,
FUNDA CUBRE AUT | EXTRA LARGE 483X178X,ORECUBTRI01XLAR,MEDIO,C,,
FUNDA CUBRE AUT | EXTRA EXTRA LARGE 50,ORECUBTRI01XXLA,MEDIO,C,,
FUNDA CUBRE AUT | LARGE 483196145CM. L,ORECUBTRI02LAR,MEDIO,C,,
FUNDA CUBRE AUT | MEDIUM 432185145CM.,ORECUBTRI02MED,MEDIO,C,,
FUNDA CUBRE AUT | SMALL 406X165X119CM.,ORECUBTRI02SMA,MEDIO,C,,
FUNDA CUBRE AUT | EXTRA LARGE 50819614,ORECUBTRI02XLAR,MEDIO,B,,
FUNDA CUBRE AUT | EXTRA EXTRA LARGE 55,ORECUBTRI02XXLA,MEDIO,C,,
CUBRE VOLANTE | CUBRE VOLANTE PVC 38,ORECV001,BAJO,A,,
CUBRE VOLANTE | CUBRE VOLANTE PVC 38,ORECV002,BAJO,B,,
CUBRE VOLANTE | CUBRE VOLANTE PVC 38,ORECV003,BAJO,A,,
CUBRE VOLANTE | CUBRE VOLANTE PVC 38,ORECV004,BAJO,A,,
CUBRE VOLANTE | CUBRE VOLANTE PVC 38,ORECV005,BAJO,A,,
CUBRE VOLANTE | CUBRE VOLANTE PVC 38,ORECV006,BAJO,A,,
CUBRE VOLANTE | CUBRE VOLANTE PVC 38,ORECV007,BAJO,A,,
CUBRE VOLANTE | CUBRE VOLANTE PVC 38,ORECV008,BAJO,B,,
CUBRE VOLANTE | CUBRE VOLANTE PVC 38,ORECV009,BAJO,A,,
CUBRE VOLANTE | CUBRE VOLANTE PVC 38,ORECV010,BAJO,B,,
CUBRE VOLANTE | CUBRE VOLANTE PVC 38,ORECV011,BAJO,A,,
CUBRE VOLANTE + | CUBRE VOLANTE PVC 38,ORECV012,BAJO,B,,
CUBRE VOLANTE | CUBRE VOLANTE CUERO,ORECV013,BAJO,B,,
CUBRE VOLANTE | CUBRE VOLANTE CUERO,ORECV014,BAJO,A,,
CUBRE VOLANTE | CUBRE VOLANTE CUERO,ORECV015,BAJO,B,,
CUBRE VOLANTE | CUBRE VOLANTE CUERO,ORECV016,BAJO,B,,
CUBRE VOLANTE | CUBRE VOLANTE CUERO,ORECV017,BAJO,B,,
CUBRE VOLANTE | CUBRE VOLANTE CUERO,ORECV018,BAJO,B,,
CUBRE VOLANTE | CUBRE VOLANTE CUERO,ORECV019,BAJO,B,,
CUBRE VOLANTE | CUBRE VOLANTE CUERO,ORECV020,BAJO,A,,
CUBRE VOLANTE | CUBRE VOLANTE CUERO,ORECV021,BAJO,C,,
CUBRE VOLANTE | CUBRE VOLANTE PVC 38,ORECV022,BAJO,B,,
CUBRE VOLANTE | CUBRE VOLANTE PVC 38,ORECV023,BAJO,B,,
CUBRE VOLANTE | HIPPIE CHIC TELA BOR,ORECV024,BAJO,C,,
CUBRE VOLANTE | FLOWER POWER PVC 38C,ORECV025,BAJO,B,,
CUBRE VOLANTE | CUERO SINTENTICO PRE,ORECV026,BAJO,A,,
CUBRE VOLANTE | CUERO SINTENTICO PRE,ORECV027,BAJO,B,,
CUBRE VOLANTE | CUERO SINTENTICO PRE,ORECV028,BAJO,A,,
CUBRE VOLANTE | CUERO SINTENTICO PRE,ORECV029,BAJO,B,,
CUBRE VOLANTE | CUERO SINTENTICO PRE,ORECV030,BAJO,B,,
CUBRE VOLANTE | NEGRO FLOREADO OVC 3,ORECV031,BAJO,C,,
CUBRE VOLANTE | CUERO SINTENTICOPREM,ORECV032,BAJO,B,,
CUBRE VOLANTE | CUERO SINTENTICO PRE,ORECV033,BAJO,A,,
CUBRE VOLANTE | CUBRE VOLANTE PVC 36,ORECV034,BAJO,A,,
CUBRE VOLANTE | CUBRE VOLANTE PVC 40,ORECV035,BAJO,A,,
CUBRE VOLANTE | CUBRE VOLANTE PVC 42,ORECV036,BAJO,B,,
CUBRE VOLANTE | CUBRE VOLANTE PVC 45,ORECV037,BAJO,A,,
CUBRE VOLANTE | CUBRE VOLANTE PVC 50,ORECV038,BAJO,B,,
CUBRE VOLANTE | MODELO WOODSTOCK HIP,ORECV039,BAJO,C,,
CUBRE VOLANTE | MODELO WOODSTOCK HIP,ORECV040,BAJO,C,,
CUBRE VOLANTE | MODELO WOODSTOCK HIP,ORECV041,BAJO,C,,
CUBRE VOLANTE | MODELO WOODSTOCK HIP,ORECV042,BAJO,C,,
CUBRE VOLANTE | MODELO ANIMAL PRINT,ORECV043,BAJO,B,,
CUBRE VOLANTE | MODELO WORLD TOUR CU,ORECV044,BAJO,B,,
CUBRE VOLANTE | MODELO LEMANS NEGRO,ORECV045,BAJO,C,,
CUBRE VOLANTE | MODELO LEMANS NEGRO,ORECV046,BAJO,B,,
CUBRE VOLANTE | MODELO LEMANS NEGRO,ORECV047,BAJO,B,,
CUBRE VOLANTE | MODELO LEMANS NEGRO,ORECV048,BAJO,C,,
CUBRE VOLANTE | MODELO LEMANS NEGRO,ORECV049,BAJO,C,,
CUBRE VOLANTE | MODELO LEMANS NEGRO,ORECV050,BAJO,C,,
CUBRE VOLANTE | MODELO LEMANS NEGRO,ORECV051,BAJO,C,,
CUBRE VOLANTE | MODELO LEMANS NEGRO,ORECV052,BAJO,C,,
CUBRE VOLANTE | MODELO NASCAR CUERO,ORECV053,BAJO,A,,
CUBRE VOLANTE | MODELO NASCAR CUERO,ORECV054,BAJO,C,,
CUBRE VOLANTE | MODELO NASCAR CUERO,ORECV055,BAJO,B,,
CUBRE VOLANTE | MODELO NASCAR CUERO,ORECV056,BAJO,B,,
CUBRE VOLANTE | MODELO NASCAR CUERO,ORECV057,BAJO,C,,
CUBRE VOLANTE | MODELO NASCAR CUERO,ORECV058,BAJO,B,,
CUBRE VOLANTE | MODELO NASCAR CUERO,ORECV059,BAJO,B,,
CUBRE VOLANTE | MODELO NASCAR CUERO,ORECV060,BAJO,C,,
CUBRE VOLANTE | MODELO NASCAR CUERO,ORECV061,BAJO,C,,
CUBRE VOLANTE | MODELO CIRCO LOCO TE,ORECV062,BAJO,C,,
CUBRE VOLANTE | MODELO CIRCO LOCO TE,ORECV063,BAJO,C,,
CUBRE VOLANTE | MODELO CIRCO LOCO TE,ORECV064,BAJO,C,,
CUBRE VOLANTE | MODELO CIRCO LOCO TE,ORECV065,BAJO,C,,
CUBRE VOLANTE | MODELO INDIANAPOLIS,ORECV066,BAJO,B,,
CUBRE VOLANTE | MODELO INDIANAPOLIS,ORECV067,BAJO,C,,
CUBRE VOLANTE | MODELO INDIANAPOLIS,ORECV068,BAJO,B,,
CUBRE VOLANTE | MODELO INDIANAPOLIS,ORECV069,BAJO,C,,
CUBRE VOLANTE | MODELO INDIANAPOLIS,ORECV070,BAJO,C,,
CUBRE VOLANTE | MODELO INDIANAPOLIS,ORECV071,BAJO,C,,
CUBRE VOLANTE | MODELO INDIANAPOLIS,ORECV072,BAJO,C,,
CUBRE VOLANTE | MODELO INDIANAPOLIS,ORECV073,BAJO,C,,
CUBRE VOLANTE | MODELO INDIANAPOLIS,ORECV074,BAJO,C,,
CUBRE VOLANTE | MODELO TC2000 CUERO,ORECV075,BAJO,B,,
CUBRE VOLANTE | MODELO TC2000 CUERO,ORECV076,BAJO,C,,
CUBRE VOLANTE | MODELO TC2000 CUERO,ORECV077,BAJO,B,,
CUBRE VOLANTE | MODELO TC2000 CUERO,ORECV078,BAJO,B,,
CUBRE VOLANTE | MODELO TC2000 CUERO,ORECV079,BAJO,C,,
CUBRE VOLANTE | MODELO TC2000 CUERO,ORECV080,BAJO,C,,
CUBRE VOLANTE | MODELO TC2000 CUERO,ORECV081,BAJO,C,,
CUBRE VOLANTE | MODELO TC2000 CUERO,ORECV082,BAJO,C,,
CUBRE VOLANTE | MODELO TC2000 CUERO,ORECV083,BAJO,C,,
CUBRE VOLANTE | MODELO US ARMY MILIT,ORECV084,BAJO,C,,
CUBRE VOLANTE | MODELO US ARMY MILIT,ORECV085,BAJO,B,,
CUBRE VOLANTE | MODELO ANIMAL PRINT,ORECV086,BAJO,C,,
CUBRE VOLANTE | MODELO GRAND PRIX CU,ORECV087,BAJO,C,,
CUBRE VOLANTE | MODELO GRAND PRIX CU,ORECV088,BAJO,C,,
CUBRE VOLANTE | MODELO GRAND PRIX CU,ORECV089,BAJO,B,,
CUBRE VOLANTE | MODELO GRAND PRIX CU,ORECV090,BAJO,B,,
CUBRE VOLANTE | MODELO GRAND PRIX CU,ORECV091,BAJO,C,,
CUBRE VOLANTE | MODELO GRAND PRIX CU,ORECV092,BAJO,C,,
CUBRE VOLANTE | MODELO GRAND PRIX CU,ORECV093,BAJO,C,,
CUBRE VOLANTE | MODELO GRAND PRIX CU,ORECV094,BAJO,C,,
CUBRE VOLANTE | MODELO GRAND PRIX CU,ORECV095,BAJO,C,,
CUBRE VOLANTE | MODELO DAYTONA CUERO,ORECV096,BAJO,B,,
CUBRE VOLANTE | MODELO DAYTONA CUERO,ORECV097,BAJO,C,,
CUBRE VOLANTE | MODELO DAYTONA CUERO,ORECV098,BAJO,C,,
CUBRE VOLANTE | MODELO DAYTONA CUERO,ORECV099,BAJO,C,,
CUBRE VOLANTE | CUBRE VOLANTE UNIVER,ORECV100,BAJO,A,,
CUBRE VOLANTE | CUBRE VOLANTE UNIVER,ORECV101,BAJO,C,,
CUBRE VOLANTE | CUBRE VOLANTE UNIVER,ORECV102,BAJO,C,,
CUBRE VOLANTE | MODELO DAYTONA CUERO,ORECV103,BAJO,C,,
CUBRE VOLANTE | MODELO DAYTONA CUERO,ORECV104,BAJO,C,,
CUBRE VOLANTE | MODELO DAYTONA CUERO,ORECV105,BAJO,C,,
CUBRE VOLANTE | MODELO DAYTONA CUERO,ORECV106,BAJO,C,,
CUBRE VOLANTE | MODELO DAYTONA CUERO,ORECV107,BAJO,C,,
CUBRE VOLANTE | MODELO BUTTERFLY MAR,ORECV108,BAJO,C,,
CUBRE VOLANTE | MODELO REINA DE CORA,ORECV109,BAJO,C,,
KIT CUBRE VOLAN | MODELO PACHA CEREZAS,ORECV110,BAJO,C,,
CUBRE VOLANTE | MODELO FRUTILLITAS 3,ORECV111,BAJO,C,,
CUBRE VOLANTE | MODELO FLORES DEL ES,ORECV112,BAJO,B,,
CUBRE VOLANTE | MODELO FLORES DE PRI,ORECV113,BAJO,C,,
CUBRE VOLANTE | MODELO NEED FOR SPEE,ORECV114,BAJO,B,,
CUBRE VOLANTE | MODELO NEED FOR SPEE,ORECV115,BAJO,C,,
CUBRE VOLANTE | MODELO NEED FOR SPEE,ORECV116,BAJO,B,,
CUBRE VOLANTE | MODELO NEED FOR SPEE,ORECV117,BAJO,C,,
CUBRE VOLANTE | MODELO NEED FOR SPEE,ORECV118,BAJO,C,,
CUBRE VOLANTE | MODELO NEED FOR SPEE,ORECV119,BAJO,C,,
CUBRE VOLANTE | MODELO NEED FOR SPEE,ORECV120,BAJO,C,,
CUBRE VOLANTE | MODELO NEED FOR SPEE,ORECV121,BAJO,C,,
CUBRE VOLANTE | MODELO NEED FOR SPEE,ORECV122,BAJO,C,,
CUBRE VOLANTE | SILICONA PREMIUM NEG,ORECV123,BAJO,A,,
CUBRE VOLANTE | SILICONA PREMIUM GRI,ORECV124,BAJO,B,,
CUBRE VOLANTE | SILICONA PREMIUM FUC,ORECV125,BAJO,B,,
CUBRE VOLANTE | SILICONA PREMIUM AZU,ORECV126,BAJO,B,,
CUBRE VOLANTE | SILICONA PREMIUM ROJ,ORECV127,BAJO,B,,
CUBRE VOLANTE | GIRLS POWER - BLING,ORECV128,BAJO,B,,
CUBRE VOLANTE32 | GIRLS POWER - BLING,ORECV129,BAJO,A,,
CUBRE VOLANTE | GIRLS POWER - BLING,ORECV130,BAJO,C,,
CUBRE VOLANTE | GIRLS POWER - BLING,ORECV131,BAJO,B,,
CUBRE VOLANTE | GIRLS POWER - TELA C,ORECV132,BAJO,C,,
CUBRE VOLANTE | GIRLS POWER - TELA C,ORECV133,BAJO,C,,
CUBRE VOLANTE | GIRLS POWER - DIAMAN,ORECV134,BAJO,B,,
CUBRE VOLANTE | GIRLS POWER - DIAMAN,ORECV135,BAJO,B,,
CUBRE VOLANTE | GIRLS POWER - PLUSH,ORECV136,BAJO,C,,
CUBRE VOLANTE | GIRLS POWER - PLUSH,ORECV137,BAJO,B,,
CUBRE VOLANTE | GIRLS POWER - DIAMAN,ORECV138,BAJO,B,,
CUBRE VOLANTE | GIRLS POWER - CUERO,ORECV139,BAJO,B,,
CUBRE VOLANTE | GIRLS POWER - LEOPAR,ORECV140,BAJO,C,,
CUBRE VOLANTE | GIRLS POWER - TEDDY,ORECV141,BAJO,C,,
"CUBRE VOLANTE P | 38"" UNIVERSAL DEPORT",ORECV142,BAJO,B,,
"CUBRE VOLANTE P | 38"" UNIVERSAL REDOND",ORECV143,BAJO,B,,
CUBRE VOLANTE | GIRLS POWER - TELA C,ORECV144,BAJO,C,,
KIT CUBRE VOLAN | CUBRE VOLANTE 38MM +,ORECVCP-001,BAJO,B,,
KIT CUBRE VOLAN | CUBRE VOLANTE 38MM +,ORECVCP-002,BAJO,B,,
KIT CUBRE VOLAN | CUBRE VOLANTE 38MM +,ORECVCP-003,BAJO,B,,
CIRCULO VELOCID | CIRCULO VELOCIDAD MA,ORECVEL100,BAJO,A,,
CIRCULO VELOCID | CIRCULO VELOCIDAD MA,ORECVEL110,BAJO,A,,
CIRCULO VELOCID | CIRCULO VELOCIDAD MA,ORECVEL60,BAJO,B,,
CIRCULO VELOCID | CIRCULO VELOCIDAD MA,ORECVEL80,BAJO,A,,
CIRCULO VELOCID | CIRCULO VELOCIDAD MA,ORECVEL90,BAJO,A,,
TIRA REFLECTIVA | SET DE 20 TIRAS REFL,OREDEC001,BAJO,C,,
CINTA REFLECTIV | CINTA REFLECTIVA 45,OREDOTRW45X50,MEDIO,C,,
CINTA REFLECTIV | CINTA REFLECTIVA 45,OREDOTRW45X75,MEDIO,C,,
COMPRESOR 12V D | COMPRESOR HIGH END P,OREDW65L12V,MEDIO,C,,
EMBUDO | UNIVERSAL COLOR ROJO,OREEMBU001,BAJO,B,,
EMBUDO | SET 4 EN 1 MULTIUSO,OREEMBU002,BAJO,B,,
EMBUDO | UNIVERSAL NEGRO DIAM,OREEMBU003,BAJO,B,,
EMBUDO | UNIVERSAL COLOR AZUL,OREEMBU004,BAJO,B,,
ESLINGA DE REMO | 6 METROS DE LARGO X,OREESGA001,BAJO,A,,
ESLINGA DE REMO | 10 METROS DE LARGO X,OREESGA002,MEDIO,A,,
ESLINGA DE REMO | 3 METROS DE LARGO X,OREESGA003,BAJO,B,,
JUEGO DE ESPEJO | JUEGO DE ESPEJOS PUN,OREESP001,BAJO,A,,
JUEGO DE ESPEJO | JUEGO DE ESPEJOS PUN,OREESP002,BAJO,A,,
ESPEJO PUNTO CI | ESPEJO PUNTO CIEGO 3,OREESP003,BAJO,A,,
JUEGO DE ESPEJO | JUEGO DE ESPEJOS PUN,OREESP004,BAJO,C,,
JUEGO DE ESPEJO | JUEGO DE ESPEJOS PUN,OREESP005,BAJO,B,,
JUEGO DE ESPEJO | JUEGO DE ESPEJOS PUN,OREESP006,BAJO,C,,
JUEGO DE ESPEJO | JUEGO DE ESPEJOS PUN,OREESP007,BAJO,B,,
ESPEJO PUNTO CI | ESPEJO PUNTO CIEGO 3,OREESP008,BAJO,C,,
ESPEJO PUNTO CI | ESPEJO PUNTO CIEGO 4,OREESP009,BAJO,A,,
ESPEJO PUNTO CI | ESPEJO PUNTO CIEGO 4,OREESP010,BAJO,B,,
ESPEJO TRASERO | UNIVERSAL REDONDO DI,OREESP011,BAJO,C,,
ESPEJO TRASERO | UNIVERSAL RECTANGULA,OREESP012,BAJO,A,,
ESPEJO TRASERO | UNIVERSAL OVALADO,OREESP013,BAJO,C,,
FILTRO DE AIRE | FILTRO DE AIRE CONIC,OREFA001,BAJO,B,,
FILTRO DE AIRE | FILTRO DE AIRE CONIC,OREFA002,BAJO,B,,
FILTRO DE AIRE | FILTRO DE AIRE CONIC,OREFA003,BAJO,B,,
FILTRO DE AIRE | FILTRO DE AIRE CONIC,OREFA004,BAJO,B,,
FILTRO DE AIRE | FILTRO DE AIRE CONIC,OREFA005,BAJO,B,,
FILTRO DE AIRE | FILTRO DE AIRE CONIC,OREFA006,BAJO,B,,
FILTRO DE AIRE | FILTRO DE AIRE CONIC,OREFA007,BAJO,B,,
FILTRO DE AIRE | FILTRO DE AIRE CONIC,OREFA008,BAJO,B,,
FILTRO DE AIRE | FILTRO DE AIRE CONIC,OREFA009,BAJO,C,,
FILTRO DE AIRE | FILTRO DE AIRE CONIC,OREFA010,BAJO,B,,
FILTRO DE AIRE | FILTRO DE AIRE CONIC,OREFA011,BAJO,C,,
FILTRO DE AIRE | FILTRO DE AIRE CONIC,OREFA012,BAJO,C,,
FILTRO DE AIRE | FILTRO DE AIRE CONIC,OREFA013,BAJO,C,,
FILTRO DE AIRE | FILTRO DE AIRE CONIC,OREFA014,BAJO,C,,
FILTRO DE AIRE | FILTRO DE AIRE CONIC,OREFA015,BAJO,C,,
FILTRO DE AIRE | FILTRO DE AIRE CONIC,OREFA016,BAJO,C,,
FILTRO DE AIRE | FILTRO DE AIRE CONIC,OREFA017,BAJO,C,,
FILTRO DE AIRE | FILTRO DE AIRE CONIC,OREFA018,BAJO,C,,
FILTRO DE AIRE | FILTRO DE AIRE CONIC,OREFA019,BAJO,C,,
FILTRO DE AIRE | FILTRO DE AIRE CONIC,OREFA020,BAJO,C,,
FILTRO DE AIRE | FILTRO DE AIRE CONIC,OREFA021,BAJO,C,,
FILTRO DE AIRE | FILTRO DE AIRE CONIC,OREFA022,BAJO,C,,
FILTRO DE AIRE | FILTRO DE AIRE CONIC,OREFA023,BAJO,C,,
FILTRO DE AIRE | FILTRO DE AIRE CONIC,OREFA024,BAJO,C,,
FILTRO DE AIRE | UNIVERSAL PARA MOTO,OREFA025,BAJO,B,,
FILTRO DE AIRE | UNIVERSAL PARA MOTO,OREFA026,BAJO,B,,
FILTRO DE AIRE | UNIVERSAL PARA MOTO,OREFA027,BAJO,B,,
FILM PARA ESPEJ | JUEGO DE FILM ANTI E,OREFILM001,BAJO,C,,
FILM PARA ESPEJ | JUEGO DE FILM ANTI E,OREFILM002,BAJO,C,,
FILM PARA CASCO | JUEGO DE FILM ANTI E,OREFILM003,BAJO,B,,
"HELADERA 12V | VOLUME: 29L
 POWER:",OREFRIDGE002,ALTO,C,,
BOLSA REFRIGERA | PARA ASIENTO DELANTE,OREFRIDGE003,BAJO,C,,
FREIDORA 12V | OLLA Y FREIDORA CON,OREFRY00112V,MEDIO,C,,
FREIDORA 24V | OLLA Y FREIDORA CON,OREFRY00124V,MEDIO,C,,
FREIDORA 12V | OLLA Y FREIDORA CON,OREFRY00212V,MEDIO,C,,
FREIDORA 24V | OLLA Y FREIDORA CON,OREFRY00224V,MEDIO,C,,
FUNDA CUBRE ASI | UNIVERSAL NEGRA DE T,OREFUN001,MEDIO,C,,
FUNDA CUBRE ASI | UNIVERSAL NEGRA Y GR,OREFUN002,MEDIO,C,,
FUNDA CUBRE ASI | UNIVERSAL NEGRA Y RO,OREFUN003,MEDIO,B,,
FUNDA CUBRE ASI | UNIVERSAL NEGRA Y AZ,OREFUN004,MEDIO,C,,
FUNDA CUBRE ASI | UNIVERSAL NEGRA Y BL,OREFUN005,MEDIO,C,,
FUNDA CUBRE ASI | 9 PIEZAS DE TELA COL,OREFUN006,BAJO,A,,
FUNDA CUBRE ASI | 9 PIEZAS DE TELA COL,OREFUN007,BAJO,A,,
FUNDA CUBRE ASI | 9 PIEZAS DE TELA COL,OREFUN008,BAJO,A,,
FUNDA CUBRE ASI | 9 PIEZAS DE TELA COL,OREFUN009,MEDIO,B,,
FUNDA CUBRE ASI | COLOR NEGRA PARA ASI,OREFUN010,BAJO,B,,
FUNDA CUBRE ASI | DE TELA ESTILO HIPPI,OREFUN011,BAJO,C,,
"FUNDA CUBRE ASI | FUNDA CUBRE
 ASIENTO",OREFUN012,MEDIO,C,,
BOLSA DE PRECIN | 100MM LARGO X 2.4MM,OREG900001,BAJO,C,,
BOLSA DE PRECIN | 150MM LARGO X 2.5MM,OREG900002,BAJO,C,,
BOLSA DE PRECIN | 200MM LARGO X 3.5MM,OREG900005,BAJO,B,,
BOLSA DE PRECIN | 250MM LARGO X 3.6MM,OREG900006,BAJO,B,,
BOLSA DE PRECIN | 300MM LARGO X 3.6MM,OREG900007,BAJO,B,,
BOLSA DE PRECIN | 200MM LARGO X 4.7MM,OREG900010,BAJO,C,,
BOLSA DE PRECIN | 300MM LARGO X 4.7MM,OREG900012,BAJO,B,,
BOLSA DE PRECIN | 380MM LARGO X 4.7MM,OREG900013,BAJO,B,,
BOLSA DE PRECIN | 300MM LARGO X 4.8MM,OREG900026,BAJO,B,,
BOLSA DE PRECIN | 380MM LARGO X 4.8MM,OREG900027,BAJO,C,,
GANCHO DE REMOL | GANCHO DE REMOLQUE U,OREGAN001,BAJO,C,,
GANCHO DE REMOL | GANCHO DE REMOLQUE U,OREGAN002,BAJO,C,,
GANCHO DE REMOL | GANCHO DE REMOLQUE U,OREGAN003,BAJO,C,,
GANCHO DE REMOL | GANCHO DE REMOLQUE U,OREGAN004,BAJO,C,,
GANCHO DE REMOL | GANCHO DE REMOLQUE U,OREGAN005,BAJO,C,,
GAZEBO AUTOARMA | GAZEBO PLEGABLE PLAY,OREGAZ001,ALTO,A,,
GAZEBO AUTOARMA | GAZEBO PLEGABLE PLAY,OREGAZ002,ALTO,C,,
GEL DE LIMPIEZA | PACK INDIVIDUAL DE G,OREGEL001,BAJO,C,,
GEL DE LIMPIEZA | PACK INDIVIDUAL DE G,OREGEL002,BAJO,C,,
GEL DE LIMPIEZA | PACK INDIVIDUAL DE G,OREGEL003,BAJO,C,,
CLIPS PLASTICOS | SET DE 10 CLIPS DE M,OREGRAM001,BAJO,B,,
CLIPS PLASTICOS | SET DE 10 CLIPS DE T,OREGRAM002,BAJO,B,,
CLIPS PLASTICOS | SET DE 10 CLIPS DE G,OREGRAM003,BAJO,B,,
CLIPS PLASTICOS | SET DE 10 CLIPS REMA,OREGRAM004,BAJO,A,,
CLIPS PLASTICOS | SET DE 10 CLIPS REMA,OREGRAM005,BAJO,B,,
CLIPS PLASTICOS | SET DE 10 CLIPS MANT,OREGRAM006,BAJO,B,,
CLIPS PLASTICOS | SET DE 10 CLIPS REMA,OREGRAM007,BAJO,B,,
CLIPS PLASTICOS | SET DE 10 CLIPS TAPI,OREGRAM008,BAJO,A,,
CLIPS PLASTICOS | SET DE 10 CLIPS REVE,OREGRAM009,BAJO,A,,
CLIPS PLASTICOS | SET DE 10 CLIPS REMA,OREGRAM010,BAJO,B,,
CLIPS PLASTICOS | CAJA SURTIDA CON 60,OREGRAMBOX,BAJO,A,,
CALENTADOR | CALENTADOR 12V DESEM,OREHEAT001,BAJO,C,,
CALENTADOR | CALENTADOR 12V DESEM,OREHEAT002,BAJO,C,,
GANCHO MULTIUSO | GIRLS POWER - GANCHO,OREHOL-001,BAJO,C,,
GRILLETE PARA E | Grillete tamaño nomi,OREHOOK001,BAJO,B,,
GRILLETE PARA E | Grillete tamaño nomi,OREHOOK002,BAJO,B,,
INFLADOR DE PIE | COMPRESOR / INFLADOR,OREINF001,BAJO,B,,
INFLADOR DE PIE | COMPRESOR / INFLADOR,OREINF002,BAJO,C,,
KIT DE HERRAMIE | KIT DE HERRAMIENTAS,OREKHE001,BAJO,C,,
KIT LIMPIA PARA | KIT WASHER - LIMPIAP,OREKITLP001,BAJO,B,,
KIT PISTOLA SOL | PARA SOLDAR PLASTICO,OREKPP001,MEDIO,C,,
LLAVE CRUZ | LLAVE CRUZ CROMADA 1,ORELC001,BAJO,A,,
LLAVE CRUZ | LLAVE CRUZ CORMADA 1,ORELC002,BAJO,B,,
LLAVE CRUZ | LLAVE CRUZ TELESCOPI,ORELC003,BAJO,A,,
LLAVE SACA BUJI | LLAVE SACA BUJIAS CA,ORELC004,BAJO,A,,
LLAVE SACA BUJI | LLAVE SACA BUJIAS CA,ORELC005,BAJO,A,,
LLAVE CRUZ | LLAVE CRUZ NIQUELADA,ORELC010,BAJO,A,,
ELEVADOR PARA A | ELEVADOR HIDRAULICO,ORELIFT001,ALTO,C,,
LINTERNA | DISPLAY MINI LINTERN,ORELIN001,BAJO,C,,
LINTERNA | DISPLAY DE LINTERNA,ORELIN002,BAJO,C,,
LINTERNA | DISPLAY MINI LINTERN,ORELIN003,BAJO,C,,
LINTERNA | LINTERNA / PORTATIL,ORELIN004,BAJO,A,,
LINTERNA | LINTERNA / PORTATIL,ORELIN005,BAJO,A,,
LINTERNA | LINTERNA / PORTATIL,ORELIN006,BAJO,C,,
LINTERNA | LINTERNA COLGANTE ID,ORELIN007,BAJO,C,,
LINTERNA | CON SET DE HERRAMIEN,ORELIN009,BAJO,C,,
MEDIDOR DE PRES | MEDIDOR DE PRESION D,OREMED001,BAJO,A,,
MEDIDOR DE PRES | MEDIDOR DE PRESION D,OREMED002,BAJO,C,,
MEDIDOR DE PRES | MEDIDOR DE PRESION D,OREMED003,BAJO,B,,
MEDIDOR DE PRES | MEDIDOR DE PRESION D,OREMED004,BAJO,A,,
MEDIDOR DE PRES | MEDIDO DE PRESION DE,OREMED005,BAJO,B,,
MESA MULTI USO | MESA MULTI USO PARA,OREMES001,BAJO,C,,
MESA MULTI USO | MESA MULTI USO PARA,OREMES002,BAJO,C,,
MESA MULTIUSO | MESA MULTIUSO UNIVER,OREMES003,MEDIO,C,,
MESA MULTI USO | MESA DE TELA PLEGABL,OREMES004,BAJO,B,,
MULTIMETRO | DIGITAL INCLUYE CABL,OREMULT001,BAJO,B,,
BOLSA DE PRECIN | 80MM LARGO X 2.4MM A,OREN900000,BAJO,B,,
BOLSA DE PRECIN | 100MM LARGO X 2.4MM,OREN900001,BAJO,A,,
BOLSA DE PRECIN | 150MM LARGO X 2.5MM,OREN900002,BAJO,A,,
BOLSA DE PRECIN | 150MM LARGO X 3.5MM,OREN900003,BAJO,A,,
BOLSA DE PRECIN | 200MM LARGO X 3.5MM,OREN900005,BAJO,A,,
BOLSA DE PRECIN | 250MM LARGO X 3.6MM,OREN900006,BAJO,A,,
BOLSA DE PRECIN | 300MM LARGO X 3.6MM,OREN900007,BAJO,A,,
BOLSA DE PRECIN | 160MM LARGO X 4.8MM,OREN900008,BAJO,A,,
BOLSA DE PRECIN | 180MM LARGO X 4.5MM,OREN900009,BAJO,A,,
BOLSA DE PRECIN | 200MM LARGO X 4.7MM,OREN900010,BAJO,A,,
BOLSA DE PRECIN | 250MM LARGO X 4.7MM,OREN900011,BAJO,A,,
BOLSA DE PRECIN | 300MM LARGO X 4.7MM,OREN900012,BAJO,A,,
BOLSA DE PRECIN | 380MM LARGO X 4.7MM,OREN900013,BAJO,A,,
BOLSA DE PRECIN | 400MM LARGO X 4.8MM,OREN900014,BAJO,A,,
BOLSA DE PRECIN | 300MM LARGO X 7.5 MM,OREN900015,BAJO,B,,
BOLSA DE PRECIN | 350MM LARGO X 7.5 MM,OREN900016,BAJO,B,,
BOLSA DE PRECIN | 400MM LARGO X 7.5MM,OREN900017,BAJO,A,,
BOLSA DE PRECIN | 450MM LARGO X 7.5 MM,OREN900018,BAJO,B,,
BOLSA DE PRECIN | 550MM LARGO X 9.0MM,OREN900019,BAJO,B,,
BOLSA DE PRECIN | 650MM LARGO X 9.0MM,OREN900020,BAJO,C,,
BOLSA DE PRECIN | 700MM LARGO X 9.0MM,OREN900021,BAJO,C,,
BOLSA DE PRECIN | 225MM LARGO X 3.5MM,OREN900225,BAJO,B,,
BOLSA DE PRECIN | 225MM LARGO X 4.8MM,OREN947225,BAJO,B,,
ORGANIZADOR DE | ORGANIZADOR DE ASIEN,OREOA001,BAJO,B,,
ORGANIZADOR | ORGANIZADOR DE BAUL,OREOB001,BAJO,C,,
ORGANIZADOR | ORGANIZADOR DE BAUL,OREOB002,BAJO,B,,
ORGANIZADOR | ORGANIZADOR DE BAUL,OREOB003,BAJO,C,,
BOMBA EXTRACTOR | BOMBA EXTRACTORA DE,OREOIL-001,ALTO,C,,
"ESTEREO BLUETOO | 1 DIN CON BLUETOOTH,",OREOR-1000,BAJO,A,,
"ESTEREO BLUETOO | 1 DIN CON BLUETOOTH,",OREOR-1100,MEDIO,A,,
"EQUIPO MULTIMED | 2 DIN MP5, 7 PULGADA",OREOR-2000,MEDIO,B,,
JUEGO DE PARLAN | JUEGO DE PARLANTES C,OREOR-40X,BAJO,A,,
JUEGO DE PARLAN | JUEGO DE PARLANTES C,OREOR-525X,BAJO,A,,
JUEGO DE PARLAN | JUEGO DE PARLANTES C,OREOR-65X,BAJO,A,,
JUEGO DE PARLAN | JUEGO DE PARLANTES C,OREOR-6X9,MEDIO,A,,
"ESTEREO BLUETOO | 1 DIN CON BLUETOOTH,",OREOR-950,BAJO,A,,
PATITO DECORATI | CASCO AMARILLO DIBUJ,OREOR-DUCK001,BAJO,B,,
PATITO DECORATI | CASCO NEGRO DIBUJO T,OREOR-DUCK002,BAJO,A,,
PATITO DECORATI | CASCO BLANCO DIBUJO,OREOR-DUCK003,BAJO,B,,
PATITO DECORATI | CASCO ROJO DIBUJO SP,OREOR-DUCK004,BAJO,A,,
PATITO DECORATI | CASCO NEGRO DIBUJO P,OREOR-DUCK005,BAJO,A,,
PATITO DECORATI | CASCO ROSA DIBUJO RA,OREOR-DUCK006,BAJO,B,,
PATITO DECORATI | CASCO MARRON DIBUJO,OREOR-DUCK007,BAJO,B,,
PATITO DECORATI | CASCO ROSA DIBUJO PE,OREOR-DUCK008,BAJO,B,,
PATITO DECORATI | CASCO CELESTE DIBUJO,OREOR-DUCK009,BAJO,B,,
PATITO DECORATI | CASCO AZUL DIBUJO CA,OREOR-DUCK010,BAJO,B,,
PATITO DECORATI | CASCO ROJO DIBUJO IR,OREOR-DUCK011,BAJO,B,,
PATITO DECORATI | CASCO ROJO DIBUJO AN,OREOR-DUCK012,BAJO,B,,
PATITO DECORATI | CASCO AMARILLO DIBUJ,OREOR-DUCK013,BAJO,B,,
PATITO DECORATI | CASCO ROSA DIBUJO RA,OREOR-DUCK014,BAJO,B,,
"PATITO DECORATI | TURISTA CON GAFAS, M",OREOR-DUCK015,BAJO,C,,
PATITO DECORATI | AMERICAN DREAM CON G,OREOR-DUCK016,BAJO,C,,
PATITO DECORATI | PANAMA STYLE CON SOM,OREOR-DUCK017,BAJO,C,,
PATITO DECORATI | COUNTRY MUSIC CON SO,OREOR-DUCK018,BAJO,C,,
PATITO DECORATI | GRANJERO CON SOMBRER,OREOR-DUCK019,BAJO,C,,
CAJA DE HERRAMI | JUEGO LLAVES COMBINA,OREOR-HERR001,BAJO,C,,
TABLERO DIGITAL | NEW WAVE S110 UNIVER,OREOR-TAB001,MEDIO,C,,
TABLERO DIGITAL | TITAN CG150 UNIVERSA,OREOR-TAB002,MEDIO,C,,
TWEETER | JUEGO DE TWEETERS,OREOR-TW1000,BAJO,C,,
PAÑO CHAMOIS | USO UNIVERSAL MEDIDA,OREPACHAM001,BAJO,A,,
PARRILLA PARA T | UNIVERSAL DE ALUMINI,OREPAR001,ALTO,C,,
PARRILLA PARA T | UNIVERSAL DE ALUMINI,OREPAR002,ALTO,C,,
PAVA ELECTRICA | 12VDC CAR WATER KETT,OREPAV001,BAJO,C,,
PAVA ELECTRICA | 12VDC CAR WATER KETT,OREPAV002,BAJO,C,,
JUEG DE CUBRE P | JUEG DE CUBRE PEDALE,OREPE001,BAJO,C,,
JUEG DE CUBRE P | JUEG DE CUBRE PEDALE,OREPE002,BAJO,C,,
JUEG DE CUBRE P | JUEG DE CUBRE PEDALE,OREPE003,BAJO,C,,
JUEG DE CUBRE P | JUEG DE CUBRE PEDALE,OREPE004,BAJO,C,,
JUEG DE CUBRE P | JUEG DE CUBRE PEDALE,OREPE005,BAJO,C,,
JUEG DE CUBRE P | JUEG DE CUBRE PEDALE,OREPE006,BAJO,C,,
JUEG DE CUBRE P | JUEG DE CUBRE PEDALE,OREPE007,BAJO,C,,
JUEG DE CUBRE P | JUEG DE CUBRE PEDALE,OREPE008,BAJO,C,,
BOWL MASCOTAS | BOWL PARA MASCOTAS A,OREPET001BLUE,BAJO,C,,
BOWL MASCOTAS | BOWL PARA MASCOTAS V,OREPET001GREEN,BAJO,C,,
BOWL MASCOTAS | BOWL PARA MASCOTAS N,OREPET001ORAN,BAJO,C,,
BOWL MASCOTAS | BOWL PARA MASCOTAS R,OREPET001RED,BAJO,C,,
BOWL MASCOTAS | BOWL PARA MASCOTAS A,OREPET001YEW,BAJO,C,,
CUBRE ASIENTO T | UNIVERSAL PARA MASCO,OREPET002,BAJO,B,,
CUBRE BAUL | MATERIAL:600D+PVC CO,OREPET003,BAJO,C,,
CUBRE ASIENTO T | UNIVERSAL PARA MASCO,OREPET004,BAJO,B,,
CORREA CON ENGA | UNIVERSAL PARA MASCO,OREPET005,BAJO,A,,
TRABA PITON | TRABA PITON PARA MOT,OREPIT001,BAJO,A,,
TRABA PITON | TRABA PITON PARA MOT,OREPIT002,BAJO,A,,
TRABA PITON | TRABA PITON PARA MOT,OREPIT003,BAJO,A,,
TRABA PITON | TRABA PITON PARA MOT,OREPIT004,BAJO,A,,
TRABA PITON | TRABA PITON PARA MOT,OREPIT005,BAJO,A,,
TRABA PITON | TRABA PITON PARA MOT,OREPIT006,BAJO,A,,
TRABA PITON | TRABA PITON PARA MOT,OREPIT007,BAJO,A,,
TRABA DISCO CON | CANDADO BLINDADO CON,OREPIT008,BAJO,A,,
TRABA DISCO CON | CANDADO BLINDADO CON,OREPIT009,BAJO,B,,
TRABA DISCO CON | CANDADO BLINDADO CON,OREPIT010,BAJO,B,,
TRABA DISCO CON | CANDADO BLINDADO CON,OREPIT011,BAJO,B,,
TRABA DISCO CON | CANDADO BLINDADO CON,OREPIT012,BAJO,B,,
TRABA PITON | TRABA PITON PARA MOT,OREPIT013,BAJO,B,,
TRABA CANDADO C | UNIVERSAL PARA MOTOS,OREPIT014,BAJO,B,,
TRABA CANDADO C | UNIVERSAL PARA MOTOS,OREPIT015,BAJO,C,,
TRABA CANDADO C | UNIVERSAL PARA MOTOS,OREPIT016,BAJO,C,,
JUEGO DE RAMPA | PLEGABLE PLASTICA DE,OREPLA001,BAJO,C,,
PROTECTOR DE PU | JUEGO DE PROTECTOR D,OREPROT001,BAJO,A,,
PROTECTOR DE PU | JUEGO DE PROTECTOR D,OREPROTAMB,BAJO,B,,
PROTECTOR DE PU | JUEGO DE PROTECTOR D,OREPROTBLA,BAJO,B,,
PROTECTOR DE PU | JUEGO DE PROTECTOR D,OREPROTBLUE,BAJO,C,,
PROTECTOR DE PU | JUEGO DE PROTECTOR D,OREPROTRED,BAJO,B,,
PARASOL | PARASOL LATERAL DE T,OREPS001,BAJO,A,,
PARASOL | PARASOL LATERAL DE T,OREPS002,BAJO,A,,
PARASOL | PARASOL LUNETA TRASE,OREPS003,BAJO,A,,
PARASOL | PARASOL FRONTAL ALUM,OREPS004,BAJO,A,,
PARASOL | PARASOL FRONTAL ALUM,OREPS005,BAJO,A,,
PARASOL | PARA SOL CORTINA ENR,OREPS006,BAJO,A,,
PARASOL | PARASOL PARABRISAS T,OREPS007,BAJO,C,,
CABLE PUENTE DE | CABLE PUENTE DE BATE,OREPUE001,BAJO,A,,
CABLE PUENTE DE | CABLE PUENTE DE BATE,OREPUE002,BAJO,A,,
CABLE PUENTE DE | CABLE PUENTE DE BATE,OREPUE003,BAJO,A,,
CABLE PUENTE DE | CABLE PUENTE DE BATE,OREPUE004,BAJO,A,,
CABLE PUENTE DE | CABLE PUENTE DE BATE,OREPUE005,BAJO,A,,
CABLE PUENTE DE | CABLE PUENTE DE BATE,OREPUE006,BAJO,A,,
PORTAEQUIPAJE D | UNIVERSAL DE ALUMINI,ORERACK001,MEDIO,B,,
PORTAEQUIPAJE D | UNIVERSAL DE ALUMINI,ORERACK002,MEDIO,C,,
PORTAEQUIPAJE D | UNIVERSAL DE ALUMINI,ORERACK003,MEDIO,C,,
PORTAEQUIPAJE D | UNIVERSAL DE TELA OX,ORERACK004,MEDIO,C,,
CUBRE PORTAEQUI | CUBRE PORTAEQUIPAJE,ORERACK005,BAJO,C,,
PORTAEQUIPAJE D | UNIVERSAL DE HIERRO,ORERACK006,BAJO,B,,
PLANCHAS DE DES | JUEGO X 2 UNIDADES P,ORERAM002,ALTO,C,,
PLANCHAS DE DES | JUEGO X 2 UNIDADES P,ORERAM003,ALTO,C,,
CINTA DE AMARRE | JUEGO DE 4 PIEZAS DE,ORERATCH001,BAJO,A,,
CINTA DE AMARRE | 1 PIEZA DE 6 METROS,ORERATCH002,BAJO,A,,
CINTA DE AMARRE | 1 PIEZA DE 9 METROS,ORERATCH003,BAJO,A,,
CINTA DE AMARRE | 1 PIEZA HEAVY DUTY D,ORERATCH004,MEDIO,C,,
CINTA DE AMARRE | 1 PIEZA HEAVY DUTY D,ORERATCH005,MEDIO,C,,
CINTA DE AMARRE | 1 PIEZA DE 5 METROS,ORERATCH006,BAJO,B,,
CINTA DE AMARRE | 1 PIEZA DE 4 METROS,ORERATCH007,BAJO,C,,
RED | RED RED AUTOADHESIVA,ORERED001,BAJO,C,,
RED | RED RED AUTOADHESIVA,ORERED002,BAJO,C,,
CINTA REFLECTIV | CINTA REFLECTIVA 45,ORERED45X75,MEDIO,B,,
RED ELASTICA | RED ELASTICA MULTIUS,ORERELAS001,BAJO,A,,
RED ELASTICA | RED ELASTICA MULTIUS,ORERELAS002,BAJO,B,,
RESISTENCIA | RESISTENCIA 12V PARA,ORERES001,BAJO,A,,
RESPALDO | RESPALDO LUMBAR ERGO,ORERESP001,BAJO,B,,
RESPALDO | CUBRE ASIENTO / RESP,ORERESP002,BAJO,B,,
RESPALDO | ACOLCHONADO CON CALE,ORERESP003,BAJO,B,,
SOPORTE LUMBAR | MULTIUSO COLOR NEGRO,ORERESP004,BAJO,C,,
ROLLO POLARIZAD | LAMINA 35% BLACK 150,ORERO-WFB,ALTO,C,,
ROLLO POLARIZAD | LAMINA 15% DARK BLAC,ORERO-WFDB,ALTO,C,,
ROLLO POLARIZAD | LAMINA 5% SUPER DARK,ORERO-WFSDB,ALTO,C,,
ROLLO POLARIZAD | SILVER 150 CM * 60M,ORERO-WFSS,ALTO,D,,
CINTA REFLECTIV | CINTA REFLECTIVA 45,ORERWM45X75,MEDIO,B,,
SACABOLLO | SACABOLLO UNIVERSAL,ORESAC001,BAJO,C,,
CUBRE CINTURON | GIRLS POWER - JUEGO,ORESBP-001,BAJO,B,,
SILLA MULTIUSO | SILLA MULTIUSO UNIVE,ORESILL001,BAJO,A,,
SILLA MULTIUSO | SILLA MULTIUSO UNIVE,ORESILL002,BAJO,A,,
SILLA MULTIUSO | SILLA MULTIUSO UNIVE,ORESILL003,BAJO,B,,
SILLA MULTIUSO | SILLA MULTIUSO UNIVE,ORESILL004,BAJO,A,,
SOBRES | SOBRES JUEGO DE SOBR,ORESOB001,BAJO,C,,
SOBRES | SOBRES JUEGO DE SOBR,ORESOB002,BAJO,C,,
SOLDADOR | UNIVERSAL DE HIERRO,ORESOL001,BAJO,A,,
MOLDURA DECORAT | MOLDURA DE ENCASTRE,ORESTRIP001,BAJO,B,,
MOLDURA DE CORA | MOLDURA DE ENCASTRE,ORESTRIP002,BAJO,B,,
MOLDURA DE CORA | MOLDURA DE ENCASTRE,ORESTRIP003,BAJO,B,,
KIT SUJETA PARA | ALUMINIO ANONIZADO C,ORESUJ-001,BAJO,C,,
KIT SUJETA PARA | ALUMINIO ANONIZADO C,ORESUJ-002,BAJO,C,,
KIT SUJETA PARA | ALUMINIO ANONIZADO C,ORESUJ-003,BAJO,C,,
KIT SUJETA PARA | ALUMINIO ANONIZADO C,ORESUJ-004,BAJO,C,,
KIT SUJETA PARA | ALUMINIO ANONIZADO C,ORESUJ-005,BAJO,C,,
KIT SUJETA PARA | ALUMINIO ANONIZADO C,ORESUJ-006,BAJO,C,,
KIT SUJETA PARA | ALUMINIO ANONIZADO C,ORESUJ-007,BAJO,C,,
KIT SUJETA PARA | ALUMINIO ANONIZADO C,ORESUJ-008,BAJO,C,,
BIDON METALICO | UNIVERSAL PARA TANQU,ORETANMET001,BAJO,C,,
BIDON METALICO | UNIVERSAL PARA TANQU,ORETANMET002,BAJO,C,,
BIDON METALICO | UNIVERSAL PARA TANQU,ORETANMET003,MEDIO,C,,
BIDON METALICO | UNIVERSAL PARA TANQU,ORETANMET004,MEDIO,C,,
BIDON PLASTICO | UNIVERSAL DE PLASTIC,ORETANPLAS001,MEDIO,C,,
BIDON PLASTICO | UNIVERSAL DE PLASTIC,ORETANPLAS002,MEDIO,C,,
BIDON PLASTICO | UNIVERSAL DE PLASTIC,ORETANPLAS003,MEDIO,C,,
BIDON PLASTICO | UNIVERSAL DE PLASTIC,ORETANPLAS004,ALTO,C,,
MINI TACHITOS D | SET DE 12 PCS MINI T,ORETB001,MEDIO,C,,
CENICERO | DISPLAY DE X 12 UNID,ORETB002,BAJO,C,,
CENICERO | DISPLAY DE X 12 UNID,ORETB003,BAJO,C,,
CENICERO | DISPLAY DE X 6 UNIDA,ORETB004,BAJO,C,,
TENSOR CON GANC | BOLSA DE 10 UNIDADES,ORETEN001,BAJO,A,,
CARPA CAMPING | GRUPAL MEDIDAS 2 MTS,ORETENT001,BAJO,C,,
CARPA CAMPING | TOILETTE MEDIDAS 1 M,ORETENT002,MEDIO,C,,
TACHA REFLECTIV | AMARILLA PARA SENALI,ORETOP001,BAJO,B,,
TOPE DE RUEDA | TOPE DE RUEDA DE GOM,ORETOP002,BAJO,C,,
TOPE RUEDA | TOPE PARA ESTACIONAM,ORETOP003,BAJO,C,,
CINTA DE AMARRE | CINTA DE AMARRE CON,ORETOW001,BAJO,A,,
CINTA DE AMARRE | CINTA DE AMARRE CON,ORETOW002,BAJO,B,,
SOGA DE REMOLQU | SOGA DE REMOLQUE CON,ORETOW003,BAJO,B,,
SOGA DE REMOLQU | SOGA DE REMOLQUE CON,ORETOW004,BAJO,A,,
SOGA DE REMOLQU | SOGA DE REMOLQUE CON,ORETOW005,BAJO,B,,
SOGA DE REMOLQU | SOGA DE REMOLQUE CON,ORETOW006,BAJO,B,,
LINGA DE REMOLQ | LINGA DE REMOLQUE TR,ORETOW007,BAJO,C,,
LINGA DE REMOLQ | LINGA DE REMOLQUE TR,ORETOW008,BAJO,B,,
LINGA DE REMOLQ | LINGA DE ACERO METAL,ORETOW009,BAJO,B,,
LINGA DE REMOLQ | LINGA DE ACERO METAL,ORETOW010,BAJO,B,,
LINGA DE REMOLQ | LINGA DE ACERO METAL,ORETOW011,BAJO,B,,
GANCHO DE REMOL | UNIVERSAL COLOR NEGR,ORETOW012,BAJO,C,,
GANCHO DE REMOL | UNIVERSAL COLOR AZUL,ORETOW013,BAJO,C,,
GANCHO DE REMOL | UNIVERSAL COLOR ROJO,ORETOW014,BAJO,C,,
TRABA VOLANTE | TRABA VOLANTE MARTIL,ORETRABVOL1,BAJO,B,,
TRABA VOLANTE | TRABA VOLANTE VOLANT,ORETRABVOL2,BAJO,A,,
TRABA VOLANTE | TRABA VOLANTE UNIVER,ORETRABVOL3,BAJO,B,,
TRABA VOLANTE | TRABA VOLANTE PEDAL,ORETRABVOL4,BAJO,A,,
JUEGO DE TAPITA | JUEGO DE TAPITAS DE,ORETV001,BAJO,A,,
JUEGO DE TAPITA | JUEGO DE TAPITAS DE,ORETV002,BAJO,A,,
JUEGO DE TAPITA | JUEGO DE TAPITAS DE,ORETV003,BAJO,A,,
JUEGO DE TAPITA | JUEGO DE TAPITAS DE,ORETV004,BAJO,A,,
JUEGO DE TAPITA | JUEGO DE TAPITAS DE,ORETV005,BAJO,B,,
JUEGO DE TAPITA | JUEGO DE TAPITAS DE,ORETV006,BAJO,B,,
JUEGO DE TAPITA | JUEGO DE TAPITAS DE,ORETV007,BAJO,B,,
JUEGO DE TAPITA | JUEGO DE TAPITAS DE,ORETV008,BAJO,B,,
JUEGO DE TAPITA | JUEGO DE TAPITAS DE,ORETV009,BAJO,B,,
JUEGO DE TAPITA | JUEGO DE TAPITAS DE,ORETV010,BAJO,B,,
JUEGO DE TAPITA | JUEGO DE TAPITAS DE,ORETV011,BAJO,B,,
JUEGO DE TAPITA | JUEGO DE TAPITAS DE,ORETV012,BAJO,A,,
JUEGO DE TAPITA | JUEGO 2 UNIDADES - L,ORETV013,BAJO,A,,
JUEGO DE TAPITA | JUEGO 2 UNIDADES - L,ORETV014,BAJO,A,,
JUEGO DE TAPITA | JUEGO 2 UNIDADES - L,ORETV015,BAJO,B,,
JUEGO DE TAPITA | JUEGO 2 UNIDADES - L,ORETV016,BAJO,A,,
JUEGO DE TAPITA | JUEGO 2 UNIDADES - L,ORETV017,BAJO,B,,
JUEGO DE TAPITA | VERDE FLUORECENTE 4P,ORETV018,BAJO,C,,
JUEGO DE TAPITA | SET X 4 PCS CORONA R,ORETV019,BAJO,A,,
JUEGO DE TAPITA | SET X 4 PCS CORONA R,ORETV020,BAJO,A,,
JUEGO DE TAPITA | SET X 4 PCS CORONA R,ORETV021,BAJO,A,,
JUEGO DE TAPITA | SET X 4 PCS CORONA R,ORETV022,BAJO,A,,
JUEGO DE TAPITA | SET X 4 PCS CORONA R,ORETV023,BAJO,B,,
JUEGO DE TAPITA | SET X 4 PCS CORONA R,ORETV024,BAJO,A,,
JUEGO DE TAPITA | SET X 4 PCS TUNNING,ORETV025,BAJO,B,,
JUEGO DE TAPITA | SET X 4 PCS TUNNING,ORETV026,BAJO,B,,
JUEGO DE TAPITA | SET X 4 PCS TUNNING,ORETV027,BAJO,B,,
JUEGO DE TAPITA | SET X 4 PCS TUNNING,ORETV028,BAJO,B,,
JUEGO DE TAPITA | SET X 4 PCS TUNNING,ORETV029,BAJO,B,,
JUEGO DE TAPITA | SET X 4 PCS TUNNING,ORETV030,BAJO,B,,
JUEGO DE TAPITA | SET X 4 PCS ROCKET D,ORETV031,BAJO,B,,
JUEGO DE TAPITA | SET X 4 PCS ROCKET P,ORETV032,BAJO,B,,
JUEGO DE TAPITA | SET X 4 PCS ROCKET R,ORETV033,BAJO,B,,
JUEGO DE TAPITA | SET X 4 PCS ROCKET A,ORETV034,BAJO,B,,
JUEGO DE TAPITA | SET X 4 PCS ROCKET N,ORETV035,BAJO,B,,
JUEGO DE TAPITA | SET X 4 PCS ROCKET R,ORETV036,BAJO,B,,
JUEGO DE TAPITA | SET X 4 PCS MUSHROOM,ORETV037,BAJO,C,,
JUEGO DE TAPITA | SET X 4 PCS MUSHROOM,ORETV038,BAJO,C,,
JUEGO DE TAPITA | SET X 4 PCS MUSHROOM,ORETV039,BAJO,C,,
JUEGO DE TAPITA | SET X 4 PCS MUSHROOM,ORETV040,BAJO,C,,
JUEGO DE TAPITA | SET X 4 PCS MUSHROOM,ORETV041,BAJO,C,,
JUEGO DE TAPITA | SET X 4 PCS MUSHROOM,ORETV042,BAJO,C,,
JUEGO DE TAPITA | SET X 4 PCS BALA DOR,ORETV043,BAJO,B,,
JUEGO DE TAPITA | SET X 4 PCS BALA PLA,ORETV044,BAJO,C,,
JUEGO DE TAPITA | SET X 4 PCS BALA ROJ,ORETV045,BAJO,B,,
JUEGO DE TAPITA | SET X 4 PCS BALA AZU,ORETV046,BAJO,C,,
JUEGO DE TAPITA | SET X 4 PCS BALA NEG,ORETV047,BAJO,C,,
JUEGO DE TAPITA | SET X 4 PCS BALA ROS,ORETV048,BAJO,C,,
JUEGO DE TAPITA | SET X 4 PCS FLECHA D,ORETV049,BAJO,C,,
JUEGO DE TAPITA | SET X 4 PCS FLECHA P,ORETV050,BAJO,C,,
JUEGO DE TAPITA | SET X 4 PCS FLECHA R,ORETV051,BAJO,B,,
JUEGO DE TAPITA | SET X 4 PCS FLECHA A,ORETV052,BAJO,C,,
JUEGO DE TAPITA | SET X 4 PCS FLECHA N,ORETV053,BAJO,C,,
JUEGO DE TAPITA | SET X 4 PCS FLECHA R,ORETV054,BAJO,C,,
JUEGO DE TAPITA | SET X 4 PCS ESTRELLA,ORETV055,BAJO,C,,
JUEGO DE TAPITA | SET X 4 PCS ESTRELLA,ORETV056,BAJO,C,,
JUEGO DE TAPITA | SET X 4 PCS ESTRELLA,ORETV057,BAJO,C,,
JUEGO DE TAPITA | SET X 4 PCS ESTRELLA,ORETV058,BAJO,C,,
JUEGO DE TAPITA | SET X 4 PCS ESTRELLA,ORETV059,BAJO,C,,
JUEGO DE TAPITA | SET X 4 PCS ESTRELLA,ORETV060,BAJO,C,,
JUEGO DE TAPITA | SET X 4 PCS DOLAR DO,ORETV061,BAJO,C,,
JUEGO DE TAPITA | SET X 4 PCS DOLAR PL,ORETV062,BAJO,B,,
JUEGO DE TAPITA | SET X 4 PCS DOLAR RO,ORETV063,BAJO,C,,
JUEGO DE TAPITA | SET X 4 PCS DOLAR AZ,ORETV064,BAJO,C,,
JUEGO DE TAPITA | SET X 4 PCS DOLAR NE,ORETV065,BAJO,C,,
JUEGO DE TAPITA | SET X 4 PCS DOLAR RO,ORETV066,BAJO,C,,
JUEGO DE TAPITA | SET X 4 PCS PICS POK,ORETV067,BAJO,C,,
JUEGO DE TAPITA | SET X 4 PCS PICS POK,ORETV068,BAJO,C,,
JUEGO DE TAPITA | SET X 4 PCS PICS POK,ORETV069,BAJO,C,,
JUEGO DE TAPITA | SET X 4 PCS PICS POK,ORETV070,BAJO,C,,
JUEGO DE TAPITA | SET X 4 PCS PICS POK,ORETV071,BAJO,C,,
JUEGO DE TAPITA | SET X 4 PCS PICS POK,ORETV072,BAJO,C,,
JUEGO DE TAPITA | BANDERA ARGENTINA CR,ORETV073,BAJO,B,,
JUEGO DE TAPITA | BANDERA BRAZIL CROMA,ORETV074,BAJO,C,,
JUEGO DE TAPITA | BANDERA ITALIA CROMA,ORETV075,BAJO,B,,
JUEGO DE TAPITA | BANDERA FRANCIA CROM,ORETV076,BAJO,B,,
JUEGO DE TAPITA | BANDERA ALEMANIA CRO,ORETV077,BAJO,B,,
JUEGO DE TAPITA | BANDERA ARGENTINA NE,ORETV078,BAJO,B,,
JUEGO DE TAPITA | BANDERA BRAZIL NEGRA,ORETV079,BAJO,C,,
JUEGO DE TAPITA | BANDERA ITALIA NEGRA,ORETV080,BAJO,B,,
JUEGO DE TAPITA | BANDERA FRANCIA NEGR,ORETV081,BAJO,B,,
JUEGO DE TAPITA | BANDERA ALEMANIA NEG,ORETV082,BAJO,B,,
JUEGO DE TAPITA | OVALADA SPORT NEGRA,ORETV083,BAJO,C,,
JUEGO DE TAPITA | OVALADA SPORT CROMAD,ORETV084,BAJO,C,,
JUEGO DE TAPITA | OVALADA SPORT DORADA,ORETV085,BAJO,B,,
JUEGO DE TAPITA | OVALADA SPORT RGB TO,ORETV086,BAJO,C,,
VALIJA PARA TEC | UNIVERSAL DE ABS VIR,OREVALT001,ALTO,C,,
VALIJA PARA TEC | UNIVERSAL DE ABS VIR,OREVALT002,ALTO,C,,
VENTILADOR | VENTILADOR METALICO,OREVENT001,BAJO,B,,
VENTILADOR | VENTILADOR METALICO,OREVENT002,BAJO,C,,
VENTILADOR | VENTILADOR METALICO,OREVENT003,BAJO,B,,
VENTILADOR | VENTILADOR METALICO,OREVENT004,BAJO,B,,
VENTILADOR | VENTILADOR METALICO,OREVENT005,BAJO,B,,
VENTILADOR | VENTILADOR METALICO,OREVENT006,BAJO,C,,
VENTILADOR | VENTILADOR METALICO,OREVENT007,BAJO,B,,
VENTILADOR | VENTILADOR METALICO,OREVENT008,BAJO,B,,
VENTILADOR | VENTILADOR METALICO,OREVENT009,BAJO,B,,
VENTILADOR | VENTILADOR METALICO,OREVENT010,BAJO,C,,
VENTILADOR | VENTILADOR METALICO,OREVENT011,BAJO,B,,
VENTILADOR | VENTILADOR METALICO,OREVENT012,BAJO,B,,
VENTILADOR | DISPLAY DE 2 VENTILA,OREVENT013,BAJO,A,,
VENTILADOR | DISPLAY DE 2 VENTILA,OREVENT014,BAJO,B,,
VENTILADOR | VENTILADOR PLASTICO,OREVENT015,BAJO,C,,
VENTILADOR | VENTILADOR PLASTICO,OREVENT016,BAJO,C,,
BALIZA | HOMOLAGADA CON CHAS,OREWARBAL001,BAJO,A,,
BALIZA | HOMOLAGADA CON CHAS,OREWARBAL002,BAJO,B,,
POLARIZADO BLAC | 35 BLACK 50 CM3M CAN,OREWFB,BAJO,A,,
POLARIZADO DARK | 15 DARK BLACK 50CM3M,OREWFDB,BAJO,A,,
POLARIZADO SUPE | 5 SUPER DARK BLACK 5,OREWFSDB,BAJO,A,,
POLARIZADO SILV | SILVER 50CM3M,OREWFSS,BAJO,A,,
CINTA REFLECTIV | CINTA REFLECTIVA 45,OREWHI45X50,MEDIO,A,,
CINTA REFLECTIV | CINTA REFLECTIVA 45,OREYEW45X50,MEDIO,C,,
INSTRUMENTAL HI | PRESION DE TURBO HIG,ORL1012N10,MEDIO,D,,
INSTRUMENTAL HI | PRESION DE TURBO HIG,ORL1012N30,MEDIO,C,,
INSTRUMENTAL HI | PRESION TURBO HIGH-C,ORL1012P30,MEDIO,D,,
INSTRUMENTAL HI | PRESION DE COMBUSTIB,ORL1013N15,MEDIO,C,,
INSTRUMENTAL HI | PRESION NAFTA H-CO,ORL1013N50,MEDIO,C,,
INSTRUMENTAL HI | PRESION DE COMBUSTIB,ORL1013P15,MEDIO,D,,
INSTRUMENTAL HI | PRESION DE COMBUSTIB,ORL1013P150,MEDIO,D,,
INSTRUMENTAL HI | MANOMETRO DE ACEITE,ORL1015N100,BAJO,C,,
INSTRUMENTAL HI | PRESION ACEITE ELECT,ORL1015N150,BAJO,C,,
INSTRUMENTAL HI | PRESION ACEITE MECAN,ORL1015P100,BAJO,C,,
INSTRUMENTAL HI | PRESION ACEITE ELECT,ORL1015P150,BAJO,C,,
INSTRUMENTAL HI | TEMPERATURA DE AGUA,ORL1021N20,MEDIO,C,,
INSTRUMENTAL HI | TEMPERATURA DE AGUA,ORL1021N40,MEDIO,C,,
INSTRUMENTAL HI | TEMPERATURA DE AGUA,ORL1021P20,MEDIO,C,,
INSTRUMENTAL HI | TEMPERATURA DE 4 0 H,ORL1021P40,MEDIO,C,,
INSTRUMENTAL HI | TEMPERATURA DE ACEIT,ORL1022P20,MEDIO,C,,
INSTRUMENTAL HI | TEMPERATURA DE MECAN,ORL1022P40,MEDIO,C,,
INSTRUMENTAL HI | VOLTIMETRO DE 72MM 1,ORL1024N12,MEDIO,C,,
INSTRUMENTAL HI | VOLTIMETRO DE 72MM 1,ORL1024P12,MEDIO,D,,
INSTRUMENTAL HI | TEMPERATURA DE AGUA,ORL1025N12,MEDIO,C,,
INSTRUMENTAL HI | TEMPERATURA DE AGUA,ORL1025P12,MEDIO,C,,
INSTRUMENTAL HI | TACOMETRO HIGH-COMPE,ORL1032N100,ALTO,C,,
INSTRUMENTAL HI | TACOMETRO HIGH-COMPE,ORL1032N2448,ALTO,D,,
INSTRUMENTAL HI | TACOMETRO HIGH-COMPE,ORL1032N6846,ALTO,D,,
INSTRUMENTAL HI | TACOMETRO HIGH-COMPE,ORL1032P100,ALTO,C,,
INSTRUMENTAL HI | TACOMETRO HIGH-COMPE,ORL1032P2448,ALTO,C,,
INSTRUMENTAL HI | TACOMETRO HIGH-COMPE,ORL1032P6846,ALTO,D,,
INSTRUMENTAL HI | TACOMETRO HIGH COMPE,ORL1032P6K,ALTO,D,,
INSTRUMENTAL HI | VELOCIMETRO HIGH-COM,ORL1033P200A,ALTO,D,,
INSTRUMENTAL HI | VELOCIMETRO HIGH-COM,ORL1033P200E,ALTO,D,,
INSTRUMENTAL HI | NIVEL DE COMBUSTIBLE,ORL1052N12V,MEDIO,D,,
INSTRUMENTAL HI | NIVEL DE COMBUSTIBLE,ORL1052P12V,MEDIO,D,,
INSTRUMENTAL HI | NIVEL DE COMBUSTIBLE,ORL1054N12V,MEDIO,D,,
BULBO DE PRESIO | 120 LIBRAS,ORL134H120,BAJO,C,,
INSTRUMENTAL CO | MANOMETRO ELECTRICO,ORL216H60,MEDIO,C,,
INSTRUMENTAL CL | VOLTIMETRO 12 VOLTS,ORL224H12V,BAJO,C,,
INSTRUMENTAL CL | TELETERMOMETRO DE AG,ORL225H12V,MEDIO,C,,
BULBO DE PRESIO | BULBO DE PRESION DEU,ORL232H01,BAJO,D,,
BULBO DE PRESIO | FIAT DUNA-SPAZIO-FIO,ORL232H06,BAJO,D,,
Vacuometro -1Kg | ,ORL311C1K,BAJO,D,,
INSTRUMENTAL RA | VACUOMETRO,ORL311P1K,MEDIO,C,,
INSTRUMENTAL RA | PRESION DE TURBO 3K,ORL312C3K,MEDIO,C,,
INSTRUMENTAL RA | PRESION DE ACEITE,ORL312C50,MEDIO,C,,
INSTRUMENTAL RA | PRESION DE TURBO 3K,ORL312P3K,MEDIO,C,,
INSTRUMENTAL RA | PRESION DE TURBO,ORL312P50,MEDIO,C,,
INSTRUMENTAL RA | PRESION NAFTA,ORL313C16,MEDIO,D,,
INSTRUMENTAL RA | PRESION NAFTA,ORL313C50,MEDIO,C,,
INSTRUMENTAL RA | PRESION NAFTA 8K,ORL313C8K,MEDIO,D,,
INSTRUMENTAL RA | PRESION NAFTA,ORL313P16,MEDIO,C,,
INSTRUMENTAL RA | PRESION NAFTA,ORL313P50,MEDIO,C,,
INSTRUMENTAL RA | PRESION NAFTA 8K,ORL313P8K,MEDIO,C,,
INSTRUMENTAL RA | MANOVACUOMETRO DE PR,ORL314C30,MEDIO,D,,
INSTRUMENTAL RA | MANOVACUOMETRO DE PR,ORL314P30,MEDIO,C,,
INSTRUMENTAL RA | MANOMETRO,ORL315C100,BAJO,C,,
INSTRUMENTAL RA | MANOMETRO 10 KILOS,ORL315C10K,BAJO,D,,
INSTRUMENTAL RA | MANOMETRO,ORL315C150,BAJO,C,,
INSTRUMENTAL RA | MANOMETRO 8K,ORL315C8K,BAJO,C,,
INSTRUMENTAL RA | MANOMETRO,ORL315P100,BAJO,C,,
INSTRUMENTAL RA | MANOMETRO,ORL315P150,BAJO,C,,
INSTRUMENTAL 38 | ,ORL316C120,MEDIO,C,,
INSTRUMENTAL 52 | PRESION ACEITE ELECT,ORL316P120,MEDIO,C,,
INSTRUMENTAL RA | MANOMETRO DE AIRE,ORL317C10K,BAJO,C,,
INSTRUMENTAL RA | MANOMETRO 10 KILOS,ORL317P10K,BAJO,C,,
INSTRUMENTAL RA | TELETERMOMETRO DE AG,ORL321C20,BAJO,C,,
INSTRUMENTAL RA | TELETERMOMETRO DE AG,ORL321C40,MEDIO,C,,
INSTRUMENTAL RA | TELETERMOMETRO DE AG,ORL321P20,BAJO,B,,
INSTRUMENTAL RA | TELETERMOMETRO DE AG,ORL321P40,MEDIO,C,,
INSTRUMENTAL RA | VOLTIMETRO 12 VOLTS,ORL324C12V,BAJO,C,,
INSTRUMENTAL RA | VOLTIMETRO 12 VOLTS,ORL324P12V,BAJO,C,,
INSTRUMENTAL RA | TEMPERATURA DE AGUA,ORL325C12V,BAJO,C,,
INSTRUMENTAL RA | TEMPERATURA DE ELECT,ORL325C24V,MEDIO,C,,
INSTRUMENTAL RA | TERMOMETRO DE AGUA E,ORL325P12V,BAJO,C,,
INSTRUMENTAL RA | TEMPERATURA DE ELECT,ORL325P24V,MEDIO,C,,
INSTRUMENTAL RA | TEMPERATURA DE ACEIT,ORL326C12V,BAJO,C,,
INSTRUMENTAL RA | TEMPERATURA DE ACEIT,ORL326P12V,BAJO,C,,
INSTRUMENTAL RA | TACOMETRO,ORL332C2448,MEDIO,D,,
INSTRUMENTAL RA | TACOMETRO 6 CILINDRO,ORL332C6846,MEDIO,C,,
INSTRUMENTAL RA | TACOMETRO RACING CEL,ORL332C6K,ALTO,D,,
"INSTRUMENTAL RA | TACOMETRO 2, 4, 6, 8",ORL332C8K,ALTO,D,,
INSTRUMENTAL RA | TACOMETRO,ORL332P120,MEDIO,D,,
INSTRUMENTAL RA | TACOMETRO,ORL332P2448,MEDIO,C,,
TACOMETRO | TACOMETRO DIAM. 80 R,ORL332P6K,ALTO,C,,
TACOMETRO | TACOMETRO DIAM. 80 R,ORL332P8K,ALTO,D,,
INSTRUMENTAL RA | VELOCIMETRO AMERICAN,ORL333C180A,MEDIO,D,,
VELOCIMETRO EUR | VELOCIMETRO EURO 180,ORL333C180E,MEDIO,D,,
INSTRUMENTAL RA | VELOCIMETRO AMERICAN,ORL333P180A,MEDIO,D,,
INSTRUMENTAL RA | VELOCIMETRO EUROPEO,ORL333P180E,MEDIO,D,,
INSTRUMENTAL RA | VELOCIMETRO AMERICAN,ORL333P200A,MEDIO,D,,
INSTRUMENTAL RA | VELOCIMETRO EUROPEO,ORL333P200E,MEDIO,D,,
INSTRUMENTAL RA | INDICADOR ELECTRICO,ORL334NAC,MEDIO,C,,
INSTRUMENTAL RA | AMPERIMETRO 30-30,ORL341C30,BAJO,C,,
INSTRUMENTAL RA | AMPERIMETRO COMPETIC,ORL341C50,BAJO,C,,
INSTRUMENTAL RA | AMPERIMETRO 30-30,ORL341P30,BAJO,C,,
INSTRUMENTAL RA | AMPERIMETRO COMPETIC,ORL341P50,BAJO,C,,
INSTRUMENTAL RA | NIVEL DE COMBUSTIBLE,ORL351C12V,BAJO,D,,
INSTRUMENTAL RA | NIVEL DE COMBUSTIBLE,ORL351P12V,BAJO,C,,
INSTRUMENTAL RA | NIVEL DE COMBUSTIBLE,ORL352C12V,BAJO,C,,
INSTRUMENTAL RA | NIVEL DE COMBUSTIBLE,ORL352C24V,BAJO,D,,
INSTRUMENTAL RA | NIVEL DE COMBUSTIBLE,ORL352P12V,BAJO,C,,
INSTRUMENTAL RA | NIVEL DE COMBUSTIBLE,ORL353C12V,BAJO,C,,
INSTRUMENTAL RA | NIVEL DE COMBUSTIBLE,ORL353P12V,BAJO,C,,
INSTRUMENTAL RA | NIVEL DE COMBUSTIBLE,ORL353P24V,BAJO,D,,
INSTRUMENTAL RA | NIVEL DE COMBUSTIBLE,ORL354C12V,BAJO,D,,
INSTRUMENTAL RA | NIVEL DE COMBUSTIBLE,ORL354P12V,BAJO,D,,
INSTRUMENTAL CL | VACUOMETRO 0-30 PULG,ORL411H30,BAJO,D,,
INSTRUMENTAL CL | MANOMETRO PRESION TU,ORL412H12V,BAJO,C,,
INSTRUMENTAL CL | MANOMETRO PRESION DE,ORL413H16,BAJO,C,,
INSTRUMENTAL CL | MANOMETRO 100 LBS,ORL415H100,BAJO,C,,
INSTRUMENTAL CL | MANOMETRO 120 LBS,ORL415H120,BAJO,C,,
INSTRUMENTAL CL | MANOMETRO 200 LBS,ORL415H200,BAJO,C,,
INSTRUMENTAL CL | MANOMETRO 0-300LBS-P,ORL415H300,BAJO,C,,
INSTRUMENTAL CL | MANOMETRO 80 LBS,ORL415H80,BAJO,C,,
INSTRUMENTAL CL | MANOMETRO ELECTRICO,ORL416H120,MEDIO,C,,
INSTRUMENTAL CL | MANOMETRO ELECTRICO,ORL416H80,MEDIO,C,,
INSTRUMENTAL CL | MANOMETRO ELECTRICO,ORL418H120,MEDIO,C,,
INSTRUMENTAL CL | MANOMETRO ELECTRICO,ORL418H80,MEDIO,C,,
INSTRUMENTAL CL | TERMOMETRO MECANICO,ORL421H13,BAJO,C,,
INSTRUMENTAL CL | TELETERMOMETRO DE AG,ORL421H15,BAJO,B,,
INSTRUMENTAL CL | TERMOMETRO DE AGUA M,ORL421H20,BAJO,B,,
INSTRUMENTAL CL | TERMOMETRO DE AGUA M,ORL421H40,BAJO,C,,
INSTRUMENTAL CL | VOLTIMETRO 12 VOLTS,ORL424H12V,BAJO,C,,
INSTRUMENTAL CL | VOLTIMETRO 24 VOLTS,ORL424H24V,BAJO,C,,
INSTRUMENTAL CL | TERMOMETRO DE AGUA E,ORL425H12V,BAJO,C,,
INSTRUMENTAL CL | TERMOMETRO ELECTRICO,ORL425H24V,BAJO,C,,
INSTRUMENTAL CL | TERMOMETRO DE ACEITE,ORL426H12V,BAJO,C,,
TACOMETRO | TACOMETRO 125 MM LIN,ORL432H10K,ALTO,D,,
TACOMETRO | TACOMETRO DIAM 80 FO,ORL432H6K,ALTO,D,,
INSTRUMENTAL CL | TACOMETRO CLASSIC BL,ORL432H8K,ALTO,D,,
INSTRUMENTAL CL | VELOCIMETRO AMERICAN,ORL433H200A,MEDIO,D,,
INSTRUMENTAL CL | VELOCIMETRO EUROPEO,ORL433H200E,MEDIO,D,,
INSTRUMENTAL CL | AMPERIMETRO - 30 - 0,ORL441H30,BAJO,C,,
INSTRUMENTAL CL | AMPERIMETRO - 50 - 0,ORL441H50,BAJO,C,,
INSTRUMENTAL CL | AMPERIMETRO - 60 - 0,ORL441H60,BAJO,C,,
INSTRUMENTAL CL | NIVEL DE COMBUSTIBLE,ORL451H12V,BAJO,C,,
INSTRUMENTAL CL | NIVEL DE COMBUSTIBLE,ORL452H12V,BAJO,C,,
INSTRUMENTAL CL | 24V,ORL452H24V,BAJO,C,,
INSTRUMENTAL CL | NIVEL DE COMBUSTIBLE,ORL453H12V,BAJO,C,,
INSTRUMENTAL CL | NIVEL DE COMBUSTIBLE,ORL454H12V,BAJO,C,,
INSTRUMENTAL CL | VACUOMETRO,ORL611H30,BAJO,C,,
INSTRUMENTAL CL | MANOMETRO DE PRESION,ORL612H12,BAJO,C,,
INSTRUMENTAL CL | MANOMETRO PRESION DE,ORL613H16,BAJO,C,,
INSTRUMENTAL CL | MANOMETRO 100 LIB,ORL615H100,BAJO,B,,
INSTRUMENTAL CL | MANOMETRO 120 LIB,ORL615H120,BAJO,B,,
INSTRUMENTAL CL | MANOMETRO 120 LIB CR,ORL615H120 I,BAJO,C,,
INSTRUMENTAL CL | MANOMETRO 20 LBS,ORL615H20,BAJO,C,,
INSTRUMENTAL CL | MANOMETRO 200 LIB,ORL615H200,BAJO,C,,
INSTRUMENTAL CL | MANOMETRO 300 LIB,ORL615H300,BAJO,C,,
INSTRUMENTAL CL | MANOMETRO 80 LIB,ORL615H80,BAJO,B,,
INSTRUMENTAL CL | MANOMETRO 80 LIB CRO,ORL615H80 I,BAJO,C,,
INSTRUMENTAL CL | MANOMETRO 120 LIB,ORL616H120,MEDIO,C,,
INSTRUMENTAL CL | MANOMETRO 80 LIB,ORL616H80,MEDIO,C,,
INSTRUMENTAL CL | MANOMETRO 24V,ORL618H120,MEDIO,C,,
INSTRUMENTAL CL | MANOMETRO ELECTRONIC,ORL618H80,MEDIO,C,,
INSTRUMENTAL CL | TELETERMOMETRO DE AG,ORL621H13,BAJO,C,,
INSTRUMENTAL CL | TELETERMOMETRO DE AG,ORL621H15,BAJO,A,,
INSTRUMENTAL CL | TELETERMOMETRO DE AG,ORL621H20,BAJO,A,,
INSTRUMENTAL CL | TELETERMOMETRO DE AG,ORL621H40,BAJO,B,,
INSTRUMENTAL CL | TELETERMOMETRO DE AG,ORL621H40 I,BAJO,C,,
INSTRUMENTAL CL | TEMPERATURA,ORL621H60,MEDIO,C,,
INSTRUMENTAL CL | VOLTIMETRO 12 VOLTS,ORL624H12V,BAJO,B,,
INSTRUMENTAL CL | VOLTIMETRO 24 VOLTS,ORL624H24V,BAJO,C,,
INSTRUMENTAL CL | TELETERMOMETRO DE AG,ORL625H12V,BAJO,B,,
INSTRUMENTAL CL | TELETERMOMETRO DE AG,ORL625H24V,BAJO,C,,
INSTRUMENTAL CL | TELETERMOMETRO DE AC,ORL626H12V,BAJO,C,,
INSTRUMENTAL CL | TELETERMOMETRO DE AC,ORL626H24V,MEDIO,C,,
TACOMETRO | TACOMETRO 125 MM LIN,ORL632H10K,ALTO,D,,
INSTRUMENTAL CL | TACÓMETRO LINEA CLAS,ORL632H10K80,ALTO,D,,
INSTRUMENTAL CL | TACOMETRO,ORL632H120,MEDIO,C,,
INSTRUMENTAL CL | TACOMETRO 12V 2/4/6/,ORL632H6K,ALTO,C,,
INSTRUMENTAL CL | CLASSIC NAFTERO 80 M,ORL632H8K,ALTO,C,,
INSTRUMENTAL CL | VELOCIMETRO,ORL633H180A,MEDIO,D,,
INSTRUMENTAL CL | VELOCIMETRO EURO 180,ORL633H180E,MEDIO,D,,
INSTRUMENTAL CL | VELOCIMETRO,ORL633H200A,MEDIO,D,,
VELOCIMETRO CON | VELOCIMETRO CON GPS,ORL633H200GCS,ALTO,C,,
VELOCIMETRO CON | VELOCIMETRO CON GPS,ORL633H200GSM,ALTO,C,,
VELOCIMETRO GPS | VELOCIMETRO GPS DIGI,ORL633H52DGPS,ALTO,C,,
INSTRUMENTAL CL | AMPERIMETRO MARCACIO,ORL641H30,BAJO,C,,
INSTRUMENTAL CL | AMPERIMETRO MARCACIO,ORL641H30 I,BAJO,C,,
INSTRUMENTAL CL | AMPERIMETRO MARCACIO,ORL641H50,BAJO,C,,
INSTRUMENTAL CL | AMPERIMETRO MARCACIO,ORL641H50 I,BAJO,C,,
INSTRUMENTAL CL | AMPERIMETRO - 60 0 +,ORL641H60,BAJO,C,,
INSTRUMENTAL CL | NIVEL DE COMBUSTIBLE,ORL651H12V,BAJO,C,,
INSTRUMENTAL CL | NIVEL DE COMBUSTIBLE,ORL651H12V I,BAJO,D,,
INSTRUMENTAL CL | NIVEL DE COMBUSTIBLE,ORL651H24V,BAJO,D,,
INSTRUMENTAL CL | NIVEL DE COMBUSTIBLE,ORL652H12V,BAJO,C,,
INSTRUMENTAL CL | NIVEL DE COMBUSTIBLE,ORL652H24V,BAJO,C,,
INSTRUMENTAL CL | NIVEL DE COMBUSTIBLE,ORL653H12V,BAJO,C,,
INSTRUMENTAL CL | NIVEL DE COMBUSTIBLE,ORL653H24V,BAJO,D,,
INSTRUMENTAL CL | NIVEL DE COMBUSTIBLE,ORL654H12V,BAJO,C,,
INSTRUMENTAL CO | VACUOMETRO VACIO 0-1,ORL811N10,MEDIO,C,,
INSTRUMENTAL CO | VACUOMETRO VACIO 0-1,ORL811P10,MEDIO,D,,
INSTRUMENTAL CO | MANOMETRO DE PRESION,ORL812N10,MEDIO,D,,
INSTRUMENTAL CO | MANOMETRO DE 0-3 KG-,ORL812N30,MEDIO,C,,
INSTRUMENTAL CO | MANOMETRO DE 0-1 KG-,ORL812P10,MEDIO,C,,
INSTRUMENTAL CO | MANOMETRO DE 0-3 KG-,ORL812P30,MEDIO,C,,
INSTRUMENTAL CO | MANOMETRO DE PRESION,ORL813N15,MEDIO,C,,
INSTRUMENTAL CO | MANOMETRO DE PRESION,ORL813N50,MEDIO,C,,
INSTRUMENTAL CO | PRESION NAFTA 8K,ORL813N8K,MEDIO,C,,
INSTRUMENTAL CO | MANOMETRO DE PRESION,ORL813P15,MEDIO,C,,
INSTRUMENTAL CO | MANOMETRO DE PRESION,ORL813P50,MEDIO,D,,
INSTRUMENTAL CO | MANOMETRO DE ACEITE,ORL815N100,BAJO,C,,
INSTRUMENTAL CO | MANOMETRO 10K,ORL815N10K,BAJO,C,,
INSTRUMENTAL CO | MANOMETRO DE ACEITE,ORL815N150,BAJO,C,,
INSTRUMENTAL CO | MANOMETRO DE ACEITE,ORL815P100,BAJO,C,,
INSTRUMENTAL CO | MANOMETRO 10K,ORL815P10K,BAJO,C,,
INSTRUMENTAL CO | MANOMETRO DE ACEITE,ORL815P150,BAJO,C,,
INSTRUMENTAL CO | PRESION DE ACEITE EL,ORL816N120,MEDIO,C,,
INSTRUMENTAL CO | PRESION DE ACEITE 12,ORL816P120,MEDIO,D,,
INSTRUMENTAL CO | PRESION OXIDO,ORL819N15,MEDIO,D,,
INSTRUMENTAL CO | PRESION OXIDO,ORL819P15,MEDIO,D,,
INSTRUMENTAL CO | TERMOMETRO 1-5 METRO,ORL821N15,MEDIO,D,,
INSTRUMENTAL CO | TERMOMETRO 2 METROS,ORL821N20,MEDIO,C,,
INSTRUMENTAL CO | TERMOMETRO 4 METROS,ORL821N40,MEDIO,C,,
INSTRUMENTAL CO | TERMOMETRO 1-5 METRO,ORL821P15,MEDIO,C,,
INSTRUMENTAL CO | TERMOMETRO 2 METROS,ORL821P20,MEDIO,C,,
INSTRUMENTAL CO | TERMOMETRO 4 METROS,ORL821P40,MEDIO,C,,
INSTRUMENTAL CO | TERMOMETRO 1-5 METRO,ORL822N15,MEDIO,C,,
INSTRUMENTAL CO | TERMOMETRO 2 METROS,ORL822N20,MEDIO,C,,
INSTRUMENTAL CO | TERMOMETRO 4 METROS,ORL822N40,MEDIO,C,,
INSTRUMENTAL CO | TERMOMETRO 1-5 METRO,ORL822P15,MEDIO,D,,
INSTRUMENTAL CO | TERMOMETRO 2 METROS,ORL822P20,MEDIO,D,,
INSTRUMENTAL CO | TERMOMETRO 4 METROS,ORL822P40,MEDIO,D,,
INSTRUMENTAL CO | VOLTIMETRO DE AGUJA,ORL824N12V,MEDIO,C,,
INSTRUMENTAL CO | VOLTIMETRO DE AGUJA,ORL824P12V,MEDIO,C,,
INSTRUMENTAL CO | TEMPERATURA ELECTRIC,ORL825N12V,MEDIO,C,,
INSTRUMENTAL CO | TEMPERATURA ELECTRIC,ORL825P12V,MEDIO,C,,
INSTRUMENTAL CO | TEMPERATURA ELECTRON,ORL826N12V,MEDIO,C,,
INSTRUMENTAL CO | TEMPERATURA ACEITE E,ORL826P12V,MEDIO,C,,
INSTRUMENTAL CO | TACOMETRO 60MM,ORL831C10C,ALTO,D,,
INSTRUMENTAL CO | TACOMETRO 60MM,ORL831C10L,ALTO,D,,
INSTRUMENTAL CO | TACOMETRO 60MM,ORL831N10L,ALTO,D,,
INSTRUMENTAL CO | TACOMETRO,ORL831N10LC,ALTO,D,,
INSTRUMENTAL CO | TACOMETRO 7000 RPM,ORL831N70C,ALTO,D,,
INSTRUMENTAL CO | TACOMETRO,ORL831P10LC,ALTO,D,,
INSTRUMENTAL CO | TACOMETRO COMPETICIO,ORL832N2448,ALTO,C,,
INSTRUMENTAL CO | TACOMETRO COMPETICIO,ORL832N6K,ALTO,C,,
INSTRUMENTAL CO | ,ORL832N8K,ALTO,D,,
INSTRUMENTAL CO | TACOMETRO CON CORTE,ORL832P10K,ALTO,C,,
INSTRUMENTAL CO | TACOMETRO COMPETICIO,ORL832P6846,ALTO,D,,
INSTRUMENTAL CO | TACOMETRO DIESEL COM,ORL832P70DC,ALTO,D,,
INSTRUMENTAL CO | TACOMETRO COMPETICIO,ORL832P8K,ALTO,C,,
VELOCIMETRO AME | ,ORL833N200A,ALTO,C,,
INSTRUMENTAL CO | VELOCIMETRO DE COMPE,ORL833N200E,ALTO,D,,
INSTRUMENTAL CO | VELOCIMETRO AMERICAN,ORL833N280A,ALTO,D,,
VELOCIMETRO EUR | VELOCIMETRO EURO 280,ORL833N280E,ALTO,C,,
INSTRUMENTAL CO | VELOCIMETRO DE COMPE,ORL833P200A,ALTO,C,,
VELOCIMETRO EUR | VELOCIMETRO EURO 200,ORL833P200E,ALTO,D,,
INSTRUMENTAL CO | VELOCIMETRO AMERICAN,ORL833P280A,ALTO,D,,
INSTRUMENTAL CO | VELOCIMETRO DE COMPE,ORL833P280E,ALTO,D,,
INSTRUMENTAL CO | NIVEL DE COMBUSTIBLE,ORL851P12V,MEDIO,D,,
INSTRUMENTAL CO | NIVEL DE COMBUSTIBLE,ORL852N12V,MEDIO,C,,
INSTRUMENTAL CO | NIVEL DE COMBUSTIBLE,ORL852P12V,MEDIO,C,,
INSTRUMENTAL CO | NIVEL DE COMBUSTIBLE,ORL853N12V,MEDIO,D,,
INSTRUMENTAL CO | NIVEL DE COMBUSTIBLE,ORL853P12V,MEDIO,D,,
INSTRUMENTAL CO | NIVEL DE COMBUSTIBLE,ORL854N12V,MEDIO,C,,
INSTRUMENTAL CO | NIVEL DE COMBUSTIBLE,ORL854P12V,MEDIO,D,,
INSTRUMENTAL CO | CAJA DE SETEO CON CO,ORL860NC,ALTO,C,,
INSTRUMENTAL CO | SEÑALIZADOR LUMINOSO,ORL861N2E,BAJO,C,,
INSTRUMENTAL CO | SEÑALIZADOR LUMINOSO,ORL862PC,ALTO,D,,
ARO DIRECCIONAL | ARO DIRECCIONAL Ø52,ORLAD-01,BAJO,D,,
SENSOR DE NIVEL | BOYA DE NIVEL DE COM,ORLBOYA,BAJO,C,,
BULBO DE TEMPER | UNIVERSAL,ORLBT1,BAJO,C,,
BULBO DE TEMPER | UNIVERSAL,ORLBT2,BAJO,C,,
BULBO DE COMPET | ,ORLBT68,BAJO,C,,
INSTRUMENTAL | CONSOLA TAPIZADA 1 B,ORLC1301,BAJO,C,,
INSTRUMENTAL | CONSOLA TAPIZADA 2 B,ORLC1302,BAJO,C,,
INSTRUMENTAL | CONSOLA TAPIZADA 3 B,ORLC1303,BAJO,C,,
INSTRUMENTAL | PLÁSTICA DE 1 BOCA C,ORLC1401,BAJO,C,,
INSTRUMENTAL | PLÁSTICA DE 2 BOCAS,ORLC1402,BAJO,C,,
INSTRUMENTAL | PLÁSTICA DE 3 BOCAS,ORLC1403,BAJO,C,,
ALARGUE DE BUJI | ALARGUE DE BRONCE PA,ORLC1501,,D,,
ALARGUE DE BUJI | ALARGUE DE BRONCE PA,ORLC1502,,D,,
ALARGUE DE BUJI | ALARGUE DE BRONCE PA,ORLC1503,,C,,
ALARGUE DE BUJI | ALARGUE DE BRONCE PA,ORLC1504,,C,,
ALARGUE DE BUJI | ALARGUE DE BRONCE PA,ORLC1505,,D,,
ALARGUE DE BUJI | ALARGUE DE BRONCE PA,ORLC1506,,C,,
ALARGUE DE BUJI | ALARGUE DE BRONCE PA,ORLC1507,,D,,
INSTRUMENTAL | TACOMETRO DIESEL 350,ORLCVD-35,ALTO,C,,
INSTRUMENTAL | TACOMETRO DIESEL Ø80,ORLCVD-35B,ALTO,C,,
INSTRUMENTAL | TACOMETRO ELECTRONIC,ORLCVD-40,ALTO,C,,
INSTRUMENTAL | TACOMETRO ELECTRONIC,ORLCVD-60,ALTO,C,,
INSTRUMENTAL | TACOMETRO ELECTRONIC,ORLCVD-60B,ALTO,C,,
INSTRUMENTAL | TACOMETRO DIESEL Ø80,ORLCVD-60C,ALTO,D,,
INSTRUMENTAL | TACOMETRO DIESEL PLA,ORLCVD-60P,ALTO,D,,
INSTRUMENTAL | TECA 60MM COMP DIESE,ORLCVD-60P52,ALTO,D,,
TACOMETRO | TACOMETRO DIGITAL EL,ORLD-CV-06,ALTO,D,,
VELOCIMETRO DIG | UNIVERSAL,ORLD-VL-06,ALTO,D,,
FLOTANTE DE NIV | CITROEN AMI 8,ORLFL-101,BAJO,D,,
FLOTANTE DE NIV | CITROEN 2CV,ORLFL-102,BAJO,D,,
FLOTANTE DE NIV | CITROEN 3CV,ORLFL-104,BAJO,C,,
FLOTANTE DE NIV | 3 CV FURGONETA,ORLFL-105,BAJO,D,,
FLOTANTE DE NIV | CITROEN SUPER AMERIC,ORLFL-106,BAJO,C,,
FLOTANTE DE NIV | FIAT 1500 TODOS,ORLFL-208,BAJO,D,,
FLOTANTE DE NIV | FIAT 1600,ORLFL-209,BAJO,C,,
FLOTANTE DE NIV | FIAT 1500 PICK UP,ORLFL-210,BAJO,D,,
FLOTANTE DE NIV | FIAT 133,ORLFL-211,BAJO,D,,
FLOTANTE DE NIV | FIAT 147,ORLFL-212,BAJO,C,,
FLOTANTE DE NIV | FIAT 147 SPAZIO,ORLFL-215,BAJO,C,,
FLOTANTE DE NIV | FIAT REGATTA,ORLFL-216,BAJO,D,,
FLOTANTE DE NIV | FIAT CAMION,ORLFL-220,BAJO,D,,
FLOTANTE DE NIV | FIAT FIORINO CON PIS,ORLFL-222,BAJO,D,,
FLOTANTE DE NIV | FORD CAMION,ORLFL-303,BAJO,C,,
FLOTANTE DE NIV | FORD F100 NAFTERA,ORLFL-304,BAJO,C,,
FLOTANTE DE NIV | FORD FALCON,ORLFL-306,BAJO,C,,
FLOTANTE DE NIV | FORD RURAL 1963-81,ORLFL-308,BAJO,D,,
FLOTANTE DE NIV | FORD TAUNUS COUPE,ORLFL-311,BAJO,D,,
FLOTANTE DE NIV | FORD TAUNUS,ORLFL-312,BAJO,C,,
FLOTANTE DE NIV | FORD CAMION,ORLFL-314,BAJO,C,,
FLOTANTE DE NIV | FORD FALCON SEDAN,ORLFL-315,MEDIO,D,,
FLOTANTE DE NIV | FORD RURAL,ORLFL-316,BAJO,D,,
FLOTANTE DE NIV | FORD FALCON SEDAN,ORLFL-318,MEDIO,D,,
FLOTANTE DE NIV | FORD SIERRA,ORLFL-321,BAJO,D,,
FLOTANTE DE NIV | FORD SEDAM,ORLFL-323,MEDIO,D,,
FLOTANTE DE NIV | FORD RURAL 86 AD,ORLFL-324,BAJO,D,,
FLOTANTE DE NIV | FORD RANCHERA,ORLFL-325,BAJO,D,,
FLOTANTE DE NIV | FORD PICK UP GASOLER,ORLFL-327,BAJO,C,,
FLOTANTE DE NIV | FORD ESCORT,ORLFL-328,MEDIO,C,,
FLOTANTE DE NIV | FORD F100 92 EN ADEL,ORLFL-330,MEDIO,C,,
FLOTANTE DE NIV | CHEVROLET CAMION,ORLFL-406,BAJO,C,,
FLOTANTE DE NIV | CHEVROLET 400 TODOS,ORLFL-408,BAJO,C,,
FLOTANTE DE NIV | CHEVROLET COCHE,ORLFL-409,BAJO,D,,
FLOTANTE DE NIV | PEUGEOT 404 TODOS,ORLFL-502,BAJO,D,,
FLOTANTE DE NIV | PEUGEOT T5B-404,ORLFL-503,BAJO,D,,
FLOTANTE DE NIV | PEUGEOT 504 TODOS,ORLFL-504,BAJO,C,,
FLOTANTE DE NIV | PEUGEOT T4B,ORLFL-505,BAJO,D,,
FLOTANTE DE NIV | PEUGEOT 505 CORTO,ORLFL-509,BAJO,D,,
FLOTANTE DE NIV | RAMBLER,ORLFL-613,BAJO,D,,
FLOTANTE DE NIV | RENAULT GORDINI Y DA,ORLFL-615,BAJO,D,,
FLOTANTE DE NIV | RENAULT 4S,ORLFL-617,BAJO,D,,
FLOTANTE DE NIV | RENAULT 6,ORLFL-618,BAJO,C,,
FLOTANTE DE NIV | RENAULT 12,ORLFL-619,BAJO,C,,
FLOTANTE DE NIV | RENAULT TORINO,ORLFL-620,BAJO,C,,
FLOTANTE DE NIV | RENAULT TORINO CAÑO,ORLFL-621,BAJO,D,,
FLOTANTE DE NIV | RENAULT TORINO CAÑO,ORLFL-622,BAJO,C,,
FLOTANTE DE NIV | RENAULT 18 SEDAN,ORLFL-623,BAJO,D,,
FLOTANTE DE NIV | RENAULT FUEGO,ORLFL-624,MEDIO,D,,
FLOTANTE DE NIV | RENAULT 18 BREAK,ORLFL-625,MEDIO,D,,
FLOTANTE DE NIV | RENAULT 9-11-19,ORLFL-626,MEDIO,C,,
FLOTANTE DE NIV | RENAULT TRAFIC NAFTE,ORLFL-627,MEDIO,D,,
FLOTANTE DE NIV | RENAULT TRAFIC GASOL,ORLFL-628,MEDIO,D,,
FLOTANTE DE NIV | RENAULT 18 DESDE 198,ORLFL-629,BAJO,C,,
FLOTANTE DE NIV | VOLKSWAGEN KOMBI,ORLFL-709,BAJO,C,,
FLOTANTE DE NIV | VOLKSWAGEN GACEL - S,ORLFL-710,MEDIO,C,,
FLOTANTE DE NIV | VOLKSWAGEN DODGE 150,ORLFL-712,BAJO,D,,
FLOTANTE DE NIV | VOLKSWAGEN DODGE 180,ORLFL-713,BAJO,C,,
FLOTANTE DE NIV | VOLKSWAGEN GOL,ORLFL-720,MEDIO,C,,
FLOTANTE DE NIV | DEUTZ,ORLFL-802,BAJO,D,,
FLOTANTE DE NIV | JHON DEERE,ORLFL-805,BAJO,D,,
FLOTANTE DE NIV | MASSEY FERGUSON,ORLFL-806,BAJO,D,,
FLOTANTE DE NIV | MERCEDES BENZ,ORLFL-807,BAJO,D,,
FLOTANTE DE NIV | 300 OHMS,ORLFL-901,BAJO,C,,
FLOTANTE DE NIV | 180 OHMS,ORLFL-902,BAJO,C,,
FLOTANTE DE NIV | FLOTANTE TUBULAR 65M,ORLFT-370,MEDIO,D,,
FLOTANTE DE NIV | FLOTANTE TUBULAR VAS,ORLFT-750,MEDIO,D,,
INSTRUMENTAL LI | MANOMETRO VOLKSWAGEN,ORLH1077,BAJO,D,,
INSTRUMENTAL LI | MANOMETRO VOLKSWAGEN,ORLH1078,BAJO,D,,
INSTRUMENTAL LI | MANOMETRO MERCEDES B,ORLH1095,BAJO,C,,
INSTRUMENTAL LI | MANOMETRO MERCEDES B,ORLH1096,BAJO,D,,
INSTRUMENTAL LI | MANOMETRO MERCEDES B,ORLH1097,BAJO,C,,
INSTRUMENTAL LI | MANOMETRO MERCEDES B,ORLH1099,BAJO,C,,
INSTRUMENTAL LI | MANOMETRO PERKINS,ORLH1156,BAJO,D,,
INSTRUMENTAL LI | MANOMETRO PERKINS,ORLH1157,BAJO,D,,
INSTRUMENTAL LI | MANOMETRO FIAT,ORLH1201,BAJO,D,,
INSTRUMENTAL LI | MANOMETRO FIAT,ORLH1208,BAJO,D,,
INSTRUMENTAL LI | MANOMETRO FIAT,ORLH1209,BAJO,C,,
INSTRUMENTAL | CUENTA HORA ELECTRON,ORLH1224,MEDIO,C,,
INSTRUMENTAL | HORIMETRO ANALÓGICO,ORLH1224A,MEDIO,C,,
INSTRUMENTAL | CUENTA HORA ELECTRON,ORLH1224B,MEDIO,C,,
INSTRUMENTAL | HORIMETRO DIGITAL,ORLH1224D,MEDIO,C,,
INSTRUMENTAL LI | MANOMETRO DEUTZ,ORLH1294,MEDIO,C,,
PRESION ACEITE | Presion aceite 100Lb,ORLH1333,BAJO,C,,
INSTRUMENTAL LI | TERMOMETRO ELECTRICO,ORLH2060,BAJO,C,,
INSTRUMENTAL LI | TERMOMETRO MECANICO,ORLH2099,MEDIO,C,,
INSTRUMENTAL LI | TERMOM. MEC. M.BENZ,ORLH2106,MEDIO,C,,
INSTRUMENTAL LI | TEMPERATURA AGUA 120,ORLH2159,MEDIO,D,,
INSTRUMENTAL LI | TEMPERATURA AGUA 120,ORLH2160,MEDIO,D,,
INSTRUMENTAL LI | TERMOMETRO MECANICO,ORLH2195,MEDIO,C,,
INSTRUMENTAL LI | TERMOMETRO MECANICO,ORLH2200,MEDIO,D,,
INSTRUMENTAL LI | TEMPERATURA FIAT R-5,ORLH2202,MEDIO,C,,
INSTRUMANTAL | TERMOM. ELECTRICO J.,ORLH2277,MEDIO,D,,
INSTRUMENTAL LI | TERMOMETRO ELECTRONI,ORLH2294,MEDIO,D,,
INSTRUMENTAL LI | TERMOMETRO ELECTRONI,ORLH2295,MEDIO,D,,
INSTRUMENTAL LI | TERMOMETRO MECANICO,ORLH2316,MEDIO,C,,
INSTRUMENTAL LI | TERMOMETRO ELECTRONI,ORLH2318,BAJO,C,,
NIVEL COMBUSTIB | NIVEL COMBUSTIBLE DE,ORLH3060,BAJO,C,,
INSTRUMENTAL LI | VOLKSWAGEN DODGE,ORLH3077,BAJO,D,,
INSTRUMENTAL LI | MERCEDES BENZ,ORLH3096,BAJO,D,,
INSTRUMENTAL LI | MERCEDES BENZ,ORLH3097,BAJO,D,,
INSTRUMENTAL LI | D52 MASSEY FERGUSON,ORLH3180,BAJO,D,,
INSTRUMENTAL LI | AMPERIMETRO VOLKSWAG,ORLH4077,BAJO,C,,
INSTRUMENTAL LI | AMPERIMETRO MERCEDES,ORLH4099,BAJO,C,,
INSTRUMENTAL LI | AMPERIMETRO MERCEDES,ORLH4100,BAJO,C,,
INSTRUMENTAL LI | AMPERIMETRO 40 - 0 -,ORLH4156,BAJO,C,,
INSTRUMENTAL | CUENTAS HORAS J.DEER,ORLH5052,MEDIO,D,,
CUENTA HORAS ME | Cuenta horas mecanic,ORLH5053,ALTO,D,,
INSTRUMENTAL LI | CUENTA HORAS MECANIC,ORLH5055,ALTO,D,,
INSTRUMENTAL LI | CUENTA HORAS FIAT,ORLH5057,MEDIO,D,,
CUENTA HORAS | CUENTA HORAS MECANIC,ORLH5060,MEDIO,D,,
INSTRUMENTAL LI | Cuenta horas mecanic,ORLH5061,ALTO,D,,
INSTRUMENTAL LI | Cuenta horas mecanic,ORLH5063,ALTO,D,,
INSTRUMENTAL LI | CUENTA HORAS MECANIC,ORLH5064,ALTO,D,,
INSTRUMENTAL LI | VOLTIMETRO PERKINS,ORLH6056,BAJO,D,,
INSTRUMENTAL | VOLTIMETRO DEUTZ FAH,ORLH6060,BAJO,D,,
INSTRUMENTAL LI | TACOMETRO MECANICO D,ORLH7051,MEDIO,C,,
CUENTA VUELTAS | ,ORLH7100,MEDIO,C,,
MEDIDOR PRESION | APLICACION MEDIDOR P,ORLMPN60,BAJO,C,,
CARCAZA 52 MM | CARCAZA 52 MM MULTIP,ORLOR-502,MEDIO,C,,
CARCAZA 52 MM | CARCAZA 52 MM MULTIP,ORLOR-504,MEDIO,C,,
CARCAZA DE INST | CARCAZA 60MM CON PIE,ORLOR-60PN,BAJO,C,,
CARCAZA DE INST | CARCAZA 60MM CON PIE,ORLOR-60PP,BAJO,C,,
CARCAZA DE INST | CARCAZA 66 MM PLATIC,ORLOR-66PN,BAJO,C,,
CARCAZA DE INST | CARCAZA 60MM CON PIE,ORLOR-6N,BAJO,D,,
CARCAZA DE INST | CARCAZA 60MM CON PIE,ORLOR-6P,BAJO,C,,
CARCAZA DE INST | CARCAZA 80 MM PLATIC,ORLOR-80PN,BAJO,C,,
CARCAZA 52 MM | CARCAZA 52 MM PLASTI,ORLOR52PN,BAJO,C,,
CARCAZA 52 MM | CARCAZA 52 MM PLASTI,ORLOR52PP,BAJO,C,,
SOPORTE | COLOR NEGRO,ORLTAB-18,MEDIO,C,,
SOPORTE | COLOR PLATA,ORLTAB-19,MEDIO,C,,
SOPORTE | TABLERO SIMIL CARBON,ORLTAB-20,MEDIO,C,,
TACOMETRO | TACOMETRO C/HORIMETR,ORLTRAC-05,ALTO,C,,
FICHA | UNIVERSAL 1 VIA HEMB,ORO1001,BAJO,B,,
FICHA | UNIVERSAL 1 VIA MACH,ORO1002,BAJO,A,,
FICHA | UNIVERSAL 2 VIAS HEM,ORO1003,BAJO,A,,
FICHA | UNIVERSAL 2 VIAS MAC,ORO1004,BAJO,A,,
FICHA | UNIVERSAL 2 VIAS HEM,ORO1005,BAJO,B,,
FICHA | UNIVERSAL 2 VIAS MAC,ORO1006,BAJO,A,,
FICHA | UNIVERSAL 3 VIAS HEM,ORO1007,BAJO,B,,
FICHA | UNIVERSAL 3 VIAS MAC,ORO1008,BAJO,B,,
FICHA | UNIVERSAL 4 VIAS HEM,ORO1009,BAJO,B,,
FICHA | UNIVERSAL 4 VIAS MAC,ORO1010,BAJO,B,,
FICHA | UNIVERSAL 6 VIAS HEM,ORO1011,BAJO,B,,
FICHA | UNIVERSAL 6 VIAS MAC,ORO1012,BAJO,B,,
FICHA | UNIVERSAL 8 VIAS HEM,ORO1013,BAJO,B,,
FICHA | UNIVERSAL 8 VIAS MAC,ORO1014,BAJO,B,,
FICHA | UNIVERSAL 8 VIAS LLA,ORO1015,BAJO,C,,
FICHA | UNIVERSAL 3 VIAS REG,ORO1016,BAJO,C,,
FICHA | UNIVERSAL 4 VIAS MAC,ORO1017,BAJO,C,,
FICHA | UNIVERSAL 5 VIAS MIN,ORO1018,BAJO,A,,
FICHA | UNIVERSAL 5 VIAS MIN,ORO1018C/F,BAJO,B,,
FICHA | UNIVERSAL 5 VIAS MIN,ORO1018R,BAJO,A,,
FICHA | UNIVERSAL 3 VIAS REL,ORO1019,BAJO,C,,
FICHA | UNIVERSAL 2 VIAS POR,ORO1020,BAJO,A,,
FICHA | UNIVERSAL 2 VIAS POR,ORO1021,BAJO,A,,
FICHA | UNIVERSAL 3 VIAS ALT,ORO1022,BAJO,C,,
FICHA | FORD 3 VIAS CAMBIO L,ORO1023,BAJO,C,,
FICHA | CHEVROLET 3 VIAS CAM,ORO1024,BAJO,C,,
FICHA | FORD 3 VIAS ALTERNAD,ORO1025,BAJO,C,,
FICHA | RENAULT 2 VIAS HERMA,ORO1026,BAJO,C,,
FICHA | UNIVERSAL 2 VIAS PAR,ORO1027,BAJO,C,,
FICHA | UNIVERSAL 6 VIAS CIR,ORO1029,BAJO,C,,
FICHA | UNIVERSAL 7 VIAS CIR,ORO1030,BAJO,C,,
FICHA | UNIVERSAL 8 VIAS CIR,ORO1031,BAJO,C,,
FICHA | UNIVERSAL 9 VIAS CIR,ORO1032,BAJO,C,,
FICHA | RENAULT 3 VIAS MACHO,ORO1035,BAJO,C,,
FICHA | RENAULT 5 VIAS HEMBR,ORO1036,BAJO,C,,
FICHA | RENAULT 5 VIAS MACHO,ORO1037,BAJO,C,,
FICHA | UNIVERSAL 3 VIAS HEM,ORO1038,BAJO,C,,
FICHA | UNIVERSAL 3 VIAS MAC,ORO1039,BAJO,C,,
FICHA | UNIVERSAL 6 VIAS HEM,ORO1040,BAJO,C,,
FICHA | UNIVERSAL 6 VIAS MAC,ORO1041,BAJO,C,,
FICHA | UNIVERSAL PORTAFUSIB,ORO1042,BAJO,A,,
FICHA | UNIVERSAL PORTAFUSIB,ORO1043,BAJO,A,,
FICHA | UNIVERSAL 4 VIAS MIN,ORO1048,BAJO,A,,
FICHA | UNIVERSAL PUENTE CON,ORO1049,BAJO,C,,
FICHA | UNIVERSAL 5 VIAS MIN,ORO1050,BAJO,A,,
FICHA | RENAULT 4 VIAS LLAVE,ORO1051,BAJO,C,,
6 VÍAS LLAVE DE | RENAULT -6 VIAS LLAV,ORO1052,BAJO,C,,
8 VÍAS CONEXIÓN | RENAULT 8 VIAS CONEX,ORO1053,BAJO,C,,
FICHA | UNIVERSAL PORTAFUSIB,ORO1055,BAJO,A,,
FICHA | UNIVERSAL PORTAFUSIB,ORO1056,BAJO,C,,
FICHA | UNIVERSAL 2 VIAS POR,ORO1057,BAJO,A,,
FICHA PORTAFUSI | UNIVERSAL AEREO MINI,ORO1060,BAJO,A,,
FICHA PORTAFUSI | UNIVERSAL ENCASTRAR,ORO1061,BAJO,B,,
MINI RELAY CON | UNIVERSAL MINI RELAY,ORO1062,BAJO,B,,
FICHA | UNIVERSAL PLASTICA M,ORO1063,BAJO,B,,
FICHA | UNIVERSAL 1 VIA REDO,ORO1101,BAJO,B,,
FICHA | UNIVERSAL 1 VIA REDO,ORO1102,BAJO,B,,
FICHA | UNIVERSAL 2 VIAS CHA,ORO1103,BAJO,A,,
FICHA | UNIVERSAL 2 VIAS CHA,ORO1104,BAJO,A,,
FICHA | FORD 3 VIAS CHATA UN,ORO1105,BAJO,B,,
FICHA | FORD 3 VIAS CHATA UN,ORO1106,BAJO,B,,
FICHA | FORD 4 VIAS CHATA UN,ORO1107,BAJO,B,,
FICHA | FORD 4 VIAS CHATA UN,ORO1108,BAJO,B,,
FICHA | UNIVERSAL 4 VIAS CHA,ORO1109,BAJO,C,,
FICHA | UNIVERSAL 4 VIAS 2M-,ORO1110,BAJO,B,,
FICHA | UNIVERSAL 3 VIAS UNI,ORO1111,BAJO,C,,
FICHA | UNIVERSAL 6 VIAS UNI,ORO1112,BAJO,C,,
FICHA | UNIVERSAL 6 VIAS UNI,ORO1113,BAJO,C,,
FICHA | UNIVERSAL 5 VIAS ACO,ORO1115,BAJO,B,,
FICHA | UNIVERSAL 5 VIAS ACO,ORO1118,BAJO,B,,
FICHA | UNIVERSAL 5 VIAS ACO,ORO1120,BAJO,B,,
FICHA | UNIVERSAL 5 VIAS ACO,ORO1121,BAJO,A,,
FICHA | UNIVERSAL 7 VIAS ACO,ORO1122,BAJO,B,,
FICHA | UNIVERSAL 7 VIAS ACO,ORO1123,BAJO,B,,
FICHA | UNIVERSAL 8 VIAS ACO,ORO1124,BAJO,C,,
JUEGO DE FICHAS | UNIVERSAL 2 VIAS CHA,ORO1126,BAJO,A,,
1 VÍA CURVA (TA | UNIVERSAL 1 VIA CURV,ORO1127,BAJO,C,,
FICHA | UNIVERSAL 2 VIAS CHA,ORO1128,BAJO,C,,
FICHA | UNIVERSAL 2 VIAS CHA,ORO1129,BAJO,C,,
FICHA | UNIVERSAL 5 VIAS ACO,ORO1130,BAJO,C,,
FICHA | UNIVERSAL 5 VIAS ACO,ORO1131,BAJO,C,,
PORTALAMPARA | PORTALAMAPARA PARA L,ORO1200,BAJO,C,,
PORTALAMPARA | UNIVERSAL 1 POLO PIO,ORO1201,BAJO,C,,
PORTALAMPARA | PORTALAMAPARA PARA L,ORO1202,BAJO,C,,
PORTALAMPARA | UNIVERSAL 1 POLO MIG,ORO1203,BAJO,C,,
PORTALAMPARA | UNIVERSAL 1 POLO MIG,ORO1204,BAJO,C,,
PORTALAMPARA | UNIVERSAL 1 POLO ARA,ORO1205,BAJO,C,,
PORTALAMPARA | UNIVERSAL 1 POLO ARA,ORO1205C/M,BAJO,C,,
PORTALAMPARA | UNIVERSAL 1 POLO ARA,ORO1205M/A,BAJO,C,,
PORTALAMPARA | UNIVERSAL 1 POLO MIG,ORO1206,BAJO,C,,
PORTALAMPARA | FIAT 1 POLO FAROL TR,ORO1207,BAJO,C,,
PORTALAMPARA | FIAT 2 POLOS FAROL T,ORO1208,BAJO,C,,
PORTALAMPARA | UNIVERSAL 1 POLOPARA,ORO1209,BAJO,C,,
PORTALAMPARA | UNIVERSAL 2 POLOS PA,ORO1210,BAJO,C,,
PORTALAMPARA | FORD 1 POLO ARAÑA FO,ORO1211,BAJO,A,,
PORTALAMPARA | FORD 1 POLO ARAÑA FO,ORO1211CM,BAJO,B,,
PORTALAMPARA | FORD 2 POLOS ARAÑA F,ORO1212,BAJO,A,,
PORTALAMPARA | FORD 2 POLOS ARAÑA F,ORO1212CM,BAJO,B,,
PORTALAMPARA | UNIVERSAL 1 POLO CON,ORO1213,BAJO,A,,
PORTALAMPARA | UNIVERSAL 2 POLOS CO,ORO1214,BAJO,A,,
PORTALAMPARA | FORD 1 POLO ARAÑA LU,ORO1215,BAJO,C,,
PORTALAMPARA | UNIVERSAL 1 POLO CON,ORO1216,BAJO,B,,
PORTALAMPARA | UNIVERSAL 2 POLOS CO,ORO1217,BAJO,B,,
PORTALAMPARA | VOLKSWAGEN 1 POLO TR,ORO1218,BAJO,C,,
PORTALAMPARA | PEUGEOT 1 POLO FAROL,ORO1219,BAJO,C,,
PORTALAMPARA | PEUGEOT 2 POLOS TRAS,ORO1220,BAJO,C,,
PORTALAMPARA | FORD 1 POLO FAROL DE,ORO1221,BAJO,C,,
PORTALAMPARA | FORD 2 POLOS FAROL D,ORO1222,BAJO,C,,
PORTALAMPARA | RENAULT 1 POLO FAROL,ORO1223,BAJO,C,,
PORTALAMPARA | PEUGEOT 1 POLO FAROL,ORO1224,BAJO,C,,
PORTALAMPARA | PEUGEOT 2 POLOS FARO,ORO1225,BAJO,C,,
PORTALAMPARA | PEUGEOT MAZO TRASERO,ORO1226,BAJO,C,,
PORTALAMPARA | VOLKSWAGEN 1 POLO FA,ORO1227,BAJO,C,,
PORTALAMPARA | VOLKSWAGEN 2 POLOS F,ORO1228,BAJO,C,,
PORTALAMPARA | FORD 2 POLOS DELANTE,ORO1229,BAJO,C,,
PORTALAMPARA | FORD 1 POLO GIRO DEL,ORO1230,BAJO,C,,
PORTALAMPARA | RENAULT 1 POLO GIRO,ORO1231,BAJO,C,,
PORTALAMPARA | RENAULT 1 POLO GIRO,ORO1232,BAJO,C,,
PORTALAMPARA | PEUGEOT 1 POLO GIRO,ORO1233,BAJO,C,,
PORTALAMPARA | RENAULT 1 POLO GIRO,ORO1234,BAJO,C,,
PORTALAMPARA | UNIVERSAL 1 POLO SOP,ORO1235,BAJO,B,,
PORTALAMPARA | UNIVERSAL 2 POLOS SO,ORO1236,BAJO,B,,
PORTALAMPARA | VOLKSWAGEN 1 POLO GI,ORO1237,BAJO,C,,
PORTALAMPARA | RENAULT 1 POLO GIRO,ORO1238,BAJO,C,,
PORTALAMPARA | PEUGEOT MAZO FARO TR,ORO1239,BAJO,C,,
PORTALAMPARA | FORD ALUMBRA PATENTE,ORO1240,BAJO,C,,
PORTALAMPARA | FORD ALUMBRA PATENTE,ORO1241,BAJO,C,,
PORTALAMPARA | UNIVERSAL 1 POLO TAB,ORO1242,BAJO,A,,
PORTALAMPARA | FIAT 1 POLO ALUMBRA,ORO1243,BAJO,C,,
PORTALAMPARA | UNIVERSAL 1 POLO SIN,ORO1244,BAJO,B,,
PORTALAMPARA | UNIVERSAL 2 POLOS SI,ORO1245,BAJO,B,,
PORTALAMPARA | FIAT 1 POLO GIRO DEL,ORO1246,BAJO,C,,
PORTALAMPARA | VOLKSWAGEN GOL-SENDA,ORO1247,BAJO,C,,
PORTALAMPARA | VOLKSWAGEN GOL-POLO-,ORO1248,BAJO,B,,
PORTALAMPARA | VOLKSWAGEN GOL-POLO-,ORO1249,BAJO,B,,
PORTALAMPARA | FORD 1 POLO ARAÑA FO,ORO1250,BAJO,A,,
PORTALAMPARA | FORD 2 POLO ARANA FO,ORO1251,BAJO,A,,
PORTALAMPARA | VOLKSWAGEN SENDA - G,ORO1252,BAJO,C,,
PORTALAMPARA | FIAT DUNA 90 AL 92 C,ORO1253,BAJO,C,,
PORTALAMPARA | UNIVERSAL LAMPARA SI,ORO1254,BAJO,B,,
PORTALAMPARA | UNIVERSAL,ORO1255,BAJO,C,,
PORTALAMPARA | FORD LUZ POSICION FO,ORO1256,BAJO,C,,
PORTALAMPARA | FIAT DUNA 85 AL 90 -,ORO1257,BAJO,C,,
PORTALAMPARA | FIAT DUNA 85 AL 90,ORO1258,BAJO,C,,
PORTALAMPARA | FIAT - PEUGEOT,ORO1259,BAJO,C,,
PORTALAMPARA | UNIVERSAL TABLERO RE,ORO1260,BAJO,C,,
PORTALAMPARA | UNIVERSAL LUZ TESTIG,ORO1261,BAJO,C,,
PORTALAMPARA | MERCEDES BENZ 1 POLO,ORO1262,BAJO,C,,
PORTALAMPARA | MERCEDES BENZ 1 POLO,ORO1263,BAJO,C,,
PORTALAMPARA | RENAULT 1 POLO DEL G,ORO1264,BAJO,C,,
PORTALAMPARA | FORD FARO DELANTERO,ORO1266,BAJO,C,,
PORTALAMPARA | UNIVERSAL LAMPARA SI,ORO1267,BAJO,C,,
PORTALAMPARA | FORD ALUMBRA PATENTE,ORO1268,BAJO,C,,
PORTALAMPARA | FIAT - PEUGEOT,ORO1269,BAJO,C,,
PORTALAMPARA | UNIVERSAL LUZ TESTIG,ORO1271,BAJO,C,,
PORTALAMPARA | VOLKSWAGEN GACEL,ORO1272,BAJO,C,,
PORTALAMPARA | UNIVERSAL MARCOPOLO,ORO1273,BAJO,C,,
PORTALAMPARA | UNIVERSAL MARCOPOLO,ORO1274,BAJO,C,,
PORTALAMPARA | RENAULT 1 P GIRO DEL,ORO1275,BAJO,D,,
PORTALAMPARA | FORD 2 P POSICION Y,ORO1276,BAJO,C,,
PORTALAMPARA | FORD 1 POLO POSICION,ORO1277,BAJO,C,,
PORTALAMPARA | FORD 2 P POSICION Y,ORO1278,BAJO,C,,
PORTALAMPARA | VOLKSWAGEN SENDA - G,ORO1279,BAJO,C,,
PORTALAMPARA | UNIVERSAL 1 POLO ARA,ORO1281,BAJO,C,,
PORTALAMPARA | RENAULT 1 P DEL RENA,ORO1282,BAJO,C,,
PORTALAMPARA | RENAULT TRAFIC--19,ORO1283,BAJO,C,,
PORTALAMPARA | FORD SIAP,ORO1284,BAJO,C,,
PORTALAMPARA | FORD 1 POLO FORD CAR,ORO1285,BAJO,C,,
PORTALAMPARA | FORD-F100 80 EN ADEL,ORO1286,BAJO,C,,
PORTALAMPARA | 1POLO LÁMPARA H1 M.,ORO1288,BAJO,B,,
PORTALAMPARA | 1 POLO GIRO DELANTER,ORO1289,BAJO,C,,
PORTALAMPARA | 1 POLO GIRO DELANTER,ORO1293,BAJO,C,,
PORTALAMPARA | ,ORO1296,BAJO,C,,
FICHA PORTAFUSI | UNIVERSAL CONEXION U,ORO1301,BAJO,C,,
FICHA PORTAFUSI | UNIVERSAL CONEXION U,ORO1302,BAJO,C,,
FICHA PORTAFUSI | FIAT 133-125-128-147,ORO1303,MEDIO,C,,
FICHA PORTAFUSI | VOLKSWAGEN DODGE 150,ORO1305,BAJO,D,,
FICHA PORTAFUSI | VOLKSWAGEN DODGE 150,ORO1306,BAJO,C,,
FICHA PORTAFUSI | FORD FALCON,ORO1309,BAJO,C,,
FICHA PORTAFUSI | UNIVERSAL 4 VIAS FUS,ORO1312,BAJO,C,,
FICHA PORTAFUSI | UNIVERSAL 6 VIAS FUS,ORO1313,BAJO,C,,
FICHA PORTAFUSI | UNIVERSAL 10 VIAS FU,ORO1314,BAJO,C,,
FICHA PORTAFUSI | UNIVERSAL 8 VIAS FUS,ORO1315,BAJO,C,,
FICHA PORTAFUSI | UNIVERSAL VIAS FUSIB,ORO1316,BAJO,C,,
FICHA PORTAFUSI | FIAT UNO - DUNA,ORO1318,MEDIO,D,,
FICHA PORTAFUSI | UNIVERSAL MAXI 4 VIA,ORO1320,MEDIO,D,,
FICHA | UNIVERSAL IMPORTADA,ORO1401,BAJO,A,,
FICHA | UNIVERSAL IMPORTADA,ORO1402,BAJO,A,,
FICHA | VOLKSWAGEN IMPORTADA,ORO1403,BAJO,B,,
FICHA | VOLKSWAGEN IMPORTADA,ORO1404,BAJO,C,,
FICHA | VOLKSWAGEN IMPORTADA,ORO1405,BAJO,C,,
FICHA | VOLKSWAGEN IMPORTADA,ORO1406,BAJO,C,,
FICHA | FIAT IMPORTADA 2V FI,ORO1407,BAJO,A,,
FICHA | VOLKSWAGEN IMPORTADA,ORO1408,BAJO,B,,
FICHA | RENAULT IMPORTADA 2V,ORO1409,BAJO,B,,
FICHA | RENAULT IMPORTADA 3V,ORO1410,BAJO,C,,
FICHA | FIAT IMPORTADA 3V FI,ORO1411,BAJO,C,,
FICHA | VOLKSWAGEN IMPORTADA,ORO1412,BAJO,C,,
FICHA | FIAT IMPORTADA 2V OR,ORO1413,BAJO,A,,
FICHA | FIAT IMPORTADA 3 VIA,ORO1414,BAJO,B,,
FICHA | FIAT IMPORTADA 3V FI,ORO1415,BAJO,C,,
FICHA | RENAULT IMPORTADA 3V,ORO1416,BAJO,C,,
FICHA | RENAULT IMPORTADA 4V,ORO1417,BAJO,C,,
FICHA | RENAULT IMPORTADA 2V,ORO1418,BAJO,C,,
FICHA | FIAT IMPORTADA 2V FI,ORO1419,BAJO,C,,
FICHA | PEUGEOT IMPORTADA 2V,ORO1420,BAJO,C,,
FICHA | FIAT IMPORTADA 3V FI,ORO1421,BAJO,C,,
FICHA | FIAT IMPORTADA 2V DU,ORO1422,BAJO,C,,
FICHA | RENAULT IMPORTADA 2V,ORO1423,BAJO,C,,
FICHA | FIAT IMPORTADA 1V CH,ORO1424,BAJO,C,,
FICHA | FIAT IMPORTADA 2V FI,ORO1425,BAJO,A,,
FICHA | FIAT IMPORTADA 2V UN,ORO1426,BAJO,C,,
FICHA | RENAULT IMPORTADA 2V,ORO1427,BAJO,C,,
FICHA MACHO INY | UNIVERSAL IMPORTADA,ORO1428,BAJO,B,,
FICHA | RENAULT IMPORTADA 2V,ORO1429,BAJO,B,,
FICHA | FIAT IMPORTADA 1V FI,ORO1430,BAJO,A,,
FICHA | RENAULT IMPORTADA 1V,ORO1431,BAJO,C,,
FICHA | PEUGEOT IMPORTADA 2V,ORO1432,BAJO,C,,
FICHA | FIAT IMPORTADA 2V DU,ORO1433,BAJO,C,,
FICHA | FIAT IMPORTADA 6V DU,ORO1434,BAJO,C,,
FICHA | PEUGEOT IMPORTADA 5V,ORO1435,BAJO,C,,
FICHA | RENAULT IMPORTADA 5V,ORO1436,BAJO,C,,
FICHA | FIAT IMPORTADA 4V FI,ORO1438,BAJO,C,,
FICHA | FORD IMPORTADA 2V FO,ORO1440,BAJO,A,,
FICHA | UNIVERSAL IMPORTADA,ORO1441,BAJO,C,,
FICHA | VOLKSWAGEN IMPORTADA,ORO1442,BAJO,C,,
FICHA | UNIVERSAL IMPORTADA,ORO1443,BAJO,B,,
FICHA | UNIVERSAL IMPORTADA,ORO1444,BAJO,C,,
FICHA | FIAT IMPORTADA 13V S,ORO1445,BAJO,C,,
FICHA | FIAT IMPORTADA 13V S,ORO1446,BAJO,C,,
FICHA | UNIVERSAL IMPORTADA,ORO1447,BAJO,C,,
FICHA | PEUGEOT IMPORTADA 5V,ORO1448,BAJO,C,,
FICHA | PEUGEOT IMPORTADA 5V,ORO1449,BAJO,C,,
FICHA | RENAULT IMPORTADA 6V,ORO1450,BAJO,C,,
FICHA | PEUGEOT IMPORTADA 8V,ORO1451,BAJO,C,,
FICHA | RENAULT IMPORTADA 2V,ORO1452,BAJO,C,,
FICHA | RENAULT IMPORTADA 3V,ORO1453,BAJO,C,,
FICHA | RENAULT IMPORTADA 3V,ORO1454,BAJO,C,,
FICHA | FIAT IMPORTADA 4V FI,ORO1455,BAJO,B,,
FICHA | FORD IMPORTADA 4V ES,ORO1456,BAJO,C,,
FICHA | FORD IMPORTADA 6V FO,ORO1457,BAJO,C,,
FICHA | MERCEDES BENZ IMPORT,ORO1458,BAJO,C,,
FICHA | MERCEDES BENZ IMPORT,ORO1459,BAJO,C,,
FICHA | VOLKSWAGEN IMPORTADA,ORO1460,BAJO,B,,
FICHA | UNIVERSAL IMPORTADA,ORO1461,BAJO,B,,
FICHA | UNIVERSAL IMPORTADA,ORO1462,BAJO,B,,
FICHA | FIAT IMPORTADA 3V FI,ORO1463,BAJO,B,,
FICHA | VOLKSWAGEN IMPORTADA,ORO1464,BAJO,C,,
FICHA | PEUGEOT IMPORTADA BU,ORO1465,BAJO,C,,
FICHA | FORD IMPORTADA 4 VIA,ORO1466,BAJO,C,,
FICHA | FIAT IMPORTADA 2 VIA,ORO1467,BAJO,C,,
FICHA | FORD IMPORTADA 2 VIA,ORO1468,BAJO,C,,
FICHA | RENAULT IMPORTADA 9V,ORO1469,BAJO,C,,
FICHA | UNIVERSAL IMPORTADA,ORO1470,BAJO,C,,
FICHA | VOLKSWAGEN IMPORTADA,ORO1471,BAJO,C,,
FICHA | FORD IMPORTADA 2V FA,ORO1472,BAJO,C,,
FICHA | RENAULT IMPORTADA 4V,ORO1473,BAJO,C,,
FICHA | RENAULT IMPORTADA 4V,ORO1474,BAJO,C,,
FICHA | PEUGEOT IMPORTADA 4V,ORO1475,BAJO,C,,
FICHA | FIAT IMPORTADA 2V MA,ORO1476,BAJO,C,,
FICHA | FIAT IMPORTADA 2V HE,ORO1477,BAJO,C,,
FICHA | UNIVERSAL IMPORTADA,ORO1478,BAJO,C,,
FICHA | FIAT IMPORTADA 4V OR,ORO1479,BAJO,C,,
FICHA | FORD IMPORTADA 3V BU,ORO1480,BAJO,C,,
FICHA | UNIVERSAL IMPORTADA,ORO1481,BAJO,C,,
FICHA | UNIVERSAL IMPORTADA,ORO1482,BAJO,C,,
4 VÍAS HEMBRA C | UNIVERSAL IMPORTADA,ORO1483,BAJO,D,,
FICHA | RENAULT IMPORTADA 12,ORO1484,BAJO,C,,
FICHA | RENAULT IMPORTADA 12,ORO1485,BAJO,C,,
FICHA | UNIVERSAL IMPORTADA,ORO1487,BAJO,C,,
FICHA | UNIVERSAL IMPORTADA,ORO1488,BAJO,C,,
FICHA | FIAT IMPORTADA 4V MA,ORO1489,BAJO,C,,
FICHA | FIAT IMPORTADA 4V HE,ORO1490,BAJO,C,,
FICHA | FIAT IMPORTADA 5V LL,ORO1491,BAJO,C,,
FICHA | TOYOTA IMPORTADA 6V,ORO1492,BAJO,C,,
FICHA | VOLKSWAGEN IMPORTADA,ORO1493,BAJO,C,,
FICHA | PEUGEOT IMPORTADA 2V,ORO1494,BAJO,C,,
FICHA | PEUGEOT IMPORTADA 3V,ORO1495,BAJO,D,,
FICHA | VOLKSWAGEN IMPORTADA,ORO1496,BAJO,C,,
FICHA | VOLKSWAGEN IMPORTADA,ORO1497,BAJO,C,,
FICHA | VOLKSWAGEN IMPORTADA,ORO1498,BAJO,C,,
FICHA | PEUGEOT IMPORTADA 10,ORO1500,BAJO,C,,
FICHA | PEUGEOT IMPORTADA PA,ORO1501,BAJO,C,,
FICHA | PEUGEOT IMPORTADA PA,ORO1502,BAJO,C,,
FICHA | CHEVROLET IMPORTADA,ORO1503,BAJO,C,,
FICHA | CHEVROLET IMPORTADA,ORO1504,BAJO,C,,
FICHA | UNIVERSAL 13 VIAS MO,ORO1505,BAJO,C,,
FICHA | RENAULT IMPORTADA 5V,ORO1506,BAJO,D,,
FICHA | FORD IMPORTADA ELECT,ORO1507,BAJO,C,,
FICHA | UNIVERSAL 4 VIAS BUL,ORO1508,BAJO,C,,
FICHA | UNIVERSAL 11 VIAS CO,ORO1509,BAJO,C,,
FICHA | FORD 2 VIAS SENSORES,ORO1510,BAJO,C,,
FICHA | FORD 2 VIAS SWITCH A,ORO1511,BAJO,C,,
FICHA | FORD 2 VIAS SOLENOID,ORO1512,BAJO,C,,
FICHA | MERCEDES BENZ 8 VIAS,ORO1513,BAJO,C,,
FICHA | RENAULT 9 VIAS BLANC,ORO1514,BAJO,C,,
FICHA | FIAT 2 VIAS HEMBRA M,ORO1515,BAJO,C,,
FICHA | FIAT 2 VIAS MACHO MO,ORO1516,BAJO,C,,
FICHA | VOLKSWAGEN 2 VIAS EL,ORO1517,BAJO,C,,
FICHA | VOLKSWAGEN 2 VIAS EL,ORO1518,BAJO,C,,
FICHA | FIAT VIAS HEMBRA MOT,ORO1519,BAJO,C,,
FICHA | FIAT VIAS MPM VARIOS,ORO1520,BAJO,C,,
FICHA | RENAULT 7 VIAS PRESO,ORO1524,BAJO,D,,
FICHA | RENAULT 8 VIAS FAROS,ORO1525,BAJO,D,,
FICHA | FIAT MINI RELAY ORIG,ORO1526,BAJO,C,,
FICHA | FORD IMPORTADA 3 VIA,ORO1527,BAJO,C,,
FICHA | FORD 2 VIAS BULBO OR,ORO1528,BAJO,C,,
FICHA | UNIVERSAL 2 VIAS INY,ORO1529,BAJO,C,,
FICHA | FORD 3 VIAS PLANA OR,ORO1530,BAJO,C,,
FICHA | PEUGEOT 4 VIAS ORIGI,ORO1531,BAJO,C,,
FICHA | PEUGEOT 4 VIAS ORIGI,ORO1532,BAJO,C,,
FICHA | FORD 2 VIAS ORIGINAL,ORO1533,BAJO,C,,
FICHA | FORD 4 VIAS CONEX TR,ORO1534,BAJO,C,,
FICHA | FORD I 2 VIAS GIRO D,ORO1535,BAJO,C,,
FICHA | UNIVERSAL 1 VIA BULB,ORO1536,BAJO,C,,
FICHA | PEUGEOT I 2 VIAS PEU,ORO1537,BAJO,C,,
FICHA | PEUGEOT-CITROEN,ORO1538,BAJO,D,,
FICHA | FORD 4 VIAS BULBO EL,ORO1540,BAJO,D,,
FICHA | UNIVERSAL 13 VIAS SE,ORO1542,BAJO,C,,
FICHA | UNIVERSAL 2 VIAS CON,ORO1543,BAJO,C,,
FICHA | UNIVERSAL 6 VIAS MOD,ORO1544,BAJO,C,,
FICHA | VOLKSWAGEN 8 VIAS MO,ORO1545,BAJO,C,,
FICHA | VOLKSWAGEN 3 VIAS BU,ORO1546,BAJO,C,,
FICHA | FIAT DUNA,ORO1547,BAJO,B,,
FICHA | UNIVERSAL 9 VIAS TEM,ORO1548,BAJO,C,,
FICHA | VOLKSWAGEN 2 VIAS PL,ORO1549,BAJO,A,,
FICHA | UNIVERSAL FICHAS 4 V,ORO1550,BAJO,C,,
FICHA | FORD 7 VIAS FARO DEL,ORO1551,BAJO,C,,
FICHA | UNIVERSAL 5 VIAS MIC,ORO1552,BAJO,B,,
FICHA | VOLKSWAGEN 8 VIAS FU,ORO1553,BAJO,C,,
FICHA | CHEVROLET 5 VIAS LLA,ORO1554,BAJO,B,,
FICHA | UNIVERSAL 4 VIAS ALT,ORO1555,BAJO,C,,
FICHA | UNIVERSAL 4 VIAS ALT,ORO1556,BAJO,C,,
FICHA | UNIVERSAL 3 VIAS ALT,ORO1557,BAJO,C,,
FICHA | UNIVERSAL 4 VIAS ALT,ORO1558,BAJO,C,,
FICHA | UNIVERSAL 2 VIAS HEM,ORO1559,BAJO,C,,
FICHA | RENAULT - 12 VIAS HE,ORO1560,BAJO,C,,
FICHA | UNIVERSAL 4 VIAS LEV,ORO1561,BAJO,C,,
FICHA | UNIVERSAL 12 VIAS OP,ORO1562,BAJO,A,,
FICHA | VOLKSWAGEN 3 VIAS BU,ORO1563,BAJO,C,,
SENSOR DE TEMPE | RENAULT 2V SENSOR AU,ORO1564,BAJO,C,,
FICHA | VOLKSWAGEN 3 VIAS BU,ORO1565,BAJO,C,,
FICHA | CHEVROLET 3 VIAS ELE,ORO1566,BAJO,C,,
FICHA | UNIVERSAL IMPORTADA,ORO1567,BAJO,A,,
FICHA | UNIVERSAL 5 VIAS REG,ORO1568,BAJO,C,,
FICHA | FIAT 4 VIAS CON IMPR,ORO1569,BAJO,C,,
FICHA | FIAT 7 VIAS CIRCUITO,ORO1570,BAJO,C,,
FICHA | FORD 4 VIAS BOMBA NA,ORO1571,BAJO,C,,
FICHA | RENAULT 2 VIAS SENSO,ORO1572,BAJO,C,,
FICHA | FORD 3 VIAS BOBINA I,ORO1573,BAJO,C,,
FICHA | VOLKSWAGEN 3 VIAS CO,ORO1574,BAJO,C,,
FICHA | VOLKSWAGEN 2 VIAS BO,ORO1575,BAJO,C,,
FICHA | CHEVROLET 2 VIAS SEN,ORO1576,BAJO,C,,
FICHA | VOLKSWAGEN 1 VIA SEN,ORO1577,BAJO,C,,
FICHA | VOLKSWAGEN 5 VIAS FA,ORO1578,BAJO,C,,
FICHA | RENAULT 3 V SENSOR T,ORO1579,BAJO,B,,
FICHA | VOLKSWAGEN 10 VIAS C,ORO1580,BAJO,C,,
FICHA | UNIVERSAL 3 VIAS MOT,ORO1581,BAJO,C,,
FICHA | UNIVERSAL 3 VIAS SEN,ORO1582,BAJO,B,,
FICHA | PEUGEOT 6 VIAS FARO,ORO1583,BAJO,C,,
FICHA | VOLKSWAGEN 2 VIAS FA,ORO1584,BAJO,C,,
FICHA | UNIVERSAL 3 VIAS SEN,ORO1585,BAJO,C,,
FICHA | UNIVERSAL 3 VIAS REC,ORO1586,BAJO,C,,
FICHA | RENAULT 9 VIAS TECLA,ORO1587,BAJO,C,,
FICHA | RENAULT 2 VIAS INYEC,ORO1588,BAJO,B,,
FICHA | UNIVERSAL 10 VIAS CA,ORO1589,BAJO,C,,
FICHA | VOLKSWAGEN 3 VIAS SE,ORO1590,BAJO,B,,
FICHA | RENAULT 2 VIAS BOBIN,ORO1591,BAJO,B,,
FICHA | UNIVERSAL 4 VIAS PRE,ORO1592,BAJO,C,,
FICHA | VOLKSWAGEN 4 VIAS SO,ORO1593,BAJO,C,,
FICHA | PEUGEOT 2 VIAS BULBO,ORO1594,BAJO,A,,
FICHA | VOLKSWAGEN 6 VIAS MO,ORO1595,BAJO,C,,
FICHA | UNIVERSAL 2 VIAS LAM,ORO1596,BAJO,A,,
FICHA | TOYOTA 6 VIAS MACHO,ORO1597,BAJO,C,,
FICHA | MERCEDES BENZ,ORO1598,BAJO,D,,
3 VIAS BULBO RE | FORD,ORO1599,BAJO,C,,
FICHA | CHEVROLET 4 VIAS FLO,ORO1600,BAJO,C,,
FICHA | FORD FOCUS / MONDEO,ORO1601,BAJO,C,,
FICHA | CHEVROLET 4 VIAS BOB,ORO1602,BAJO,C,,
FICHA | PEUGEOT 206 2 VIAS E,ORO1603,BAJO,C,,
FICHA | FIAT - RENAULT 2 VIA,ORO1604,BAJO,C,,
FICHA | OPTICA POLO 8 VIAS,ORO1605,BAJO,C,,
FICHA | SENSOR TEMPERATURA/I,ORO1606,BAJO,C,,
FICHA | VOLKSWAGEN GOL - SEN,ORO1607,BAJO,C,,
FICHA | PEUGEOT 206 2 VIAS E,ORO1608,BAJO,C,,
FICHA | PEUGEOT 207 3 VIAS E,ORO1609,BAJO,C,,
FICHA | VOLKSWAGEN GOL GOLF,ORO1610,BAJO,C,,
FICHA | VOLKSWAGEN AMAROK 2,ORO1611,BAJO,C,,
FICHA | VW POLO 7 VIAS CONTA,ORO1612,BAJO,C,,
FICHA | CHEVROLET ASTRA 3 VI,ORO1613,BAJO,C,,
FICHA | FORD FIESTA 7 VIAS T,ORO1614,BAJO,C,,
FICHA | CHEVROLET CORSA 2 VI,ORO1615,BAJO,C,,
FICHA | HONDA 2 VIAS HEMBRA,ORO1616,BAJO,C,,
FICHA | TOYOTA 2 VIAS HEMBRA,ORO1617,BAJO,C,,
FICHA | BOBINA SURAN-FOX-GOL,ORO1618,BAJO,B,,
FICHA | ELECTROVENTILADOR PE,ORO1619,BAJO,C,,
FICHA | MACHO ELECTROVENTILA,ORO1620,BAJO,C,,
FICHA | HEMBRA ELECTROVENTIL,ORO1621,BAJO,C,,
FICHA | INYECCION PEUGEOT HD,ORO1622,BAJO,C,,
FICHA | SENSOR TEMPERATURA C,ORO1623,BAJO,C,,
FICHA | ELECTROVENTILADOR PE,ORO1624,BAJO,C,,
FICHA | PRESOSTATO A/A - PAL,ORO1625,BAJO,C,,
FICHA | ELECTROVENTILADOR PE,ORO1626,BAJO,C,,
FICHA | SONDA LAMBDA PEUGEOT,ORO1627,BAJO,C,,
FICHA | MODULO INYECCION PAL,ORO1628,BAJO,C,,
FICHA | FARO TRASERO VW POLO,ORO1629,BAJO,C,,
FICHA | CONTACTO BOMBA GASOI,ORO1630,BAJO,C,,
FICHA | FAROS DELANTEROS PEU,ORO1631,BAJO,C,,
FICHA | ELECTROVENTILADOR VW,ORO1632,BAJO,C,,
FICHA | 4 VIAS SENSOR MAP BO,ORO1633,BAJO,C,,
FICHA | 2 VIAS MOTOR ELECT.,ORO1634,BAJO,C,,
FICHA | 2 VIAS ELECTROVENTIL,ORO1635,BAJO,C,,
FICHA | 4 VIAS CONTACTOR PAL,ORO1636,BAJO,B,,
FICHA | 3 VIAS SENSOR CHEVRO,ORO1637,BAJO,C,,
FICHA | SENSOR MARIPOSA VW G,ORO1638,BAJO,C,,
6 VIAS BOBINA I | 6 VIAS BOBINA DE IGN,ORO1639,BAJO,C,,
FICHA | 2 VIAS HEMBRA ELECTR,ORO1640,BAJO,C,,
FICHA | 2 VIAS MACHO ELECTRO,ORO1641,BAJO,C,,
FICHA | 4 VIAS PRESOSTATO AI,ORO1642,BAJO,C,,
FICHA | 4 VIAS SENSOR TEMPER,ORO1643,BAJO,C,,
FICHA | 1 VIA LAMPARA H1,ORO1644,BAJO,A,,
FICHA | 1 VIA BULBO ACEITE V,ORO1645,BAJO,B,,
FICHA | 1 VIA ARRANQUE VW FO,ORO1646,BAJO,C,,
FICHA | 3 VIAS BULBO RADIADO,ORO1647,BAJO,C,,
FICHA | 4 VIAS BOMBA DE COMB,ORO1648,BAJO,C,,
FICHA | 6 VIAS SENSOR MARIPO,ORO1649,BAJO,C,,
FICHA | 6 VIAS SENSOR MARIPO,ORO1650,BAJO,B,,
FICHA | 6 VIAS LEVANTA VIDRI,ORO1651,BAJO,C,,
FICHA | 8 VIAS CONTACTOR VW,ORO1652,BAJO,C,,
FICHA | 2 VIAS REULADOR DE V,ORO1653,BAJO,C,,
FICHA | 3 VIAS ELECTROVENTIL,ORO1654,BAJO,C,,
FICHA | 7 VIAS MODULO ELECTR,ORO1655,BAJO,C,,
FICHA | 2 VIAS INYECTOR FORD,ORO1656,BAJO,C,,
FICHA | 3 VIAS SENSOR DE ROT,ORO1657,BAJO,C,,
FICHA | 6 VIAS SENSOR MARIPO,ORO1658,BAJO,C,,
FICHA | 6 VIAS PEDAL ACELERA,ORO1659,BAJO,C,,
FICHA | 2 VIAS SENSOR Y BOMB,ORO1660,BAJO,C,,
FICHA | 2 VIAS SENSOR DE ROT,ORO1661,BAJO,C,,
FICHA | 2 VIAS INYECTOR HOND,ORO1662,BAJO,C,,
FICHA | 2 VIAS SISTEMA DE FR,ORO1663,BAJO,C,,
FICHA | 2 VIAS SENSORES RENA,ORO1664,BAJO,C,,
FICHA | 2 VIAS MOTOR LEVANTA,ORO1665,BAJO,C,,
FICHA | 2 VIAS INYECCION ELE,ORO1666,BAJO,C,,
FICHA | 2 VIAS COMBUSTIBLE B,ORO1667,BAJO,C,,
FICHA | 4 VIAS BULBO TEMPERA,ORO1668,BAJO,C,,
FICHA | 2 VIAS FAROS AUXILIA,ORO1669,BAJO,C,,
FICHA | 5 VIAS SENSORES VW-G,ORO1670,BAJO,C,,
FICHA | 4 VIAS MOTOR ELECTRO,ORO1671,BAJO,C,,
FICHA | 6 VIAS MODULO INYECC,ORO1672,BAJO,C,,
FICHA | 2 VIAS INYECCION ELE,ORO1673,BAJO,C,,
FICHA | 3 VIAS REGULADOR DE,ORO1674,BAJO,C,,
FICHA | 2 VIAS MACHO ELECTRO,ORO1675,BAJO,C,,
FICHA | 2 VIAS HEMBRA ELECTR,ORO1676,BAJO,C,,
FICHA | 4 VIAS INYECCION ELE,ORO1677,BAJO,C,,
FICHA | 5 VIAS TECLA LEVANTA,ORO1679,BAJO,C,,
FICHA | 6 VIAS BOMBA COMB. Y,ORO1680,BAJO,C,,
FICHA | 6 VIAS BOMBA COMBUST,ORO1681,BAJO,C,,
FICHA | 5 VIAS BOMBA COMBUST,ORO1682,BAJO,C,,
FICHA | 5 VIAS MOTOR LIMPIAP,ORO1683,BAJO,C,,
FICHA | 7 VIAS AIRE ACONDICI,ORO1684,BAJO,C,,
FICHA | 7 VIAS LLAVE DE CONT,ORO1685,BAJO,C,,
FICHA | 6 VIAS LLAVE DE GIRO,ORO1686,BAJO,C,,
FICHA | 4 VIAS BULBO TEMPERA,ORO1687,BAJO,C,,
FICHA | 5 VIAS MOTOR LIMPIAP,ORO1688,BAJO,C,,
FICHA | 6 VIAS FARO TRASERO,ORO1689,BAJO,C,,
FICHA | 4 VIAS SONDA LAMBDA,ORO1690,BAJO,C,,
FICHA | 6 VIAS SENSOR DE FRE,ORO1691,BAJO,C,,
FICHA | 4 VIAS BULBO TEMPERA,ORO1692,BAJO,C,,
FICHA | 6 VIAS TECLA BALIZA,ORO1693,BAJO,C,,
FICHA | 4 VIAS INYECCION ELE,ORO1694,BAJO,C,,
FICHA | 2 VIAS INYECTOR M. B,ORO1695,BAJO,C,,
FICHA | 4 VIAS SENSOR MAP EC,ORO1696,BAJO,C,,
FICHA | 2 VIAS MOTOR LEVANTA,ORO1697,BAJO,C,,
FICHA | 5 VIAS TECLA LEVANTA,ORO1698,BAJO,C,,
FICHA | 5 VIAS RESISTENCIA A,ORO1699,BAJO,C,,
FICHA | 2 VIAS INYECTOR DELP,ORO1700,BAJO,C,,
FICHA | 2 VIAS REGULADOR VOL,ORO1701,BAJO,B,,
FICHA | 5 VIAS SENSOR MAF,ORO1702,BAJO,C,,
FICHA | 4 VIAS MEDIDOR DE FL,ORO1703,BAJO,C,,
FICHA | 4 VIAS MOTOR ELECTRO,ORO1704,BAJO,C,,
FICHA | 8 VIAS MODELO INMOVI,ORO1705,BAJO,C,,
FICHA | 4 VIAS RESERVORIO DE,ORO1706,BAJO,C,,
FICHA | 2 VIAS ELECTROVENTIL,ORO1707,BAJO,C,,
FICHA | 2 VIAS INYECCION ELE,ORO1708,BAJO,C,,
FICHA | 5 VIAS BOMBA DE COMB,ORO1709,BAJO,C,,
FICHA | 4 VIAS HEMBRA FARO C,ORO1710,BAJO,C,,
FICHA | 4 VIAS MACHO FARO CA,ORO1711,BAJO,C,,
FICHA | 2 VIAS SENSOR RESERV,ORO1712,BAJO,C,,
FICHA | 3 VIAS SENSOR HEMBRA,ORO1713,BAJO,C,,
FICHA | 2 VIAS MOTOR ELECTRO,ORO1714,BAJO,C,,
FICHA | 3 VIAS SENSOR VELOCI,ORO1715,BAJO,C,,
FICHA | 2 VIAS HEMBRA SENSOR,ORO1717,BAJO,C,,
FICHA | 2 VIAS ELECTROVALVUL,ORO1718,BAJO,C,,
FICHA | 8 VIAS CUERPO MARIPO,ORO1719,BAJO,C,,
FICHA | 6 VIAS COMB. SUPERIO,ORO1720,BAJO,C,,
FICHA | 5 VIAS SENSOR FLUJO,ORO1721,BAJO,C,,
FICHA | 2 VIAS SENSOR DE AIR,ORO1722,BAJO,C,,
FICHA | 2 VIAS INYECTOR LINE,ORO1723,BAJO,C,,
FICHA | 2 VIAS SENSOR TEMPER,ORO1724,BAJO,B,,
FICHA | 3 VIAS EÑECTROVENTIL,ORO1725,BAJO,C,,
FICHA | 4 VIAS INTERRUP FREN,ORO1726,BAJO,C,,
FICHA | 4 VIAS BOBINA DE IGN,ORO1727,BAJO,C,,
FICHA | 6 VIAS OPTICA DELANT,ORO1728,BAJO,C,,
FICHA | 2 VIAS BOMBA DE COMB,ORO1729,BAJO,C,,
FICHA | 2 VIAS MODULO INMOV,ORO1731,BAJO,C,,
FICHA | 3 VIAS HEMBRA BULBO,ORO1732,BAJO,C,,
FICHA | 2 VIAS INYECTOR VW,ORO1733,BAJO,C,,
FICHA | 1 VIA INYECTOR,ORO1734,BAJO,C,,
FICHA | 1 VIA INYECTOR,ORO1735,BAJO,C,,
FICHA | 2 VIAS INTERRUPTOR M,ORO1736,BAJO,C,,
FICHA | 3 VIAS SENSOR DE PRE,ORO1737,BAJO,C,,
FICHA | 2 VIAS SENSOR INYECT,ORO1738,BAJO,C,,
FICHA | 3 VIAS SENSOR INYECT,ORO1739,BAJO,C,,
FICHA | 2 VIAS INYECTOR HARL,ORO1740,BAJO,C,,
FICHA | 3 VIAS INYECCION ELE,ORO1741,BAJO,C,,
FICHA | 3 VIAS INYECCION ELE,ORO1742,BAJO,C,,
FICHA | 2 VIAS SENSOR ROT. R,ORO1743,BAJO,C,,
FICHA | 2 VIAS SENSOR ACEITE,ORO1744,BAJO,C,,
FICHA | 2 VIAS N/DENSO,ORO1745,BAJO,C,,
FICHA | 2 VIAS SENSOR TEMPER,ORO1746,BAJO,C,,
FICHA | 2 VIAS INYECTOR HOND,ORO1747,BAJO,C,,
FICHA | 2 VIAS SENSOR VELOCI,ORO1748,BAJO,C,,
FICHA | 2 VIAS TANQUE Y BOMB,ORO1749,BAJO,C,,
FICHA | 3 VIAS BOBINA DE IGN,ORO1750,BAJO,C,,
FICHA | 3 VIAS SENSOR MARIPO,ORO1751,BAJO,C,,
FICHA | 3 VIAS BOBINA IGNICI,ORO1752,BAJO,C,,
FICHA | 3 VIAS SENSOR VELOCI,ORO1753,BAJO,C,,
FICHA | 3 VIAS SENSOR ROTACI,ORO1754,BAJO,C,,
FICHA | 3 VIAS SENSOR ROTACI,ORO1755,BAJO,C,,
FICHA | 2 VIAS INYECTOR TOYO,ORO1756,BAJO,C,,
FICHA | 2 VIAS FAROS AUXILIA,ORO1757,BAJO,C,,
FICHA | 2 VIAS MOTOR ELECTRO,ORO1758,BAJO,C,,
FICHA | 4 VIAS SONDA LAMBDA,ORO1759,BAJO,C,,
FICHA | 4 VIAS SENSOR PRESIO,ORO1760,BAJO,C,,
FICHA | 1 VIA SENSOR PRESION,ORO1761,BAJO,C,,
FICHA | 4 VIAS ACELERADOR EL,ORO1762,BAJO,C,,
FICHA | 4 VIAS BOBINA IGNICI,ORO1763,BAJO,C,,
FICHA | 4 VIAS SENSOR OXIGEN,ORO1764,BAJO,C,,
FICHA | 4 VIAS SONDA LAMBDA,ORO1765,BAJO,C,,
FICHA | 4 VIAS SONDA LAMBDA,ORO1766,BAJO,C,,
FICHA | 5 VIAS FLUJO DE AIRE,ORO1767,BAJO,C,,
FICHA | 5 VIAS FLUJO DE AIRE,ORO1768,BAJO,C,,
FICHA | 6 VIAS TANQUE COMBUS,ORO1769,BAJO,C,,
FICHA | 6 VIAS INYECCION ELE,ORO1770,BAJO,C,,
FICHA | 8 VIAS MOTOR TRABA E,ORO1771,BAJO,C,,
FICHA | 6 VIAS ACELERADOR EL,ORO1772,BAJO,C,,
FICHA | 3 VIAS INTERRUPTOR L,ORO1773,BAJO,C,,
FICHA | 5 VIAS BOBINA CHEVRO,ORO1774,BAJO,C,,
FICHA | 8 vias inyeccion ele,ORO1775,BAJO,C,,
FICHA | 2 vias bomba combust,ORO1776,BAJO,C,,
FICHA | 5 vias sonda lambda,ORO1777,BAJO,C,,
FICHA | 2 Vias sensores de p,ORO1778,BAJO,C,,
FICHA | 6 Vias cuerpo maripo,ORO1779,BAJO,C,,
FICHA | 4 Vias linea Deustch,ORO1780,BAJO,C,,
FICHA | 2 Vias Motor levanta,ORO1781,BAJO,D,,
FICHA | 2 Vias faros auxilia,ORO1782,BAJO,C,,
FICHA | 5 Vias Faros Trasero,ORO1783,BAJO,C,,
FICHA | 2 Vias Iny.Diesel DE,ORO1784,BAJO,C,,
FICHA | 1 Via Alternador Mit,ORO1785,BAJO,C,,
FICHA | 2 Vias Inyector Ford,ORO1786,BAJO,C,,
FICHA | 1 Via Sonda Lambda C,ORO1787,BAJO,C,,
FICHA | 1 Vía Excitación Arr,ORO1788,BAJO,C,,
FICHA | FICHA 2 VIAS PEUGEOT,ORO1789,BAJO,C,,
FICHA | 2 Vias Sensor de vel,ORO1790,BAJO,C,,
FICHA | 3 VIAS SENSOR DE ROT,ORO1791,BAJO,C,,
FICHA | 2 Vias Portalamp. Lu,ORO1792,BAJO,C,,
FICHA | 2 Vias Bobina de Ign,ORO1793,BAJO,C,,
FICHA | 2 Vias Bomba Combust,ORO1794,BAJO,C,,
FICHA | 2 Vias Lampara Faros,ORO1795,BAJO,C,,
FICHA | 2 Vias Faros Auxilia,ORO1796,BAJO,C,,
FICHA | 3 Vias Bobina de Ign,ORO1797,BAJO,C,,
FICHA | 2 Vias sensor de luz,ORO1798,BAJO,C,,
FICHA | 4 VIAS GM Bomba de C,ORO1799,BAJO,C,,
FICHA | 4 Vias Sensor MAF Bo,ORO1800,BAJO,C,,
FICHA | 4 Vias Inyeccion Ele,ORO1801,BAJO,C,,
FICHA | 4 Vías Sonda lambda,ORO1802,BAJO,C,,
FICHA | 4 Vias Bomba de comb,ORO1803,BAJO,C,,
FICHA | 5 Vias Sensor de flu,ORO1804,BAJO,C,,
FICHA | 5 Vias Bomba Combust,ORO1805,BAJO,C,,
FICHA | 5 Vias Sensor Flujo,ORO1806,BAJO,C,,
FICHA | 5 Vias Acelerador El,ORO1807,BAJO,C,,
FICHA | 5 Vias Bomba Combust,ORO1808,BAJO,C,,
FICHA | 7 Vias llave limpia,ORO1809,BAJO,C,,
FICHA | 9 Vias Optica Peugeo,ORO1810,BAJO,C,,
FICHA | 3 Vias Electro Vent.,ORO1811,BAJO,C,,
FICHA | 3 Vias Inyeccion Ele,ORO1812,BAJO,C,,
FICHA | 3 Vias luz de Giros,ORO1813,BAJO,C,,
FICHA | 4 Vias Motor Paso a,ORO1814,BAJO,D,,
FICHA | 2 Vias VW compresor,ORO1815,BAJO,C,,
FICHA | 15 Vias Relay Inyec.,ORO1816,BAJO,C,,
FICHA | 1 Via Sonda Lambda C,ORO1817,BAJO,C,,
FICHA | 2 Vias Inyector - Se,ORO1818,BAJO,C,,
FICHA | 5 Vias Resist. de A/,ORO1819,BAJO,C,,
FICHA | 4 Vias Ford Ecosport,ORO1820,BAJO,C,,
FICHA | 6 Vias Modulo Cierre,ORO1821,BAJO,C,,
FICHA | 4 Vias Sonda de líne,ORO1822,BAJO,C,,
FICHA | 2 Vias Inyeccion Ele,ORO1823,BAJO,C,,
FICHA | 3 Vias Inyeccion Ele,ORO1824,BAJO,C,,
FICHA | 3 Vias Electro Venti,ORO1825,BAJO,D,,
FICHA | 3 Vias Bobina Ford m,ORO1826,BAJO,C,,
FICHA | 4 Vias Sonda Lambda,ORO1827,BAJO,C,,
FICHA | 6 Vias Sensor Flujo,ORO1828,BAJO,C,,
FICHA | 6 Vias Traba Electri,ORO1829,BAJO,C,,
FICHA | 1 via Fiat Siena Pal,ORO1830,BAJO,C,,
FICHA | 1 via Fiat Siena Pal,ORO1831,BAJO,C,,
FICHA | 12 Vias toma diagnos,ORO1832,BAJO,C,,
FICHA | 3 Vias Faros Chevrol,ORO1833,BAJO,C,,
FICHA | 4 Vias Sonda Lambda,ORO1834,BAJO,C,,
FICHA | 4 Vias Inyeccion Ele,ORO1835,BAJO,C,,
FICHA | 3 Vias Sensor de imp,ORO1836,BAJO,C,,
FICHA | 3 Vias Linea VW,ORO1837,BAJO,C,,
FICHA | 4 Vias Linea VW,ORO1838,BAJO,C,,
FICHA | 4 Vias Electro Venti,ORO1839,BAJO,C,,
FICHA | 6 Vias Teclas Ford F,ORO1840,BAJO,C,,
FICHA | 10 Vias Teclas Peugo,ORO1841,BAJO,C,,
FICHA | 9 Vias interconexion,ORO1842,BAJO,C,,
FICHA | 3 Vias Electro Venti,ORO1843,BAJO,D,,
FICHA | 5 Vias Comando venti,ORO1844,BAJO,C,,
FICHA | 2 Vias Caja de Direc,ORO1845,BAJO,D,,
FICHA | 6 Vias Renault - VW,ORO1846,BAJO,C,,
FICHA | 8 Vias Optica Fiat A,ORO1847,BAJO,C,,
FICHA | 2 Vias Chevrolet Ele,ORO1848,BAJO,C,,
FICHA | 7 Vias Llave Balizas,ORO1849,BAJO,D,,
FICHA | 2 Vias sensor temper,ORO1850,BAJO,C,,
FICHA | 2 Vias interruptor m,ORO1851,BAJO,C,,
FICHA | 3 Vias sensor rotaci,ORO1852,BAJO,C,,
FICHA | 1 Via Sensores Toyot,ORO1853,BAJO,C,,
FICHA | 1 via Linea Fiat Caj,ORO1854,BAJO,C,,
FICHA | 4 Vias S.Lambda F.Ma,ORO1855,BAJO,C,,
FICHA | 6 Vias Ford Ramal In,ORO1856,BAJO,C,,
FICHA | 4 Vias Medidor Flujo,ORO1857,BAJO,C,,
FICHA | 4 Vias Sonda Lambda,ORO1858,BAJO,C,,
FICHA | 4 Vias Sonda Lambda,ORO1859,BAJO,C,,
FICHA | 2 Vias Bomba Reservo,ORO1860,BAJO,C,,
FICHA | 5 Vias Bobina de Ign,ORO1861,BAJO,C,,
FICHA | 35 Vias ECU Marelli/,ORO1862,BAJO,D,,
FICHA | 6 Vias Acelerador El,ORO1863,BAJO,D,,
FICHA | 5 Vias Sensor Flujo,ORO1864,BAJO,C,,
FICHA | 3 Vias Sensor de Vel,ORO1865,BAJO,C,,
FICHA | 4 Vias Faros Delante,ORO1866,BAJO,C,,
FICHA | 4 Vias Sensor de Pre,ORO1867,BAJO,C,,
FICHA | 3 Vias Linea VW - Fo,ORO1868,BAJO,C,,
FICHA | 6 vias inyec. Electr,ORO1869,BAJO,C,,
FICHA | 5 vias sonda Lambda,ORO1870,BAJO,C,,
FICHA | 4 vias regulador vol,ORO1871,BAJO,C,,
FICHA | 4 Vias Levanta Vidri,ORO1872,BAJO,C,,
FICHA | 16 Vias Hembra Ester,ORO1873,BAJO,C,,
FICHA | 2 Vias Motor Electro,ORO1874,BAJO,C,,
FICHA | 3 Vias Iluminaciones,ORO1875,BAJO,C,,
FICHA | 2 Vias Presostato Ch,ORO1876,BAJO,C,,
FICHA | 16 Vias Toma Diagnos,ORO1877,BAJO,C,,
FICHA | 3 Vias Optica Toyota,ORO1878,BAJO,C,,
FICHA | 4 Vias Bomba Combust,ORO1879,BAJO,C,,
FICHA | 2 Vias Faros Auxilia,ORO1880,BAJO,C,,
FICHA | 3 Vias Inyeccion Ele,ORO1881,BAJO,C,,
FICHA | 3 Vias Inyeccion Ele,ORO1882,BAJO,C,,
FICHA | 2 Vias Bobina Ignici,ORO1883,BAJO,C,,
FICHA | 2 Vias Bobina Ignici,ORO1884,BAJO,C,,
FICHA | 2 Vias Sensor Fase c,ORO1885,BAJO,C,,
FICHA | 2 Vias Valvula Selen,ORO1886,BAJO,C,,
FICHA | 3 Vias Sensor MAP ·,ORO1887,BAJO,C,,
FICHA | 3 Vias Bobina Ignici,ORO1888,BAJO,C,,
FICHA | 4 Vias Linea Toyota,ORO1889,BAJO,D,,
FICHA | 4 Vias Macho Sonda L,ORO1890,BAJO,C,,
FICHA | 4 Vias Hembra Sonda,ORO1891,BAJO,C,,
FICHA | 6 Vias Inyector Line,ORO1892,BAJO,C,,
FICHA | 4 Vias Regulador Vol,ORO1893,BAJO,C,,
FICHA | 4 Vias Bomba Combust,ORO1894,BAJO,C,,
FICHA | 4 Vias Sensor Presio,ORO1895,BAJO,C,,
FICHA | 5 Vias Medidor de Fl,ORO1896,BAJO,C,,
FICHA | 6 Vias Sensor de Pre,ORO1897,BAJO,C,,
FICHA | 2 Vias Electroventil,ORO1898,BAJO,C,,
FICHA | 4 Vias Sensor Sonda,ORO1899,BAJO,C,,
FICHA | 4 Vias Faro Trasero,ORO1900,BAJO,C,,
FICHA | 3 Vias Sensor Arbol,ORO1901,BAJO,C,,
FICHA | 2 Vias Caja De Direc,ORO1902,BAJO,C,,
FICHA | 2 Vias Electroventil,ORO1903,BAJO,C,,
FICHA | 4 Vias Sensor Temp.,ORO1904,BAJO,C,,
FICHA | 3 Vias Sensor de Pre,ORO1905,BAJO,C,,
FICHA | 6 Vias Bobina Ignici,ORO1906,BAJO,C,,
FICHA | 2 Vias Sensor Presio,ORO1907,BAJO,C,,
FICHA | 2 Vias Bobina Ignici,ORO1908,BAJO,C,,
FICHA | 3 Vias Bobina Ignici,ORO1909,BAJO,C,,
FICHA | 3 Vias Sensor De Rot,ORO1910,BAJO,C,,
FICHA | 3 Vias Sensor de Vel,ORO1911,BAJO,C,,
FICHA | 5 Vias Acelerador El,ORO1912,BAJO,C,,
FICHA | 2 Vias Sensores Vari,ORO1913,BAJO,C,,
FICHA | 4 Vias Valvula de Co,ORO1914,BAJO,C,,
FICHA | 2 Vias Macho Compres,ORO1915,BAJO,C,,
FICHA | 4 V.faros delanteros,ORO1917,BAJO,C,,
FICHA | 2 Vias Sensores Line,ORO1918,BAJO,D,,
FICHA | 6 Vias Llave Baliza,ORO1919,BAJO,C,,
FICHA | 6 Vias Faro Trasero,ORO1920,BAJO,C,,
FICHA | 2 Vias Resistencia E,ORO1921,BAJO,C,,
FICHA | 2 Vias Inyectores VW,ORO1922,BAJO,C,,
FICHA | 5 Vias Bomba de Comb,ORO1923,BAJO,C,,
FICHA | 2 Vias Valvula Selen,ORO1924,BAJO,C,,
FICHA | 2 Vias Sensor Rotaci,ORO1925,BAJO,C,,
FICHA | 2 VIAS SENSOR DE DET,ORO1926,BAJO,C,,
FICHA | 7 VIAS LLAVE L/PARAB,ORO1927,BAJO,C,,
FICHA | 6 V. CPO MARIPOSA FO,ORO1928,BAJO,C,,
FICHA | 6 V. BOB. CHEVROLET,ORO1929,BAJO,C,,
FICHA | 10 VIAS OPTICA HYUND,ORO1930,BAJO,D,,
FICHA | 6 VIAS MODULO DE INY,ORO1931,BAJO,C,,
FICHA | 3 VIAS LINEA VW/FORD,ORO1932,BAJO,C,,
FICHA | 6 VIAS FARO DELANTER,ORO1933,BAJO,C,,
FICHA | 7 VIAS MACHO OPTICA,ORO1934,BAJO,C,,
FICHA | 7 VIAS HEMBRA OPTICA,ORO1935,BAJO,C,,
FICHA | 2 VIAS INYECTOR Y BU,ORO1936,BAJO,C,,
FICHA | 6 V SENSOR MAF NISSA,ORO1937,BAJO,C,,
FICHA | 2 VIAS SENSOR TEMPER,ORO1938,BAJO,C,,
FICHA | 2 VIAS GIRO TRASERO,ORO1939,BAJO,C,,
FICHA | 7 VIAS AIRE ACONDICI,ORO1940,BAJO,C,,
FICHA | 3 VIAS SENSOR MAP HO,ORO1941,BAJO,C,,
FICHA | 4 VIAS BULBO STOP SA,ORO1942,BAJO,C,,
FICHA | 4 VIAS BULBO TEMPERA,ORO1943,BAJO,C,,
FICHA | 4 VIAS TANQUE DE COM,ORO1944,BAJO,C,,
FICHA | 2 VIAS INYECTOR BRC,ORO1945,BAJO,C,,
FICHA | 2 VIAS SENSOR DE NIV,ORO1946,BAJO,C,,
FICHA | 2 VIAS SENSOR TEMPER,ORO1947,BAJO,C,,
FICHA | 4 VIAS SENSOR MAP CH,ORO1948,BAJO,C,,
FICHA | 14 VIAS OPTICA HYUND,ORO1949,BAJO,D,,
FICHA | 2 VIAS SENSOR RPM FI,ORO1950,BAJO,C,,
FICHA | 3 VIAS SENSOR ROTACI,ORO1951,BAJO,C,,
FICHA | 2 VIAS SENSOR TEMP.,ORO1952,BAJO,C,,
FICHA | 6 V SENSOR MARIPOSA,ORO1953,BAJO,C,,
FICHA | 8 VIAS OPTICA TOYOTA,ORO1954,BAJO,C,,
FICHA | 8 VIAS OPTICA CHEVRO,ORO1955,BAJO,C,,
FICHA | 8 VIAS BICO INYECTOR,ORO1956,BAJO,C,,
FICHA | 6 VIAS ACELERADOR EL,ORO1957,BAJO,C,,
FICHA | 3 VIAS BOBINA IGNICI,ORO1958,BAJO,C,,
FICHA | 7 VIAS FARO TRASERO,ORO1959,BAJO,C,,
FICHA | 2 VIAS SENSORES HYUN,ORO1960,BAJO,C,,
FICHA | 4 VIAS SONDA LAMBA C,ORO1961,BAJO,C,,
FICHA | 4 VIAS SONDA LAMBA C,ORO1962,BAJO,C,,
FICHA | 6 VIAS ACELERADOR EL,ORO1963,BAJO,C,,
FICHA | 6 VIAS SENSOR FRENOS,ORO1964,BAJO,C,,
FICHA | 2 VIAS RESISTENCIA V,ORO1965,BAJO,C,,
FICHA | 1 VIA COMPRESOR A/AC,ORO1966,BAJO,C,,
FICHA | 2 VIAS SENSOR PRESIO,ORO1967,BAJO,C,,
FICHA | 2 VIAS ELECTROVENTIL,ORO1968,BAJO,C,,
FICHA | 2 VIAS ELECTROVENTIL,ORO1969,BAJO,C,,
FICHA | 3 V. BOB.DE IGN. NIS,ORO1970,BAJO,C,,
FICHA | 3 VIAS SENSOR TEMPER,ORO1971,BAJO,C,,
FICHA | 3 VIAS RESISTENCIA E,ORO1972,BAJO,C,,
FICHA | 3 VIAS SENSOR ESTACI,ORO1973,BAJO,C,,
FICHA | 4 VIAS SONDA LAMBDA,ORO1974,BAJO,C,,
FICHA | 4 VIAS LINEA AGRICOL,ORO1975,BAJO,C,,
FICHA | 3 VIAS PRESOSTATO KI,ORO1976,BAJO,C,,
FICHA | 4 V. TAPA TANQUE DE,ORO1977,BAJO,C,,
FICHA | 4 VIAS MOTOR ELECTRO,ORO1978,BAJO,C,,
FICHA | 4 VIAS BULBO TEMPERA,ORO1979,BAJO,C,,
FICHA | 2 VIAS TRABA PUERTAS,ORO1980,BAJO,C,,
FICHA | 2 VIAS RESISTENCIA E,ORO1981,BAJO,C,,
FICHA | 2 V. VALVULA TERMOST,ORO1982,BAJO,C,,
FICHA | 2 VIAS ELECTROVENTIL,ORO1983,BAJO,C,,
FICHA | 3 V. BOMBA COMB. FOC,ORO1984,BAJO,C,,
FICHA | 5 VIAS FAROS TRASERO,ORO1985,BAJO,C,,
FICHA | 2 VIAS ELECTROV. REN,ORO1986,BAJO,C,,
FICHA | 4 VIAS SENSOR AIRBAG,ORO1987,BAJO,C,,
FICHA | 2 VIAS BOMBA DIRECCI,ORO1988,BAJO,D,,
FICHA | 15 VIAS OPTICA DELAN,ORO1989,BAJO,D,,
FICHA | 9 VIAS BOMBA DE DIRE,ORO1990,BAJO,D,,
FICHA | 5 VIAS RELAY ELECTRO,ORO1991,BAJO,C,,
FICHA | 1 VIA EXCITACION DE,ORO1992,BAJO,C,,
FICHA | 8 VIAS TAPA SUPERIOR,ORO1993,BAJO,C,,
FICHA | 10 VIAS OPTICA PEUGE,ORO1994,BAJO,C,,
FICHA | 3 VIAS BOBINA IGNICI,ORO1995,BAJO,C,,
FICHA | 3 VIAS TERMOSTATO FI,ORO1996,BAJO,C,,
FICHA | 2 VIAS INYECTOR AUDI,ORO1997,BAJO,C,,
FICHA | 2 VIAS SENSOR TEMP.,ORO1998,BAJO,C,,
FICHA | 7 VIAS BOBINA DE IGN,ORO1999,BAJO,C,,
MAZO DE CONEXIÓ | RENAULT 18,ORO2001,BAJO,C,,
MAZO DE CONEXIÓ | RENAULT 21 DIST ARGE,ORO2002,BAJO,C,,
MAZO DE CONEXIÓ | PEUGEOT 504-505 DIST,ORO2003,BAJO,C,,
MAZO DE CONEXIÓ | FIAT BOBINA UNO-DUNA,ORO2004,BAJO,C,,
MAZO DE CONEXIÓ | FIAT BOBINA UNO-DUNA,ORO2005,BAJO,C,,
MAZO DE CONEXIÓ | FORD F100 DISTRIBUID,ORO2006,BAJO,C,,
MAZO DE CONEXIÓ | VOLKSWAGEN ENCENDIDO,ORO2007,BAJO,C,,
MAZO DE CONEXIÓ | FIAT MAGNETTI MARELL,ORO2008,BAJO,C,,
MAZO DE CONEXIÓ | RENAULT MAGNETTI MAR,ORO2009,BAJO,C,,
MAZO DE CONEXIÓ | FIAT MAGNETTI MARELL,ORO2010,BAJO,C,,
MAZO DE CONEXIÓ | RENAULT BOBINA INDIE,ORO2011,BAJO,C,,
MAZO DE CONEXIO | FIAT TIPO,ORO2012,BAJO,C,,
MAZO DE CONEXIO | PEUGEOT 504 - TERMIN,ORO2013,BAJO,C,,
MAZO DE CONEXIO | BOBINA INDIEL,ORO2014,BAJO,C,,
Faro Agricola C | UNIVERSAL CHICO NEGR,ORO2110,BAJO,D,,
Faro Agricola G | UNIVERSAL GRANDE NEG,ORO2150,BAJO,D,,
Faro Agricola G | ,ORO2151,BAJO,D,,
PORTALAMPARA | 1 POLO FARO DELANTER,ORO6000,BAJO,C,,
PORTALAMPARA | 1 POLO FARO TRASERO,ORO6001,BAJO,C,,
PORTALAMPARA | 2 POLOS FARO TRASERO,ORO6002,BAJO,C,,
PORTALAMPARA | 2 POLOS LUZ NEBLINA,ORO6003,BAJO,D,,
PORTALAMPARA | VW-FOX-GOL CVI. LAMP,ORO6004,BAJO,C,,
PORTALAMPARA | FIAT DOBLO-FORD ECOS,ORO6005,BAJO,C,,
PORTALAMPARA | DELANTERO VW POLO,ORO6006,BAJO,C,,
PORTALAMPARA | RENAULT CLIO 04. LAM,ORO6007,BAJO,D,,
PORTALAMPARA | DELANTERO FORD CARGO,ORO6008,BAJO,D,,
PORTALAMPARA | GIRO DELANTERO RENAU,ORO6009,BAJO,D,,
PORTALAMPARA | GM-ASTRA-GOL-SAVEIRO,ORO6010,BAJO,C,,
PORTALAMPARA | DELANTERO GM-CORSA-M,ORO6011,BAJO,C,,
PORTALAMPARA | DELANTERO FORD 250-4,ORO6012,BAJO,D,,
PORTALAMPARA | DELANTERO RENAULT KA,ORO6013,BAJO,D,,
PORTALAMPARA | GLOBO OPTICO HONDA F,ORO6014,BAJO,D,,
PORTALAMPARA | 1 POLO DELANTERO FOR,ORO6015,BAJO,C,,
PORTALAMPARA | 1 POLO DELANTERO HYU,ORO6016,BAJO,D,,
PORTALAMPARA | 2 POLOS JEEP/ HYUNDA,ORO6017,BAJO,D,,
FICHA | 1 VIAS BULBO ACEITE,ORO7000,BAJO,C,,
FICHA | 1 VIAS BULBO ACEITE,ORO7001,BAJO,C,,
FICHA | 7 VIAS INYECCION ELE,ORO7002,BAJO,C,,
FICHA | 3 VIAS SENSOR VELOCI,ORO7003,BAJO,C,,
FICHA | 5 VIAS OROGINAL CHEV,ORO7004,BAJO,C,,
FICHA | 3 VIAS REGULADOR DE,ORO7005,BAJO,C,,
FICHA | 2 VIAS LAMPARA FARO,ORO7006,BAJO,C,,
FICHA | 2 V. ELECTROVENTILAD,ORO7007,BAJO,C,,
FICHA | 3 VIAS ACELERADOR EL,ORO7008,BAJO,C,,
FICHA | 2 VIAS SENSOR BOMBA,ORO7009,BAJO,C,,
FICHA | 1 VIA COMPRESOR AIRE,ORO7010,BAJO,C,,
FICHA | 1 VIA SOLENOIDE HOND,ORO7011,BAJO,C,,
FICHA | 1 VIA BULBO DE ACEIT,ORO7012,BAJO,C,,
FICHA | 1 VIA INYECCION ELEC,ORO7013,BAJO,C,,
FICHA | 2 VIAS SOLENOIDE BOM,ORO7014,BAJO,C,,
FICHA | 2 VIAS BOCINA NISSAN,ORO7015,BAJO,C,,
FICHA | 2 VIAS SENSOR MAF HO,ORO7016,BAJO,C,,
FICHA | 1 VIA BULBO DE ACEIT,ORO7017,BAJO,C,,
FICHA | 2 VIAS SENSOR DE FAS,ORO7018,BAJO,C,,
FICHA | 3 VIAS SENSOR DE ROT,ORO7019,BAJO,C,,
FICHA | 2 VIAS LAMPARA FAROS,ORO7020,BAJO,C,,
FICHA | 4 VIAS ELECTROVENTIL,ORO7021,BAJO,C,,
FICHA | 4 VIAS ELECTROVENTIL,ORO7022,BAJO,C,,
FICHA | 11 VIAS LLAVE LIMPIA,ORO7023,BAJO,C,,
FICHA | 4 VIAS BOBINA IGNICI,ORO7024,BAJO,C,,
FICHA | 2 VIAS FARO AUX. Y C,ORO7025,BAJO,C,,
FICHA | 4 VIAS SENSOR DE VEL,ORO7026,BAJO,C,,
FICHA | 3 VIAS BOBINA PEUGEO,ORO7027,BAJO,C,,
FICHA | 3 VIAS BULBO TEMPERA,ORO7028,BAJO,C,,
FICHA | 2 VIAS BOMBA COMBUST,ORO7029,BAJO,C,,
FICHA | 8 VIAS CUERPO MARIPO,ORO7030,BAJO,C,,
FICHA | 5 VIAS TECLA FARO AU,ORO7031,BAJO,C,,
FICHA | 6 VIAS MACHO FARO SC,ORO7032,BAJO,C,,
FICHA | 6 VIAS HEMBRA FARO S,ORO7033,BAJO,C,,
FICHA | 6 VIAS MACHO FARO TR,ORO7034,BAJO,C,,
FICHA | 6 VIAS HEMBRA FARO T,ORO7035,BAJO,C,,
FICHA | 4 VIAS SOPORTE TRASE,ORO7036,BAJO,C,,
FICHA | 3 VIAS MACHO SENS VE,ORO7037,BAJO,C,,
FICHA | 2 VIAS BOBINA DE IGN,ORO7038,BAJO,C,,
FICHA | 6 VIAS FLUJO DE AIRE,ORO7039,BAJO,C,,
FICHA | 6 VIAS RAMAL INYECCI,ORO7040,BAJO,C,,
FICHA | 6 VIAS PANEL INSTRUM,ORO7041,BAJO,C,,
FICHA | 6 VIAS SONDA LAMBDA,ORO7042,BAJO,C,,
FICHA | 12 VIAS OPTICA CHEVR,ORO7043,BAJO,C,,
FICHA | 10 VIAS COMANDO PANE,ORO7044,BAJO,C,,
FICHA | 10 VIAS OPTICA HYUND,ORO7045,BAJO,D,,
FICHA | 10 VIAS OPTICA CHEVR,ORO7046,BAJO,C,,
FICHA | 2 VIAS LAMPARA H7 CE,ORO7047,BAJO,C,,
FICHA | 3 VIAS SENSOR POSICI,ORO7048,BAJO,C,,
FICHA | 16 VIAS OPTICA FORD,ORO7049,BAJO,C,,
FICHA | 6 VIAS BOMBA COMBUST,ORO7050,BAJO,C,,
FICHA | 1 VIA MACHO FARO AUX,ORO7051,BAJO,C,,
FICHA | 1 VIA HEMBRA FARO AU,ORO7052,BAJO,C,,
FICHA | 2 VIAS SENSOR TEMPER,ORO7053,BAJO,C,,
FICHA | 4 VIAS INTERRUPTOR L,ORO7054,BAJO,C,,
FICHA | 2 VIAS MACHO SENSOR,ORO7055,BAJO,C,,
FICHA | 5 VIAS ALTERNADOR PE,ORO7056,BAJO,C,,
FICHA | 2 VIAS HEMBRA SENSOR,ORO7057,BAJO,C,,
FICHA | 4 VIAS MOTOR PASO A,ORO7058,BAJO,C,,
FICHA | 9 VIAS TECLA BALIZA,ORO7059,BAJO,C,,
INSTALACION ELE | FIAT 600 - TODOS MOD,OROAU102,ALTO,C,,
INSTALACION ELE | CITROEN 3CV RAMAL PR,OROAU104,ALTO,C,,
INSTALACION ELE | CHEVROLET 400 TODOS,OROAU105,ALTO,C,,
INSTALACION ELE | VOLKSWAGEN DODGE POL,OROAU106,ALTO,D,,
INSTALACION ELE | VOLKSWAGEN DODGE POL,OROAU107,ALTO,D,,
INSTALACION ELE | VOLKSWAGEN VALIANT I,OROAU108,ALTO,C,,
INSTALACION ELE | FORD FALCON TODOS CO,OROAU109,ALTO,D,,
INSTALACION ELE | FIAT 1500 TODOS CON,OROAU110,ALTO,C,,
INSTALACION ELE | PEUGEOT 504 NAFTERO,OROAU112,ALTO,C,,
INSTALACION ELE | UNIVERSAL SIAM DI TE,OROAU114,ALTO,D,,
INSTALACION ELE | RENAULT TORINO TODOS,OROAU115,ALTO,C,,
INSTALACION ELE | RENAULT 4L-R,OROAU117,ALTO,D,,
INSTALACION ELE | RENAULT 4S-CON ALTER,OROAU119,ALTO,C,,
INSTALACION ELE | RENAULT 6-CON ALTERN,OROAU121,ALTO,C,,
INSTALACION ELE | CITROEN AMI 8,OROAU122,ALTO,C,,
INSTALACION ELE | PEUGEOT 404 DIESEL T,OROAU123,ALTO,D,,
INSTALACION ELE | CHEVROLET CHEVY-CON,OROAU124,ALTO,C,,
INSTALACION ELE | CHEVROLET CHEVY-CON,OROAU125,ALTO,C,,
INSTALACION ELE | FORD FALCON CON ALTE,OROAU126,ALTO,C,,
INSTALACION ELE | FORD FALCON CON ALTE,OROAU127,ALTO,C,,
INSTALACION ELE | FIAT 128-128 IAVA -,OROAU128,ALTO,C,,
INSTALACION ELE | PEUGEOT 404-NAFTERO,OROAU129,ALTO,D,,
INSTALACION ELE | RENAULT 12-CON ALTER,OROAU130,ALTO,C,,
INSTALACION ELE | CITROEN 3CV RAMAL PR,OROAU131,ALTO,C,,
INSTALACION ELE | FIAT 600 TODOS CON A,OROAU132,ALTO,C,,
INSTALACION ELE | FIAT 125 TODOS - NO,OROAU133,ALTO,C,,
INSTALACION ELE | VOLKSWAGEN 1300 H-64,OROAU134,ALTO,D,,
INSTALACION ELE | VOLKSWAGEN 1300 H-64,OROAU135,ALTO,C,,
INSTALACION ELE | FORD TAUNUS SEDAN CO,OROAU136,ALTO,C,,
INSTALACION ELE | RENAULT 12 CON ALTER,OROAU137,ALTO,C,,
INSTALACION ELE | PEUGEOT 504 NAFTERO,OROAU138,ALTO,D,,
INSTALACION ELE | VOLKSWAGEN DODGE 150,OROAU139,ALTO,D,,
INSTALACION ELE | VOLKSWAGEN DODGE 150,OROAU140,ALTO,C,,
INSTALACION ELE | PEUGEOT 504 NAFTA 80,OROAU141,ALTO,D,,
INSTALACION ELE | FORD TAUNUS GHIA SED,OROAU142,ALTO,C,,
INSTALACION ELE | PEUGEOT 504 DIESEL H,OROAU143,ALTO,C,,
INSTALACION ELE | PEUGEOT 504 DIESEL 8,OROAU144,ALTO,D,,
INSTALACION ELE | FIAT 128 EUROPA - TO,OROAU145,ALTO,C,,
INSTALACION ELE | FIAT 128 SUPER EUROP,OROAU146,ALTO,C,,
INSTALACION ELE | FIAT 147 NAFTERO HAS,OROAU147,ALTO,C,,
INSTALACION ELE | VOLKSWAGEN GACEL H87,OROAU148,ALTO,C,,
INSTALACION ELE | PEUGEOT 504 DIESEL F,OROAU149,ALTO,C,,
INSTALACION ELE | PEUGEOT 504 DIESEL B,OROAU150,ALTO,D,,
INSTALACION ELE | RENAULT 18 NAFTA FUL,OROAU151,ALTO,D,,
INSTALACION ELE | RENAULT 9 BASE TODOS,OROAU152,ALTO,C,,
INSTALACION ELE | FIAT 147 MOTOR NAFTE,OROAU153,ALTO,C,,
INSTALACION ELE | FIAT 147 DIESEL H93,OROAU154,ALTO,C,,
INSTALACION ELE | FORD FALCON 79 AL 82,OROAU155,ALTO,C,,
INSTALACION ELE | FIAT DUNA 1300-1500,OROAU156,ALTO,D,,
INSTALACION ELE | FIAT DUNA BASE MOTOR,OROAU157,ALTO,C,,
INSTALACION ELE | FIAT DUNA BASE MOTOR,OROAU158,ALTO,D,,
INSTALACION ELE | PEUGEOT 504 DIESEL B,OROAU159,ALTO,D,,
INSTALACION ELE | PEUGEOT 504 NAFTERO,OROAU160,ALTO,D,,
INSTALACION ELE | FORD FALCON 1983 EN,OROAU161,ALTO,D,,
INSTALACION ELE | FORD BEDFORD TODOS M,OROCA51,ALTO,C,,
INSTALACION ELE | VOLKSWAGEN DODGE 500,OROCA53,ALTO,C,,
INSTALACION ELE | MERCEDES BENZ 1112-1,OROCA57,ALTO,D,,
INSTALACION ELE | MERCEDES BENZ 1112-1,OROCA59,ALTO,C,,
INSTALACION ELE | CHEVROLET 50-60-70-M,OROCA60,ALTO,C,,
INSTALACION ELE | CHEVROLET 50-60-70-M,OROCA61,ALTO,C,,
INSTALACION ELE | FORD 600-700-6000-70,OROCA62,ALTO,C,,
INSTALACION ELE | MERCEDES BENZ 608-D-,OROCA64,ALTO,C,,
INSTALACION ELE | VOLKSWAGEN DODGE 500,OROCA65,ALTO,C,,
INSTALACION ELE | CHEVROLET 610-614-71,OROCA66,ALTO,D,,
INSTALACION ELE | MERCEDES BENZ 1114 7,OROCA67,ALTO,C,,
INSTALACION ELE | FIAT 673 T Y N H-78,OROCA68,ALTO,C,,
INSTALACION ELE | FIAT 673 T Y N H-78,OROCA69,ALTO,C,,
INSTALACION ELE | FIAT 619 T1 Y N1 TRA,OROCA70,ALTO,C,,
INSTALACION ELE | FIAT 619-T 1-N 1 TRA,OROCA71,ALTO,C,,
INSTALACION ELE | MERCEDES BENZ 1517-1,OROCA72,ALTO,C,,
INSTALACION ELE | SCANIA 111 TRAMO DEL,OROCA73,ALTO,C,,
INSTALACION ELE | SCANIA 111 TRAMO TRA,OROCA74,ALTO,C,,
INSTALACION ELE | VOLKSWAGEN DODGE 100,OROCA75,ALTO,C,,
INSTALACION ELE | FORD 7000 83-89,OROCA76,ALTO,C,,
INSTALACION ELE | FORD 7000 MOTOR DEUT,OROCA77,ALTO,D,,
INSTALACION ELE | MERCEDES BENZ 1215/1,OROCA78,ALTO,C,,
FICHA | UNIVERSAL CHICOTE 1,OROCH1P,BAJO,B,,
FICHA | UNIVERSAL CHICOTE 2,OROCH2P,BAJO,A,,
FICHA | UNIVERSAL CHICOTE MI,OROCHM,BAJO,C,,
FICHA | UNIVERSAL 3 VIAS FAR,OROFPT,BAJO,A,,
FICHA | UNIVERSAL 3 VIAS FAR,OROFPTE,BAJO,A,,
FICHA | UNIVERSAL 3 VIAS FAR,OROFPTR,BAJO,A,,
INSTALACION ELE | UNIVERSAL RASTROJERO,OROPI201,ALTO,C,,
INSTALACION ELE | UNIVERSAL RASTROJERO,OROPI203,ALTO,C,,
INSTALACION ELE | VOLKSWAGEN DODGE DE,OROPI205,ALTO,D,,
INSTALACION ELE | FORD F100-350-600 NA,OROPI207,ALTO,C,,
INSTALACION ELE | VOLKSWAGEN DODGE 100,OROPI208,ALTO,C,,
INSTALACION ELE | RENAULT JEEP IKA EST,OROPI210,ALTO,C,,
INSTALACION ELE | CHEVROLET C10-CON DI,OROPI212,ALTO,C,,
INSTALACION ELE | UNIVERSAL RASTROJERO,OROPI213,ALTO,C,,
INSTALACION ELE | VOLKSWAGEN DODGE 100,OROPI214,ALTO,C,,
INSTALACION ELE | CHEVROLET C10-CON AL,OROPI215,ALTO,C,,
INSTALACION ELE | FORD F100-350 DIES C,OROPI216,ALTO,C,,
INSTALACION ELE | FORD F100-350 NAFTA,OROPI217,ALTO,D,,
INSTALACION ELE | FORD F100-350 NAFTA,OROPI218,ALTO,C,,
INSTALACION ELE | FORD F100-250-350 DI,OROPI219,ALTO,C,,
INSTALACION ELE | RENAULT JEEP IKA TOD,OROPI221,ALTO,C,,
INSTALACION ELE | VOLKSWAGEN UTILITARI,OROPI222,ALTO,D,,
INSTALACION ELE | VOLKSWAGEN UTILITARI,OROPI223,ALTO,D,,
INSTALACION ELE | VOLKSWAGEN UTILITARI,OROPI224,ALTO,D,,
INSTALACION ELE | VOLKSWAGEN UTILITARI,OROPI225,ALTO,D,,
INSTALACION ELE | FORD F100-250-350 DI,OROPI226,ALTO,C,,
INSTALACION ELE | FORD F100-250-350 DI,OROPI227,ALTO,C,,
INSTALACION ELE | FORD F100-250-350 NA,OROPI228,ALTO,C,,
INSTALACION ELE | FORD F100-250-350 NA,OROPI229,ALTO,C,,
INSTALACION ELE | CHEVROLET C10 CON AL,OROPI230,ALTO,C,,
INSTALACION ELE | CHEVROLET C10 CON AL,OROPI231,ALTO,C,,
INSTALACION ELE | RENAULT TRAFIC NAFTE,OROPI232,ALTO,C,,
INSTALACION ELE | RENAULT TRAFIC NAFT,OROPI233,ALTO,C,,
INSTALACION ELE | RENAULT TRAFIC DIESE,OROPI234,ALTO,C,,
INSTALACION ELE | FIAT FIORINO NAFTERO,OROPI235,ALTO,D,,
INSTALACION ELE | FIAT FIORINO DIESEL,OROPI236,ALTO,C,,
INSTALACION ELE | FIAT FIORINO NAFTERO,OROPI237,ALTO,C,,
INSTALACION ELE | FIAT FIORINO DIESEL,OROPI238,ALTO,C,,
INSTALACION ELE | JHON DEERE 730 DIESE,OROTR1,MEDIO,D,,
INSTALACION ELE | DEUTZ A-85,OROTR10,ALTO,D,,
INSTALACION ELE | FIAT CAMION 600-700-,OROTR11,ALTO,D,,
INSTALACION ELE | FIAT 700E-800-800E-C,OROTR12,ALTO,C,,
INSTALACION ELE | FIAT 900-900E-CON AL,OROTR13,ALTO,C,,
INSTALACION ELE | UNIVERSAL JOHN DEERE,OROTR18,ALTO,D,,
INSTALACION ELE | UNIVERSAL JOHN DEERE,OROTR19,ALTO,C,,
INSTALACION ELE | FIAT SOMECA 40-45-50,OROTR2,MEDIO,D,,
INSTALACION ELE | UNIVERSAL MASSEY FER,OROTR20,ALTO,D,,
INSTALACION ELE | UNIVERSAL MASSEY FER,OROTR21,ALTO,D,,
INSTALACION ELE | FIAT 411,OROTR3,MEDIO,D,,
INSTALACION ELE | FIAT 780,OROTR4,MEDIO,D,,
INSTALACION ELE | FIAT 780,OROTR5,MEDIO,C,,
INSTALACION ELE | HANOMAG R 60-75,OROTR6,ALTO,D,,
INSTALACION ELE | MASSEY FERGUSON 165,OROTR7,MEDIO,C,,
INSTALACION ELE | MASSEY FERGUSON 1075,OROTR8,MEDIO,C,,
INSTALACION ELE | MASSEY FERGUSON 1095,OROTR9,MEDIO,D,,
TERMOCONTRAIBLE | BOBINA DE 200 METROS,P-T300580,MEDIO,C,,
TERMOCONTRAIBLE | BOBINA DE 200 METROS,P-T300581,MEDIO,C,,
"TERMOCONTRAIBLE | 2,4 BOBINA DE 200 ME",P-T300582,MEDIO,C,,
TERMOCONTRAIBLE | BOBINA DE 200 METROS,P-T300583,MEDIO,C,,
TERMOCONTRAIBLE | BOBINA DE 100 METROS,P-T300584,MEDIO,C,,
TERMOCONTRAIBLE | BOBINA DE 100 METROS,P-T300585,MEDIO,C,,
TERMOCONTRAIBLE | BOBINA DE 100 METROS,P-T300586,MEDIO,C,,
TERMOCONTRAIBLE | BOBINA DE 100 METROS,P-T300587,MEDIO,C,,
TERMOCONTRAIBLE | BOBINA DE 100 METROS,P-T300588,MEDIO,C,,
TERMOCONTRAIBLE | 19 BOBINA DE 100 MET,P-T300589,ALTO,C,,
TERMOCONTRAIBLE | BOBINA DE 50 METROS,P-T300590,ALTO,C,,
TERMOCONTRAIBLE | BOBINA DE 50 METROS,P-T300591,ALTO,C,,
TERMOCONTRAIBLE | 28 2 BOBINA DE 50 ME,P-T300592,ALTO,C,,
TERMOCONTRAIBLE | BOBINA DE 50 METROS,P-T300593,ALTO,C,,
TERMOCONTRAIBLE | 76 2 BOBINA DE 20 ME,P-T300594,ALTO,D,,
TERMOCONTRAIBLE | BOBINA DE 20 METROS,P-T300595,ALTO,C,,
TERMOCONTRAIBLE | BOBINA DE 10 METROS,P-T300596,BAJO,C,,
TERMOCONTRAIBLE | BOBINA DE 10 METROS,P-T300597,BAJO,C,,
TERMOCONTRAIBLE | BOBINA DE 10 METROS,P-T300598,BAJO,C,,
TERMOCONTRAIBLE | BOBINA DE 10 METROS,P-T300599,BAJO,A,,
TERMOCONTRAIBLE | BOBIINA DE 10 METROS,P-T300600,BAJO,B,,
TERMOCONTRAIBLE | BOBINA DE 10 METROS,P-T300601,BAJO,B,,
TERMOCONTRAIBLE | BOBINA DE 10 METROS,P-T300602,BAJO,C,,
TERMOCONTRAIBLE | BOBINA DE 10 METROS,P-T300603,BAJO,C,,
TERMOCONTRAIBLE | BOBINA DE 10 METROS,P-T300604,BAJO,C,,
PRECINTO | L-80 - 80MM LARGO X,P-T900000,BAJO,C,,
PRECINTO | L-100 - 150MM LARGO,P-T900002,BAJO,C,,
PRECINTO | ESTÁNDAR-380 - 380MM,P-T900013,BAJO,C,,
PRECINTO | ESTÁNDAR-400 - 400MM,P-T900014B,BAJO,C,,
"PRECINTO | 300 MM LARGO X 7,2 A",P-T900015,BAJO,C,,
"PRECINTO | 350 MM LARGO X 7,2 M",P-T900016,BAJO,C,,
"PRECINTO | 450 MM LARGO X 7,2 M",P-T900018,BAJO,C,,
PRECINTO | UP-550 550MM LARGO X,P-T900019,MEDIO,C,,
PRECINTO | UP-630 630MM LARGO X,P-T900020,MEDIO,D,,
PRECINTO | UP-720 720MM LARGO X,P-T900021,MEDIO,D,,
PRECINTO | ESTÁNDAR-380 380X4 8,P-T900027G,BAJO,C,,
PRECINTO | PRECINTOS 140 x 2.5,P-T925140,BAJO,C,,
PRECINTO | PRECINTO 225 X 3.6 m,P-T936225,BAJO,C,,
PRECINTO | PRECINTOS 150 X 3.2,P-TPM902,BAJO,C,,
LAMPARA SEÑALIZ | H6W 12036 12V 6W BAX,PHI12036,BAJO,C,,
LAMPARA HALOGEN | H27W/1 12059 12V 27W,PHI12059,BAJO,C,,
LAMPARA HALOGEN | H27W/2 12060 12V 27W,PHI12060,BAJO,C,,
"LAMPARA SEÑALIZ | W2,3W 12061 12V CP C",PHI12061,BAJO,A,,
LAMPARA SEÑALIZ | W21W 12065 12V CP,PHI12065,BAJO,C,,
LAMPARA SEÑALIZ | W21/5W 12066 12V CP,PHI12066,BAJO,B,,
LAMPARA SEÑALIZ | W16W 12067 12V 16W W,PHI12067,BAJO,B,,
LAMPARA SEÑALIZ | PR21W 12088 12V CP,PHI12088,BAJO,C,,
LAMPARA DE SEÑA | LAMPARA VIRAJE 12V R,PHI12093AMB,BAJO,C,,
LAMPARA MOTO | M5 12153 ES 12V 35/3,PHI12153ES,BAJO,B,,
LAMPARA SEÑALIZ | W3W 12256 12V CP CAN,PHI12256,BAJO,C,,
LAMPARA HALOGEN | H1 12258 12V 55W C1,PHI12258,BAJO,A,,
LAMPARA CRYSTAL | H1 12258 CVU 12V 55W,PHI12258CV,MEDIO,C,,
LAMPARA HALOGEN | 12258 WVU H1 12V SET,PHI12258WVU,MEDIO,C,,
LAMPARA VISION | H1 12258 XV+ 12V 55W,PHI12258XV,MEDIO,D,,
LAMPARA EXTREME | H1 12258XVP 12V 55W,PHI12258XVP,MEDIO,C,,
PSX24W | PSX24W AUXILIAR PEUG,PHI12276,MEDIO,C,,
LÁMPARA HALÓGEN | P13W 12277 12V C1,PHI12277,MEDIO,C,,
LAMPARA HALOGEN | H3 12336 12V 55W PK2,PHI12336,BAJO,C,,
LAMPARA CRYSTAL | H3 12336 CVU 12V 55W,PHI12336CV,MEDIO,C,,
LAMPARA | 12V H3 55W DIAMOND V,PHI12336DV,ALTO,D,,
LAMPARA HALOGEN | H4 12342 12V 60/55W,PHI12342,BAJO,A,,
LAMPARA CRYSTAL | H4 12342 CVU 12V 60/,PHI12342CV,MEDIO,C,,
LAMPARA MOTO | H4 12342 MV 12V 60/5,PHI12342MV,BAJO,C,,
LAMPARA HALOGEN | 12342 WVU H4 12V SET,PHI12342WVU,MEDIO,C,,
LAMPARA EXTREME | H4 12342XVP 12V 60/5,PHI12342XVP,BAJO,C,,
LAMPARA SEÑALIZ | H21W 12356 12V BAY9S,PHI12356,BAJO,C,,
LAMPARA HALOGEN | H8 12360 12V 35W C1,PHI12360,MEDIO,C,,
LAMPARA HALOGEN | H9 12361 12V 65W C1,PHI12361,MEDIO,C,,
LAMPARA | H11 12V 55W,PHI12362LL,BAJO,C,,
LAMPARA HALOGEN | H16 12366 - 12V 19W,PHI12366,BAJO,C,,
LAMPARA SEÑALIZ | WY5W 12396 NA 12V CP,PHI12396,BAJO,C,,
LAMPARA MOTO | H4FIT 12458 ED 35/35,PHI12458,BAJO,B,,
LAMPARA MOTO | H4FIT 12458 EDCV 12V,PHI12458EDCV,BAJO,D,,
LAMPARA MOTO | H4FIT12458 ED MV 12V,PHI12458EDMV,BAJO,D,,
LAMPARA SEÑALIZ | PR21/5W 12495 12V CP,PHI12495,BAJO,C,,
LAMPARA SEÑALIZ | PY21W 12496 NA 12V C,PHI12496,BAJO,A,,
LAMPARA SEÑALIZ | P21W 12498 12V CP CA,PHI12498,BAJO,A,,
LAMPARA SEÑALIZ | P21/5W 12499 12V CP,PHI12499,BAJO,A,,
LAMPARA SEÑALIZ | P25W 12502 12V 21/5W,PHI12502,BAJO,C,,
"LAMPARA SEÑALIZ | W1,2W 12516 12V CP",PHI12516,BAJO,A,,
LAMPARA HALOGEN | H4 (H5) 12596 12V 60,PHI12596,BAJO,C,,
LAMPARA SEÑALIZ | BAX 12597 12V 1.2W B,PHI12597,BAJO,C,,
LAMPARA SEÑALIZ | BAX 12598 12V 1.2W B,PHI12598,BAJO,C,,
LAMPARA SEÑALIZ | BAX 12600 12V 2W BAX,PHI12600,BAJO,C,,
LAMPARA SEÑALIZ | BAX 12603 12V 1.2W B,PHI12603,BAJO,C,,
LAMPARA MOTO | S2 12728 12V 35/35W,PHI12728,BAJO,C,,
LAMPARA SEÑALIZ | R10W 12814 12V 10W C,PHI12814,BAJO,A,,
LAMPARA SEÑALIZ | R5W 12821 12V CP CAN,PHI12821,BAJO,A,,
LAMPARA SEÑALIZ | C5W 12844 12V CP CAN,PHI12844,BAJO,B,,
LAMPARA SEÑALIZ | T2W 12913 12V 2W BA9,PHI12913,BAJO,C,,
LAMPARA SEÑALIZ | T4W 12929 12V CP CAN,PHI12929,BAJO,A,,
LAMPARA SEÑALIZ | W5W 12961 12V CP CAN,PHI12961,BAJO,A,,
LAMPARA HALOGEN | H7 12972 12V 55W C1,PHI12972,BAJO,A,,
LAMPARA MOTO | H7 12972 MV 12V 55W,PHI12972MV,BAJO,C,,
LAMPARA HALOGEN | 12972 WVU H7 12V SET,PHI12972WVU,MEDIO,C,,
LAMPARA EXTREME | H7 12972 XVP 12V 55W,PHI12972XVP,MEDIO,C,,
LAMPARA SEÑALIZ | W3W 13256 24V CP CAN,PHI13256,BAJO,C,,
LAMPARA HALOGEN | H1 13258 24V 70W C1,PHI13258,BAJO,C,,
LAMPARA MASTER | H1 13258MD 24V 70W C,PHI13258MD,BAJO,D,,
LAMPARA MASTER | H1 13258ML 24V 70W C,PHI13258ML,BAJO,D,,
LAMPARA HALOGEN | H3 13336 24V 70W PK2,PHI13336,BAJO,C,,
LAMPARA MASTER | H3 13336MD 24V 70W P,PHI13336MD,BAJO,D,,
LAMPARA MASTER | H3 13336MDBV 24V 70W,PHI13336MDBV,BAJO,D,,
LAMPARA MASTER | H3 13336ML 24V 70W P,PHI13336ML,BAJO,D,,
LAMPARA HALOGEN | H4 13342 24V 75/70W,PHI13342,BAJO,B,,
LAMPARA MASTER | H4 13342MD 24V 75/70,PHI13342MD,BAJO,C,,
LAMPARA MASTER | H4 13342MDBV 24V 75/,PHI13342MDBV,MEDIO,C,,
LAMPARA MASTER | H4 13342ML 24V 75/70,PHI13342ML,BAJO,D,,
LÁMPARA MASTER | H11 13362MD 24V 70W,PHI13362MD,BAJO,C,,
LAMPARA SEÑALIZ | STOP P25 13405 24V 2,PHI13405,BAJO,B,,
LAMPARA SEÑALIZ | PY21W 13496 ML 24V C,PHI13496ML,BAJO,C,,
LAMPARA SEÑALIZ | P21W 13498 24V 21W C,PHI13498,BAJO,A,,
LAMPARA SEÑALIZ | P21/5W 13499 24V CP,PHI13499,BAJO,B,,
"LAMPARA SEÑALIZ | W1,2W 13516 24V 1.2W",PHI13516,BAJO,B,,
LAMPARA | H5 PT45 75-70W 24V,PHI13555,BAJO,C,,
LAMPARA SEÑALIZ | BAX 13597 24V 1.2W B,PHI13597,BAJO,C,,
LAMPARA SEÑALIZ | BAX 13598 24V 1.2W B,PHI13598,BAJO,C,,
LAMPARA | H3-100W-24V RALLY,PHI13628,BAJO,D,,
LAMPARA SEÑALIZ | R10W 13814 24V CP CA,PHI13814,BAJO,A,,
LAMPARA SEÑALIZ | R10W 13814 MD 24V CP,PHI13814MD,BAJO,C,,
LAMPARA SEÑALIZ | R5W 13821 24V CP CAN,PHI13821,BAJO,A,,
LAMPARA SEÑALIZ | C5W 13844 24V CP,PHI13844,BAJO,C,,
LAMPARA SEÑALIZ | T2W 13913 24V BA9S C,PHI13913,BAJO,C,,
LAMPARA SEÑALIZ | T4W 13929 24V CP,PHI13929,BAJO,C,,
LAMPARA SEÑALIZ | W5W 13961 24V CP CAN,PHI13961,BAJO,A,,
LAMPARA HALOGEN | H7 13972 STD 24V 70W,PHI13972,BAJO,A,,
LAMPARA MASTER | H7 13972MD 24V 70W C,PHI13972MD,BAJO,C,,
LAMPARA MASTER | H7 13972MDBV 24V 70W,PHI13972MDBV,MEDIO,C,,
LAMPARA MASTER | H7 13972ML 24V 70W C,PHI13972ML,MEDIO,D,,
LAMPARA XENON 1 | D3R 42306 VI 42V 35W,PHI42306,ALTO,D,,
LAMPARA XENON 1 | D4S 42402 VI 42V 35W,PHI42402,ALTO,D,,
LAMPARA XENON 1 | D3S 42403 VI 42V 35W,PHI42403,ALTO,C,,
LAMPARA XENON 1 | D4R 42406 VI 42V 35W,PHI42406,ALTO,D,,
LAMPARA XENON 1 | D2S 85122 85V 35W P3,PHI85122,ALTO,C,,
LAMPARA XENON 1 | D1R 85409 VI 85V 35W,PHI85409,ALTO,C,,
LAMPARA XENON 1 | D1S 85415 VI 85V 35W,PHI85415,ALTO,C,,
LAMPARA HALOGEN | HB3 9005 PR 12V 65W,PHI9005PR,BAJO,C,,
LAMPARA HALOGEN | H13 9008 - 12V 60/55,PHI9008,BAJO,C,,
LAMPARA HALOGEN | HIR2 9012 12V 55W PX,PHI9012,BAJO,C,,
LAMPARA HALOGEN | H10 9145 - 12V 45W P,PHI9145,BAJO,D,,
LAMPARA BLUE VI | H1 12258 BV+ 12V 55W,PHIB12258BV,BAJO,B,,
LAMPARA BLUE VI | H3 12336 BV+ 12V 55W,PHIB12336BV,BAJO,C,,
LAMPARA BLUE VI | H4 12342 BV+ 12V 60/,PHIB12342BV,BAJO,B,,
LAMPARA VISION | H4 12342 VP 12V 60/5,PHIB12342VP,BAJO,C,,
LAMPARA | BLISTER X 2 12V 21W,PHIB12496SV,BAJO,C,,
LÁMPARA SEÑALIZ | C5W B12844 12V BLIST,PHIB12844,BAJO,D,,
LAMPARA SEÑALIZ | T4W 12929 BV 12V SET,PHIB12929BV,BAJO,D,,
LAMPARA SEÑALIZ | W5W 12961 WVU 12V SE,PHIB12961WVU,BAJO,C,,
LAMPARA BLUE VI | H7 12972 BV+ 12V 55W,PHIB12972BV,BAJO,A,,
LAMPARA VISION | H7 12972 VP 12V 55W,PHIB12972VP,MEDIO,D,,
KIT DE LED ECO | KIT DE LED H1 11258,PHIEC11258,ALTO,C,,
KIT DE LED ECO | KIT DE LED H3 11336,PHIEC11336,ALTO,C,,
KIT DE LED ECO | KIT DE LED H4 11342,PHIECLED11342,MEDIO,C,,
KIT DE LED ECO | KIT DE LED H8/H11/H1,PHIECLED11366,ALTO,C,,
KIT DE LED ECO | KIT DE LED H7 11972,PHIECLED11972,MEDIO,C,,
KIT DE LED ECO | KIT DE LED HB3 9005,PHIECLED9006,ALTO,C,,
KIT DE LED ECO | KIT DE LED HIR2 9012,PHIECLED9012,ALTO,D,,
LINTERNAS DE IN | ECOPRO20 LED LAMP RC,PHIECOPRO20,MEDIO,C,,
LINTERNAS DE IN | ECOPRO40 LED LAMP RC,PHIECOPRO40,MEDIO,D,,
LAMPARA | PD20 12V 60W,PHIHB3 9005,BAJO,C,,
LAMPARA BLUE VI | HB3 9005 BV+ 12V 65W,PHIHB39005BV,BAJO,C,,
LAMPARA BLUE VI | HB4 9006 BV+ 12V 55W,PHIHB49006BV,BAJO,C,,
LAMPARA | LAMPARA P22D,PHIHB49006PR,BAJO,C,,
LED MOTO | LED 11163 M5 UEM 12V,PHILED11163,BAJO,C,,
LAMPARA LED SEÑ | BLISTER X 2 P21 LED,PHILED11498,MEDIO,C,,
LAMPARA LED SEÑ | P21 LED RED 11498 UL,PHILED11498RED,MEDIO,C,,
LAMPARA LED SEÑ | BLISTER X 2 P21/5 LE,PHILED11499RED,MEDIO,C,,
LED MOTO | LED 11636 HS1- H4 MO,PHILED11636,BAJO,C,,
LAMPARA LED SEÑ | FESTOON 38MM LED 118,PHILED11854,BAJO,C,,
LAMPARA LED SEÑ | FESTOON 30MM LED 118,PHILED11860,BAJO,C,,
LAMPARA LED SEÑ | FESTOON 43MM LED 118,PHILED11864,BAJO,C,,
LAMPARA LED SEÑ | BLISTER X 2 T10 LED,PHILED11961,BAJO,C,,
KIT DE LED PREM | KIT DE LED H4 11342,PHIPRE11342,ALTO,C,,
KIT DE LED PREM | KIT DE LED H8/H11/H1,PHIPRE11366,ALTO,D,,
KIT DE LED PREM | KIT DE LED H7 11972,PHIPRE11972,ALTO,C,,
FILTRO DE COMBU | PICBORG CHICO 250,PICCHI,BAJO,A,,
FILTRO DE COMBU | COMPETICION 253,PICCOMP,BAJO,C,,
FILTRO DE COMBU | PICBORG GRANDE 251 C,PICGRA,BAJO,B,,
FILTRO DE COMBU | PICBORG MOTO PICO 6M,PICMOTO,BAJO,B,,
FILTRO DE COMBU | PICBORG MOTO PICO 8M,PICMOTO8MM,BAJO,B,,
JUEGO DE PARLAN | 4 210 WATTS 2 VIAS,PIOTS-G1020F,,C,,
JUEGO DE PARLAN | PARLANTE DE 2 VIAS D,PIOTS-G1620F,,D,,
PASTA DESENGRAS | PASTA DESENGRASANTE,PITPI-20015,,C,,
PASTA DESENGRAS | PASTA DESENGRASANTE,PITPI-20020,,D,,
CONTROL REMOTO | CONTROL REMOTO PX40,PST010363008,BAJO,D,,
HOME ACCESORIOS | SENSOR PIR PET 15KG,PST011065000,BAJO,D,,
HOME ACCESORIOS | SENSOR PIR S/FIO PET,PST011066000,BAJO,D,,
BATERIA PARA CO | BATERIA CR 2032 3V,PST011147000,BAJO,C,,
CONTROL REMOTO | CONTROL REMOTO PX45,PST011193000,BAJO,C,,
HOME ACCESORIOS | CENTRAL ALM MONITORA,PST011204000,MEDIO,D,,
HOME ACCESORIOS | SENSOR MAGNETICO SEM,PST011310000,BAJO,D,,
HOME ACCESORIOS | CONTROL REMOTO ALM E,PST011385000,BAJO,D,,
CONTROL REMOTO | CONTROL REMOTO NV PX,PST011490000,MEDIO,C,,
HOME ACCESORIOS | ADAPTADOR USB PROG S,PST011770000,BAJO,D,,
CAMARA DE RETRO | CAMARA DE RETROCESO,PST011784001,BAJO,C,,
SENSOR DE ESTAC | PARKING SENSOR PS210,PST011796003,BAJO,C,,
CONTROL REMOTO | CONTROL REMOTO PXN52,PST012120000,BAJO,D,,
CONTROL REMOTO | PN52,PST012125000,MEDIO,C,,
CONTROL REMOTO | CONTROL REMOTO PX42,PST012223000,MEDIO,C,,
CONTROL REMOTO | CONTROL REMOTO DP47,PST012229000,MEDIO,C,,
CONTROL REMOTO | PXN - 54 AM,PST012334000,BAJO,D,,
SIRENA PARA ALA | SIRENA PIEZO-ELETRIC,PST012501000,BAJO,C,,
CONTROL REMOTO | CONTROL REMOTO PX80,PST012539000,MEDIO,C,,
MODULO PRONNECT | MOD PRONNECT 620 GM,PST012555010,MEDIO,D,,
ALARMA AUTO | ALM AUTO KEYLESS ECO,PST012603006,MEDIO,D,,
ALARMA AUTO | ALM AUTO IAM CYBER T,PST012642001,ALTO,C,,
ALARMA AUTO | ALM AUTO IAM CYBER F,PST012871001,ALTO,C,,
REPUESTOS | MÓDULO DE ALARMA FX,PST012871002,MEDIO,C,,
ALARMA AUTO | ALM AUTO IAM CYBER F,PST012871003,ALTO,C,,
ALARMA CYBER EX | EX 360 US VOLUMETRIC,PST012872001,ALTO,C,,
ALARMA AUTO | ALM AUTO IAM CYBER E,PST012872002,ALTO,C,,
ALARMA AUTO | ALM AUTO IAM KEYLESS,PST012873001,ALTO,C,,
ALARMA AUTO | ALM AUTO IAM KEYLESS,PST012873002,ALTO,C,,
ALARMA AUTO | ALM AUTO IAM KEYLESS,PST012873005,ALTO,C,,
ALARMA AUTO | ALM AUTO IAM KEYLESS,PST012873008,ALTO,C,,
ALARMA MOTO | DISP ANT MOTO IAM DB,PST012874001,ALTO,C,,
ALARMA MOTO | DISP ANT MOTO IAM DB,PST012875001,ALTO,C,,
ALARMA MOTO | DISP ANT MOTO IAM DB,PST012876001,ALTO,C,,
CONTROL REMOTO | CONTROL REMOTO DPN-7,PST012994000,MEDIO,C,,
CONTROL REMOTO | CONTROL REMOTO PXN-7,PST012999000,MEDIO,C,,
"CAR AUDIO - CD | SP8530 2DIN 7"", DVD,",PST013024000,ALTO,D,,
"CAR AUDIO USB-B | SP2240 BT BLUETOOTH,",PST013034000,ALTO,B,,
"CAR AUDIO | SP8340 2DIN 7"", BT,",PST013074000,ALTO,D,,
SENSOR DE ESTAC | PARKING SENSOR PS220,PST013085000,MEDIO,D,,
SENSOR DE ESTAC | PARKING SENSOR PS220,PST013085001,MEDIO,C,,
SENSOR DE ESTAC | PARKING SENSOR PS220,PST013085002,MEDIO,C,,
CIERRE ELECTRIC | TR420 UNIVERSAL CABE,PST013092001,MEDIO,C,,
ALTO-PARLANTES | ALTO PARTLANTE TRIAX,PST013133000,MEDIO,C,,
ALTO-PARLANTES | ALTO PARLANTES TRIAX,PST013134000,MEDIO,C,,
ALTO-PARLANTES | ALTO PARLANTES TRIAX,PST013135000,MEDIO,C,,
ALTO-PARLANTES | ALTO PARLANTES CUATR,PST013136000,MEDIO,C,,
ALARMA AUTO | ALM AUTO IAM PX360BT,PST013169000,ALTO,C,,
DESTELLADOR ELE | ,RAL10080,BAJO,C,,
DESTELLADOR ELE | ,RAL10083,BAJO,C,,
DESTELLADOR ELE | DESTELLADOR 12V 30 -,RAL10084,BAJO,C,,
RELAY | BOCINA 12V 3T FORD F,RAL104,BAJO,D,,
RELAY | BOCINA 12V 3T FIAT 1,RAL106,BAJO,C,,
RELAY | ARRANQUE 12V 3T FIAT,RAL107,BAJO,C,,
RELAY | FAROS ALTA 12V 4T PE,RAL109,BAJO,C,,
RELAY | FAROS IODO 12V 3T FO,RAL111,BAJO,C,,
RELAY | FAROS ALTA 12V 4T PE,RAL112,BAJO,C,,
RELAY | FAROS BAJA 12V 4T PE,RAL113,BAJO,C,,
AVISADOR SONORO | AVISADOR SONORO 12V,RAL1140,BAJO,C,,
AVISADOR SONORO | AVISADOR SONORO 24V,RAL1150,BAJO,C,,
RELAY | AIRE ACONDICIONADOO,RAL126,BAJO,C,,
RELAY | BOCINA - AA - LUNETA,RAL132,BAJO,C,,
RELAY | BOCINA 12V 4T GENERA,RAL133,BAJO,D,,
RELAY | AUXILIAR - FAROS - B,RAL134,BAJO,C,,
RELAY | LUCES INTERNAS - LUC,RAL135,BAJO,C,,
RELAY | BOMBA DE NAFTA - AIR,RAL140,BAJO,C,,
RELAY | MOTOVENTILADOR - AIR,RAL141,BAJO,C,,
RELAY | FAROS - BOCINA 12V 4,RAL142,BAJO,C,,
RELAY | MOTOVENTILADOR - AIR,RAL143,BAJO,D,,
RELAY | ELECTROVENTILADORNTI,RAL144,BAJO,C,,
RELAY | BOCINA - FAROS IODO,RAL149R,BAJO,B,,
RELAY | ELECTROVENTILADORNTI,RAL156,BAJO,C,,
RELAY | RELAY UNIVERSAL DOBL,RAL157/I,BAJO,A,,
RELAY | CONTACTOR MULTIFUNCI,RAL158,BAJO,B,,
RELAY | RELAY UNIVERSAL DOBL,RAL160,BAJO,B,,
RELAY | FIAT - 128 E ; FORD,RAL161,BAJO,C,,
RELAY | LUNETA TÉRMICA - FAR,RAL162,BAJO,C,,
RELAY | BOMBA DE NAFTA - LUN,RAL163,BAJO,C,,
RELAY | BOCINA - ELECTROVENT,RAL164,BAJO,C,,
RELAY | AIRE ACONDICIONADOO,RAL165,BAJO,C,,
RELAY | BOCINA - FAROS IODO,RAL168R,BAJO,A,,
RELAY | BOCINA - FAROS IODO,RAL170R,BAJO,C,,
RELAY | CONTACTOR MULTIFUNCI,RAL173,BAJO,B,,
RELAY | FAROS - BOCINA - ANT,RAL174,BAJO,C,,
RELAY | BOCINA - LUNETA TÉRM,RAL177,BAJO,C,,
RELAY | AIRE ACONDICIONADOO,RAL178,BAJO,D,,
RELAY | MOTOVENTILADOR - ELE,RAL184,BAJO,C,,
RELAY | BOCINA - FAROS - AIR,RAL185,BAJO,C,,
RELAY | BOCINA - FAROS - LUN,RAL188,BAJO,C,,
RELAY | MOTOVENTILADOR - AIR,RAL196,BAJO,D,,
RELAY | AIRE ACONDICIONADOO,RAL197,BAJO,C,,
RELAY | SOPLADOR 12V 4T RENA,RAL199,BAJO,C,,
DESTELLADOR | 12V 3T UNIVERSAL AUT,RAL211E,BAJO,C,,
DESTELLADOR | BALIZADOR -DESTELLAD,RAL222E,BAJO,C,,
DESTELLADOR | ELECTRO-MECÁNICO DE,RAL222M,BAJO,C,,
DESTELLADOR | BALIZADOR -DESTELLAD,RAL224E,BAJO,C,,
DESTELLADOR | BALIZADOR -DESTELLAD,RAL244E,BAJO,B,,
DESTELLADOR | ELECTRO-MECANICO DE,RAL244M,BAJO,C,,
DESTELLADOR | DESTELLADOR -BALIZAD,RAL253,BAJO,C,,
DESTELLADOR | DESTELLADOR 12V 2T G,RAL256,BAJO,D,,
DESTELLADOR | BALIZADOR 12V 2T GEN,RAL257,BAJO,D,,
DESTELLADOR | BALIZADOR -DESTELLAD,RAL266E,BAJO,C,,
DESTELLADOR | DESTELLADOR - BALIZA,RAL271,BAJO,C,,
DESTELLADOR | DESTELLADOR - BALIZA,RAL272,BAJO,C,,
DESTELLADOR | DESTELLADOR - BALIZA,RAL273,BAJO,C,,
DESTELLADOR | DESTELLADOR - BALIZA,RAL274,BAJO,C,,
DESTELLADOR | DESTELLADOR - BALIZA,RAL275,BAJO,C,,
DESTELLADOR | DESTELLADOR - BALIZA,RAL276,BAJO,C,,
DESTELLADOR | DESTELLADOR - BALIZA,RAL277,BAJO,C,,
DESTELLADOR | DESTELLADOR - BALIZA,RAL278,BAJO,C,,
DESTELLADOR | DESTELLADOR - BALIZA,RAL279,BAJO,C,,
DESTELLADOR | DESTELLADOR - BALIZA,RAL280,BAJO,D,,
DESTELLADOR | DESTELLADOR - BALIZA,RAL281,BAJO,C,,
DESTELLADOR | VIRAJE - EMERGENCIA,RAL282,BAJO,C,,
DESTELLADOR | DESTELLADOR - BALIZA,RAL283,BAJO,C,,
DESTELLADOR | VIRAJE - EMERGENCIA,RAL284,BAJO,C,,
DESTELLADOR | VIRAJE - EMERGENCIA,RAL285,BAJO,C,,
DESTELLADOR | DESTELLADOR - BALIZA,RAL286,BAJO,C,,
DESTELLADOR | DESTELLADOR - BALIZA,RAL287,BAJO,C,,
DESTELLADOR | DESTELLADOR - BALIZA,RAL288,BAJO,C,,
DESTELLADOR | DESTELLADOR - BALIZA,RAL289,BAJO,C,,
DESTELLADOR | VIRAJE - EMERGENCIA,RAL291,BAJO,C,,
DESTELLADOR | VIRAJE - EMERGENCIA,RAL292,BAJO,C,,
DESTELLADOR | DESTELLADOR - BALIZA,RAL293,BAJO,C,,
DESTELLADOR | DESTELLADOR - BALIZA,RAL295,BAJO,C,,
DESTELLADOR | DESTELLADOR - BALIZA,RAL296,BAJO,C,,
DESTELLADOR | DESTELLADOR 12V 4T F,RAL297,BAJO,C,,
DESTELLADOR | DESTELLADOR 12V 4T P,RAL298,BAJO,C,,
DESTELLADOR | DESTELLADOR 12V 4T P,RAL299,BAJO,C,,
Encendedor | Completo 12V Univers,RAL407,BAJO,C,,
ENCENDEDOR | COMPLETO 12V UNIVERS,RAL408,BAJO,C,,
ENCENDEDOR | COMPLETO 12V UNIVERS,RAL409,BAJO,D,,
ENCENDEDOR | COMPLETO 12V UNIVERS,RAL410,BAJO,C,,
Encendedor | Macho con perilla 12,RAL423,BAJO,C,,
Encendedor | Macho con perilla 12,RAL427,BAJO,D,,
Encendedor | Macho con perilla 12,RAL431,BAJO,D,,
Encendedor | Macho con perilla 12,RAL434,BAJO,D,,
Encendedor | Macho con perilla 12,RAL444,BAJO,D,,
ENCENDEDOR | ,RAL446,BAJO,D,,
ENCENDEDOR | MACHO CON PERILLA 12,RAL447,BAJO,D,,
Encendedor | Macho con perilla 12,RAL449,BAJO,D,,
ENCENDEDOR | MACHO CON PERILLA 12,RAL450,BAJO,C,,
Encendedor | Macho con perilla 12,RAL465,BAJO,D,,
Encendedor | Macho con perilla 12,RAL467,BAJO,D,,
ENCENDEDOR | HEMBRA 12V UNIVERSAL,RAL477,BAJO,C,,
ENCENDEDOR | HEMBRA 12V UNIVERSAL,RAL482,BAJO,C,,
Encendedor | Macho con perilla 12,RAL491,BAJO,D,,
PRECALENTADOR | PRECALENTADOR 12V FI,RAL5001,MEDIO,C,,
PRECALENTADOR | PRECALENTADOR 12V PE,RAL5003,MEDIO,B,,
PRECALENTADOR | SUSTITUIDO POR 5001,RAL5004,MEDIO,C,,
PRECALENTADOR | SUSTITUIDO POR 5001,RAL5005,MEDIO,C,,
PRECALENTADOR | PRECALENTADOR 12V RE,RAL5007,MEDIO,C,,
PRECALENTADOR | PRECALENTADOR 12V GE,RAL5008,MEDIO,C,,
Encendedor | Macho con perilla 12,RAL501,BAJO,D,,
Encendedor | Macho con perilla 12,RAL504,BAJO,D,,
Encendedor | Macho con perilla 12,RAL505,BAJO,C,,
Encendedor | Macho con perilla 12,RAL506,BAJO,D,,
Encendedor | Completo 12V Fiat Re,RAL510,BAJO,D,,
Encendedor | Macho con perilla 12,RAL513,BAJO,D,,
Encendedor | Macho con perilla 12,RAL514,BAJO,D,,
Encendedor | Macho con perilla 12,RAL515,BAJO,D,,
Encendedor | Macho con perilla 12,RAL516,BAJO,D,,
ENCENDEDOR | COMPLETO 12V FORD ES,RAL517,BAJO,C,,
Encendedor | Macho con perilla 12,RAL523,BAJO,D,,
Encendedor | Completo 12V Renault,RAL529,BAJO,D,,
AVISADOR SONORO | AVISADOR SONORO DE L,RAL5800,BAJO,C,,
Encendedor | Macho con perilla 12,RAL701,BAJO,D,,
Encendedor | Macho con perilla 12,RAL703,BAJO,D,,
Encendedor | Macho con perilla 12,RAL707,BAJO,D,,
Encendedor | Macho con perilla 12,RAL713,BAJO,D,,
Encendedor | Macho con perilla 12,RAL714,BAJO,D,,
Encendedor | Macho con perilla 12,RAL715,BAJO,D,,
Encendedor | Macho con perilla 12,RAL718,BAJO,D,,
Encendedor | Macho con perilla 12,RAL719,BAJO,D,,
Encendedor | Macho con perilla 12,RAL723,BAJO,C,,
Encendedor | Macho con perilla 12,RAL725,BAJO,D,,
Encendedor | Macho con perilla 12,RAL726,BAJO,D,,
ENCENDEDOR | ,RAL728,BAJO,D,,
Encendedor | Macho con perilla 12,RAL730,BAJO,D,,
"TEMPORIZADOR DE | CITROEN - AX,BERLING",RAL8095,BAJO,D,,
RELAY | UNIVERSAL SIMPLE SAL,RAL8130,BAJO,C,,
RELAY | UNIVERSAL INVERSOR -,RAL8136,BAJO,C,,
Temporizador | Limpiaparabrisas 12V,RAL816,BAJO,D,,
BOCINA | JUEGO DE BOCINAS GAL,RAL8182,BAJO,C,,
BOCINA | UNIVERSAL TODOS,RAL8183,BAJO,C,,
TEMPORIZADOR | LIMPIAPARABRISAS 12V,RAL822,BAJO,D,,
DESTELLADOR ELE | UNIVERSAL TODOS,RAL8233,BAJO,C,,
DESTELLADOR ELE | UNIVERSAL TODOS,RAL8234,BAJO,C,,
DESTELLADOR ELE | MERCEDES BENZ MARCO,RAL8235,BAJO,C,,
DESTELLADOR ELE | MERCEDES BENZ MARCO,RAL8236,BAJO,C,,
DESTELLADOR ELE | MERCEDES BENZ CAMION,RAL8237,BAJO,C,,
TEMPORIZADOR | LUZ DE CORTESÍA 12V,RAL825,BAJO,C,,
BOCINA | UNIVERSAL GALLETA 90,RAL8288,BAJO,C,,
Temporizador | Levanta Antena 12V U,RAL829,BAJO,D,,
"BOCINA | FIAT - DUNA,REGATTA,",RAL8403,BAJO,D,,
"DESTELLADOR ELE | FIAT - BRAVA,DUCATO,",RAL8418,BAJO,C,,
"RELAY | PEUGEOT 504,PICK UP",RAL8421,BAJO,C,,
"RELAY | RENAULT 19,21,9,CLIO",RAL8422,BAJO,C,,
"RELAY | PEUGEOT 306,405",RAL8427,BAJO,C,,
"TEMPORIZADOR DE | CITROEN - AX,BERLING",RAL8428,BAJO,D,,
"RELAY | CITROEN - AX,BERLING",RAL8440,BAJO,C,,
DESTELLADOR ELE | CITROEN - AX - ; PEU,RAL8444,BAJO,C,,
TEMPORIZADOR DE | PEUGEOT 405 0-->1995,RAL8445,MEDIO,C,,
"TEMPORIZADOR DE | RENAULT 19,21",RAL8451,BAJO,D,,
"TEMPORIZADOR DE | RENAULT 11,9",RAL8452,BAJO,D,,
RELAY | FORD ORION,RAL8455,BAJO,C,,
"RELAY | FORD DEL REY,ESCORT,",RAL8456,BAJO,C,,
"RELAY | FIAT - DUNA,TEMPRA,U",RAL8457,BAJO,C,,
"RELAY | CHEVROLET D20,IPANEM",RAL8458,BAJO,C,,
RELAY | VOLKSWAGEN GOL 0-->1,RAL8459,BAJO,C,,
"RELAY | FORD COURIER,FIESTA,",RAL8460,BAJO,C,,
"RELAY | FORD ESCORT,GALAXY,O",RAL8461,BAJO,C,,
"RELAY | VOLKSWAGEN CADDY,CAR",RAL8462,BAJO,C,,
"RELAY | FIAT - ALFA ROMEO,BR",RAL8463,BAJO,C,,
RELAY | UNIVERSAL SIMPLE SAL,RAL8464,BAJO,B,,
RELAY | FORD ESCORT,RAL8465,BAJO,D,,
"RELAY | FORD GALAXY,MONDEO,R",RAL8468,BAJO,C,,
RELAY | UNIVERSAL SIMPLE SAL,RAL8477,BAJO,C,,
"RELAY | RENAULT 19,CLIO,TWIN",RAL8481,BAJO,C,,
DESTELLADOR ELE | CITROEN - C15 - PEUG,RAL8489,BAJO,C,,
"TEMPORIZADOR DE | PEUGEOT 306,406,406",RAL8522,MEDIO,C,,
"TEMPORIZADOR DE | VOLKSWAGEN GOL,SAVEI",RAL8524,MEDIO,C,,
RELAY | CITROEN - XSARA - ;,RAL8525,BAJO,C,,
RELAY | PEUGEOT 205 INYECTIO,RAL8528,BAJO,C,,
"TEMPORIZADOR DE | VOLKSWAGEN GOL,SAVEI",RAL8545,MEDIO,C,,
REGULADOR DE VO | ALFA ROMEO - TODOS -,RAL8549,BAJO,C,,
RELAY | VOLKSWAGEN GOLF 1995,RAL8550,BAJO,C,,
"RELAY | VOLKSWAGEN APOLLO ,C",RAL8551,BAJO,C,,
RELAY | VOLKSWAGEN GOL 1995-,RAL8552,BAJO,C,,
DESTELLADOR ELE | FORD GALAXY ; VOLKSW,RAL8555,BAJO,C,,
DESTELLADOR ELE | ,RAL8556,BAJO,C,,
"DESTELLADOR ELE | FORD COURIER,ESCORT,",RAL8557,BAJO,C,,
DESTELLADOR ELE | FORD ESCORT 1994-->1,RAL8559,BAJO,C,,
"RELAY | CITROEN - XANTIA,XSA",RAL8560,BAJO,C,,
RELAY | CITROEN - BERLINGO -,RAL8561,BAJO,D,,
"RELAY | FIAT - BRAVA,MAREA,P",RAL8563,BAJO,C,,
"RELAY | FIAT - ALFA ROMEO,DU",RAL8564,BAJO,C,,
"RELAY | FIAT - PALIO,SIENA -",RAL8565,BAJO,D,,
"TEMPORIZADOR DE | FIAT - PALIO,SIENA -",RAL8566,BAJO,C,,
"TEMPORIZADOR DE | FIAT - PALIO,SIENA -",RAL8567,BAJO,C,,
RELAY | FIAT - DUNA GNC - ;,RAL8568,BAJO,C,,
"RELAY | FIAT - ALFA ROMEO,DU",RAL8570,BAJO,C,,
"RELAY | FIAT - BRAVA,DUCATO,",RAL8571,BAJO,C,,
"RELAY | FIAT - ALFA ROMEO,BR",RAL8572,BAJO,C,,
"DESTELLADOR ELE | CHEVROLET ASTRA,CORS",RAL8574,BAJO,C,,
"RELAY | CHEVROLET CORSA,OMEG",RAL8575,BAJO,C,,
"TEMPORIZADOR DE | CHEVROLET BLAZER,COR",RAL8577,BAJO,C,,
"RELAY | CHEVROLET ASTRA,CORS",RAL8578,BAJO,C,,
RELAY | CHEVROLET CORSA -,RAL8581,BAJO,C,,
"TEMPORIZADOR DE | PEUGEOT 205,505",RAL8582,BAJO,C,,
"TEMPORIZADOR DE | FIAT - LANCIA,TEMPRA",RAL8589,MEDIO,D,,
"RELAY | FIAT - BRAVA,MAREA -",RAL8590,BAJO,C,,
RELAY | FIAT - MAREA -,RAL8596,BAJO,D,,
TEMPORIZADOR DE | ,RAL8652,BAJO,D,,
"RELAY | RENAULT 19,KANGOO,ME",RAL8653,BAJO,C,,
"RELAY | RENAULT 19,CLIO II,K",RAL8654,BAJO,C,,
"TEMPORIZADOR DE | RENAULT MEGANE,SCENI",RAL8656,BAJO,D,,
"TEMPORIZADOR DE | RENAULT MEGANE,SCENI",RAL8657,BAJO,D,,
"TEMPORIZADOR DE | RENAULT 19,MEGANE,SC",RAL8658,MEDIO,D,,
"RELAY | RENAULT 19,CLIO II,K",RAL8659,BAJO,C,,
"TEMPORIZADOR DE | RENAULT CLIO II,KANG",RAL8660,BAJO,D,,
"RELAY | RENAULT 19,CLIO II,K",RAL8661,BAJO,C,,
"DESTELLADOR ELE | RENAULT CLIO II,KANG",RAL8662,BAJO,C,,
"RELAY | CHEVROLET CORSA,OMEG",RAL8665,BAJO,C,,
RELAY | CHEVROLET ASTRA -,RAL8666,BAJO,D,,
"RELAY | VOLKSWAGEN AUDI A3,G",RAL8674,BAJO,C,,
TEMPORIZADOR DE | VOLKSWAGEN GOL DIESE,RAL8736,MEDIO,C,,
RELAY | MERCEDES BENZ CAMIÓN,RAL8737,BAJO,C,,
RELAY | FIAT IVECO - CAMIÓN,RAL8738,BAJO,C,,
"RELAY | RENAULT 19,CLIO",RAL8740,BAJO,C,,
RELAY | CHEVROLET IPANEMA 0-,RAL8750,BAJO,D,,
RELAY | FIAT IVECO - CAMIÓN,RAL8751,BAJO,D,,
"RELAY | FIAT - BRAVA,MAREA,P",RAL8752,BAJO,C,,
"RELAY | FIAT - BRAVA,FIAT 18",RAL8753,BAJO,C,,
RELAY | MERCEDES BENZ SPRINT,RAL8754,BAJO,C,,
"RELAY | CITROEN - XANTIA,XSA",RAL8755,BAJO,D,,
RELAY | CITROEN - XSARA A/A,RAL8756,BAJO,C,,
MODULO DE IGNIC | ALFA ROMEO - TODOS -,RAL8760,MEDIO,C,,
MODULO DE IGNIC | VOLKSWAGEN AUDI TODO,RAL8761,BAJO,C,,
"MODULO DE IGNIC | CITROEN - AX,BX,DIST",RAL8762,MEDIO,C,,
"MODULO DE IGNIC | FORD ESCORT,ORION,VE",RAL8764,MEDIO,C,,
MODULO DE IGNIC | CHEVROLET SILVERADO,RAL8768,BAJO,C,,
MODULO DE IGNIC | CHEVROLET PICK UP -,RAL8770,MEDIO,C,,
"MODULO DE IGNIC | CHEVROLET COBO,CORSA",RAL8771,MEDIO,C,,
"MODULO DE IGNIC | FIAT - DUNA,FIORINO,",RAL8774,BAJO,B,,
"MODULO DE IGNIC | HONDA ACCORD,ACURA,C",RAL8775,MEDIO,C,,
MODULO DE IGNIC | FIAT - PEUGEOT - REN,RAL8776,BAJO,C,,
TEMPORIZADOR DE | ,RAL8797,MEDIO,C,,
"RELAY | FIAT - BRAVA,FIAT 18",RAL8803,BAJO,C,,
RELAY | CHEVROLET CORSA 0-->,RAL8804,BAJO,C,,
DESTELLADOR ELE | UNIVERSAL TODOS,RAL8814,BAJO,C,,
DESTELLADOR ELE | UNIVERSAL TODOS,RAL8815,BAJO,C,,
DESTELLADOR ELE | UNIVERSAL TODOS,RAL8817,BAJO,C,,
DESTELLADOR ELE | UNIVERSAL TODOS,RAL8818,BAJO,C,,
CONECTOR MODULA | UNIVERSAL SEVERAL C/,RAL8821,BAJO,C,,
RELAY | ,RAL8822,BAJO,C,,
AVISADOR SONORO | AVISADOR SONORO DE L,RAL8824,BAJO,C,,
AVISADOR SONORO | AVISADOR SONORO DE L,RAL8825,BAJO,C,,
RELAY | FORD SIERRA,RAL8836,BAJO,D,,
RELAY | FORD ESCORT 1994-->1,RAL8837,BAJO,C,,
RELAY | FORD ESCORT 1997-->1,RAL8839,BAJO,C,,
"RELAY | FORD COURIER,ESCORT,",RAL8840,BAJO,C,,
RELAY | FORD ESCORT 1997-->1,RAL8841,BAJO,C,,
RELAY | FORD FIESTA 1996-->1,RAL8843,BAJO,D,,
RELAY | VOLKSWAGEN GOL 1995-,RAL8844,BAJO,C,,
RELAY | VOLKSWAGEN CARAT,RAL8846,BAJO,C,,
RELAY | CHEVROLET CORSA DIES,RAL8850,BAJO,C,,
"RELAY | SCANIA CAMIÓN,OMNIBU",RAL8851,BAJO,C,,
RELAY | LADA LAIKA,RAL8852,BAJO,D,,
RELAY | LADA LAIKA,RAL8853,BAJO,D,,
"RELAY | FORD ORION,POINTER",RAL8856,BAJO,C,,
RELAY | FORD TRANSIT,RAL8858,BAJO,D,,
RELAY | FORD RANGER,RAL8859,BAJO,C,,
RELAY | FIAT - PALIO 2001 -,RAL8862,BAJO,C,,
RELAY | MERCEDES BENZ CAMIÓN,RAL8864,BAJO,C,,
"TEMPORIZADOR DE | CITROEN - BERLINGO,C",RAL8865,MEDIO,C,,
"TEMPORIZADOR DE | CITROEN - AX,BERLING",RAL8866,MEDIO,C,,
TEMPORIZADOR DE | FORD ESCORT 1997-->1,RAL8867,MEDIO,C,,
MODULO DE IGNIC | CHEVROLET MONZA 1.8,RAL8912,MEDIO,D,,
MODULO DE IGNIC | CHEVROLET MODELOS VA,RAL8917,MEDIO,C,,
MODULO DE IGNIC | CHEVROLET Corsa -,RAL8918,MEDIO,C,,
MODULO DE IGNIC | VOLKSWAGEN AUDI SIST,RAL8921,MEDIO,C,,
MODULO DE IGNIC | FORD VARIOS,RAL8922,BAJO,D,,
"MODULO DE IGNIC | FIAT - 147,FIORINO,R",RAL8927,MEDIO,C,,
RELAY | FIAT IVECO - CAMIÓN,RAL8946,BAJO,C,,
DESTELLADOR ELE | HONDA SEVERAL ; HYUN,RAL8956,BAJO,C,,
TEMPORIZADOR DE | MERCEDES BENZ CAMIÓN,RAL8958,BAJO,C,,
TEMPORIZADOR DE | CHEVROLET CORSA CLAS,RAL8986,BAJO,C,,
BOBINA DE IGNIC | UNIVERSAL PARA AUTOS,RAL90021,BAJO,C,,
BOBINA DE IGNIC | UNIVERSAL PARA AUTOS,RAL90025,BAJO,C,,
BOBINA DE IGNIC | FORD FALCON CON ENCE,RAL90091,BAJO,C,,
BOBINA DE IGNIC | FIAT 147/DUNA/FIORIN,RAL90162,BAJO,C,,
BOBINA DE IGNIC | RENAULT 11/12/18/19/,RAL90170,BAJO,C,,
BOBINA DE IGNIC | FORD ESCORT / VW GOL,RAL90171,BAJO,C,,
RELAY | ,RAL9033,BAJO,D,,
RELAY | ,RAL9036,BAJO,C,,
RELAY | ,RAL9037,BAJO,C,,
RELAY | ,RAL9038,BAJO,C,,
RELAY | ,RAL9039,BAJO,C,,
RELAY | ,RAL9040,BAJO,C,,
RELAY | ,RAL9041,BAJO,C,,
RELAY | ,RAL9042,BAJO,C,,
DESTELLADOR ELE | ,RAL9047,BAJO,C,,
TEMPORIZADOR DE | ,RAL9055,BAJO,D,,
RELAY | ,RAL9066,MEDIO,D,,
CAJA COMANDO | ,RAL9069,MEDIO,D,,
BOCINA CARACOL | JUEGO 2 BOCINA T/ CA,RAL9070,MEDIO,C,,
RELAY | ,RAL9076,BAJO,C,,
RELAY | ,RAL9081,MEDIO,C,,
RELAY | ,RAL9084,BAJO,C,,
RELAY | ,RAL9087,BAJO,C,,
RELAY | ,RAL9088,BAJO,C,,
RELAY | ,RAL9089,BAJO,C,,
RELAY | ,RAL9090,BAJO,D,,
RELAY | ,RAL9091,BAJO,C,,
RELAY | ,RAL9092,BAJO,D,,
AUTOMATICO DE L | AUTOMATICO DE LUCES,RAL9094,BAJO,C,,
TEMPORIZADOR DE | RENAULT KANGOO - MEG,RAL9095,MEDIO,D,,
TEMPORIZADOR | TEMPORIZADOR PARADA,RAL9098,MEDIO,C,,
RELAY | VW FOX - GOL,RAL9099,BAJO,C,,
RETROMARCHA | ,RAL9100,BAJO,C,,
TEMPORIZADOR | TEMPORIZADOR LRV VW,RAL9105,BAJO,D,,
DESTELLADOR | ,RAL9124,BAJO,C,,
DESTELLADOR ELE | FORD CARGO,RAL9126,BAJO,C,,
DESTELLADOR | ,RAL9129,BAJO,C,,
RELAY | ,RAL9132,BAJO,C,,
RELAY | ,RAL9134,BAJO,C,,
RELAY | ,RAL9135,BAJO,C,,
BOBINA DE IGNIC | ALFA ROMEO 1.3/145/1,RAL91359,BAJO,C,,
RELAY | ,RAL9136,BAJO,C,,
BOBINA DE IGNIC | AUDI 80 2.0IE/SEAT C,RAL91365,MEDIO,C,,
BOBINA DE IGNIC | AUDI LOGUS 1.8/2.0/V,RAL91366,MEDIO,C,,
RELAY | ,RAL9137,BAJO,C,,
BOBINA DE IGNIC | CITROEN AX 1.1/1.4/G,RAL91370,MEDIO,D,,
BOBINA DE IGNIC | CITROEN AX 1.1/1.4/G,RAL91372,BAJO,C,,
BOBINA DE IGNIC | CITROEN AX 1.1/1.4/G,RAL91374,BAJO,D,,
BOBINA DE IGNIC | CHEVROLET GENERAL MO,RAL91375,BAJO,C,,
BOBINA DE IGNIC | CITROEN BX-C15/PEUGE,RAL91378,BAJO,C,,
BOBINA DE IGNIC | RENAULT LAGUNA 2.0I,RAL91380,BAJO,D,,
BOBINA DE IGNIC | RENAULT CLIO 1.2I/KA,RAL91383,MEDIO,D,,
BOBINA DE IGNIC | RENAULT MEGANE 1.6I/,RAL91384,BAJO,D,,
BOBINA DE IGNIC | CHEVROLET GENERAL MO,RAL91386,MEDIO,D,,
BOBINA DE IGNIC | Citroen XM/Jumper/Pe,RAL91387,BAJO,D,,
RELAY | ,RAL9139,BAJO,C,,
BOBINA DE IGNIC | RENAULT 19 1.6 DESDE,RAL91391,BAJO,C,,
BOBINA DE IGNIC | RENAULT 19 1.6 HASTA,RAL91392,BAJO,C,,
BOBINA DE IGNIC | FORD ESCORT/VOLKSWAG,RAL91399,BAJO,C,,
RELAY | RELAY AIRE ACONDICIO,RAL9140,BAJO,D,,
BOBINA DE IGNIC | MAZDA MAZDA 121 DESD,RAL91401,MEDIO,C,,
BOBINA DE IGNIC | RENAULT 18/19/21/ALP,RAL91402,BAJO,C,,
BOBINA DE IGNIC | TOYOTA CAMRY/CELICA/,RAL91404,BAJO,D,,
BOBINA DE IGNIC | TOYOTA CAMRY 2.21 16,RAL91405,BAJO,C,,
BOBINA DE IGNIC | TOYOTA CARINA E 1.6I,RAL91406,BAJO,D,,
"BOBINA DE IGNIC | TOYOTA CAMRY 1.8 XL,",RAL91407,BAJO,C,,
BOBINA DE IGNIC | HONDA ACURA INTEGRA,RAL91408,BAJO,D,,
RELAY | AUXILIAR CAMIONES OM,RAL9141,BAJO,C,,
BOBINA DE IGNIC | HONDA ACURA INTEGRA/,RAL91413,BAJO,D,,
BOBINA DE IGNIC | RENAULT CLIO 1.4I/1.,RAL91414,BAJO,D,,
BOBINA DE IGNIC | RENAULT CLIO 1.4I/1.,RAL91415,BAJO,C,,
BOBINA DE IGNIC | RENAULT CLIO 1.4I/1.,RAL91416,MEDIO,C,,
BOBINA DE IGNIC | RENAULT ESPACE 2.0I/,RAL91417,BAJO,C,,
BOBINA DE IGNIC | FIAT BRAVA/BRAVO/CRO,RAL91418,MEDIO,C,,
BOBINA DE IGNIC | RENAULT CLIO II/KANG,RAL91419,BAJO,C,,
RELAY | ILUMINACION CABINA C,RAL9142,BAJO,D,,
BOBINA DE IGNIC | CHEVROLET GENERAL MO,RAL91420,MEDIO,C,,
BOBINA DE IGNIC | VOLKSWAGEN LUPO 1.0I,RAL91421,MEDIO,C,,
BOBINA DE IGNIC | VOLKSWAGEN CADDY 1.6,RAL91425,MEDIO,C,,
BOBINA DE IGNIC | FIAT PALIO 1.0I/1.3I,RAL91426,MEDIO,C,,
BOBINA DE IGNIC | VOLKSWAGEN GOL/PARAT,RAL91427,BAJO,C,,
BOBINA DE IGNIC | RENAULT LAGUNA 3.0,RAL91428,MEDIO,D,,
BOBINA DE IGNIC | CHEVROLET GENERAL MO,RAL91429,BAJO,D,,
BOBINA DE IGNIC | RENAULT ESPACE 2.0I/,RAL91431,BAJO,D,,
BOBINA DE IGNIC | RENAULT LAGUNA,RAL91432,MEDIO,D,,
BOBINA DE IGNIC | MITSUBISHI MONTERO 2,RAL91434,BAJO,D,,
BOBINA DE IGNIC | TOYOTA LANDCRUISER,RAL91437,MEDIO,C,,
BOBINA DE IGNIC | CHEVROLET GENERAL MO,RAL91438,MEDIO,C,,
BOBINA DE IGNIC | RENAULT CLIO II MOTO,RAL91439,MEDIO,D,,
BOBINA DE IGNIC | DAEWOO/DATSUN/NISSAN,RAL91443,BAJO,D,,
BOBINA DE IGNIC | FORD,RAL91445,MEDIO,D,,
BOBINA DE IGNIC | CHEVROLET GENERAL MO,RAL91446,MEDIO,C,,
BOBINA DE IGNIC | CITROEN PICASSO/XSAR,RAL91451,ALTO,C,,
BOBINA DE IGNIC | FORD FIESTA/FOCUS C,RAL91455,MEDIO,C,,
BOBINA DE IGNIC | VW GOL - SAVEIRO,RAL91464,MEDIO,D,,
TEMPORIZADOR | PEUGEOT 206,RAL9147,MEDIO,C,,
BOBINA DE IGNIC | NISSAN TILDA 1.8 07-,RAL91479,MEDIO,C,,
BOBINA DE IGNIC | MAZDA 323,RAL91485,MEDIO,C,,
DESTELLADOR ELE | FIAT PALIO - SIENA 2,RAL9176,BAJO,C,,
BOBINA DE IGNIC | CHRYSLER NEON 2.0 16,RAL91802,MEDIO,D,,
BOBINA DE IGNIC | RENAULT CLIO II/KANG,RAL91805,MEDIO,C,,
RELAY | RELAY DE GESTION DE,RAL9181,MEDIO,C,,
BOBINA DE IGNIC | PEUGEOT 206 1.6L/307,RAL91820,MEDIO,C,,
BOBINA DE IGNIC | CHEVROLET GENERAL MO,RAL91823,BAJO,D,,
BOBINA DE IGNIC | GENERAL MOTORS CORSA,RAL91827,MEDIO,C,,
BOBINA DE IGNIC | GENERAL MOTORS MERIV,RAL91830,MEDIO,C,,
BOBINA DE IGNIC | FIAT BRAVO/MAREA,RAL91833,MEDIO,D,,
BOBINA DE IGNIC | CHEVROLET GENERAL MO,RAL91834,MEDIO,C,,
BOBINA DE IGNIC | AUDI A3 1.6I/1.8I/A4,RAL91835,MEDIO,C,,
BOBINA DE IGNIC | FIAT TEMPRA 1.4/1.6/,RAL91842,BAJO,C,,
BOBINA DE IGNIC | VOLKSWAGEN GOL 1.6/G,RAL91847,MEDIO,C,,
BOBINA DE IGNIC | FORD VARIOS,RAL91848,BAJO,D,,
BOBINA DE IGNIC | VOLKSWAGEN POLO 1.4I,RAL91851,MEDIO,D,,
BOBINA DE IGNIC | FIAT BRAVO/MAREA,RAL91854,MEDIO,D,,
BOBINA DE IGNIC | MERCEDES BENZ CLASE,RAL91858,ALTO,C,,
BOBINA DE IGNIC | HONDA CIVIC,RAL91860,MEDIO,D,,
BOBINA DE IGNIC | KIA SPORTAGE 2.0,RAL91863,MEDIO,D,,
BOBINA DE IGNIC | CHEVROLET AGILE 5 PI,RAL91864,MEDIO,C,,
BOBINA DE IGNIC | HONDA FIT 1.4 - 16V,RAL91865,MEDIO,D,,
BOBINA DE IGNIC | HONDA FIT 1.4 - 8V,RAL91866,MEDIO,D,,
BOBINA DE IGNIC | CHEVROLET ASTRA,RAL91868,MEDIO,D,,
BOBINA DE IGNIC | FIAT 500 - ALFA ROME,RAL91869,MEDIO,C,,
BOBINA DE IGNIC | HONDA CIVIC 1.8 - 20,RAL91872,MEDIO,D,,
BOBINA DE IGNIC | FIAT PALIO 1.6 - 16V,RAL91873,MEDIO,C,,
BOBINA DE IGNIC | GOL- PASSAT - SANTAN,RAL91874,BAJO,D,,
BOBINA DE IGNIC | FIAT STILO PALIO STR,RAL91876,MEDIO,C,,
BOBINA DE IGNIC | FIAT PALIO - SIENA -,RAL91877,MEDIO,C,,
"BOBINA DE IGNIC | MITSUBISHI: ECLIPSE,",RAL91886,MEDIO,D,,
"BOBINA DE IGNIC | MITSUBISHI: CARISMA,",RAL91887,MEDIO,C,,
"BOBINA DE IGNIC | NISSAN: PRIMERA, SEN",RAL91888,MEDIO,C,,
BOBINA DE IGNIC | RENAULT - KOLEOS - N,RAL91890,MEDIO,C,,
"BOBINA DE IGNIC | NISSAN: ESTIMA, TOYO",RAL91892,BAJO,C,,
"BOBINA DE IGNIC | FIAT LINEA, PUNTO -",RAL91894,MEDIO,D,,
"BOBINA DE IGNIC | GM ONIX, PRISMA",RAL91895,MEDIO,C,,
BOBINA DE IGNIC | PEUGEOT 406 TODOS/ C,RAL91899,MEDIO,D,,
BOBINA DE IGNIC | HYUNDAI ACCENT 1.3 /,RAL91900,MEDIO,D,,
BOBINA DE IGNIC | MB C180-C200-C230-E2,RAL91907,MEDIO,D,,
BOBINA DE IGNIC | CHERY CIELO TIGGO FA,RAL91911,MEDIO,C,,
BOBINA DE IGNIC | KIA PICANTO - HYUNDA,RAL91912,MEDIO,D,,
BOBINA DE IGNIC | HONDA ACCORD CIVIC S,RAL91916,MEDIO,D,,
BOMBAS DE COMBU | BOMBA INTERNA 12V .,RALBECA2059,MEDIO,D,,
BOMBAS DE COMBU | BOMBA INTERNA 12V .,RALBECB052,MEDIO,D,,
BOMBAS DE COMBU | BOMBA INTERNA 12V .,RALBECB053,BAJO,D,,
BOMBAS DE COMBU | BOMBA INTERNA 12V .,RALBECB164,MEDIO,D,,
BOMBAS DE COMBU | BOMBA INTERNA 12V .,RALBECB507,BAJO,D,,
BOMBAS DE COMBU | BOMBA INTERNA 12V .,RALBECB812,MEDIO,D,,
BOMBAS DE COMBU | BOMBA INTERNA 12V .,RALBECB911,MEDIO,D,,
BOMBAS DE COMBU | BOMBA INTERNA 12V .,RALBECB957,MEDIO,D,,
BOMBAS DE COMBU | BOMBA INTERNA 12V .,RALBECD095,MEDIO,D,,
BOMBAS DE COMBU | BOMBA INTERNA 12V .,RALBECD101,MEDIO,D,,
BOMBAS DE COMBU | ,RALBECD102,MEDIO,D,,
BOMBAS DE COMBU | BOMBA INTERNA 12V .,RALBECD123,MEDIO,C,,
BOMBAS DE COMBU | BOMBA INTERNA 12V .,RALBECD8152,MEDIO,D,,
BOMBAS DE COMBU | BOMBA INTERNA 12V .,RALBECM211,MEDIO,D,,
BOMBAS DE COMBU | BOMBA INTERNA 12V .,RALBECM212,MEDIO,D,,
BOMBAS DE COMBU | BOMBA P/CARBURADOR 1,RALBECP7283,MEDIO,D,,
BOMBAS DE COMBU | BOMBA DE CEBADO 12V,RALBECV228,MEDIO,D,,
BOMBAS DE COMBU | BOMBA INTERNA 12V .,RALBECW382,BAJO,D,,
BOMBAS DE COMBU | BOMBA INTERNA 12V .,RALBECW415,BAJO,D,,
BOMBAS DE COMBU | BOMBA INTERNA 12V .,RALBECW429,MEDIO,D,,
BOMBAS DE COMBU | BOMBA INTERNA 12V .,RALBECW452,BAJO,D,,
BOMBAS DE COMBU | BOMBA INTERNA 12V .,RALBECW733,MEDIO,D,,
REGULADOR DE VO | REGULADOR DE VOLTAJE,RALF018,BAJO,C,,
REGULADOR DE VO | REGULADOR DE VOLTAJE,RALF1248,BAJO,C,,
REGULADOR DE VO | REGULADOR DE VOLTAJE,RALF1400,BAJO,C,,
REGULADOR DE VO | REGULADOR DE VOLTAJE,RALF1425,BAJO,C,,
REGULADOR DE VO | REGULADOR DE VOLTAJE,RALF1515,BAJO,B,,
REGULADOR DE VO | REGULADOR DE VOLTAJE,RALF1540,BAJO,C,,
REGULADOR DE VO | REGULADOR DE VOLTAJE,RALF1552,BAJO,C,,
REGULADOR DE VO | REGULADOR DE VOLTAJE,RALF1600,BAJO,C,,
REGULADOR DE VO | REGULADOR DE VOLTAJE,RALF1605,BAJO,C,,
REGULADOR DE VO | REGULADOR DE VOLTAJE,RALF1610,BAJO,C,,
REGULADOR DE VO | REGULADOR DE VOLTAJE,RALF1640,BAJO,C,,
REGULADOR DE VO | REGULADOR DE VOLTAJE,RALF1680,BAJO,C,,
REGULADOR DE VO | REGULADOR DE VOLTAJE,RALF1690,BAJO,C,,
REGULADOR DE VO | REGULADOR DE VOLTAJE,RALF1695,BAJO,C,,
REGULADOR DE VO | REGULADOR DE VOLTAJE,RALF1710,BAJO,C,,
REGULADOR DE VO | REGULADOR DE VOLTAJE,RALF1725,BAJO,C,,
REGULADOR DE VO | REGULADOR DE VOLTAJE,RALF688700,BAJO,C,,
REGULADOR DE VO | REGULADOR DE VOLTAJE,RALFB016,BAJO,C,,
REGULADOR DE VO | REGULADOR DE VOLTAJE,RALFB026,BAJO,C,,
REGULADOR DE VO | REGULADOR DE VOLTAJE,RALFB027,BAJO,C,,
REGULADOR DE VO | REGULADOR DE VOLTAJE,RALFB033003,BAJO,C,,
REGULADOR DE VO | REGULADOR DE VOLTAJE,RALFB087040,BAJO,C,,
REGULADOR DE VO | REGULADOR DE VOLTAJE,RALFB144123,MEDIO,C,,
REGULADOR DE VO | REGULADOR DE VOLTAJE,RALFB145220,BAJO,C,,
REGULADOR DE VO | REGULADOR DE VOLTAJE,RALFB145225,BAJO,C,,
REGULADOR DE VO | REGULADOR DE VOLTAJE,RALFB145229,MEDIO,C,,
REGULADOR DE VO | REGULADOR DE VOLTAJE,RALFB145231,MEDIO,C,,
REGULADOR DE VO | REGULADOR DE VOLTAJE,RALFB145235,MEDIO,C,,
REGULADOR DE VO | REGULADOR DE VOLTAJE,RALFB145239,MEDIO,C,,
REGULADOR DE VO | REGULADOR DE VOLTAJE,RALFB311021,BAJO,C,,
REGULADOR DE VO | REGULADOR DE VOLTAJE,RALFB311022,BAJO,C,,
REGULADOR DE VO | REGULADOR DE VOLTAJE,RALFB311026,BAJO,C,,
REGULADOR DE VO | REGULADOR DE VOLTAJE,RALFB311028,BAJO,C,,
REGULADOR DE VO | REGULADOR DE VOLTAJE,RALFB311211,BAJO,C,,
REGULADOR DE VO | REGULADOR DE VOLTAJE,RALFB311212,BAJO,C,,
REGULADOR DE VO | REGULADOR DE VOLTAJE,RALFB311214,BAJO,C,,
REGULADOR DE VO | REGULADOR DE VOLTAJE,RALFB311223,BAJO,C,,
REGULADOR DE VO | REGULADOR DE VOLTAJE,RALFB311301,BAJO,C,,
REGULADOR DE VO | REGULADOR DE VOLTAJE,RALFB311304,BAJO,C,,
REGULADOR DE VO | REGULADOR DE VOLTAJE,RALFB311523,BAJO,C,,
REGULADOR DE VO | REGULADOR DE VOLTAJE,RALFB337306,BAJO,C,,
REGULADOR DE VO | REGULADOR DE VOLTAJE,RALFB457001,BAJO,D,,
REGULADOR DE VO | REGULADOR DE VOLTAJE,RALFD009701,BAJO,C,,
REGULADOR DE VO | REGULADOR DE VOLTAJE,RALFD116432,BAJO,D,,
Regulador de Vo | Regulador de Voltaje,RALFD690012,BAJO,D,,
REGULADOR DE VO | REGULADOR DE VOLTAJE,RALFFE43F02,BAJO,D,,
REGULADOR DE VO | REGULADOR DE VOLTAJE,RALFH003319,BAJO,D,,
REGULADOR DE VO | REGULADOR DE VOLTAJE,RALFH033155,BAJO,C,,
REGULADOR DE VO | REGULADOR DE VOLTAJE,RALFL000148,BAJO,C,,
REGULADOR DE VO | REGULADOR DE VOLTAJE,RALFM118C,BAJO,C,,
REGULADOR DE VO | REGULADOR DE VOLTAJE,RALFM119AC,BAJO,C,,
REGULADOR DE VO | REGULADOR DE VOLTAJE,RALFM611361,BAJO,C,,
REGULADOR DE VO | REGULADOR DE VOLTAJE,RALFM617181,BAJO,C,,
REGULADOR DE VO | REGULADOR DE VOLTAJE,RALFMAF12E,BAJO,C,,
REGULADOR DE VO | REGULADOR DE VOLTAJE,RALFMI013370,MEDIO,D,,
REGULADOR DE VO | REGULADOR DE VOLTAJE,RALFMI013971,BAJO,C,,
REGULADOR DE VO | REGULADOR DE VOLTAJE,RALFMI017170,BAJO,C,,
REGULADOR DE VO | REGULADOR DE VOLTAJE,RALFMI022272,BAJO,C,,
REGULADOR DE VO | REGULADOR DE VOLTAJE,RALFMI023200,BAJO,C,,
REGULADOR DE VO | REGULADOR DE VOLTAJE,RALFNA321003,BAJO,C,,
REGULADOR DE VO | REGULADOR DE VOLTAJE,RALFPR1652,BAJO,C,,
REGULADOR DE VO | REGULADOR DE VOLTAJE,RALFPR1925,BAJO,C,,
REGULADOR DE VO | REGULADOR DE VOLTAJE,RALFV493811,BAJO,C,,
REGULADOR DE VO | REGULADOR DE VOLTAJE,RALFV493820,BAJO,C,,
REGULADOR DE VO | REGULADOR DE VOLTAJE,RALFV542299,BAJO,C,,
REGULADOR DE VO | REGULADOR DE VOLTAJE,RALFV590589,BAJO,C,,
REGULADOR DE VO | REGULADOR DE VOLTAJE,RALFV590932,BAJO,C,,
REGULADOR DE VO | REGULADOR DE VOLTAJE,RALFV592781,BAJO,D,,
REGULADOR DE VO | REGULADOR DE VOLTAJE,RALFV592791,BAJO,C,,
REGULADOR DE VO | REGULADOR DE VOLTAJE,RALFV592793,BAJO,C,,
REGULADOR DE VO | REGULADOR DE VOLTAJE,RALFV592802,MEDIO,C,,
REGULADOR DE VO | REGULADOR DE VOLTAJE,RALFV593290,BAJO,C,,
REGULADOR DE VO | REGULADOR DE VOLTAJE,RALFV593411,BAJO,C,,
REGULADOR DE VO | REGULADOR DE VOLTAJE,RALFV593455,BAJO,C,,
REGULADOR DE VO | REGULADOR DE VOLTAJE,RALFV593505,BAJO,C,,
REGULADOR DE VO | REGULADOR DE VOLTAJE,RALFV593529,MEDIO,C,,
REGULADOR DE VO | REGULADOR DE VOLTAJE,RALFW457002,BAJO,C,,
PLACAS PORTADIO | PLACA PORTADIODOS DE,RALPA12475,BAJO,D,,
PLACAS PORTADIO | PLACA PORTADIODOS PE,RALPA13137,BAJO,D,,
PLACAS PORTADIO | PLACA PORTADIODOS DE,RALPP12441,BAJO,C,,
PLACAS PORTADIO | PLACA PORTADIODOS DE,RALPP12442,BAJO,C,,
PLACAS PORTADIO | PLACA PORTADIODOS FI,RALPP12574,BAJO,C,,
PLACAS PORTADIO | PLACA PORTADIODOS FI,RALPP12575,BAJO,C,,
PLACAS PORTADIO | ,RALPR12529SPA,BAJO,D,,
PLACAS PORTADIO | PLACA PORTADIODOS PE,RALPR13136,MEDIO,D,,
PLACAS PORTADIO | PLACA PORTADIODOS FO,RALPR13274,MEDIO,D,,
PUENTE RECTIFIC | ,RALPR13437,BAJO,C,,
PLACA PORTADIOD | ,RALPR13563,BAJO,D,,
PLACA PORTADIOD | ,RALPR13646,MEDIO,C,,
PLACAS PORTADIO | PLACA PORTADIODOS RE,RALPR13672,MEDIO,C,,
PLACAS PORTADIO | PLACA PORTADIODOS FO,RALPR13682,MEDIO,C,,
PLACA PORTADIOD | ,RALPRBO011131,BAJO,D,,
PLACA PORTADIOD | ,RALPRBO067385,BAJO,D,,
PLACA PORTADIOD | ,RALPRBO080089,MEDIO,D,,
PLACA PORTADIOD | ,RALPRBO123202,MEDIO,D,,
PLACA PORTADIOD | ,RALPRBO319560,MEDIO,D,,
PLACA PORTADIOD | ,RALPRBO320541,BAJO,D,,
PLACA PORTADIOD | ,RALPRBO320973,MEDIO,D,,
PLACA PORTADIOD | ,RALPRDE475034,BAJO,D,,
PLACA PORTADIOD | ,RALPRHI023201,MEDIO,D,,
PLACAS PORTADIO | PLACA PORTADIODOS FO,RALPRI13939,MEDIO,D,,
PLACA PORTADIOD | ,RALPRMM622001,MEDIO,D,,
PLACA PORTADIOD | ,RALPRMM623301,MEDIO,D,,
PLACA PORTADIOD | ,RALPRNI551590,BAJO,D,,
PLACA PORTADIOD | ,RALPRNI606380,BAJO,D,,
PLACA PORTADIOD | ,RALPRVA546048,MEDIO,D,,
PLACA PORTADIOD | ,RALPRVA546062,MEDIO,D,,
CLIP PARA BATER | COCODRILO,REB1007,BAJO,B,,
CLIP PARA BATER | 10 AMPER,REB1010,BAJO,C,,
CLIP PARA BATER | 20 AMPER,REB1020,BAJO,C,,
CLIP PARA BATER | 25 AMPER,REB1025,BAJO,C,,
CLIP PARA BATER | 50 AMPER,REB1050,BAJO,C,,
CLIP PARA BATER | 120 AMPER,REB1120,BAJO,C,,
CLIP PARA BATER | 200 AMPER,REB1200,BAJO,C,,
CLIP PARA BATER | 10 AMPER AISLADO POS,REB2010(-),BAJO,A,,
CLIP PARA BATER | 10 AMPER AISLADO NEG,REB2010(+),BAJO,A,,
CLIP PARA BATER | 20 AMPER AISLADO POS,REB2020(-),BAJO,B,,
CLIP PARA BATER | 20 AMPER AISLADO NEG,REB2020(+),BAJO,B,,
CLIP PARA BATER | 25 AMPER AISLADO POS,REB2025(-),BAJO,B,,
CLIP PARA BATER | 25 AMPER AISLADO NEG,REB2025(+),BAJO,B,,
CLIP PARA BATER | 50 AMPER AISLADO POS,REB2050(-),BAJO,C,,
CLIP PARA BATER | 50 AMPER AISLADO NEG,REB2050(+),BAJO,B,,
CLIP PARA BATER | 120 AMPER AISLADO PO,REB2120(-),BAJO,C,,
CLIP PARA BATER | 120 AMPER AISLADO NE,REB2120(+),BAJO,C,,
CLIP PARA BATER | 200 AMPER AISLADO PO,REB2200(-),BAJO,C,,
CLIP PARA BATER | 200 AMPER AISLADO NE,REB2200(+),BAJO,C,,
CLIP PARA BATER | AISLADO POSITIVO,REB2331(-),BAJO,A,,
CLIP PARA BATER | AISLADO NEGATIVO,REB2331(+),BAJO,A,,
DISPLAY DE CLIP | COCODRILO 150 UNIDAD,REB3300,MEDIO,C,,
DISPLAY DE CLIP | COCODRILO AISLADO 15,REB3331,MEDIO,C,,
ASIPIRADORA | ASP001 REFURBISHED,REFREFASP001,BAJO,C,,
MINI ASPIRADORA | APS002 REFURBISHED,REFREFASP002,BAJO,D,,
COMPRESOR | COM001 REFURBISHED,REFREFCOM001,BAJO,C,,
VENTILADOR | VENT005 REFURBISHED,REFREFVENT005,BAJO,D,,
VENTILADOR | VENT015 REFURBISHED,REFREFVENT015,BAJO,D,,
"CAÑERIA DE POLI | 1,50 METROS",REI1102,BAJO,A,,
CAÑERIA DE POLI | 2 METROS,REI1104,BAJO,A,,
CAÑERIA DE POLI | 4 METROS,REI1106,BAJO,B,,
"CAÑERIA DE COBR | 1,30 METROS",REI1201,BAJO,D,,
"CAÑERIA DE COBR | 1,50 METROS",REI1202,BAJO,D,,
"CAÑERIA DE COBR | 1,80 METROS",REI1203,BAJO,D,,
CAÑERIA DE COBR | 2 METROS,REI1204,BAJO,C,,
"CAÑERIA DE COBR | 3,80 METROS",REI1205,BAJO,C,,
CAÑERIA DE COBR | 4 METROS,REI1206,BAJO,C,,
ACOPLE | B 40 BRASIL,REI1301,BAJO,A,,
ACOPLE | B 41 UNION DE CAÑOS,REI1302,BAJO,C,,
"FLEXIBLE DE MAL | UNIVERSAL 0,20 CM",REI1601,BAJO,B,,
"FLEXIBLE DE MAL | UNIVERSAL 0,25 CM",REI1602,BAJO,B,,
FLEXIBLE DE MAL | LARGO 30 CMT,REI1603,BAJO,C,,
FLEXIBLE DE MAL | LARGO 40 CMT,REI1604,BAJO,C,,
FLEXIBLE DE MAL | LARGO 50 CMT,REI1605,BAJO,C,,
FLEXIBLE DE MAL | LARGO 60 CMT,REI1606,BAJO,C,,
FLEXIBLE DE MAL | RENAULT JEEP IKA LAR,REI1607,BAJO,C,,
CONEXIÓN DE MAN | RENAULT IKA-RAMBLER,REI2001,BAJO,C,,
CONEXIÓN DE MAN | CHEVROLET OPEL-VALIA,REI2004,BAJO,C,,
CONEXIÓN DE MAN | CHEVROLET DODGE P UP,REI2010,BAJO,C,,
CONEXIÓN DE MAN | FORD FALCON - FIESTA,REI2011,BAJO,C,,
CONEXIÓN DE MAN | RENAULT 4-12-6-FIAT,REI2017,BAJO,B,,
CONEXIÓN DE MAN | RENAULT 12-18 MODELO,REI2021,BAJO,C,,
CONEXIÓN DE MAN | CITROEN 2CV,REI2022,BAJO,C,,
CONEXIÓN DE MAN | CITROEN 3CV-AMI8-F60,REI2023,BAJO,C,,
CONEXIÓN DE MAN | PEUGEOT FILTRO,REI2025,BAJO,C,,
CONEXIÓN DE MAN | PEUGEOT BALANCIN,REI2026,BAJO,C,,
CONEXIÓN DE MAN | PEUGEOT DIESEL - RAS,REI2027,BAJO,C,,
CONEXIÓN DE MAN | FORD ESCORT-ORION,REI2045,BAJO,C,,
CONEXIÓN DE MAN | RENAULT EXPRES-TRAFI,REI2046,BAJO,C,,
CONEXIÓN DE MAN | FIAT 147-DUNA DIESEL,REI2047,BAJO,C,,
CONEXIÓN DE MAN | RENAULT 19-R21-CLIO-,REI2048,BAJO,C,,
CONEXIÓN DE MAN | FORD FALCON-TAUNUS-P,REI2049,BAJO,C,,
CONEXIÓN DE MAN | PEUGEOT 504-505-405-,REI2050,BAJO,C,,
CONEXION DE MAN | AUTOS JAPONESES,REI2051,BAJO,C,,
CONEXION DE TEM | RENAULT IKA-RAMBLER,REI2101,BAJO,C,,
CONEXION DE TEM | CHEVROLET,REI2104,BAJO,C,,
CONEXION DE TEM | CHEVROLET CHEVY,REI2105,BAJO,C,,
CONEXION DE TEM | CHEVROLET OPEL K 180,REI2106,BAJO,C,,
CONEXION DE TEM | VOLKSWAGEN DODGE 150,REI2108,BAJO,C,,
CONEXION DE TEM | FORD FALCON - P UP -,REI2111,BAJO,C,,
CONEXION DE TEM | FORD TAUNUS,REI2112,BAJO,C,,
CONEXION DE TEM | FORD GHIA,REI2113,BAJO,C,,
CONEXION DE TEM | FAIRLANE 6 CILINDROS,REI2114,BAJO,C,,
CONEXION DE TEM | FAIRLANE 8 CILINDROS,REI2115,BAJO,C,,
CONEXION DE TEM | RENAULT GORDINI - 4,REI2117,BAJO,C,,
CONEXION DE TEM | RENAULT 12 83-18,REI2121,BAJO,C,,
CONEXION DE TEM | RENAULT 11-9-21-19-C,REI2124,BAJO,C,,
CONEXION DE TEM | FIAT F125-1500-1600-,REI2129,BAJO,C,,
CONEXION DE TEM | FIAT 128 EUROPA DUNA,REI2130,BAJO,C,,
CONEXION DE TEM | FIAT 133,REI2131,BAJO,C,,
CONEXION DE TEM | FIAT 600R -,REI2132,BAJO,C,,
CONEXION DE TEM | FIAT 600E-750-800,REI2133,BAJO,C,,
CONEXION DE TEM | RASTROJERO,REI2142,BAJO,C,,
CONEXION DE TEM | FORD KA TEMPERATURA,REI2143,BAJO,C,,
CONEXION DE TEM | VOLKSWAGEN CARAT-GAC,REI2145,BAJO,C,,
CONEXION DE TEM | VOLKSWAGEN GOL MOTOR,REI2146,BAJO,C,,
CONEXION DE TEM | VOLKSWAGEN,REI2147,BAJO,C,,
CONEXION DE TEM | VW LINEA NUEVA,REI2149,BAJO,C,,
REDUCCION TODA | FIAT 600,REI2201,BAJO,C,,
REDUCCION TODA | PEUGEOT,REI2202,BAJO,C,,
REDUCCION TODA | RASTROJERO,REI2203,BAJO,C,,
REDUCCION TODA | CHEVROLET,REI2205,BAJO,C,,
REDUCCION TODA | FORD,REI2206,BAJO,C,,
REDUCCION TODA | RENAULT IKA,REI2207,BAJO,C,,
REDUCCION TODA | MERCEDES BENZ,REI2208,BAJO,C,,
REDUCCION DE TE | REDUCCION TEMPERATUR,REI2209,BAJO,C,,
REDUCCION DE TE | REDUCCION TEMPERATUR,REI2210,BAJO,C,,
REDUCCION DE TE | REDUCCION TEMPERATUR,REI2211,BAJO,C,,
NIPLE CAÑO DE C | NIPLE CAÑO DE COBRE,REI2212,BAJO,C,,
REDUCCION | REDUCCION 5/8 X 18 -,REI2213,BAJO,C,,
ALARGUE DE BUJI | RENAULT BRONCE PARA,REI2301,BAJO,C,,
ALARGUE DE BUJI | CHEVROLET BRONCE PAR,REI2302,BAJO,B,,
ALARGUE DE BUJI | FIAT BRONCE PARA BUJ,REI2303,BAJO,C,,
ALARGUE DE BUJI | VOLKSWAGEN BRONCE PA,REI2304,BAJO,A,,
ALARGUE DE BUJI | FORD BRONCE PARA BUJ,REI2305,BAJO,C,,
ALARGUE DE BUJI | FORD BUJIA TAUNUS,REI2306,BAJO,B,,
ROSCA DESGASTAD | ROSCA DESGASTADA DE,REI2307,BAJO,C,,
ALARGUE DE BUJI | ROSCA DESGASTADA DE,REI2308,BAJO,C,,
ALARGUE DE BUJI | MOTOR ZETEC,REI2309,BAJO,A,,
ALARGUE DE BUJI | MOTOR FIRE,REI2310,BAJO,B,,
TABLERO | BOCA TAPIZ EN CUERIN,REI501,BAJO,C,,
TABLERO | 2 BOCAS TAPIZ EN CUE,REI502,BAJO,C,,
TABLERO | BOCAS TAPIZ EN CUERI,REI503,BAJO,C,,
TABLERO | TAPIZADO 1 BOCA,REI505,BAJO,C,,
TABLERO | TAPIZADO 2 BOCAS,REI506,BAJO,C,,
TABLERO | TAPIZADO 3 BOCAS,REI507,BAJO,D,,
ARO DIRECCIONAL | 52 MM,REI601,BAJO,C,,
CONSOLA ORIENTA | BOCA ALTO IMPACTO,REI701,BAJO,C,,
CONSOLA ORIENTA | 2 BOCAS ALTO IMPACTO,REI702,BAJO,C,,
CONSOLA ORIENTA | 3 BOCA ALTO IMPACTO,REI703,BAJO,C,,
TABLERO | ALTO IMPACTO 1 BOCA,REI705,BAJO,C,,
TABLERO | ALTO IMPACTO 2 BOCAS,REI706,BAJO,C,,
TABLERO | ALTO IMPACTO 3 BOCAS,REI707,BAJO,C,,
CONSOLA ORIENTA | PLASTICO 1 BOCA 52 M,REI711,BAJO,C,,
CONSOLA ORIENTA | PLASTICO 2 BOCA 52 M,REI712,BAJO,C,,
CONSOLA ORIENTA | PLASTICO 3 BOCAS 52,REI713,BAJO,C,,
CARCAZA PARA IN | 52 MM DEPORTIVA,REI801,BAJO,C,,
CARCAZA PARA IN | 52 MM MANOMETRO DEPO,REI802,BAJO,C,,
CARCAZA PARA IN | 80 MM DEPORTIVA,REI803,BAJO,C,,
ADAPTADOR | ADAPTADOR CON REDUCC,REI995,BAJO,C,,
ADAPTADOR BULBO | ADAPTADOR PARA INSTA,REI997,BAJO,C,,
ADAPTADOR BULBO | ADAPTADOR PARA INSTA,REI998,BAJO,C,,
ADAPTADOR BULBO | ADAPTADOR PARA INSTA,REI999,BAJO,C,,
ELECTROVENTILAD | FORD KA MK1 1.0 - 1.,RGU1088845,MEDIO,C,,
ELECTROVENTILAD | UNIVERSAL 11 PULGADA,RGU111260A,BAJO,C,,
ELECTROVENTILAD | UNIVERSAL 11 PULGADA,RGU111260S,BAJO,C,,
ELECTROVENTILAD | UNIVERSAL 11 PULGADA,RGU112480A,BAJO,C,,
ELECTROVENTILAD | UNIVERSAL 11 PULGADA,RGU112480S,BAJO,C,,
"CUERPO MARIPOSA | VOLKSWAGEN SHARAN ,",RGU12074,ALTO,D,,
CUERPO MARIPOSA | CHEVROLET CRUZE 1.8,RGU12107,ALTO,D,,
ELECTROVENTILAD | UNIVERSAL 12 PULGADA,RGU121260A,BAJO,C,,
ELECTROVENTILAD | UNIVERSAL 12 PULGADA,RGU121260S,BAJO,C,,
CUERPO MARIPOSA | RENAULT LOGAN/STEPWA,RGU12151,ALTO,C,,
CUERPO MARIPOSA | FIAT ARGO CRONOS MOB,RGU12156,ALTO,C,,
"CUERPO MARIPOSA | RENAULT LOGAN II , D",RGU12159,ALTO,C,,
ELECTROVENTILAD | UNIVERSAL 12 PULGADA,RGU122480A,BAJO,C,,
ELECTROVENTILAD | UNIVERSAL 12 PULGADA,RGU122480S,BAJO,C,,
CUERPO MARIPOSA | CHEVROLET TRACKER ON,RGU12309,ALTO,D,,
"CUERPO MARIPOSA | JEEP
 COMMANDER / RE",RGU12310,ALTO,D,,
CUERPO MARIPOSA | CHEVROLET S10,RGU12311,ALTO,D,,
CUERPO MARIPOSA | VOLKSWAGEN BORA 08/1,RGU12312,ALTO,D,,
CUERPO MARIPOSA | FIAT DUCATO 11/23 2.,RGU12313,ALTO,D,,
"CUERPO MARIPOSA | RENAULT DUSTER , DUS",RGU12314,ALTO,D,,
"CUERPO MARIPOSA | RENAULT DUSTER , SAN",RGU12315,ALTO,D,,
CUERPO MARIPOSA | AUDI A3 1.4L 1.6L 16,RGU12316,ALTO,D,,
CUERPO MARIPOSA | CHEVROLET ONIX 1.0 T,RGU12317,ALTO,C,,
CUERPO MARIPOSA | CHEVROLET ONIX TRACK,RGU12318,ALTO,D,,
CUERPO MARIPOSA | RENAULT MEGANE IV 1.,RGU12319,ALTO,D,,
CUERPO MARIPOSA | VOLKSWAGEN VENTO 11/,RGU12320,ALTO,D,,
"CUERPO MARIPOSA | MERCEDES ,BENZ W176",RGU12321,ALTO,D,,
"CUERPO MARIPOSA | MERCEDES,BENZ C240,",RGU12322,ALTO,D,,
CUERPO MARIPOSA | BMW F52/118I/F20/118,RGU12323,ALTO,D,,
CUERPO MARIPOSA | BMW F35/320LI/G28/32,RGU12324,ALTO,D,,
"CUERPO MARIPOSA | BMW 
 SERIE 1 118I /",RGU12325,ALTO,D,,
CUERPO MARIPOSA | MERCEDES/BENZ C320 0,RGU12327,ALTO,D,,
"CUERPO MARIPOSA | MERCEDES/BENZ CLASS,",RGU12328,ALTO,D,,
"CUERPO MARIPOSA | BMW X6, Z4, 535I, 74",RGU12329,ALTO,D,,
CUERPO MARIPOSA | BMW M3 20/22 L6 3.0L,RGU12330,ALTO,D,,
CUERPO MARIPOSA | BMW Z4/X1/5/3/2/1 09,RGU12331,ALTO,D,,
ELECTROVENTILAD | PEUGEOT PARTNER 1.4,RGU1250F8,MEDIO,C,,
ELECTROVENTILAD | PEUGEOT 306 1.6 -1.8,RGU125366,MEDIO,C,,
ELECTROVENTILAD | PEUGEOT 206/ 207 S/A,RGU125383,MEDIO,C,,
ELECTROVENTILAD | PEUGEOT 206/ 207/ 30,RGU1253C5,MEDIO,C,,
ELECTROVENTILAD | PEUGEOT 307/ 308/ 40,RGU1253K2,MEDIO,C,,
ELECTROVENTILAD | PEUGEOT 208/ 2008/ 3,RGU1253P8,MEDIO,C,,
ELECTROVENTILAD | CHEVROLET CORSA CLAS,RGU1341307,MEDIO,C,,
ELECTROVENTILAD | CHEVROLET CORSA II 1,RGU1341331,MEDIO,C,,
ELECTROVENTILAD | VOLKSWAGEN GOLFIIi /,RGU165959455L,MEDIO,C,,
ELECTROVENTILAD | TOYOTA ETIOS 1.5 NAF,RGU167110Y020,MEDIO,C,,
ELECTROVENTILAD | TOYOTA COROLLA 08/18,RGU167120T020,ALTO,C,,
ELECTROVENTILAD | VOLKSWAGEN GOLF III,RGU191959455AF,MEDIO,C,,
ELECTROVENTILAD | VOLKSWAGEN BORA 1.8T,RGU1J0959455F,MEDIO,C,,
ELECTROVENTILAD | VOLKSWAGEN BORA 1.8T,RGU1J0959455L,MEDIO,C,,
ELECTROVENTILAD | VOLKSWAGEN VENTO/ PA,RGU1K0959455EA,MEDIO,C,,
ELECTROVENTILAD | VOLKSWAGEN VENTO/ PA,RGU1K0959455ES,MEDIO,C,,
ELECTROVENTILAD | VOLKSWAGEN UP 14/17,RGU1S0959455A,MEDIO,C,,
ELECTROVENTILAD | RENAULT FLUENCE/ MEG,RGU214819402R,MEDIO,C,,
ELECTROVENTILAD | NISSAN TIDA 1.8 08/,RGU21481EL30A,MEDIO,C,,
ELECTROVENTILAD | CHEVROLET CORSA II F,RGU24445190,MEDIO,C,,
ELECTROVENTILAD | FORD ECOSPORT 1.6 03,RGU2S658K620DA,MEDIO,C,,
ELECTROVENTILAD | VOLKSWAGEN SANTANA/,RGU3259594554,MEDIO,C,,
ELECTROVENTILAD | VOLKSWAGEN GOL III /,RGU377959455H,MEDIO,C,,
ELECTROVENTILAD | FORD FOCUS 1.6 SIGMA,RGU3M518C607EC,ALTO,C,,
ELECTROVENTILAD | FIAT PALIO/ SIENA /S,RGU46810475,MEDIO,C,,
ELECTROVENTILAD | FIAT PALIO/ SIENA/ I,RGU46815898,MEDIO,C,,
ELECTROVENTILAD | FIAT FIORINO/ UNO WA,RGU46815900,MEDIO,C,,
KIT DESPIECE BO | KIT DE DESPIECE BOMB,RGU477KTS,BAJO,A,,
ELECTROVENTILAD | FORD FOCUS 1.6 - 2.0,RGU4S4H8C607CA,MEDIO,C,,
ELECTROVENTILAD | FIAT DOBLO 01/ 1625,RGU51712739,ALTO,C,,
ELECTROVENTILAD | FIAT PALIO/ SIENA/ S,RGU51819758,ALTO,C,,
ELECTROVENTILAD | FIAT PALIO/ SIENA/ F,RGU51822634,MEDIO,C,,
ELECTROVENTILAD | FIAT FIORINO/ UNO WA,RGU51835572,MEDIO,C,,
ELECTROVENTILAD | FIAT TORO 1.8 16/21,RGU51965900,ALTO,C,,
ELECTROVENTILAD | CHEVROLET PRISMA/ ON,RGU52096866,MEDIO,C,,
ELECTROVENTILAD | FIAT PUNTO 1.6 -1.8,RGU55703902,MEDIO,C,,
ELECTROVENTILAD | VOLKSWAGEN FOX/ SURA,RGU5U0959455A,MEDIO,C,,
ELECTROVENTILAD | VOLKSWAGEN TREND/ VO,RGU5U0959455B,MEDIO,C,,
ELECTROVENTILAD | VOLKSWAGEN TREND/ VO,RGU5U0959455BC,MEDIO,C,,
ELECTROVENTILAD | RENAULT LOGAN/ SANDE,RGU6001550769,MEDIO,C,,
ELECTROVENTILAD | VOLKSWAGEN GOLF IV /,RGU6E0959455A,MEDIO,C,,
ELECTROVENTILAD | VOLKSWAGEN POLO/ CAD,RGU6K0959455A,MEDIO,C,,
ELECTROVENTILAD | VOLKSWAGEN POLO/ CAD,RGU6K0959455B,MEDIO,C,,
ELECTROVENTILAD | VOLKSWAGEN FOX/ SURA,RGU6Q0959455AD,MEDIO,C,,
ELECTROVENTILAD | VOLKSWAGEN FOX/ SURA,RGU6Q0959455J,MEDIO,C,,
ELECTROVENTILAD | VOLKSWAGEN BORA/ GOL,RGU6X0959455,MEDIO,C,,
INYECTOR DE COM | RENAULT TWINGO 1.2 M,RGU7700873774,MEDIO,C,,
ELECTROVENTILAD | RENAULT KANGOO 1.9 F,RGU7701043963,MEDIO,C,,
ELECTROVENTILAD | RENAULT CLIO2/ KANGO,RGU7701051483,MEDIO,C,,
ELECTROVENTILAD | RENAULT MASTER 2 1.9,RGU7701059544,ALTO,C,,
ELECTROVENTILAD | RENAULT CLIO2/ CLIO,RGU7701070217,MEDIO,C,,
ELECTROVENTILAD | VOLKSWAGEN SHARAN (7,RGU7M3959455A,ALTO,C,,
ELECTROVENTILAD | VOLKSWAGEN PASSAT S/,RGU8D0959455C,MEDIO,C,,
ELECTROVENTILAD | VOLKSWAGEN PASSAT B5,RGU8D0959455P,MEDIO,C,,
ELECTROVENTILAD | CHEVROLET CORSA CLAS,RGU90469469,MEDIO,C,,
ELECTROVENTILAD | VOLKSWAGEN GOL/ SEND,RGU9130081032,MEDIO,C,,
ELECTROVENTILAD | CHEVROLET MERIVA 1.8,RGU93341072,MEDIO,C,,
ELECTROVENTILAD | CHEVROLET MERIVA 1.8,RGU93341928,ALTO,C,,
ELECTROVENTILAD | CHEVROLET SPIN/ ONIX,RGU94733314,MEDIO,C,,
ELECTROVENTILAD | PEUGEOT 307/ 308/ 40,RGU9635494380,MEDIO,C,,
ELECTROVENTILAD | PEUGEOT 206/ 207 ( 2,RGU9643386780,MEDIO,C,,
ELECTROVENTILAD | FORD FIESTA KINETIC,RGUC1B18C607CA,MEDIO,C,,
CAPUCHON DE BOB | 1 PIEZA - BOBINA 114,RGUCAP11419,BAJO,C,,
CAPUCHON DE BOB | SET X 4 PIEZAS - BOB,RGUCAP11423,BAJO,C,,
CAPUCHON DE BOB | SET X 4 PIEZAS - BOB,RGUCAP11447,BAJO,C,,
CAPUCHON DE BOB | SET X 4 PIEZAS - BOB,RGUCAP11722,BAJO,C,,
"MODULO DE IGNIC | INDUMAG 1907, R CHEV",RGUD1980,BAJO,C,,
"MODULO DE IGNIC | INDUMAG 1904, CHEVRO",RGUDM1906,BAJO,C,,
"MODULO DE IGNIC | INDUMAG 1903, CHEVRO",RGUDM1907,BAJO,C,,
"MODULO DE IGNIC | INDUMAG 1902, R FIAT",RGUDM1908,BAJO,A,,
"MODULO DE IGNIC | INDUMAG 1906, R PEUG",RGUDM1910,BAJO,C,,
"MODULO DE IGNIC | INDUMAG 1900, R FIAT",RGUFT001,BAJO,A,,
"MODULO DE IGNIC | IDUMAG 1901, RA FIAT",RGUFT003,BAJO,C,,
MODULO DE IGNIC | INDUMAG 1919 - VOLKS,RGUH005,BAJO,A,,
MANGUERA CORRUG | BOLSA 100 UNIDADES P,RGUMAN477,MEDIO,C,,
BOBINA DE IGNIC | PEUGEOT 208 308 C3 A,RGURGU-11722,MEDIO,C,,
BOMBA CEBADOR M | UNIVERSAL PARA MOTOR,RGURGU-G100,BAJO,A,,
BOMBA CEBADOR M | UNIVERSAL PARA MOTOR,RGURGU-G101,BAJO,A,,
VALVULA ANTI RE | UNIVSERSAL PARA CAÑE,RGURGU-VA01,BAJO,A,,
BOBINA DE IGNIC | UNIVERSAL C/ENCENDID,RGURGU0021,BAJO,A,,
BOBINA DE IGNIC | UNIVERSAL C/ENCENDID,RGURGU0025,BAJO,A,,
BOBINA DE IGNIC | UNIVERSAL ENCENDIDO,RGURGU0162,BAJO,A,,
BOBINA DE IGNIC | UNIVERSAL ENCENDIDO,RGURGU0166,BAJO,A,,
INYECTOR DE COM | PEUGEOT 206 / PARTNE,RGURGU01F002A,MEDIO,C,,
INYECTOR DE COM | PEUGEOT 206 1.4 - 20,RGURGU01F023A,BAJO,C,,
INYECTOR DE COM | CHEVROLET AVEO - SUZ,RGURGU025334150,MEDIO,C,,
INYECTOR DE COM | TIPO BOSCH ALTA PRES,RGURGU0261500020,ALTO,C,,
INYECTOR DE COM | BMW : 13 64 1 730 06,RGURGU0280150415,MEDIO,C,,
INYECTOR DE COM | BMW SERIE 3 / E36 /,RGURGU0280150440,MEDIO,C,,
INYECTOR DE COM | TIPO BOSCH CHEVROLET,RGURGU0280150452,MEDIO,C,,
INYECTOR DE COM | KIA : 0K010 13250 -,RGURGU0280150502,MEDIO,C,,
INYECTOR DE COM | KIA : 0K010 13260 -,RGURGU0280150504,MEDIO,C,,
INYECTOR DE COM | FORD (VARIOS MODELOS,RGURGU0280150558,MEDIO,C,,
INYECTOR DE COM | RENAULT (MONOPUNTO),RGURGU0280150698,BAJO,C,,
INYECTOR DE COM | BMW : 13 64 1 706 17,RGURGU0280150714,MEDIO,C,,
INYECTOR DE COM | CITROËN : 91 538 369,RGURGU0280150725,MEDIO,C,,
INYECTOR DE COM | PEUGEOT 106 I 1.4 /,RGURGU0280150789,MEDIO,C,,
INYECTOR DE COM | RENAULT 19 II 1.8 16,RGURGU0280150830,MEDIO,C,,
INYECTOR DE COM | FORD EXPLORER-RANGER,RGURGU0280150931,MEDIO,C,,
INYECTOR DE COM | FORD F-100 4.9I,RGURGU0280150941,MEDIO,C,,
INYECTOR DE COM | VW : 037 906 031 J /,RGURGU0280150955,MEDIO,C,,
INYECTOR DE COM | VW SANTANA - QUANTUM,RGURGU0280150962,BAJO,C,,
INYECTOR DE COM | CHRYSLER NEON 2.0 19,RGURGU0280150965,BAJO,C,,
INYECTOR DE COM | VW GOLF III 1.8/2.0,RGURGU0280150989,BAJO,C,,
INYECTOR DE COM | FORD FIESTA 1996-99,RGURGU0280150993,MEDIO,C,,
INYECTOR DE COM | RENAULT MEGANE 2.0 1,RGURGU0280155724,BAJO,C,,
INYECTOR DE COM | FORD EXPLORER / RANG,RGURGU0280155735,MEDIO,C,,
INYECTOR DE COM | ALFA ROMEO 145 / 146,RGURGU0280155769,MEDIO,C,,
INYECTOR DE COM | FORD,RGURGU0280155771,MEDIO,C,,
INYECTOR DE COM | CHRYSLER NEON 2.0-ST,RGURGU0280155782,MEDIO,C,,
INYECTOR DE COM | CITRÖEN XSARA 1.4 -,RGURGU0280155786,MEDIO,C,,
INYECTOR DE COM | VOLKSWAGEN GOL 1.6 /,RGURGU0280155787,MEDIO,C,,
INYECTOR DE COM | CITROËN : 1984 C6 -,RGURGU0280155794,BAJO,C,,
INYECTOR DE COM | CITRÖEN XSARA 1.4I /,RGURGU0280155795,MEDIO,C,,
INYECTOR DE COM | PEUGEOT 306 / 405 /,RGURGU0280155803,MEDIO,C,,
INYECTOR DE COM | CINTRÖEN XANTIA 1.8I,RGURGU0280155809,MEDIO,C,,
INYECTOR DE COM | CHRYSLER CARAVAN - G,RGURGU0280155811,MEDIO,C,,
INYECTOR DE COM | FORD FOCUS / ESCORT,RGURGU0280155819,MEDIO,C,,
INYECTOR DE COM | FORD FOCUS / MONDEO,RGURGU0280155820,MEDIO,C,,
INYECTOR DE COM | CHEVROLET VECTRA 2.0,RGURGU0280155821,MEDIO,C,,
INYECTOR DE COM | CHEVROLET VECTRA 2.2,RGURGU0280155822,MEDIO,C,,
INYECTOR DE COM | TIPO BOSCH VOLKSWAGE,RGURGU0280155828,MEDIO,C,,
INYECTOR DE COM | CITROEN - PEUGEOT 1.,RGURGU0280155842,MEDIO,C,,
INYECTOR DE COM | RENAULT CLIO II 1.6,RGURGU0280155843,MEDIO,C,,
INYECTOR DE COM | CITROEN - PEUGEOT 1.,RGURGU0280155847,BAJO,C,,
INYECTOR DE COM | AUDI - VOLVO - XIALI,RGURGU0280155870,BAJO,C,,
INYECTOR DE COM | TIPO BOSCH ROVER 214,RGURGU0280155884,MEDIO,C,,
INYECTOR DE COM | FORD KA 1.0I 1999-20,RGURGU0280155889,MEDIO,C,,
INYECTOR DE COM | TIPO BOSCH SEAT CORD,RGURGU0280155919,MEDIO,C,,
INYECTOR DE COM | FORD FIESTA / KA / E,RGURGU0280155925,MEDIO,C,,
INYECTOR DE COM | CHEVROLET ASTRA / ZA,RGURGU0280155929,MEDIO,C,,
INYECTOR DE COM | CHEVROLET ASTRA / ZA,RGURGU0280155930,MEDIO,C,,
INYECTOR DE COM | FORD FOCUS 1.8 16V /,RGURGU0280155963,MEDIO,C,,
INYECTOR DE COM | SUZUKI - CHERY (VARI,RGURGU0280155964,BAJO,C,,
INYECTOR DE COM | VOLVO : 9202100 - 92,RGURGU0280155968,MEDIO,C,,
INYECTOR DE COM | FIAT IDEA 1.4 16V DE,RGURGU0280155971,MEDIO,C,,
INYECTOR DE COM | DODGE STRATUS 2.4 16,RGURGU0280155976,MEDIO,C,,
INYECTOR DE COM | DODGE STRATUS 2.4 16,RGURGU0280155997,BAJO,C,,
INYECTOR DE COM | FIAT PALIO - SIENA 1,RGURGU0280156020,MEDIO,C,,
INYECTOR DE COM | CITROEN XSARA / BERL,RGURGU0280156034,MEDIO,C,,
INYECTOR DE COM | VW PASSAT - BORA 1.8,RGURGU0280156039,BAJO,C,,
INYECTOR DE COM | AUDI A3 / A4 / TT 1.,RGURGU0280156061,MEDIO,C,,
INYECTOR DE COM | VW PASSAT - BORA 1.8,RGURGU0280156070,BAJO,C,,
INYECTOR DE COM | VW PASSAT - BORA 1.8,RGURGU0280156080,MEDIO,C,,
INYECTOR DE COM | CHEVROLET CORSA 1.6,RGURGU0280156090,MEDIO,C,,
INYECTOR DE COM | TIPO BOSCH VOLKSWAGE,RGURGU0280156096,MEDIO,C,,
INYECTOR DE COM | CITRÖEN C4 2.0 16V -,RGURGU0280156139,MEDIO,C,,
INYECTOR DE COM | VW SANTANA 1.8 Y 2.0,RGURGU0280156146,BAJO,C,,
INYECTOR DE COM | CHEVROLET CELTA 1.4,RGURGU0280156151,BAJO,C,,
INYECTOR DE COM | CHEVROLET CORSA II /,RGURGU0280156152,BAJO,C,,
INYECTOR DE COM | CHEVROLET MERIVA 1.8,RGURGU0280156153,MEDIO,C,,
INYECTOR DE COM | FORD FIESTA V / ECOS,RGURGU0280156154,MEDIO,C,,
INYECTOR DE COM | HONDA FIT 1.4 8V - F,RGURGU0280156164,MEDIO,C,,
INYECTOR DE COM | VOLKSWAGEN - AUDI,RGURGU0280156237,BAJO,C,,
INYECTOR DE COM | VOLKSWAGEN FOX 1.6 2,RGURGU0280156252,MEDIO,C,,
INYECTOR DE COM | VOLKSWAGEN FOX / CRO,RGURGU0280156254,MEDIO,C,,
INYECTOR DE COM | AUDI : 078 133 551 A,RGURGU0280156273,MEDIO,C,,
INYECTOR DE COM | VOLKSWAGEN GOL / POL,RGURGU0280156274,MEDIO,C,,
INYECTOR DE COM | CITROEN C3 II 1.4 FL,RGURGU0280156295,MEDIO,C,,
INYECTOR DE COM | PEUGEOT 206 1.6 16V,RGURGU0280156318,BAJO,C,,
INYECTOR DE COM | CITRÖEN C5 I 2.0 16V,RGURGU0280156328,MEDIO,C,,
INYECTOR DE COM | VOLKSWAGEN GOL TREND,RGURGU0280156399,MEDIO,C,,
INYECTOR DE COM | VOLKSWAGEN FOX 1.6 T,RGURGU0280156403,MEDIO,C,,
INYECTOR DE COM | FORD COURIER PICK-UP,RGURGU0280156410,BAJO,C,,
INYECTOR DE COM | TIPO BOSCH FIAT QUBO,RGURGU0280156427,MEDIO,C,,
INYECTOR DE COM | FIAT PUNTO 1.4 8V --,RGURGU0280156439,MEDIO,C,,
INYECTOR DE COM | CHEVROLET AGILE 1.4,RGURGU0280157104,BAJO,C,,
INYECTOR DE COM | CHEVROLET CORSA - AG,RGURGU0280157105,MEDIO,C,,
INYECTOR DE COM | CITRÖEN C3 AIRCROSS,RGURGU0280157130,MEDIO,C,,
INYECTOR DE COM | TIPO BOSCH RENAULT C,RGURGU0280158046,MEDIO,C,,
INYECTOR DE COM | CITROËN/PEUGEOT : 96,RGURGU0280158057,MEDIO,C,,
INYECTOR DE COM | FORD MONDEO IV / RAN,RGURGU0280158105,MEDIO,C,,
INYECTOR DE COM | FORD FORCUS II 2.0 -,RGURGU0280158162,MEDIO,C,,
INYECTOR DE COM | RENAULT CLIO II 1.4,RGURGU0280158170,MEDIO,C,,
INYECTOR DE COM | FORD FOCUS / ECOSPOR,RGURGU0280158179,MEDIO,C,,
INYECTOR DE COM | FORD FIESTA VI 1.6 T,RGURGU0280158207,MEDIO,C,,
INYECTOR DE COM | FORD FOCUS II 1.6 FL,RGURGU0280158238,MEDIO,C,,
INYECTOR DE COM | FORD FIESTA1.6 KINET,RGURGU0280158254,MEDIO,C,,
INYECTOR DE COM | FORD FIESTA 1.6 - SI,RGURGU0280158284,MEDIO,C,,
INYECTOR DE COM | CHEVROLET CORSA II 1,RGURGU028061684,MEDIO,C,,
INYECTOR DE COM | VW BORA - AUDI VERDE,RGURGU037906031AL,BAJO,C,,
INYECTOR DE COM | VW VENTO - AUDI GRIS,RGURGU06A906031AS,BAJO,C,,
BOBINA DE IGNIC | CITROEN SAXO XANTIA,RGURGU11351,MEDIO,C,,
BOBINA DE IGNIC | FIAT BRAVA BRAVO PAL,RGURGU11354,MEDIO,C,,
BOBINA DE IGNIC | FIAT SIENA TIPO UNO,RGURGU11359,BAJO,B,,
BOBINA DE IGNIC | VOLKSWAGEN VENTO LUP,RGURGU11365,MEDIO,C,,
BOBINA DE IGNIC | VOLKSWAGEN POINTER P,RGURGU11366,MEDIO,C,,
BOBINA DE IGNIC | CITROEN ADVANTAGE AX,RGURGU11370,MEDIO,C,,
BOBINA DE IGNIC | CITROEN BX 1.4 RE BX,RGURGU11372,BAJO,C,,
BOBINA DE IGNIC | CITROEN XM BX 1.4I T,RGURGU11374,BAJO,C,,
BOBINA DE IGNIC | CHEVROLET KADETT VEC,RGURGU11375,BAJO,C,,
BOBINA DE IGNIC | CITROEN C15 BX PEUGE,RGURGU11378,BAJO,C,,
BOBINA DE IGNIC | RENAULT LAGUNA MEGAN,RGURGU11380,BAJO,C,,
BOBINA DE IGNIC | RENAULT CLIO / KANGO,RGURGU11383,MEDIO,C,,
BOBINA DE IGNIC | RENAULT MEGANE LAGUN,RGURGU11384,BAJO,C,,
BOBINA DE IGNIC | CHEVROLET ASTRA CALI,RGURGU11386,MEDIO,C,,
BOBINA DE IGNIC | CITROEN XM JUMPER FI,RGURGU11387,BAJO,C,,
BOBINAS DE IGNI | RENAULT CLIO TWINGO,RGURGU11391,BAJO,C,,
BOBINA DE IGNIC | RENAULT 19 1.6 /95 7,RGURGU11392,BAJO,C,,
BOBINA DE IGNIC | FORD MONDEO MOTOR EN,RGURGU11395,MEDIO,C,,
BOBINA DE IGNIC | FORD ESCORT VOLKSWAG,RGURGU11399,BAJO,C,,
BOBINA DE IGNIC | FORD COURIER ECOSPOR,RGURGU11401,BAJO,B,,
BOBINA DE IGNIC | RENAULT R21 ALPINE C,RGURGU11402,BAJO,C,,
BOBINA DE IGNIC | TOYOTA FUNCRUISER HI,RGURGU11405,BAJO,D,,
BOBINA DE IGNIC | TOYOTA GEO SPECTRUM,RGURGU11406,BAJO,C,,
BOBINA DE IGNIC | TOYOTA HIACE MR2 PAS,RGURGU11407,BAJO,C,,
BOBINA DE IGNIC | FORD FIESTA MONDEO O,RGURGU11409,MEDIO,C,,
BOBINA DE IGNIC | CHEVROLET ASTRA BLAZ,RGURGU11412,MEDIO,C,,
BOBINA DE IGNIC | ROVER 620 623 416 61,RGURGU11413,BAJO,C,,
BOBINA DE IGNIC | RENAULT CLIO KANGOO,RGURGU11414,MEDIO,C,,
BOBINA DE IGNIC | RENAULT CLIO KANGOO,RGURGU11415,BAJO,C,,
BOBINA DE IGNIC | RENAULT CLIO MEGANE,RGURGU11416,BAJO,C,,
BOBINA DE IGNIC | RENAULT ESPACE LAGUN,RGURGU11417,BAJO,C,,
BOBINA DE IGNIC | FIAT UNO BRAVA BRAVO,RGURGU11418,MEDIO,C,,
BOBINA DE IGNIC | RENAULT LAGUNA MEGAN,RGURGU11419,BAJO,A,,
BOBINA DE IGNIC | CHEVROLET TIGRA CORS,RGURGU11420,MEDIO,A,,
BOBINA DE IGNIC | VOLKSWAGEN NEW BEETL,RGURGU11421,MEDIO,A,,
BOBINA DE IGNIC | FORD RANGER F150 4.0,RGURGU11422,BAJO,C,,
BOBINA DE IGNIC | PEUGEOT 106 206 306,RGURGU11423,MEDIO,C,,
BOBINA DE IGNIC | FIAT CROMA DEDRA FIO,RGURGU11424,MEDIO,C,,
BOBINA DE IGNIC | VOLKSWAGEN LUPO CADD,RGURGU11425,BAJO,C,,
BOBINA DE IGNIC | FIAT SIENA PALIO (MO,RGURGU11426,BAJO,B,,
BOBINA DE IGNIC | VOLKSWAGEN SANTANA G,RGURGU11427,BAJO,C,,
BOBINA DE IGNIC | RENAULT LAGUNA 3.0 F,RGURGU11428,BAJO,D,,
BOBINA DE IGNIC | CHEVROLET KADETT IPA,RGURGU11429,BAJO,C,,
BOBINA DE IGNIC | CHEVROLET CORSA 1.0/,RGURGU11430,BAJO,C,,
BOBINA DE IGNIC | RENAULT ESPACE LAGUN,RGURGU11431,BAJO,C,,
BOBINA DE IGNIC | RENAULT R21 ESPACE L,RGURGU11432,BAJO,C,,
BOBINA DE IGNIC | MITSUBISHI COLT GALA,RGURGU11433,BAJO,C,,
BOBINA DE IGNIC | MITSUBISHI MONTERO C,RGURGU11434,BAJO,D,,
BOBINA DE IGNIC | MITSUBISHI LANCER MA,RGURGU11435,BAJO,C,,
BOBINA DE IGNIC | MAZDA 626 MX-3 MX-6,RGURGU11436,BAJO,C,,
BOBINA DE IGNIC | TOYOTA LANDCRUISER T,RGURGU11437,MEDIO,C,,
BOBINA DE IGNIC | CHEVROLET ASTRA VECT,RGURGU11438,MEDIO,C,,
BOBINA DE IGNIC | RENAULT CLIO II TWIN,RGURGU11439,MEDIO,C,,
BOBINA DE IGNIC | VOLKSWAGEN BORA POLO,RGURGU11440,MEDIO,C,,
BOBINA DE IGNIC | CITROEN BERLINGO C3,RGURGU11441,MEDIO,C,,
BOBINA DE IGNIC | DAEWOO MATIZ ISUZU T,RGURGU11443,MEDIO,C,,
BOBINA DE IGNIC | RENAULT CLIO II KANG,RGURGU11444,MEDIO,C,,
BOBINA DE IGNIC | FORD ESCORT FIESTA K,RGURGU11445,MEDIO,C,,
BOBINA DE IGNIC | CHEVROLET ASTRA VECT,RGURGU11446,MEDIO,C,,
BOBINA DE IGNIC | PEUGEOT 307 MOTOR TU,RGURGU11447,MEDIO,B,,
BOBINA DE IGNIC | PEUGEOT 106 CITROEN,RGURGU11448,MEDIO,C,,
BOBINA DE IGNIC | CHRYSLER NEON PT-CRU,RGURGU11449,MEDIO,C,,
BOBINA DE IGNIC | FIAT STYLO CHEVROLET,RGURGU11450,MEDIO,C,,
BOBINA DE IGNIC | CITROEN PICASSO XSAR,RGURGU11451,ALTO,C,,
BOBINA DE IGNIC | CHRYSLER NEON PT-CRU,RGURGU11452,MEDIO,C,,
BOBINA DE IGNIC | FIAT PALIO SIENA STR,RGURGU11453,BAJO,B,,
BOBINA DE IGNIC | CITROEN XANTIA PEUGE,RGURGU11454,ALTO,C,,
BOBINA DE IGNIC | FORD FOCUS II KA FIE,RGURGU11455,MEDIO,C,,
BOBINA DE IGNIC | HONDA ACCORD CIVIC 1,RGURGU11456,BAJO,C,,
BOBINA DE IGNIC | HONDA ACCORD CIVIC R,RGURGU11457,BAJO,C,,
BOBINA DE IGNIC | HYUNDAI ATOS KIA PIC,RGURGU11458,MEDIO,C,,
BOBINA DE IGNIC | CHRYSLER STRATUS VOY,RGURGU11459,MEDIO,D,,
BOBINA DE IGNIC | CHEVROLET KADETT VEC,RGURGU11460,MEDIO,C,,
BOBINA DE IGNIC | VOLKSWAGEN GOL SAVEI,RGURGU11464,MEDIO,C,,
BOBINA DE IGNIC | MERCEDES BENZ CLASE,RGURGU11467,ALTO,C,,
BOBINA DE IGNIC | HYUNDAI ACCENT EXCEL,RGURGU11471,MEDIO,C,,
BOBINA DE IGNIC | FORD MONDEO V6 F100,RGURGU11476,MEDIO,D,,
BOBINA DE IGNIC | CHRYSLER DODGE RAM C,RGURGU11477,MEDIO,C,,
BOBINA DE IGNIC | NISSAN SENTRA TIIDA,RGURGU11479,MEDIO,C,,
BOBINA DE IGNIC | MAZDA 323 70159 RT16,RGURGU11485,MEDIO,C,,
BOBINA DE IGNIC | SUZUKI VITARA SWIFT,RGURGU11489,MEDIO,C,,
BOBINA DE IGNIC | VOLKSWAGEN BORA GOLF,RGURGU11490,MEDIO,C,,
BOBINA DE IGNIC | FIAT BRAVO MAREA 2.0,RGURGU11491,MEDIO,C,,
BOBINA DE IGNIC | VOLKSWAGEN GOL - SAN,RGURGU11492,BAJO,C,,
BOBINA DE IGNIC | FORD VARIOS MAZDA 32,RGURGU11493,BAJO,C,,
BOBINA DE IGNIC | VOLKSWAGEN QUANTUM G,RGURGU11494,BAJO,C,,
BOBINA DE IGNIC | VOLKSWAGEN GOLF 2.8,RGURGU11495,ALTO,C,,
BOBINA DE IGNIC | VOLKSWAGEN GOLF III,RGURGU11496,ALTO,D,,
BOBINA DE IGNIC | FORD FOCUS S-MAX MON,RGURGU11502,BAJO,C,,
BOBINA DE IGNIC | RENAULT CLIO II KANG,RGURGU11519,BAJO,C,,
BOBINA DE IGNIC | HONDA FIT 1.4 02/07,RGURGU11550,BAJO,C,,
BOBINA DE IGNIC | HONDA FIT 1.5 07/08,RGURGU11551,BAJO,C,,
BOBINA DE IGNIC | HONDA CIVIC 1.7 02/0,RGURGU11552,MEDIO,C,,
BOBINA DE IGNIC | HONDA CIVIC VIII 1.8,RGURGU11553,MEDIO,C,,
BOBINA DE IGNIC | MITSUBISHI LANCER,RGURGU11554,MEDIO,C,,
BOBINA DE IGNIC | NISSAN SENTRA ALTIMA,RGURGU11555,MEDIO,C,,
BOBINA DE IGNIC | CHEVROLET ASTRA VECT,RGURGU11568,ALTO,C,,
BOBINA DE IGNIC | FIAT 500 STYLO DOBLO,RGURGU11569,BAJO,C,,
BOBINA DE IGNIC | FIAT STYLO PUNTO DOB,RGURGU11573,BAJO,C,,
BOBINA DE IGNIC | CHEVROLET CORSA 1.0,RGURGU11576,MEDIO,C,,
BOBINA DE IGNIC | FIAT DOBLO IDEA MOTO,RGURGU11577,MEDIO,C,,
BOBINA DE IGNIC | FIAT UNO 500 IDEA LI,RGURGU11578,MEDIO,C,,
BOBINA DE IGNIC | CHEVROLET AVEO SONIC,RGURGU11580,MEDIO,C,,
BOBINA DE IGNIC | MITSUBISHI ECLIPSE M,RGURGU11586,MEDIO,D,,
BOBINA DE IGNIC | MITSUBISHI COLT GALA,RGURGU11587,MEDIO,C,,
BOBINA DE IGNIC | NISSAN SENTRA PRIMER,RGURGU11588,MEDIO,C,,
BOBINA DE IGNIC | RENAULT FLUENCE MEGA,RGURGU11589,BAJO,C,,
BOBINA DE IGNIC | TOYOTA COROLLA AVENS,RGURGU11591,MEDIO,C,,
BOBINA DE IGNIC | FIAT 500 ABARTH BRAV,RGURGU11594,MEDIO,C,,
BOBINA DE IGNIC | CHEVROLET ONIX PRISM,RGURGU11595,MEDIO,C,,
BOBINA DE IGNIC | MERCEDES BENZ Clase,RGURGU11596,BAJO,C,,
BOBINA DE IGNIC | MERCEDES BENZ Clase,RGURGU11597,MEDIO,C,,
BOBINA DE IGNIC | CITROEN XANTIA XSARA,RGURGU11599,ALTO,C,,
MODULO DE BOMBA | VW G0LF III: 1.4 CC/,RGURGU11601,MEDIO,C,,
MODULO DE BOMBA | CITROEN BERLINGO 1.4,RGURGU11604,MEDIO,C,,
MODULO DE BOMBA | VW GOLF III: 1.4 CC,RGURGU11605,MEDIO,C,,
MODULO DE BOMBA | PEUGEOT: 306 1.4 CC,RGURGU11606,MEDIO,C,,
MODULO DE BOMBA | RENAULT CLIO II 1.2,RGURGU11607,MEDIO,C,,
MODULO DE BOMBA | RENAULT CLIO II 1.2,RGURGU11608,MEDIO,C,,
MODULO DE BOMBA | PEUGEOT 206: 1.2 CC,RGURGU11609,ALTO,C,,
MODULO DE BOMBA | PEUGEOT 307 1.6 CC M,RGURGU11615,MEDIO,C,,
MODULO DE BOMBA | RENAULT LOGAN 1.4 /,RGURGU11616,MEDIO,C,,
"MODULO DE BOMBA | MEGANE II 1,6 16V CO",RGURGU11618,MEDIO,C,,
MODULO DE BOMBA | PEUGEOT 206 1.6 8V M,RGURGU11619,MEDIO,C,,
MODULO DE BOMBA | FORD FIESTA / KA 1.0,RGURGU11620,MEDIO,C,,
MODULO DE BOMBA | RENAULT CLIO II / LO,RGURGU11621,MEDIO,C,,
MODULO DE BOMBA | PEUGEOT 206 - RENAUL,RGURGU11622,ALTO,C,,
MODULO DE BOMBA | VW PASSAT 2.0 1999 /,RGURGU11623,MEDIO,C,,
MODULO DE BOMBA | AUDI A3 1.8T / TT 1.,RGURGU11624,MEDIO,C,,
MODULO DE BOMBA | RENAULT LOGAN / SAND,RGURGU11625,MEDIO,C,,
MODULO DE BOMBA | CITROËN C4 / C5 - PE,RGURGU11626,MEDIO,C,,
MODULO DE BOMBA | CHEVROLET CORSA B: 1,RGURGU11627,MEDIO,C,,
MODULO DE BOMBA | CHEVROLET CORSA,RGURGU11628,MEDIO,C,,
MODULO DE BOMBA | VW GOL 1.6 / 2.0 MI,RGURGU11629,ALTO,C,,
MODULO DE BOMBA | RENAULT KANGOO 1.6 8,RGURGU11630,MEDIO,C,,
MODULO DE BOMBA | FIAT PALIO / SIENA 1,RGURGU11631,ALTO,C,,
MODULO DE BOMBA | FIAT PALIO / SIENA 1,RGURGU11632,MEDIO,C,,
MODULO DE BOMBA | VOLKSWAGEN VENTO 2.0,RGURGU11634,ALTO,C,,
MODULO DE BOMBA | RENAULT CLIO II: 1.4,RGURGU11635,MEDIO,C,,
"MODULO DE BOMBA | KANGOO 1,9 CC DIESEL",RGURGU11636,MEDIO,C,,
MODULO DE BOMBA | RENAULT LAGUNA III 2,RGURGU11637,ALTO,C,,
MODULO DE BOMBA | RENAULT MEGANE II 1.,RGURGU11638,ALTO,C,,
MODULO DE BOMBA | FIAT PALIO / SIENA 1,RGURGU11639,MEDIO,C,,
MODULO DE BOMBA | FIAT PALIO / SIENA 1,RGURGU11640,MEDIO,C,,
MODULO DE BOMBA | FIAT PALIO 1.4,RGURGU11641,ALTO,C,,
"MODULO DE BOMBA | FIAT BRAVO 1,8 CC MP",RGURGU11642,ALTO,C,,
MODULO DE BOMBA | RENAULT MEGANE SCENI,RGURGU11643,MEDIO,C,,
BOBINA DE IGNIC | FIAT ARGO - CRONOS M,RGURGU11701,BAJO,C,,
BOBINA DE IGNIC | RENAULT KWID 1.0 KOL,RGURGU11702,BAJO,C,,
BOBINA DE IGNIC | HONDA FIT 09/11 CITY,RGURGU11704,BAJO,C,,
BOBINA DE IGNIC | BMW SERIE 3 SERIE 1,RGURGU11706,MEDIO,C,,
BOBINA DE IGNIC | HYUNDAI i10 i20 KIA,RGURGU11710,BAJO,C,,
BOBINA DE IGNIC | CHERY TIGGO CIELO FA,RGURGU11711,MEDIO,C,,
BOBINA DE IGNIC | HYUNDAI i10 KIA PICA,RGURGU11712,BAJO,C,,
BOBINA DE IGNIC | VOLKSWAGEN UP 1.0 /,RGURGU11713,BAJO,C,,
BOBINA DE IGNIC | FORD MONDEO COURIER,RGURGU11714,MEDIO,C,,
BOBINA DE IGNIC | HYUNDAI ix35 VELOSTE,RGURGU11715,BAJO,C,,
BOBINA DE IGNIC | CITROEN C2 1.4 / C3,RGURGU11716,ALTO,C,,
BOBINA DE IGNIC | TOYOTA COROLLA 1.6 1,RGURGU11717,MEDIO,C,,
BOBINA DE IGNIC | FORD ECOSPORT 1.6 ES,RGURGU11718,BAJO,C,,
BOBINA DE IGNIC | VAUXHALL OPEL ASTRA,RGURGU11719,MEDIO,C,,
BOBINA DE IGNIC | CITROEN C5 DS3 1.6 -,RGURGU11720,MEDIO,C,,
BOBINA DE IGNIC | VOLKSWAGEN UP 1.0 /,RGURGU11721,MEDIO,C,,
BOBINA DE IGNIC | RENAULT LOGAN - KANG,RGURGU11725,MEDIO,C,,
BOBINA DE IGNIC | FORD GALAXY 2.0 RANG,RGURGU11822,BAJO,C,,
BOBINA DE IGNIC | CHEVROLET LUV 87/94,RGURGU11823,BAJO,D,,
BOBINA DE IGNIC | CHEVROLET SILVERADO,RGURGU11829,MEDIO,D,,
BOBINA DE IGNIC | DAIHATSU CHARADE S/X,RGURGU11837,BAJO,D,,
BOBINA DE IGNIC | RENAULT CLIO - MEGAN,RGURGU11838,MEDIO,C,,
BOBINA DE IGNIC | FORD F100 4.2 2002/,RGURGU11839,MEDIO,D,,
BOBINA DE IGNIC | PEUGEOT 106 CITROEN,RGURGU11840,MEDIO,C,,
BOBINA DE IGNIC | FORD EXPLORER V6 F10,RGURGU11841,MEDIO,C,,
BOBINA DE IGNIC | FIAT TEMPRA TIPO 1.4,RGURGU11842,MEDIO,C,,
BOBINA DE IGNIC | VOLKSWAGEN NEW BEETL,RGURGU11843,ALTO,C,,
BOBINA DE IGNIC | DODGE LUMINA SATUN T,RGURGU11844,MEDIO,D,,
BOBINA DE IGNIC | VOLKSWAGEN GOL II 1.,RGURGU11847,BAJO,C,,
BOBINA DE IGNIC | FORD MAZDA 323 - 929,RGURGU11848,BAJO,C,,
BOBINA DE IGNIC | PEUGEOT 406 - 407 -,RGURGU11850,MEDIO,C,,
BOBINA DE IGNIC | VOLKSWAGEN BORA - GO,RGURGU11851,MEDIO,C,,
BOBINA DE IGNIC | CHRYSLER JEEP CHEROK,RGURGU11852,BAJO,C,,
BOBINA DE IGNIC | HONDA ACCORD - CIVIC,RGURGU11853,BAJO,C,,
BOBINA DE IGNIC | ALFA-ROMEO GT GTV SP,RGURGU11855,MEDIO,D,,
BOBINA DE IGNIC | ALFA-ROMEO 145 155 1,RGURGU11856,MEDIO,C,,
BOBINA DE IGNIC | CITROEN C4 C5 C8 JUM,RGURGU11857,ALTO,C,,
BOBINA DE IGNIC | HYUNDAI CARENS CARNI,RGURGU11859,BAJO,C,,
BOBINA DE IGNIC | CHRYSLER NEON 2.0 ST,RGURGU11861,BAJO,D,,
BOBINA DE IGNIC | HYUNDAI ACCENT 1.5 7,RGURGU11862,MEDIO,C,,
BOBINA DE IGNIC | KIA SPORTAGE 2.0 700,RGURGU11863,MEDIO,C,,
BOBINA DE IGNIC | KIA OPTIMA SORENTO H,RGURGU11864,MEDIO,C,,
BOBINA DE IGNIC | HYUNDAI ACCENT KIA R,RGURGU11865,BAJO,C,,
BOBINA DE IGNIC | CHEVROLET PRIZM TOYO,RGURGU11866,MEDIO,C,,
BOBINA DE IGNIC | HONDA FIT 1.2 1.4 02,RGURGU11867,MEDIO,C,,
BOBINA DE IGNIC | HYUNDAI ACCENT TUCSO,RGURGU11868,MEDIO,C,,
BOBINA DE IGNIC | HONDA ACCORD 2.4 CIV,RGURGU11869,MEDIO,C,,
BOBINA DE IGNIC | HONDA CIVIC 1.8 06/0,RGURGU11870,BAJO,C,,
BOBINA DE IGNIC | FIAT IDEA 1 6 - IDEA,RGURGU11871,MEDIO,C,,
BOBINA DE IGNIC | DAIHATSU TERIOS 7016,RGURGU11875,MEDIO,C,,
BOBINA DE IGNIC | MITSUBISHI FORD MAZD,RGURGU11876,MEDIO,D,,
BOBINA DE IGNIC | TOYOTA PREVIA NISSAN,RGURGU11877,BAJO,C,,
BOBINA DE IGNIC | VOLKSWAGEN PASSAT TI,RGURGU11879,MEDIO,C,,
BOBINA DE IGNIC | TOYOTA AVENSIS 1 6 1,RGURGU11880,BAJO,C,,
BOBINA DE IGNIC | CHEVROLET LUMINA 2.3,RGURGU11881,BAJO,C,,
BOBINA DE IGNIC | MITSUBISHI LANCER RT,RGURGU11882,MEDIO,C,,
BOBINA DE IGNIC | CHRYSLER VOYAGER TWO,RGURGU11884,MEDIO,D,,
BOBINA DE IGNIC | CHEVROLET COBALT PRI,RGURGU11885,MEDIO,C,,
BOBINA DE IGNIC | VOLKSWAGEN PASSAT NE,RGURGU11886,MEDIO,C,,
BOBINA DE IGNIC | NISSAN MAXIMA INFINI,RGURGU11887,MEDIO,C,,
BOBINA DE IGNIC | HYUNDAI ACCENT KIA R,RGURGU11888,BAJO,C,,
BOBINA DE IGNIC | DAIHATSU CUORE 1000,RGURGU11889,MEDIO,C,,
BOBINA DE IGNIC | RENAULT KOLEOS NISSA,RGURGU11890,BAJO,C,,
BOBINA DE IGNIC | KIA SOUL CERATO 130,RGURGU11891,BAJO,C,,
BOBINA DE IGNIC | FIAT DELTA STYLO WAG,RGURGU11892,MEDIO,C,,
BOBINA DE IGNIC | DODGE RAM 1500 DAKOT,RGURGU11893,MEDIO,C,,
BOBINA DE IGNIC | FORD S-MAX FUSION MO,RGURGU11894,MEDIO,C,,
BOBINA DE IGNIC | CHEVROLET AVEO CRUZE,RGURGU11895,MEDIO,C,,
BOBINA DE IGNIC | VOLKSWAGEN GOLF PASS,RGURGU11896,MEDIO,C,,
BOBINA DE IGNIC | TOYOTA CAMRY 4RUNNER,RGURGU11897,MEDIO,C,,
BOBINA DE IGNIC | CITROEN XSARA ZX PEU,RGURGU11898,MEDIO,C,,
BOBINA DE IGNIC | RENAULT LOGAN CLIO I,RGURGU11899,MEDIO,C,,
CUERPO MARIPOSA | VOLKSWAGEN GOLF 1.8,RGURGU12000,ALTO,C,,
CUERPO MARIPOSA | PEUGEOT 206 / 208 /,RGURGU12001,ALTO,C,,
CUERPO MARIPOSA | VOLKSWAGEN GOL 1.6 1,RGURGU12002,ALTO,C,,
CUERPO MARIPOSA | VOLKSWAGEN GOL TREND,RGURGU12003,ALTO,C,,
CUERPO MARIPOSA | FIAT PALIO FIRE 1.3,RGURGU12004,ALTO,C,,
CUERPO MARIPOSA | FIAT PALIO/SIENA/IDE,RGURGU12005,ALTO,C,,
CUERPO MARIPOSA | CHEVROLET CORSA 1.4,RGURGU12008,ALTO,C,,
CUERPO MARIPOSA | CHEVROLET CORSA AGIL,RGURGU12009,ALTO,C,,
CUERPO MARIPOSA | FIAT / CHEVROLET MOT,RGURGU12010,ALTO,C,,
CUERPO MARIPOSA | RENAULT CLIO II 1.2,RGURGU12015,ALTO,C,,
CUERPO MARIPOSA | VOLKSWAGEN GOL 1.0 1,RGURGU12017,ALTO,C,,
CUERPO MARIPOSA | BMW MINI COOPER 1.6,RGURGU12041,ALTO,D,,
CUERPO MARIPOSA | FORD FIESTA FOCUS MO,RGURGU12044,ALTO,C,,
CUERPO MARIPOSA | FORD FIESTA 1.4/FOCU,RGURGU12046,ALTO,C,,
CUERPO MARIPOSA | FIAT UNO WAY MOTOR E,RGURGU12062,ALTO,C,,
CUERPO MARIPOSA | RENAULT MEGANE 1.6 1,RGURGU12063,MEDIO,C,,
CUERPO MARIPOSA | CHEVROLET ASTRA 2.0/,RGURGU12064,ALTO,C,,
CUERPO MARIPOSA | CHEVROLET AVEO 1.6 0,RGURGU12068,ALTO,C,,
CUERPO MARIPOSA | RENAULT LAGUNA/MEGAN,RGURGU12069,ALTO,C,,
CUERPO MARIPOSA | RENAULT CLIO III 1.4,RGURGU12072,ALTO,C,,
CUERPO MARIPOSA | CHEVROLET AGILE 1.4,RGURGU12076,ALTO,C,,
CUERPO MARIPOSA | FIAT 500 FIRE 1.4 16,RGURGU12078,ALTO,C,,
CUERPO MARIPOSA | VOLKSWAGEN FOX/TREND,RGURGU12085,ALTO,C,,
CUERPO MARIPOSA | AUDI A4 2.4 / 2.8? 1,RGURGU12088,ALTO,C,,
CUERPO MARIPOSA | VOLKSWAGEN GOL TREND,RGURGU12090,ALTO,C,,
CUERPO MARIPOSA | CHEVROLET CORSA 1.8/,RGURGU12091,ALTO,C,,
CUERPO MARIPOSA | VOLKSWAGEN GOL POWER,RGURGU12092,ALTO,C,,
CUERPO MARIPOSA | CHERY QQ 1.1 BOCA 44,RGURGU12093,ALTO,C,,
CUERPO MARIPOSA | CHEVROLET AVEO 1.6 1,RGURGU12094,ALTO,C,,
CUERPO MARIPOSA | PEUGEOT 206/207 1.4,RGURGU12095,ALTO,C,,
CUERPO MARIPOSA | FIAT PALIO STRADA ID,RGURGU12096,ALTO,C,,
CUERPO MARIPOSA | RENAULT CAPTUR 1.6 1,RGURGU12098,ALTO,C,,
CUERPO MARIPOSA | PEUGEOT 307 1.6 16V,RGURGU12101,ALTO,C,,
CUERPO MARIPOSA | TOYOTA COROLLA 60103,RGURGU12103,ALTO,C,,
CUERPO MARIPOSA | FIAT PALIO BRAVO PUN,RGURGU12105,ALTO,D,,
CUERPO MARIPOSA | RENAULT CLIO/TWINGO,RGURGU12106,ALTO,C,,
CUERPO MARIPOSA | VOLKSWAGEN FOX/TREND,RGURGU12109,ALTO,C,,
CUERPO MARIPOSA | CHEVROLET S10 MOTOR,RGURGU12110,ALTO,C,,
CUERPO MARIPOSA | JEEP COMPASS/PATRIOT,RGURGU12111,ALTO,C,,
CUERPO MARIPOSA | CHEVROLET CLASSIC/CO,RGURGU12112,ALTO,C,,
CUERPO MARIPOSA | FIAT LINEA 1.9 16V 6,RGURGU12113,ALTO,C,,
CUERPO MARIPOSA | RENAULT KWID 1.0 3 C,RGURGU12116,ALTO,C,,
CUERPO MARIPOSA | VOLKSWAGEN VENTO/NEW,RGURGU12118,ALTO,C,,
CUERPO MARIPOSA | MITSUBISHI L200 6012,RGURGU12120,ALTO,D,,
CUERPO MARIPOSA | FORD RANGER 2.5 12/,RGURGU12125,ALTO,C,,
CUERPO MARIPOSA | CHEVROLET SONIC 1.4,RGURGU12127,ALTO,C,,
CUERPO MARIPOSA | CHEVROLET COBALT/ONI,RGURGU12132,ALTO,C,,
CUERPO MARIPOSA | TOYOTA ETIOS YARIS 1,RGURGU12134,ALTO,C,,
CUERPO MARIPOSA | CHEVROLET CAPTIVA 2.,RGURGU12135,ALTO,C,,
CUERPO MARIPOSA | PEUGEOT 208 CITROEN,RGURGU12136,ALTO,C,,
CUERPO MARIPOSA | BMW / CITROEN / MINI,RGURGU12137,ALTO,C,,
CUERPO MARIPOSA | VOLKSWAGEN GOLF / PA,RGURGU12138,ALTO,C,,
CUERPO MARIPOSA | CHEVROLET CORSA 1.8,RGURGU12139,ALTO,C,,
CUERPO MARIPOSA | CHERY TIGGO 2.0 2008,RGURGU12141,ALTO,C,,
CUERPO MARIPOSA | VOLKSWAGEN UP 60142,RGURGU12142,ALTO,C,,
CUERPO MARIPOSA | VW BORA NEW BEETLE 2,RGURGU12301,ALTO,C,,
CUERPO MARIPOSA | NISSAN TIIDA 1.8 / V,RGURGU12302,ALTO,C,,
CUERPO MARIPOSA | VOLKSWAGEN VENTO / G,RGURGU12303,ALTO,D,,
CUERPO MARIPOSA | VOLKSWAGEN VENTO / G,RGURGU12303L,ALTO,D,,
CUERPO MARIPOSA | VOLKSWAGEN GOLF IV A,RGURGU12304,ALTO,C,,
CUERPO MARIPOSA | FORD FOCUS III 2.0 1,RGURGU12305,ALTO,C,,
CUERPO MARIPOSA | DODGE RAM 1500 / JEE,RGURGU12306,ALTO,C,,
CUERPO MARIPOSA | VOLKSWAGEN SHARAN 1.,RGURGU12307,ALTO,D,,
CUERPO MARIPOSA | VOLKSWAGEN BORA - GO,RGURGU12308,ALTO,C,,
MOTOR PASO A PA | FIAT TEMPRA 2.0 16 V,RGURGU15001,BAJO,C,,
"MOTOR PASO A PA | FIAT FIORINO, UNO 1.",RGURGU15002,BAJO,C,,
MOTOR PASO A PA | FIAT: PALIO 1.6 8V S,RGURGU15003,BAJO,C,,
MOTOR PASO A PA | FIAT TEMPRA 2.0 16V;,RGURGU15004,BAJO,C,,
"MOTOR PASO A PA | CITROEN JUMPER 2.0I,",RGURGU15005,BAJO,C,,
MOTOR PASO A PA | PEUGEOT PARTNER 1.8,RGURGU15006,BAJO,C,,
MOTOR PASO A PA | ALFA ROMEO 145/146 1,RGURGU15007,BAJO,C,,
MOTOR PASO A PA | CITROEN AX 1.1; PEUG,RGURGU15008,BAJO,C,,
MOTOR PASO A PA | PEUGEOT 306 2.0I 16V,RGURGU15009,BAJO,C,,
MOTOR PASO A PA | FIAT UNO 1.0/ 1.5 BR,RGURGU15010,BAJO,C,,
"MOTOR PASO A PA | RENAULT TWINGO 1.2,",RGURGU15011,BAJO,C,,
MOTOR PASO A PA | RENAULT CLIO 1.2 16V,RGURGU15012,BAJO,C,,
MOTOR PASO A PA | PEUGEOT 106 QUICKSIL,RGURGU15013,BAJO,C,,
MOTOR PASO A PA | PEUGEOT 106 1.4/1.6,RGURGU15014,BAJO,C,,
MOTOR PASO A PA | CITROEN XANTIA 2.0 1,RGURGU15015,BAJO,C,,
"MOTOR PASO A PA | RENAULT: CLIO, KANGO",RGURGU15016,BAJO,C,,
MOTOR PASO A PA | RENAULT CLIO 1.6 8V,RGURGU15017,BAJO,C,,
MOTOR PASO A PA | GM CORSA 1.6 8V MPFI,RGURGU15019,BAJO,C,,
MOTOR PASO A PA | FORD FIESTA 1.3 - KA,RGURGU15020,MEDIO,C,,
MOTOR PASO A PA | GM/CORSA 1.6 EFI '93,RGURGU15021,BAJO,C,,
MOTOR PASO A PA | GM/CORSA 1.0/ 1.4/ 1,RGURGU15022,BAJO,C,,
MOTOR PASO A PA | CHEVROLET AVEO 1.6 1,RGURGU15023,BAJO,C,,
MOTOR PASO A PA | GM/MONZA EFI '91-'96,RGURGU15024,BAJO,C,,
MOTOR PASO A PA | PEUGEOT: 206/ 307/ 4,RGURGU15026,BAJO,C,,
MOTOR PASO A PA | PEUGEOT 206 1.6/2.0,RGURGU15027,BAJO,C,,
MOTOR PASO A PA | RENAULT 19 1.8 RTI -,RGURGU15028,MEDIO,C,,
MOTOR PASO A PA | FIAT UNO 1.0/1.1/1.4,RGURGU15029,MEDIO,C,,
MOTOR PASO A PA | PEUGEOT 306 - BREAK-,RGURGU15030,BAJO,C,,
MOTOR PASO A PA | RENAULT MEGANE 1.6 ',RGURGU15031,BAJO,C,,
"MOTOR PASO A PA | RENAULT CLIO, KANGOO",RGURGU15032,BAJO,C,,
MOTOR PASO A PA | FIAT PALIO 1.2 ie/65,RGURGU15033,BAJO,C,,
"MOTOR PASO A PA | FORD ESCORT 1,3 EFI",RGURGU15034,MEDIO,C,,
MOTOR PASO A PA | RENAULT MEGANE 2.0 8,RGURGU15035,MEDIO,C,,
MOTOR PASO A PA | FIAT PALIO 1.3 MPI -,RGURGU15040,BAJO,C,,
"MOTOR PASO A PA | ASTRA, VECTRA, ZAFIR",RGURGU15041,MEDIO,C,,
MOTOR PASO A PA | PEUGEOT 405 SRI FIAT,RGURGU15042,MEDIO,C,,
MOTOR PASO A PA | VW GOLF III 1.8/2.0,RGURGU15043,MEDIO,C,,
MOTOR PASO A PA | CITROEN BERLINGO - S,RGURGU15045,MEDIO,C,,
MOTOR PASO A PA | FORD FIESTA IV (02/0,RGURGU15046,MEDIO,C,,
"MOTOR PASO A PA | WW POLO 1,6/1,4 MULT",RGURGU15047,BAJO,C,,
MOTOR PASO A PA | FORD FIESTA 1.2 16V,RGURGU15048,MEDIO,C,,
MOTOR PASO A PA | FORD GALAXY 2.0 - OR,RGURGU15049,MEDIO,C,,
MOTOR PASO A PA | VW GOLF 93 / 99 GTI,RGURGU15051,MEDIO,C,,
MOTOR PASO A PA | FORD ESCORT '97- '98,RGURGU15052,MEDIO,C,,
MOTOR PASO A PA | FORD RANGER '01- '04,RGURGU15053,MEDIO,C,,
MOTOR PASO A PA | FORD FOCUS '00 - '05,RGURGU15054,MEDIO,C,,
MOTOR PASO A PA | FORD FIESTA 1.0/1.6,RGURGU15055,BAJO,C,,
MOTOR PASO A PA | VW SAVEIRO LINEA NUE,RGURGU15058,BAJO,C,,
MOTOR PASO A PA | KIA CARENS - RIO DC,RGURGU15059,MEDIO,C,,
MOTOR PASO A PA | FORD EXPLORER 4.0 -,RGURGU15060,MEDIO,D,,
MOTOR PASO A PA | FIAT SIENA - MAREA 1,RGURGU15064,BAJO,C,,
MOTOR PASO A PA | RENAULT KANGOO - CLI,RGURGU15079,BAJO,C,,
MOTOR PASO A PA | PEUGEOT 306 1.6,RGURGU15080,BAJO,C,,
MOTOR PASO A PA | HONDA CIVIC 1.7,RGURGU15081,MEDIO,C,,
MOTOR PASO A PA | JEEP CHEROKEE 2.5i 4,RGURGU15099,BAJO,C,,
MOTOR PASO A PA | FORD RANGER - F100 2,RGURGU15100,MEDIO,C,,
MOTOR PASO A PA | CHEVROLET BLAZER-S10,RGURGU15101,BAJO,C,,
MOTOR PASO A PA | CHEVROLET VECTRA 2.0,RGURGU15143,MEDIO,C,,
MOTOR PASO A PA | Vehiculos GNC Todos,RGURGU15144,BAJO,C,,
MOTOR PASO A PA | FORD MONDEO 1.8 / 2.,RGURGU15153,MEDIO,C,,
"MOTOR PASO A PA | PEUGEOT 306 1,6/2,0",RGURGU15154,MEDIO,C,,
MOTOR PASO A PA | HYUNDAI TUCSON 2.0 -,RGURGU15155,MEDIO,C,,
MOTOR PASO A PA | CHERY QQ 1.0 / 1.1,RGURGU15162,BAJO,C,,
MOTOR PASO A PA | KIA CERATO - HYUNDAI,RGURGU15166,MEDIO,C,,
MOTOR PASO A PA | HYUNDAI ELANTRA_ KIA,RGURGU15174,MEDIO,C,,
MOTOR PASO A PA | ALFA ROMEO 155 2.0/2,RGURGU15301,MEDIO,C,,
MOTOR PASO A PA | VW GOLF II - PASSAT,RGURGU15302,ALTO,C,,
MOTOR PASO A PA | CHEVROLET CORSA 1.6,RGURGU15303,BAJO,C,,
MOTOR PASO A PA | PEUGEOT 205 1.4 IE,RGURGU15304,BAJO,C,,
MOTOR PASO A PA | PEUGEOT 106,RGURGU15305,BAJO,C,,
MOTOR PASO A PA | PEUGEOT 106,RGURGU15306,BAJO,C,,
MOTOR PASO A PA | PEUGEOT 206 1.6,RGURGU15307,BAJO,C,,
MOTOR PASO A PA | DODGE RAIDER '89 - R,RGURGU15308,MEDIO,C,,
MOTOR PASO A PA | GENERAL MOTORS LUMIN,RGURGU15309,BAJO,C,,
MOTOR PASO A PA | CHRYSLER CARAVAN - G,RGURGU15310,BAJO,C,,
MOTOR PASO A PA | DODGE RAM - DAKOTA -,RGURGU15311,BAJO,C,,
MOTOR PASO A PA | CHRYSLER STRATUS 2.5,RGURGU15312,BAJO,C,,
MOTOR PASO A PA | FORD EXPLORER 4.0L ',RGURGU15313,MEDIO,C,,
MOTOR PASO A PA | FORD RANGER USA - BR,RGURGU15314,MEDIO,C,,
MOTOR PASO A PA | FORD FOCUS 1.8 16V -,RGURGU15315,MEDIO,C,,
MOTOR PASO A PA | HONDA CIVIC 2001-200,RGURGU15316,MEDIO,C,,
MOTOR PASO A PA | HONDA ACCORD 2.2/2.3,RGURGU15317,MEDIO,C,,
MOTOR PASO A PA | FORD FOCUS 1.8/2.0 -,RGURGU15318,MEDIO,C,,
MOTOR PASO A PA | MITSUBISHI DIAMANTE,RGURGU15319,MEDIO,C,,
MOTOR PASO A PA | MITSUBISHI LANCER -G,RGURGU15320,MEDIO,C,,
MOTOR PASO A PA | HONDA CIVIC / CRV --,RGURGU15321,MEDIO,C,,
INYECTOR DE COM | CHEVROLET CORSA,RGURGU17109450,MEDIO,C,,
INYECTOR DE COM | CHEVROLET CORSA 1.6,RGURGU17124782,BAJO,C,,
INYECTOR DE COM | TOYOTA COROLLA CELIC,RGURGU23250-16160,MEDIO,D,,
INYECTOR DE COM | TOYOTA COROLLA 1.8 V,RGURGU2325022040,MEDIO,C,,
INYECTOR DE COM | FORD,RGURGU2801509093,,D,,
INYECTOR DE COM | PEUGEOT,RGURGU280155828,BAJO,C,,
INYECTOR DE COM | MG:MJY 1006 40 / ROV,RGURGU280155884,MEDIO,C,,
INYECTOR DE COM | SEAT:030 906 031 J /,RGURGU280155919,MEDIO,C,,
INYECTOR DE COM | HYUNDAI,RGURGU35310-02500,MEDIO,C,,
INYECTOR DE COM | HYUNDAI,RGURGU35310-22010,BAJO,C,,
INYECTOR DE COM | HYUNDAI KIA,RGURGU35310-23630,MEDIO,C,,
BOMBA DE COMBUS | TIPO FACET 12V - BOM,RGURGU40106,BAJO,A,,
INYECTOR DE COM | RENAULT 19 RTI 1.8,RGURGU7700857056,BAJO,C,,
INYECTOR DE COM | RENAULT MEGANE 1.6RT,RGURGU7700866313,MEDIO,C,,
INYECTOR DE COM | RENAULT MEGANE 2.0 R,RGURGU7700867867,MEDIO,C,,
INYECTOR DE COM | RENAULT CLIO II 1.2,RGURGU8200128961,BAJO,C,,
INYECTOR DE COM | RENAULT MEGANE SCENI,RGURGU8200132254,MEDIO,C,,
INYECTOR DE COM | RENAULT CLIO III 1.4,RGURGU8200132259,MEDIO,C,,
INYECTOR DE COM | RENAULT LOGAN / SAND,RGURGU8200227124,MEDIO,C,,
INYECTOR DE COM | RENAULT MEGANE 1.6 1,RGURGU8200240488,MEDIO,C,,
INYECTOR DE COM | CHEVROLET CELTA - CO,RGURGU94705391,MEDIO,C,,
INYECTOR DE COM | FORD ESCORT ZETEC 1.,RGURGU958F9F593,MEDIO,C,,
INYECTOR DE COM | CHEVROLET AVEO 1.6,RGURGU96386780,BAJO,C,,
INYECTOR DE COM | FORD - VW - AUDI ROJ,RGURGU96518620,BAJO,C,,
INYECTOR DE COM | CHEVROLET SPARK ---,RGURGU96800843,MEDIO,C,,
BOMBA DE COMBUS | BOMBA INTERNA 12V. 3,RGURGUA2001,BAJO,C,,
BOMBA DE COMBUS | BOMBA INTERNA 12V. 3,RGURGUA2059,BAJO,C,,
BOMBA DE COMBUS | BOMBA INTERNA 12V. 3,RGURGUB001,BAJO,C,,
BOMBA DE COMBUS | BOMBA INTERNA 12V. 3,RGURGUB008,BAJO,C,,
BOMBA DE COMBUS | BOMBA INTERNA 12V. 3,RGURGUB038,MEDIO,C,,
BOMBA DE COMBUS | BOMBA INTERNA 12V. 3,RGURGUB047,BAJO,C,,
BOMBA DE COMBUS | BOMBA INTERNA 12V. 3,RGURGUB052,MEDIO,C,,
BOMBA DE COMBUS | BMW 325 CHASIS E36 9,RGURGUB053,MEDIO,C,,
BOMBA DE COMBUS | BOMBA INTERNA 12V. 3,RGURGUB070,MEDIO,C,,
BOMBA DE COMBUS | BOMBA INTERNA 12V. 4,RGURGUB071,MEDIO,C,,
BOMBA DE COMBUS | BOMBA INTERNA 12V. 5,RGURGUB084,MEDIO,C,,
BOMBA DE COMBUS | BOMBA INTERNA 12V. 3,RGURGUB103,BAJO,C,,
BOMBA DE COMBUS | BOMBA INTERNA 12V. 3,RGURGUB104,BAJO,C,,
BOMBA DE COMBUS | BOMBA COMBUSTIBLE IN,RGURGUB132,MEDIO,C,,
BOMBA DE COMBUS | BOMBA INTERNA 12V. 4,RGURGUB164,ALTO,C,,
BOMBA DE COMBUS | BOMBA INTERNA 12V. 3,RGURGUB477,BAJO,A,,
BOMBA DE COMBUS | BOMBA INTERNA 12V. 4,RGURGUB481,BAJO,C,,
BOMBA DE COMBUS | BOMBA INTERNA 12V. 1,RGURGUB483,BAJO,C,,
BOMBA DE COMBUS | BOMBA INTERNA 12V. 1,RGURGUB507,BAJO,C,,
BOMBA DE COMBUS | BOMBA INTERNA 12V. 1,RGURGUB514,BAJO,C,,
BOMBA DE COMBUS | BOMBA INTERNA 12V. 3,RGURGUB707,BAJO,C,,
BOMBA DE COMBUS | BOMBA INTERNA 12V. 5,RGURGUB812,BAJO,C,,
BOMBA DE COMBUS | BOMBA INTERNA 12V. 5,RGURGUB909,MEDIO,C,,
BOMBA DE COMBUS | BOMBA INTERNA 12V. 5,RGURGUB910,MEDIO,C,,
BOMBA DE COMBUS | ALFA-ROMEO 155 155 3,RGURGUB911,BAJO,C,,
BOMBA DE COMBUS | ALFA-ROMEO 155 155 3,RGURGUB950,MEDIO,D,,
BOMBA DE COMBUS | BOMBA INTERNA 12V. 6,RGURGUB957,MEDIO,C,,
BOMBA DE COMBUS | BOMBA INTERNA 12V. 3,RGURGUB981,MEDIO,C,,
BOMBA DE COMBUS | BOMBA INTERNA 12V. 3,RGURGUD025,BAJO,C,,
BOMBA DE COMBUS | BOMBA INTERNA 12V. 3,RGURGUD095,BAJO,C,,
BOMBA DE COMBUS | BOMBA INTERNA 12V. 5,RGURGUD101,BAJO,C,,
BOMBA DE COMBUS | BOMBA INTERNA 12V. 3,RGURGUD123,BAJO,C,,
BOMBA DE COMBUS | BOMBA INTERNA 12V. 3,RGURGUD134,BAJO,C,,
BOMBA DE COMBUS | BOMBA INTERNA 12V. 3,RGURGUD157,BAJO,C,,
INYECTOR DE COM | PEUGEOT 405 ARO AZUL,RGURGUD2159MA,MEDIO,C,,
BOMBA DE COMBUS | BOMBA INTERNA 12V. 3,RGURGUD226,BAJO,C,,
BOMBA DE COMBUS | BOMBA INTERNA 12V. 3,RGURGUD807D,BAJO,C,,
BOMBA DE COMBUS | BOMBA INTERNA 12V. 3,RGURGUD807E,BAJO,C,,
BOMBA DE COMBUS | BOMBA INTERNA 12V. 1,RGURGUD8152,BAJO,D,,
BOMBA DE COMBUS | AIRTEX E8012S - BOMB,RGURGUE8012S,BAJO,A,,
INYECTOR DE COM | MONZA/KADETT/S-10/BL,RGURGUICD00105,MEDIO,C,,
INYECTOR DE COM | MONOPUNTO CHEVROLET,RGURGUICD00106,MEDIO,C,,
INYECTOR DE COM | CHEVROLET CORSA 1.4,RGURGUICD00107,MEDIO,C,,
INYECTOR DE COM | CHEVROLET CORSA 1.6,RGURGUICD00108,MEDIO,C,,
INYECTOR DE COM | CHEVROLET CORSA 1.0,RGURGUICD00111,MEDIO,D,,
INYECTOR DE COM | CHEVROLET CORSA 1.0,RGURGUICD00112,MEDIO,C,,
INYECTOR DE COM | SUZUKI VITARA 1.6 /,RGURGUINP470,MEDIO,C,,
INYECTOR DE COM | PEUGEOT 106 - 206 -,RGURGUIPM002,BAJO,C,,
INYECTOR DE COM | CHERY QQ 0.8 LITROS,RGURGUIPM018,MEDIO,C,,
INYECTOR DE COM | FIAT TEMPRA / DUNA /,RGURGUIWM50001,BAJO,B,,
INYECTOR DE COM | FIAT PALIO - SIENA -,RGURGUIWM52300,BAJO,C,,
INYECTOR DE COM | FIAT PALIO / SIENA /,RGURGUIWP001,BAJO,C,,
INYECTOR DE COM | FIAT PALIO / SIENA M,RGURGUIWP003,BAJO,B,,
INYECTOR DE COM | IWP 005 - 501.046.02,RGURGUIWP005,BAJO,C,,
INYECTOR DE COM | FIAT BRAVO I 1.8GT -,RGURGUIWP006,BAJO,C,,
INYECTOR DE COM | FIAT PALIO / FIORINO,RGURGUIWP022,BAJO,C,,
INYECTOR DE COM | FIAT PALIO / FIORINO,RGURGUIWP023,BAJO,C,,
INYECTOR DE COM | VW GOL - PARA TI - S,RGURGUIWP024,BAJO,C,,
INYECTOR DE COM | RENAULT CLIO II 1.4,RGURGUIWP026,BAJO,C,,
INYECTOR DE COM | FIAT LINEA 1.9 MPI 1,RGURGUIWP039,BAJO,D,,
INYECTOR DE COM | VW GOL 1.0 8V MPI,RGURGUIWP041,BAJO,C,,
INYECTOR DE COM | RENAULT CLIO - SCENI,RGURGUIWP042,BAJO,C,,
INYECTOR DE COM | RENAULT MEGANE 2.0,RGURGUIWP043,BAJO,C,,
INYECTOR DE COM | VW GOL AB9 1.6 / 1.8,RGURGUIWP044,BAJO,A,,
INYECTOR DE COM | FIAT PALIO PUNTO FIR,RGURGUIWP046,BAJO,B,,
INYECTOR DE COM | PEUGEOT 406 1.8 - PA,RGURGUIWP049,BAJO,C,,
INYECTOR DE COM | FIAT PALIO FIRE 1.3,RGURGUIWP052,BAJO,C,,
INYECTOR DE COM | VW GOL 1.0 8V 2003 E,RGURGUIWP058,BAJO,C,,
INYECTOR DE COM | FIAT BRAVO I 1.6 16V,RGURGUIWP064,BAJO,C,,
INYECTOR DE COM | FIAT PALIO / UNO 1.3,RGURGUIWP065,BAJO,A,,
INYECTOR DE COM | FIAT PALIO - SIENA -,RGURGUIWP066,BAJO,C,,
INYECTOR DE COM | FIAT PALIO / SIENA 1,RGURGUIWP067,BAJO,C,,
INYECTOR DE COM | FIAT - DUCATI ARO AM,RGURGUIWP069,BAJO,C,,
INYECTOR DE COM | MERCEDES BENZ CLASE,RGURGUIWP071,BAJO,C,,
INYECTOR DE COM | VW POLO 1.0 16V ARO,RGURGUIWP092,BAJO,C,,
INYECTOR DE COM | FIAT PUNTO 1.2 8V -,RGURGUIWP095,BAJO,C,,
INYECTOR DE COM | RENAULT CLIO FASE II,RGURGUIWP099,BAJO,C,,
INYECTOR DE COM | FIAT PALIO - SIENA 1,RGURGUIWP101,BAJO,C,,
INYECTOR DE COM | FIAT BRAVA - BRAVO I,RGURGUIWP109,BAJO,C,,
INYECTOR DE COM | IWP 113 - FIORINO /,RGURGUIWP113,BAJO,C,,
INYECTOR DE COM | VW GOL AB9 1.6 / 1.8,RGURGUIWP114,BAJO,B,,
INYECTOR DE COM | MULTIPUNTO VW POLO C,RGURGUIWP115,BAJO,C,,
INYECTOR DE COM | FORD FIESTA / FORD K,RGURGUIWP119,BAJO,C,,
INYECTOR DE COM | FORD FIESTA / ECO SP,RGURGUIWP127,BAJO,A,,
INYECTOR DE COM | FIAT PALIO RST - FIO,RGURGUIWP131,BAJO,C,,
INYECTOR DE COM | RENAULT CLIO II 1.4,RGURGUIWP142,BAJO,C,,
INYECTOR DE COM | RENAULT CLIO II 16V,RGURGUIWP143,BAJO,A,,
INYECTOR DE COM | FIAT PALIO / SIENA -,RGURGUIWP157,BAJO,C,,
INYECTOR DE COM | VOLSWAGEN GOL POWER,RGURGUIWP158,BAJO,C,,
INYECTOR DE COM | FIAT MAREA - STILO -,RGURGUIWP164,BAJO,C,,
INYECTOR DE COM | FIAT PALIO - SIENA -,RGURGUIWP168,MEDIO,C,,
INYECTOR DE COM | VW FOX 1.0 16V - GOL,RGURGUIWP170,BAJO,C,,
INYECTOR DE COM | FIAT TEMPRA 2.0 8V/1,RGURGUIWP174,MEDIO,C,,
INYECTOR DE COM | FIAT / VOLKSWAGEN,RGURGUIWP176,BAJO,C,,
"INYECTOR DE COM | RENAULT CLIO, MEGANE",RGURGUIWP179,BAJO,C,,
INYECTOR DE COM | IWP 210 - 501.044.92,RGURGUIWP210,BAJO,C,,
INYECTOR DE COM | IWP 211 - 501.743.02,RGURGUIWP211,BAJO,C,,
INYECTOR DE COM | IWP 212 - 501.744.02,RGURGUIWP212,BAJO,C,,
INYECTOR DE COM | IWP 220 - 501.919.02,RGURGUIWP220,BAJO,C,,
BOMBA DE COMBUS | BOMBA INTERNA 12V .,RGURGUM209,BAJO,C,,
BOMBA DE COMBUS | BOMBA INTERNA 12V. 3,RGURGUM210,BAJO,A,,
BOMBA DE COMBUS | BOMBA INTERNA 12V. 3,RGURGUM211,MEDIO,C,,
BOMBA DE COMBUS | BOMBA INTERNA 12V. 3,RGURGUM214,BAJO,C,,
BOMBA DE COMBUS | BOMBA INTERNA 12V. 3,RGURGUM214MPI,BAJO,C,,
BOMBA DE COMBUS | BOMBA INTERNA 12V. 1,RGURGUM290,BAJO,C,,
BOMBA DE COMBUS | BOMBA INTERNA 12V. 3,RGURGUMA47905,BAJO,C,,
BOMBA DE COMBUS | BOMBA P/CARBURADOR 1,RGURGUP7283,MEDIO,C,,
BOMBA DE COMBUS | BOMBA P/CARBURADOR 1,RGURGUT002,BAJO,C,,
BOMBA DE COMBUS | BOMBA INTERNA 12V. 4,RGURGUV002,MEDIO,C,,
BOMBA DE COMBUS | BOMBA INTERNA 12V. 3,RGURGUV025,BAJO,C,,
BOMBA DE COMBUS | BOMBA INTERNA 12V. 3,RGURGUV034,MEDIO,C,,
BOMBA DE COMBUS | BOMBA INTERNA 12V. 0,RGURGUV228,BAJO,D,,
BOMBA DE COMBUS | BOMBA INTERNA 12V. 3,RGURGUV6091,MEDIO,C,,
BOMBA DE COMBUS | BOMBA INTERNA 12V. 3,RGURGUV9051,MEDIO,C,,
BOMBA DE COMBUS | BOMBA INTERNA 12V. 3,RGURGUW197,MEDIO,C,,
BOMBA DE COMBUS | BOMBA INTERNA 12V. 3,RGURGUW296,BAJO,C,,
BOMBA DE COMBUS | BOMBA INTERNA 12V. 1,RGURGUW382,BAJO,C,,
BOMBA DE COMBUS | BOMBA INTERNA 12V. 3,RGURGUW415,BAJO,C,,
BOMBA DE COMBUS | BOMBA INTERNA 12V. 3,RGURGUW452,BAJO,C,,
BOMBA DE COMBUS | BOMBA INTERNA 12V. 3,RGURGUW465,BAJO,C,,
BOMBA DE COMBUS | BOMBA INTERNA 12V. 3,RGURGUW465B,MEDIO,C,,
BOMBA DE COMBUS | BOMBA INTERNA 12V. 3,RGURGUW733,MEDIO,C,,
ELECTROVENTILAD | CHEVROLET CORSA II 1,RGUV9010809,MEDIO,C,,
ANTIFREEZE | ROYAL SUPER ANTIFREE,ROY1L-COOL-GREEN,BAJO,A,,
ANTIFREEZE | ROYAL SUPER ANTIFREE,ROY1L-COOL-RED,BAJO,A,,
ANTIFREEZE | ROYAL SUPER ANTIFREE,ROY1L-COOL-YEW,BAJO,A,,
LUBRICANTES | ROYAL SUPER CV TRANS,ROY1L-CVTF,BAJO,A,,
LUBRICANTES | ROYAL SUPER GEAR SAE,ROY1L-GEAR-API140,BAJO,C,,
LUBRICANTES | ROYAL SUPER GEAR SAE,ROY1L-GEAR-API75W80,BAJO,A,,
LUBRICANTES | ROYAL SUPER GEAR SAE,ROY1L-GEAR-API75W90,BAJO,A,,
LUBRICANTES | ROYAL SUPER GEAR SAE,ROY1L-GEAR-API80W90,BAJO,A,,
LUBRICANTES | ROYAL SUPER GEAR SAE,ROY1L-GEAR-API85W140,BAJO,B,,
LUBRICANTES | ROYAL SUPER GEAR SAE,ROY1L-GEAR-API90,BAJO,C,,
LUBRICANTES | ROYAL SUPER MARINE S,ROY1L-MARI2TW3,BAJO,B,,
LUBRICANTES | ROYAL SUPER MOTOR SA,ROY1L-MOT2T,BAJO,A,,
LUBRICANTES | ROYAL SUPER MOTOR SA,ROY1L-MOT4T-20W50,BAJO,A,,
LUBRICANTES | ROYAL SUPER PETROL S,ROY1L-PET0W20,BAJO,A,,
LUBRICANTES | ROYAL SUPER PETROL S,ROY1L-PET10W40,BAJO,A,,
LUBRICANTES | ROYAL SUPER PETROL S,ROY1L-PET15W40,BAJO,A,,
LUBRICANTES | ROYAL SUPER PETROL S,ROY1L-PET20W50,BAJO,A,,
LUBRICANTES | ROYAL SUPER PETROL S,ROY1L-PET5W20,BAJO,A,,
LUBRICANTES | ROYAL SUPER PETROL S,ROY1L-PET5W30,BAJO,A,,
LUBRICANTES | ROYAL SUPER PETROL S,ROY1L-PET5W40,BAJO,A,,
LUBRICANTES | ROYAL SUPER MOTOR SA,ROY1L-SS-MOT4T-20W50,BAJO,A,,
LUBRICANTES | ROYAL SUPER AUTOMATI,ROY1L-TRANS-DEXIII,BAJO,A,,
LUBRICANTES | ROYAL SUPER AUTOMATI,ROY1L-TRANS-DEXVI,BAJO,A,,
LUBRICANTES | ROYAL SUPER AUTOMATI,ROY1L-TRANS-TYPEA,BAJO,A,,
ANTIFREEZE | ROYAL SUPER ANTIFREE,ROY20L-COOL-GREEN,ALTO,C,,
ANTIFREEZE | ROYAL SUPER ANTIFREE,ROY20L-COOL-RED,ALTO,C,,
ANTIFREEZE | ROYAL SUPER ANTIFREE,ROY20L-COOL-YEW,ALTO,C,,
ANTIFREEZE | ROYAL SUPER ANTIFREE,ROY5L-COOL-GREEN,MEDIO,C,,
ANTIFREEZE | ROYAL SUPER ANTIFREE,ROY5L-COOL-RED,MEDIO,C,,
ANTIFREEZE | ROYAL SUPER ANTIFREE,ROY5L-COOL-YEW,MEDIO,C,,
LUBRICANTES | ROYAL SUPER CV TRANS,ROY5L-CVTF,MEDIO,C,,
LUBRICANTES | ROYAL SUPER GEAR SAE,ROY5L-GEAR-API80W90,MEDIO,C,,
LUBRICANTES | ROYAL SUPER GEAR SAE,ROY5L-GEAR-API90,MEDIO,C,,
LUBRICANTES | ROYAL SUPER PETROL S,ROY5L-PET0W20,MEDIO,B,,
LUBRICANTES | ROYAL SUPER PETROL S,ROY5L-PET10W40,MEDIO,A,,
LUBRICANTES | ROYAL SUPER PETROL S,ROY5L-PET15W40,BAJO,A,,
LUBRICANTES | ROYAL SUPER PETROL S,ROY5L-PET20W50,BAJO,A,,
LUBRICANTES | ROYAL SUPER PETROL S,ROY5L-PET5W20,MEDIO,B,,
LUBRICANTES | ROYAL SUPER PETROL S,ROY5L-PET5W30,MEDIO,A,,
LUBRICANTES | ROYAL SUPER PETROL S,ROY5L-PET5W40,MEDIO,A,,
LUBRICANTES | ROYAL SUPER MOTOR SA,ROY5L-SS-MOT4T-20W50,MEDIO,C,,
LUBRICANTES | ROYAL SUPER AUTOMATI,ROY5L-TRANS-DEXIII,MEDIO,C,,
LUBRICANTES | ROYAL SUPER AUTOMATI,ROY5L-TRANS-DEXVI,MEDIO,C,,
LUBRICANTES | ROYAL SUPER AUTOMATI,ROY5L-TRANS-TYPEA,MEDIO,C,,
RODAMIENTO | DE RUEDA RCC2631 (17,SRASRA-11749,BAJO,B,,
RODAMIENTO | DELANTERO RENAULT 19,SRASRA-12258,BAJO,B,,
RODAMIENTO | DELANTERO VW GOL/FOX,SRASRA-311396,BAJO,C,,
RODAMIENTO | KIT RUEDA TRASERA VW,SRASRA-4529,BAJO,A,,
RODAMIENTO | KIT DE RUEDA TRASERA,SRASRA-4544,BAJO,A,,
RODAMIENTO | DE RUEDA TRASERO CHE,SRASRA-45449,BAJO,B,,
RODAMIENTO | DELANTERO FIAT DUNA-,SRASRA-633295,BAJO,C,,
RODAMIENTO | DELANTERO CHEVROLET,SRASRA-636114,BAJO,C,,
RODAMIENTO | DE RUEDA TRASERA FOR,SRASRA-801023AB,BAJO,C,,
RODAMIENTO | TRASERO RENAULT 9-11,SRASRA-FC12025,BAJO,C,,
RODAMIENTO | DELANTERO RENAULT 9-,SRASRA-FC12033,BAJO,C,,
CABLE BUJIA 8 M | RENAULT IKA ESTANCIE,TAI826,BAJO,D,,
CABLE BUJIA 8 M | CHEVROLET PICK UP -,TAI846,BAJO,C,,
CABLE BUJIA 8 M | FIAT DUNA MOTOR TIPO,TAI871,BAJO,D,,
CABLE BUJIA 8 M | RENAULT 9 94 CABLE B,TAI889,BAJO,C,,
"CABLE BUJIA 8 M | VOLKSWAGEN GOL 1,8 C",TAI901,BAJO,C,,
"CABLE BUJIA 8 M | CHEVROLET CORSA 1,6",TAI926,BAJO,C,,
CONJUNTO DE TUE | CONJUNTO DE 4 TUERCA,TOPA3,BAJO,A,,
CONJUNTO DE TUE | CONJUNTO DE 4 TUERCA,TOPA9,BAJO,A,,
"CINTA AISLADORA | 19MM X 9 METROS X 0,",TOPAIS001,BAJO,A,,
CINTA AISLADORA | 19MM X 19 METROS X 0,TOPAIS002,BAJO,A,,
CONJUNTO DE BUL | CONJUNTO DE 4 BULONE,TOPB13,BAJO,A,,
CONJUNTO DE BUL | CONJUNTO DE 4 BULONE,TOPB21,BAJO,A,,
CONJUNTO DE BUL | CONJUNTO DE 4 BULONE,TOPB4,BAJO,A,,
CONJUNTO DE BUL | CONJUNTO DE 4 BULONE,TOPB7,BAJO,A,,
CONJUNTO DE BUL | CONJUNTO DE 4 BULONE,TOPD12,BAJO,A,,
CONJUNTO DE BUL | CONJUNTO DE 4 BULONE,TOPD18,BAJO,A,,
CONJUNTO DE BUL | CONJUNTO DE 4 BULONE,TOPD2,BAJO,A,,
CONJUNTO DE BUL | CONJUNTO DE 4 BULONE,TOPD20,BAJO,A,,
CONJUNTO DE BUL | CONJUNTO DE 4 BULONE,TOPD21,BAJO,A,,
CONJUNTO DE BUL | CONJUNTO DE 4 BULONE,TOPD7,BAJO,A,,
JUEGO DE CINTUR | INERCIAL 3 PUNTOS DE,TOPSCAT3I,MEDIO,C,,
JUEGO DE CINTUR | INERCIAL 3 PUNTOS CO,TOPSCAT3IC-B,MEDIO,C,,
JUEGO DE CINTUR | 2 PUNTOS TRASERO,TOPSCES2T,BAJO,B,,
JUEGO DE CINTUR | 3 PUNTOS DELANTERO,TOPSCES3,MEDIO,C,,
JUEGO DE CINTUR | ESTATICO 3 PUNTOS DE,TOPSCES3C-B,MEDIO,C,,
ACONDICIONADOR | CREME LOOK 250cc,TOX250-CLOOK,BAJO,B,,
ACONDICIONADOR | GEL SHINE 250cc,TOX250-GELS,BAJO,B,,
ACONDICIONADOR | HELLS 250cc,TOX250-HELLS,BAJO,B,,
ACONDICIONADOR | NTIRE 250CC,TOX250-NTIRE,BAJO,B,,
ACONDICIONADOR | NTP 250cc,TOX250-NTP,BAJO,A,,
ACONDICIONADOR | BLUE MAGIC 600cc,TOXACO-BLMG,BAJO,B,,
ACONDICIONADOR | BUBBLE GUM 600CC CAN,TOXACO-BUBG,BAJO,A,,
ACONDICIONADOR | CANDY CREAM 600cc,TOXACO-CACR,BAJO,A,,
ACONDICIONADOR | CREME LOOK 600CC,TOXACO-CLOOK,BAJO,A,,
ACONDICIONADOR | DARK FLUID 600cc REV,TOXACO-DARKFL,BAJO,A,,
ACONDICIONADOR | ENERGY TRIM 600CC,TOXACO-ENGYTR,BAJO,B,,
ACONDICIONADOR | FRUTY CREAM 600cc,TOXACO-FRCR,BAJO,A,,
ACONDICIONADOR | GEL SHINE 600cc,TOXACO-GELS,BAJO,B,,
ACONDICIONADOR | HELLS 600cc,TOXACO-HELLS,BAJO,B,,
ACONDICIONADOR | HITS BONES 600cc,TOXACO-HITB,BAJO,B,,
ACONDICIONADOR | HOLY GLOSS 600cc,TOXACO-HOLG,BAJO,A,,
ACONDICIONADOR | MANGO GO 600CC,TOXACO-MANGO,BAJO,A,,
ACONDICIONADOR | MASH MELON 600cc,TOXACO-MSML,BAJO,A,,
ACONDICIONADOR | NEW TIRE REVITALIZAD,TOXACO-NTIRE,BAJO,B,,
ACONDICIONADOR | NTP 600cc,TOXACO-NTP,BAJO,A,,
ACONDICIONADOR | SNEAKERS REVIVIDOR D,TOXACO-SNEAK,BAJO,B,,
ACONDICIONADOR | SPRAY LEATHER 600CC,TOXACO-SPLEA,BAJO,C,,
ACONDICIONADOR | TRIM LOOK CANDY 600c,TOXACO-TLC,BAJO,A,,
ACONDICIONADOR | TRIM LEATHER 600cc,TOXACO-TLEA,BAJO,A,,
ACONDICIONADOR | UVA SHAKE 600CC CANT,TOXACO-UVAS,BAJO,A,,
AEROSOL | REVITALIZADOR SPUERF,TOXAER-BBLACK,BAJO,B,,
AEROSOL | LIMPIADOR MULTIUSO E,TOXAER-CSTUFF,BAJO,A,,
AROMATIZANTE DE | AROMATIZANTE BUBBLE,TOXAROM-BUBG,BAJO,A,,
AROMATIZANTE DE | AROMATIZANTE CHAMPAK,TOXAROM-CHAMP,BAJO,A,,
AROMATIZANTE DE | AROMATIZANTE DARK SE,TOXAROM-DARKS,BAJO,A,,
AROMATIZANTE DE | AROMATIZANTE LIMON 6,TOXAROM-LIMON,BAJO,A,,
AROMATIZANTE DE | AROMATIZANTE UVA 6gr,TOXAROM-UVA,BAJO,A,,
AROMATIZANTE DE | AROMATIZANTE VAINILL,TOXAROM-VAIN,BAJO,A,,
CERA CARNAUBA + | ILUSSION WAX 600CC C,TOXCER-ILUW,BAJO,A,,
CERA LIQUIDA + | LA LAVISH 600CC,TOXCER-LAVISH,BAJO,B,,
CERA LIQUIDA + | LUXURY 600CC,TOXCER-LUXURY,BAJO,A,,
CERA CARNAUBA | CARNAUBA PURE WAX,TOXCER-PRWX,BAJO,C,,
COMPLEMENTO | GATILLO -,TOXCOM-GAT,BAJO,B,,
ENVASE + GATILL | DOSIFICADOR 600cc,TOXENV-DOS,BAJO,B,,
TOXIX GALLONS C | ALL CLEAN LIMPIADOR,TOXGAL-ACLN,BAJO,C,,
LIMPIADORES + G | ALL REMOVE 600CC,TOXGAL-ALLREM,BAJO,C,,
LIMPIADORES + G | ALU WASH 600CC,TOXGAL-ALWASH,BAJO,C,,
TOXIX GALLONS C | CHERRY QUICK 4 Litro,TOXGAL-CHEQ,BAJO,C,,
TOXIC GALLONS C | GAL-CTRLZ 4 LTS. LIM,TOXGAL-CTRLZ,BAJO,C,,
TOXIC GALLONS C | DARK FLUID 4L. REVIT,TOXGAL-DARKFL,BAJO,C,,
TOXIX GALLONS C | HIT BONES 4LTS,TOXGAL-HITB,BAJO,C,,
TOXIX GALLONS C | RACCOON CLEAN 4 Litr,TOXGAL-RCCL,BAJO,C,,
TOXIX GALLONS C | SHAMPOO WAX 4 Litros,TOXGAL-SHWX,BAJO,B,,
TOXIX GALLONS C | SHAMPOO HYPER BLACK,TOXGAL-SHYB,BAJO,C,,
TOXIX GALLONS C | UVA SHAKE 4 Litros,TOXGAL-UVAS,MEDIO,C,,
LIMPIADOR + GAT | ALL CLEAN 600CC,TOXLIM-ACLN,BAJO,A,,
LIMPIADORES + G | ALU WASH 600CC,TOXLIM-ALWASH,BAJO,C,,
LIMPIADORES + G | ALCALINE WHELLS 600c,TOXLIM-ALWH,BAJO,B,,
LIMPIADORES + G | BUG REMOVER 600cc,TOXLIM-BUGR,BAJO,A,,
LIMPIADORES + G | CLEAN VISION 600cc,TOXLIM-CLEV,BAJO,B,,
LIMPIADORES + E | CTRL Z 600CC LIMPIAD,TOXLIM-CTRLZ,BAJO,A,,
LIMPIADORES + G | FORMULE CONQUEST 600,TOXLIM-FCQT,BAJO,B,,
LIMPIADORES + G | INFERNO GEL 600CC CA,TOXLIM-INFG,BAJO,A,,
LIMPIADORES + G | IRON WARNING 600cc,TOXLIM-IRWG,BAJO,A,,
LIMPIADORES + G | WATER SPOT 600CC LIM,TOXLIM-WSPOT,BAJO,B,,
LIMPIADORES + G | X TAR 600cc,TOXLIM-XTAR,BAJO,C,,
LINEA PROFESION | ALL IN ONE 600cc,TOXLPR-ALIO,BAJO,C,,
LINEA PROFESION | CLAY LUB 600cc,TOXLPR-CLLB,BAJO,C,,
LINEA PROFESION | FINISH DARK COLORS 6,TOXLPR-DRK,BAJO,C,,
LINEA PROFESION | FINISH 600cc,TOXLPR-FNSH,BAJO,C,,
LINEA PROFESION | FINISH LIGHT COLORS,TOXLPR-LGHT,BAJO,C,,
LINEA PROFESION | MYSTIC SEAL 600cc,TOXLPR-MYTS,BAJO,B,,
LINEA PROFESION | POLISH 600cc,TOXLPR-POL,BAJO,C,,
LINEA PROFESION | PAINT PREPARE 600cc,TOXLPR-PTPP,BAJO,C,,
LINEA PROFESION | CREME WAX BANANA 600,TOXLPR-WBAN,BAJO,C,,
LINEA PROFESION | WATERMELON 600cc,TOXLPR-WTML,BAJO,B,,
MERCHANDISING | BALDES 10 Litros BAL,TOXMCH-BAL,BAJO,C,,
MERCHANDISING | BOLSOS DE MANO -,TOXMCH-BMAN,BAJO,C,,
MERCHANDISING | BOLSOS -,TOXMCH-BOL,BAJO,C,,
MERCHANDISING | BUZOS L,TOXMCH-BUL,MEDIO,C,,
MERCHANDISING | BUZOS M,TOXMCH-BUM,MEDIO,C,,
MERCHANDISING | BUZOS S,TOXMCH-BUS,MEDIO,D,,
MERCHANDISING | BUZOS XL,TOXMCH-BUXL,MEDIO,C,,
MERCHANDISING | BUZOS XS,TOXMCH-BUXS,MEDIO,D,,
MERCHANDISING | BUZOS XXL,TOXMCH-BUXXL,MEDIO,C,,
MERCHANDISING | GORRAS,TOXMCH-GOR,BAJO,C,,
MERCHANDISING | GRIT Compatible para,TOXMCH-GRIT,BAJO,C,,
MERCHANDISING | GUANTES DE MANOS REF,TOXMCH-HWASH,BAJO,C,,
MERCHANDISING | GUANTE DE MANO XL,TOXMCH-HWASHXL,BAJO,C,,
MERCHANDISING | MANOPLAS,TOXMCH-MPLA,BAJO,C,,
MERCHANDISING | PILUSOS - PILUSOS,TOXMCH-PLS,BAJO,C,,
MERCHANDISING | REMERAS S,TOXMCH-REL,BAJO,C,,
MERCHANDISING | REMERAS M,TOXMCH-REM,BAJO,C,,
MERCHANDISING | REMERAS XS,TOXMCH-RES,BAJO,C,,
MERCHANDISING | REMERAS L,TOXMCH-REXL,BAJO,C,,
MERCHANDISING | REMERAS XS,TOXMCH-REXS,BAJO,D,,
MERCHANDISING | REMERAS XL,TOXMCH-REXXL,BAJO,C,,
MERCHANDISING | TOALLA GRANDE,TOXMCH-TMAMUT,BAJO,C,,
MERCHANDISING | VASOS 350cc,TOXMCH-VAS,BAJO,C,,
MINIS | MINI ALL IN ONE 120c,TOXMIN-ALIO,BAJO,C,,
MINIS | MINI FINISH 120cc,TOXMIN-FIN,BAJO,C,,
MINIS | MINI FINISH DARK COL,TOXMIN-MDRK,BAJO,C,,
MINIS | MINI FINISH LIGHT CO,TOXMIN-MLGHT,BAJO,C,,
MINIS | MINI MYSTIC 120cc,TOXMIN-MSTC,BAJO,C,,
MINIS | MINI POLISH 120cc,TOXMIN-POL,BAJO,C,,
MINIS | MINI WAX BANANA 120c,TOXMIN-WXBA,BAJO,C,,
MINIS | MINI WATERMELON 120c,TOXMIN-WXML,BAJO,C,,
PERFUMES | BUBBLE GUM 120cc,TOXPER-BUBG,BAJO,A,,
PERFUMES | CAFÉ 120cc,TOXPER-CAFE,BAJO,C,,
PERFUMES | CANDY BANANA 120cc,TOXPER-CDBA,BAJO,B,,
PERFUMES | CHERRY 120cc,TOXPER-CHERRY,BAJO,B,,
PERFUME | ENERGY 120CC,TOXPER-ENGY,BAJO,B,,
PERFUMES | INVICTUS 120CC,TOXPER-INVIC,BAJO,A,,
PERFUMES | FRESH LEMON & MINT 1,TOXPER-L&M,BAJO,A,,
PERFUMES | LADY 120CC,TOXPER-LADY,BAJO,B,,
PERFUMES | MANGO GO 120cc,TOXPER-MANGO,BAJO,B,,
PERFUMES | NEW CAR 120cc,TOXPER-NCAR,BAJO,B,,
PERFUMES | PARTY SUMMER 120cc,TOXPER-PSUM,BAJO,B,,
PERFUMES | ROCKET POWER120CC,TOXPER-ROPOW,BAJO,B,,
PERFUMES | SNEAKERS 120cc,TOXPER-SNEAK,BAJO,B,,
PERFUMES | THE BOSS 120cc,TOXPER-TBOSS,BAJO,B,,
PERFUMES | UVA 120CC CANTIDAD P,TOXPER-UVA,BAJO,A,,
PERFUMES | WANAWE 120CC,TOXPER-WANA,BAJO,B,,
PERFUMES | SWEET FRUTTI 120cc,TOXPER-WFRU,BAJO,B,,
QUICK DETAILER | CHERRY QUICK 600CC,TOXQCK-CHQK,BAJO,A,,
QUICK DETAILER | EXTREME DETAIL 600CC,TOXQCK-EXTD,BAJO,A,,
QUICK DETAILER | WATERLESS 600CC,TOXQCK-WTRL,BAJO,B,,
SHAMPOO | ATOMIC 600cc,TOXSHA-ATMC,BAJO,A,,
SHAMPOO | BANANA 600CC CANTIDA,TOXSHA-BAN,BAJO,A,,
SHAMPOO | DIP CLUB 600cc,TOXSHA-DCLB,BAJO,B,,
SHAMPOO | ELITE 600CC CANTIDAD,TOXSHA-ELIT,BAJO,A,,
SHAMPOO | ENERGY 600CC,TOXSHA-ENGY,BAJO,A,,
SHAMPOO | HYPER BLACK 600cc,TOXSHA-HBLK,BAJO,A,,
SHAMPOO | ICE 600cc,TOXSHA-ICE,BAJO,B,,
SHAMPOO | LUXURY LAVA AUTO 600,TOXSHA-LUXFOA,BAJO,B,,
SHAMPOO | PURE FOAM 600cc,TOXSHA-PRFM,BAJO,A,,
SHAMPOO | SUPREME 600CC CANTID,TOXSHA-SUPR,BAJO,A,,
SHAMPOO | WAX 600CC CANTIDAD P,TOXSHA-WAX,BAJO,A,,
SELLADOR HIBRID | ENERGY SEAL 600CC,TOXSHB-ENGYSL,BAJO,B,,
SELLADORES HIBR | LAVA CRUSH 600cc,TOXSHB-LVCRU,BAJO,C,,
SELLADORES HIBR | SEAL IT ALL 600cc,TOXSHB-SIAL,BAJO,B,,
SELLADORES HIBR | THE BO$$ SHINE 600cc,TOXSHB-TBOSS,BAJO,B,,
SELLADORES CERA | CRISTAL TITANIUM 120,TOXSLC-CTIT,MEDIO,C,,
SELLADORES CERA | T1 SEMI PERMANENTE 3,TOXSLC-T1SP,MEDIO,C,,
SELLADORES LIQU | ANTI FOG 120cc,TOXSLQ-FOG,BAJO,A,,
TRIDON ESCOBILL | LIMPIAPARABRISAS MET,TRICLX 110,BAJO,C,,
TRIDON ESCOBILL | LIMPIAPARABRISAS MET,TRICLX 130,BAJO,C,,
TRIDON ESCOBILL | LIMPIAPARABRISAS MET,TRICLX 140,BAJO,C,,
TRIDON ESCOBILL | LIMPIAPARABRISAS MET,TRICLX 150,BAJO,C,,
TRIDON ESCOBILL | LIMPIAPARABRISAS MET,TRICLX 160,BAJO,C,,
TRIDON ESCOBILL | LIMPIAPARABRISAS MET,TRICLX 170,BAJO,C,,
TRIDON ESCOBILL | LIMPIAPARABRISAS MET,TRICLX 180,BAJO,B,,
TRIDON ESCOBILL | LIMPIAPARABRISAS MET,TRICLX 190,BAJO,C,,
TRIDON ESCOBILL | LIMPIAPARABRISAS MET,TRICLX 200,BAJO,C,,
TRIDON ESCOBILL | LIMPIAPARABRISAS MET,TRICLX 210,BAJO,C,,
TRIDON ESCOBILL | LIMPIAPARABRISAS MET,TRICLX 220,BAJO,C,,
TRIDON ESCOBILL | LIMPIAPARABRISAS MET,TRICLX 240,BAJO,C,,
TRIDON ESCOBILL | LIMPIAPARABRISAS MET,TRICLX 260,BAJO,C,,
EXHIBIDOR TRIDO | EXHIBIDOR TRIDON 6 G,TRIEXH001,BAJO,C,,
TRIDON ESCOBILL | ESCOBILLA LIMPIAPARA,TRIFLX 140,BAJO,C,,
TRIDON ESCOBILL | ESCOBILLA LIMPIAPARA,TRIFLX 150,BAJO,C,,
TRIDON ESCOBILL | ESCOBILLA LIMPIAPARA,TRIFLX 160,BAJO,C,,
TRIDON ESCOBILL | ESCOBILLA LIMPIAPARA,TRIFLX 170,BAJO,C,,
TRIDON ESCOBILL | ESCOBILLA LIMPIAPARA,TRIFLX 180,BAJO,C,,
TRIDON ESCOBILL | ESCOBILLA LIMPIAPARA,TRIFLX 190,BAJO,C,,
TRIDON ESCOBILL | ESCOBILLA LIMPIAPARA,TRIFLX 200,BAJO,C,,
TRIDON ESCOBILL | ESCOBILLA LIMPIAPARA,TRIFLX 210,BAJO,C,,
TRIDON ESCOBILL | ESCOBILLA LIMPIAPARA,TRIFLX 220,BAJO,C,,
TRIDON ESCOBILL | ESCOBILLA LIMPIAPARA,TRIFLX 240,BAJO,C,,
TRIDON ESCOBILL | ESCOBILLA LIMPIAPARA,TRIFLX 260,BAJO,C,,
TRIDON ESCOBILL | ESCOBILLA LIMPIAPARA,TRIFLX 280,BAJO,C,,
LIQUIDO LIMPIAP | LIQUIDO LIMPIAPARABR,TRILIQLP001,BAJO,C,,
LIQUIDO LIMPIAP | LIQUIDO LIMPIAPARABR,TRILIQLP002,BAJO,C,,
EXHIBIDOR TRICO | EXHIBIDOR DE PARED 6,TRIMARK003,BAJO,C,,
ESCOBILLAS NU V | UNIVERSAL 14,TRITR15140,BAJO,D,,
ESCOBILLAS NU V | UNIVERSAL 15,TRITR15150,BAJO,C,,
ESCOBILLAS NU V | UNIVERSAL 16,TRITR15160,BAJO,D,,
ESCOBILLAS NU V | UNIVERSAL 17,TRITR15170,BAJO,C,,
ESCOBILLAS NU V | UNIVERSAL 18,TRITR15180,BAJO,C,,
ESCOBILLAS NU V | UNIVERSAL 19,TRITR15190,BAJO,C,,
ESCOBILLAS NU V | UNIVERSAL 20,TRITR15200,BAJO,C,,
ESCOBILLAS NU V | UNIVERSAL 21,TRITR15210,BAJO,C,,
ESCOBILLAS NU V | UNIVERSAL 22,TRITR15220,BAJO,C,,
ESCOBILLAS NU V | UNIVERSAL 24,TRITR15240,BAJO,C,,
ESCOBILLAS NU V | UNIVERSAL 26,TRITR15260,BAJO,C,,
ESCOBILLA PLÁST | Escobilla Plástica p,TRITR16T,BAJO,C,,
ESCOBILLAS FLEX | OEM 14 CONEXION MULT,TRITR17140,BAJO,C,,
ESCOBILLAS FLEX | OEM 15 CONEXION MULT,TRITR17150,BAJO,C,,
ESCOBILLAS FLEX | OEM 16 CONEXION MULT,TRITR17160,BAJO,C,,
ESCOBILLAS FLEX | OEM 17 CONEXION MULT,TRITR17170,BAJO,C,,
ESCOBILLAS FLEX | OEM 18 CONEXION MULT,TRITR17180,BAJO,C,,
ESCOBILLAS FLEX | OEM 19 CONEXION MULT,TRITR17190,BAJO,C,,
ESCOBILLAS FLEX | OEM 20 CONEXION MULT,TRITR17200,BAJO,C,,
ESCOBILLAS FLEX | OEM 21 CONEXION MULT,TRITR17210,BAJO,C,,
ESCOBILLAS FLEX | OEM 22 CONEXION MULT,TRITR17220,BAJO,C,,
ESCOBILLAS FLEX | OEM 24 CONEXION MULT,TRITR17240,BAJO,C,,
ESCOBILLAS FLEX | OEM 26 CONEXION MULT,TRITR17260,BAJO,C,,
ESCOBILLAS FLEX | OEM 28 CONEXION MULT,TRITR17280,BAJO,C,,
ESCOBILLAS FLEX | OEM 29 CONEXION MULT,TRITR17290,BAJO,C,,
ESCOBILLAS FLEX | OEM 30 CONEXION MULT,TRITR17300,BAJO,C,,
ESCOBILLAS FLEX | OEM 32 CONEXION MULT,TRITR17320,BAJO,C,,
ESCOBILLA TRASE | ESCOBILLA TRASERA 10,TRITR19100,BAJO,C,,
ESCOBILLA TRASE | ESCOBILLA TRASERA 11,TRITR19110,BAJO,C,,
ESCOBILLA TRASE | ESCOBILLA TRASERA 12,TRITR19121,BAJO,C,,
ESCOBILLA TRASE | ESCOBILLA TRASERA 12,TRITR19122,BAJO,C,,
ESCOBILLA TRASE | ESCOBILLA TRASERA 13,TRITR19130,BAJO,C,,
ESCOBILLA TRASE | ESCOBILLA TRASERA 14,TRITR19140,BAJO,C,,
ESCOBILLA TRASE | ESCOBILLA TRASERA 16,TRITR19160,BAJO,D,,
REFILL RECAMBIO | REFILL KA 13,TRITR4413010,BAJO,D,,
REFILL RECAMBIO | REFILL GOL COUNTRY 1,TRITR4414010,BAJO,D,,
REFILL RECAMBIO | REFILL MERIVA / CORS,TRITR4415010,BAJO,D,,
REFILL RECAMBIO | REFILL GOL III / FIA,TRITR4416010,BAJO,D,,
REFILL RECAMBIO | REFILL PALIO / WEEKE,TRITR4613010,BAJO,D,,
REFILL RECAMBIO | REFILL CORSA II >03/,TRITR4616010,BAJO,D,,
ESCOBILLAS UNIV | ESCOBILLA 11,TRITR70110,BAJO,C,,
ESCOBILLA PLAST | ESCOBILLA TRASERA P/,TRITR7012B,BAJO,C,,
ESCOBILLAS UNIV | ESCOBILLA 13,TRITR70130,BAJO,C,,
ESCOBILLAS UNIV | ESCOBILLA 14,TRITR70140,BAJO,C,,
ESCOBILLAS UNIV | ESCOBILLA 15 CANTIDA,TRITR70150,BAJO,C,,
ESCOBILLAS UNIV | ESCOBILLA 16 CANTIDA,TRITR70160,BAJO,C,,
ESCOBILLA FLEX | ESCOBILLA TRASERA FL,TRITR7016D,BAJO,C,,
ESCOBILLAS UNIV | ESCOBILLA 17,TRITR70170,BAJO,C,,
ESCOBILLAS UNIV | ESCOBILLA 18 CANTIDA,TRITR70180,BAJO,B,,
ESCOBILLAS UNIV | ESCOBILLA 19,TRITR70190,BAJO,C,,
ESCOBILLAS UNIV | ESCOBILLA 20 CANTIDA,TRITR70200,BAJO,C,,
ESCOBILLAS UNIV | ESCOBILLA 21,TRITR70210,BAJO,C,,
ESCOBILLAS UNIV | ESCOBILLA 22 CANTIDA,TRITR70220,BAJO,C,,
ESCOBILLAS UNIV | ESCOBILLA 24,TRITR70240,BAJO,C,,
ESCOBILLAS UNIV | ESCOBILLA 26,TRITR70260,BAJO,C,,
ESCOBILLAS EQUI | HONDA FIT >2008 LC 2,TRITR801001,BAJO,D,,
ESCOBILLAS EQUI | HONDA CIVIC >2007 LC,TRITR801002,BAJO,D,,
ESCOBILLAS EQUI | HONDA ACCORD LC 24 /,TRITR801003,BAJO,D,,
PACK ESCOBILLAS | PACK HONDA 9 JUEGOS,TRITR801004,ALTO,D,,
ESCOBILLAS EQUI | TOYOTA HILUX LC 21 /,TRITR80101,BAJO,C,,
ESCOBILLAS EQUI | TOYOTA COROLLA >2010,TRITR80102,BAJO,C,,
ESCOBILLAS EQUI | TOYOTA YARIS 2006-20,TRITR80104,BAJO,C,,
ESCOBILLAS EQUI | RENAULT MEGANE LC 22,TRITR80201,BAJO,D,,
ESCOBILLAS EQUI | RENAULT CLIO RENAULT,TRITR80202,BAJO,D,,
ESCOBILLAS EQUI | RENAULT SCENIC LC 24,TRITR80203,BAJO,D,,
ESCOBILLAS EQUI | RENAULT MEGANE II LC,TRITR80204,BAJO,D,,
ESCOBILLAS EQUI | RENAULT KANGOO LC 20,TRITR80205,BAJO,C,,
ESCOBILLAS EQUI | RENAULT LAGUNA LC 24,TRITR80206,BAJO,D,,
PACK ESCOBILLAS | PACK RENAULT 6 JUEGO,TRITR80207,MEDIO,D,,
ESCOBILLAS EQUI | RENAULT SANDERO STEP,TRITR80208,BAJO,C,,
ESCOBILLAS EQUI | RENAULT CLIO 2 LC 21,TRITR80209,BAJO,C,,
ESCOBILLAS EQUI | RENAULT DUSTER LC 20,TRITR80210,BAJO,C,,
ESCOBILLAS EQUI | RENAULT MASTER LC 24,TRITR80211,BAJO,D,,
ESCOBILLAS EQUI | LAND ROVER DISCOVERY,TRITR80301,BAJO,D,,
ESCOBILLAS EQUI | ROVER 200 LC 18 / LP,TRITR80302,BAJO,D,,
ESCOBILLAS EQUI | KIA SORENTO LC 24 /,TRITR80303,BAJO,D,,
ESCOBILLAS EQUI | NISSAN MARCH LC 20 /,TRITR80304,BAJO,D,,
ESCOBILLAS EQUI | NISSAN TIIDA LC 21 /,TRITR80305,BAJO,D,,
ESCOBILLAS EQUI | HYUNDAI TUCSON LC 22,TRITR80306,BAJO,D,,
ESCOBILLAS EQUI | HYUNDAI ACCENT 2012,TRITR80307,BAJO,D,,
ESCOBILLAS EQUI | HYUNDAI ELANTRA LC 2,TRITR80308,BAJO,D,,
ESCOBILLAS EQUI | HYUNDAI H1 LC 26 / L,TRITR80309,BAJO,C,,
ESCOBILLAS EQUI | NISSAN SENTRA 2007 >,TRITR80310,BAJO,D,,
ESCOBILLAS EQUI | HYUNDAI SANTA FE LC,TRITR80311,BAJO,D,,
ESCOBILLAS EQUI | KIA SPORTAGE 2011> L,TRITR80312,BAJO,D,,
ESCOBILLAS EQUI | NISSAN FRONTIER . 20,TRITR80313,BAJO,D,,
ESCOBILLAS EQUI | MITSUBISHI L200 LC 2,TRITR80314,BAJO,D,,
ESCOBILLAS EQUI | KIA PICANTO LC 22 /,TRITR80315,BAJO,D,,
ESCOBILLAS EQUI | KIA RIO 2012> LC 22,TRITR80316,BAJO,D,,
ESCOBILLAS EQUI | JEEP CHEROKEE SPORT,TRITR80401,BAJO,D,,
ESCOBILLAS EQUI | PEUGEOT 405 PEUGEOT,TRITR80501,BAJO,C,,
ESCOBILLAS EQUI | PEUGEOT 306 ROVER 60,TRITR80502,BAJO,C,,
ESCOBILLAS EQUI | PEUGEOT 106 CITROEN,TRITR80503,BAJO,D,,
ESCOBILLAS EQUI | PEUGEOT 206 207 LC 2,TRITR80504,BAJO,C,,
ESCOBILLAS EQUI | PEUGEOT 307 >2005 LC,TRITR80505,BAJO,C,,
ESCOBILLAS EQUI | CITROEN PICASSO LC 2,TRITR80506,BAJO,D,,
ESCOBILLAS EQUI | PEUGEOT PARTNER CITR,TRITR80507,BAJO,C,,
ESCOBILLAS EQUI | CITROEN C3 >2012 LC,TRITR80508,BAJO,D,,
PACK ESCOBILLAS | PACK PEUGEOT/CITROEN,TRITR80509,ALTO,D,,
ESCOBILLAS EQUI | VW GOLF III -IV LC 2,TRITR80601,BAJO,D,,
ESCOBILLAS EQUI | VW PASSAT >2004 LC 2,TRITR80602,BAJO,C,,
ESCOBILLAS EQUI | VW POLO SEAT CORDOBA,TRITR80603,BAJO,D,,
ESCOBILLAS EQUI | VW GOL II LC 20 / LP,TRITR80604,BAJO,C,,
ESCOBILLAS EQUI | VW GOL III LC 21 / L,TRITR80605,BAJO,C,,
ESCOBILLAS EQUI | VW BORA LC 21 / LP 1,TRITR80606,BAJO,C,,
ESCOBILLAS EQUI | VW FOX VW SURAN >201,TRITR80607,BAJO,C,,
PACK ESCOBILLAS | PACK VOLKSWAGEN X 7,TRITR80608,ALTO,D,,
ESCOBILLAS EQUI | VW AMAROK >2012 LC 2,TRITR80609,BAJO,C,,
ESCOBILLAS EQUI | FORD MONDEO LC 21 /,TRITR80701,BAJO,D,,
ESCOBILLAS EQUI | FORD ESCORT LC 20 /,TRITR80702,BAJO,D,,
ESCOBILLAS EQUI | FORD FIESTA >2001 FO,TRITR80703,BAJO,D,,
ESCOBILLAS EQUI | FORD RANGER >2012 FO,TRITR80704,BAJO,D,,
ESCOBILLAS EQUI | FORD FOCUS > 2008 LC,TRITR80705,BAJO,D,,
ESCOBILLAS EQUI | FORD FIESTA 2002-10,TRITR80706,BAJO,C,,
ESCOBILLAS EQUI | FORD F-100 FORD F-25,TRITR80707,BAJO,D,,
ESCOBILLAS EQUI | FORD KA > 2010 LC 19,TRITR80708,BAJO,C,,
ESCOBILLAS ORIG | FORD KA 19+16 2011>,TRITR80709,MEDIO,C,,
ESCOBILLAS ORIG | FORD ECOSPORT 22+16,TRITR80710,MEDIO,C,,
PACK ESCOBILLAS | PACK ESCOBILLAS FORD,TRITR80711,ALTO,D,,
ESCOBILLAS FIAT | ESCOBILLAS ORIGINALE,TRITR80801,BAJO,C,,
ESCOBILLAS EQUI | FIAT UNO NUEVO / UNO,TRITR80802,BAJO,C,,
ESCOBILLAS ORIG | FIAT IDEA 24+15 2011,TRITR80803,MEDIO,D,,
ESCOBILLAS EQUI | CHEVROLET S10 BLAZER,TRITR80901,BAJO,C,,
ESCOBILLAS EQUI | CHEVROLET VECTRA >20,TRITR80902,BAJO,D,,
ESCOBILLAS EQUI | CHEVROLET CORSA II L,TRITR80903,BAJO,C,,
ESCOBILLAS EQUI | CHEVROLET ASTRA LC 2,TRITR80904,BAJO,D,,
ESCOBILLAS EQUI | CHEVROLET MERIVA CHE,TRITR80905,BAJO,D,,
ESCOBILLAS EQUI | CHEVROLET CLASSIC CE,TRITR80906,BAJO,C,,
PACK ESCOBILLAS | PACK CHEVROLET 6 JUE,TRITR80907,ALTO,D,,
ESCOBILLAS EQUI | CHEVROLET AGILE >201,TRITR80908,BAJO,C,,
ESCOBILLAS EQUI | CHEVROLET AVEO LC 22,TRITR80909,BAJO,D,,
ESCOBILLAS EQUI | CHEVROLET CRUZE LC 2,TRITR80910,BAJO,C,,
ESCOBILLAS EQUI | CHEVROLET SPIN LC 22,TRITR80911,BAJO,D,,
ESCOBILLAS EQUI | FORD NEW RANGER 2012,TRITR80912,BAJO,D,,
ESCOBILLAS EQUI | CHEVROLET SAIL LC 20,TRITR80913,BAJO,C,,
ESCOBILLAS EQUI | CHEVROLET SPARK LC 2,TRITR80914,BAJO,D,,
ESCOBILLAS ORIG | CHEVROLET ONIX PRISM,TRITR80915,MEDIO,C,,
ESCOBILLAS ORIG | CHEVROLET AGILE MONT,TRITR80916,MEDIO,C,,
ESCOBILLAS ORIG | CHEVROLET S10 TRAILB,TRITR80917,MEDIO,C,,
"ESCOBILLAS ORIG | FIAT PALIO SIENA , F",TRITR80918,MEDIO,C,,
ESCOBILLAS ORIG | VW GOL TREND VOYAGE,TRITR80919,MEDIO,C,,
ESCOBILLAS ORIG | PEUGEOT 208 2008 26+,TRITR80920,MEDIO,C,,
ESCOBILLAS ORIG | RENAULT SANDERO / ST,TRITR80921,MEDIO,C,,
ESCOBILLAS HYBR | HONDA CIVIC 15-17 26,TRITR901005,MEDIO,D,,
ESCOBILLAS HYBR | HONDA CR-V 08> HR-V,TRITR901006,MEDIO,D,,
ESCOBILLAS HYBR | HONDA ACCORD 15- 26/,TRITR901007,MEDIO,D,,
"ESCOBILLAS HYBR | TOYOTA COROLLA 08> ,",TRITR90105,MEDIO,C,,
ESCOBILLAS HYBR | TOYOTA HILUX 15> SW4,TRITR90106,MEDIO,C,,
ESCOBILLAS HYBR | NISSAN NOTE /NISSAN,TRITR90804,MEDIO,C,,
ESCOBILLAS SERV | ESCOBILLA 40 SERVICI,TRITX1000,MEDIO,C,,
ESCOBILLAS SERV | ESCOBILLA 22 SERVICI,TRITX550A,BAJO,C,,
ESCOBILLAS SERV | ESCOBILLA 24 SERVICI,TRITX600,MEDIO,B,,
ESCOBILLAS SERV | ESCOBILLA 26 SERVICI,TRITX650,MEDIO,B,,
ESCOBILLAS SERV | ESCOBILLA 28 SERVICI,TRITX700,MEDIO,C,,
ESCOBILLAS SERV | ESCOBILLA 28 ESPECIA,TRITX701,BAJO,C,,
ESCOBILLAS SERV | ESCOBILLA 32 SERVICI,TRITX800,MEDIO,C,,
BANDERAS IRON | BANDERAS IRON,VARBANDERAIR,BAJO,C,,
BANDERAS KOBO | BANDERAS KOBO,VARBANDERAKO,BAJO,C,,
BANDERAS LUX LE | BANDERAS LUX LED,VARBANDERALU,BAJO,C,,
BANDERAS OREGON | BANDERAS OREGON,VARBANDERAOR,BAJO,C,,
BOTINEROS AFTER | BOTINEROS AFTERMARKE,VARBOTINEROAF,BAJO,B,,
BOTINEROS DISTR | BOTINEROS DISTRIMAR,VARBOTINERODI,BAJO,D,,
GORRAS ESTAMPAD | GORRAS IRON,VARGORRASIRO,BAJO,C,,
GORRAS ESTAMPAD | GORRAS KOBO,VARGORRASKOB,BAJO,C,,
GORRAS ESTAMPAD | GORRAS LUXLED,VARGORRASLUX,BAJO,D,,
GORRAS ESTAMPAD | GORRAS OREGON,VARGORRASORE,BAJO,D,,
REMERA SELECCIO | REMERA KOBO SELECCIO,VARREMERASEL,BAJO,C,,
MAP - SENSORES | ROYALTEK RT 23011/ V,VER030906051A,BAJO,C,,
MAP - SENSORES | ROYALTEK RT 30081/ A,VER036906051G,BAJO,C,,
SENSORES RPM | FISPA 30019/ VW GOLF,VER036907601A,BAJO,C,,
SENSORES MAF - | ,VER037906461B,MEDIO,C,,
TPS - SENSORES | ,VER037907385Q,BAJO,C,,
MAP - SENSORES | ROYALTEK RT 30267/ V,VER038906051B,BAJO,C,,
SENSORES MAF - | ROYALTEK RT 7047/ VW,VER059906461D,MEDIO,C,,
SENSORES RPM | ,VER06A906433C,BAJO,C,,
SENSORES MAF - | ,VER06A906461B,BAJO,C,,
SENSORES MAF - | ROYALTEK RT 7002/ VW,VER078133471E,BAJO,C,,
SENSORES RPM | ,VER095927321B,BAJO,C,,
MOTORES PASO A | ,VER102,BAJO,C,,
MODULO DE IGNIC | GM CORSA - MONZA - K,VER11911,BAJO,C,,
"MODULO DE IGNIC | FORD F-100 4,9 6 CIL",VER11917,BAJO,C,,
MODULO DE IGNIC | ALFA ROMEO / BMW / C,VER11918,BAJO,D,,
MODULO DE IGNIC | VOLKSWAGEN GOL-GOLF-,VER11921,BAJO,C,,
MODULO DE IGNIC | ,VER11931,BAJO,C,,
MODULO DE IGNIC | OPEL ASCONA - CORSA,VER11932,BAJO,C,,
SENSORES RPM | ,VER1214173007,BAJO,C,,
TPS - SENSORES | ,VER122,BAJO,C,,
TPS - SENSORES | ,VER122001,BAJO,C,,
TPS - SENSORES | ,VER122003,BAJO,C,,
MAP - SENSORES | ,VER16249939,BAJO,C,,
DISTRIBUIDOR CO | RENAULT 18 2000 - EL,VER1860,MEDIO,C,,
DISTRIBUIDOR CO | RENAULT 18 2000 - EL,VER1860MM,MEDIO,C,,
MAP - SENSORES | ROYALTEK RT 1920AC/,VER1920AC,BAJO,C,,
SENSORES RPM | ROYALTEK RT 1920AV/,VER1920AV,BAJO,C,,
MAP - SENSORES | ROYALTEK RT 1920P2/,VER1920P2,BAJO,C,,
CAPTOR DE DISTR | FORD FALCON -F100 6,VER2166,BAJO,B,,
DISTRIBUIDOR CO | FIAT DUNA - UNO - RE,VER2260,MEDIO,B,,
DISTRIBUIDOR CO | FIAT DUNA - UNO - RE,VER2260MM,MEDIO,B,,
DISTRIBUIDOR CO | RENAULT 9-11-12-19 E,VER2280,MEDIO,B,,
DISTRIBUIDOR CO | RENAULT 9-11-12-19 E,VER2280MM,MEDIO,B,,
SENSORES DE VEL | ,VER23K7CN,BAJO,C,,
SENSORES RPM | ,VER261210275,BAJO,C,,
MAP - SENSORES | FISPA 40044/ ALFA RO,VER261230029,BAJO,C,,
MAP - SENSORES | ,VER261230049,BAJO,C,,
MAP - SENSORES | ROYALTEK RT 30052/ F,VER261230052,BAJO,C,,
SENSORES DE DET | ,VER261231144,BAJO,C,,
MAP - SENSORES | ROYALTEK RT 1920K8/,VER261260004,BAJO,C,,
SENSORES RPM | ,VER271949,BAJO,C,,
SENSORES MAF - | ROYALTEK RT 7004/ ME,VER280217100,BAJO,C,,
SENSORES MAF - | ROYALTEK RT 7006/ VW,VER280217103,BAJO,C,,
SENSORES MAF - | ROYALTEK RT 7007/ RE,VER280217107,BAJO,C,,
SENSORES MAF - | ROYALTEK RT 7008/ BM,VER280217110,MEDIO,C,,
SENSORES MAF - | ROYALTEK RT 7010/ ME,VER280217114,BAJO,C,,
SENSORES MAF - | ROYALTEK RT 7012/ SE,VER280217121,BAJO,D,,
SENSORES MAF - | ROYALTEK RT 7053/ VW,VER280217512,MEDIO,C,,
SENSORES MAF - | ROYALTEK RT 7015/ ME,VER280217517,BAJO,C,,
SENSORES MAF - | ROYALTEK RT 7016/ BO,VER280217529,BAJO,C,,
SENSORES MAF - | ROYALTEK RT 7017/ BO,VER280218002,BAJO,C,,
SENSORES MAF - | ROYALTEK RT 7019/ RO,VER280218012,BAJO,D,,
SENSORES MAF - | ROYALTEK RT 7020/ VW,VER280218017,BAJO,C,,
SENSORES MAF - | ROYALTEK RT 7021/ FI,VER280218019,BAJO,C,,
SENSORES MAF - | ROYALTEK RT 7022/ AU,VER280218023,BAJO,C,,
SENSORES MAF - | ROYALTEK RT 7023/ HY,VER280218027,BAJO,C,,
SENSORES MAF - | ROYALTEK RT 7024/ VW,VER280218032,BAJO,C,,
SENSORES MAF - | ROYALTEK RT 7025/ AU,VER280218034,BAJO,C,,
SENSORES MAF - | ROYALTEK RT 7026/ VW,VER280218063,BAJO,D,,
SENSORES MAF - | ROYALTEK RT 7027/ HO,VER281002120,BAJO,C,,
SENSORES MAF - | ROYALTEK RT 7050/ FI,VER281002144,BAJO,C,,
SENSORES MAF - | ROYALTEK RT 7028/ CH,VER281002180,BAJO,C,,
SENSORES MAF - | ROYALTEK RT 7029/ LA,VER281002182,BAJO,C,,
SENSORES MAF - | ROYALTEK RT 7030/ NI,VER281002207,BAJO,C,,
SENSORES MAF - | ROYALTEK RT 7032/ AL,VER281002309,BAJO,D,,
SENSORES MAF - | ROYALTEK RT 7033/ CH,VER281002428,BAJO,C,,
MAP - SENSORES | ROYALTEK RT 2438/ CH,VER281002438,BAJO,C,,
SENSORES MAF - | ROYALTEK RT 7034/ VW,VER281002461,BAJO,D,,
MOTORES PASO A | ,VER300,BAJO,C,,
MOTORES PASO A | ,VER305,BAJO,C,,
SENSORES RPM | ,VER31537228,BAJO,C,,
MOTORES PASO A | ,VER330,BAJO,D,,
SENSORES RPM | ,VER33436965,BAJO,C,,
SENSORES RPM | ,VER34361196,BAJO,C,,
SENSORES DE DET | FISPA 12024/ VOLKSWA,VER37905377,BAJO,C,,
MAP - SENSORES | ,VER38906051,BAJO,C,,
CAPTOR DE DISTR | VW GOL - POINTER - F,VER4042,BAJO,A,,
CAPTOR DE DISTR | VW GOL - POINTER - F,VER4043,BAJO,B,,
CAPTOR DE DISTR | VW GOL - POINTER - F,VER4044,BAJO,C,,
DISTRIBUIDOR CO | VW GOL-POINTER-FORD,VER4123C,MEDIO,B,,
DISTRIBUIDOR CO | VW GOL - POINTER - F,VER4123G,MEDIO,C,,
DISTRIBUIDOR CO | VW GOL - POINTER - F,VER4124C,MEDIO,B,,
DISTRIBUIDOR CO | VW GOL - POINTER - F,VER4124G,MEDIO,C,,
SENSORES DE DET | ,VER46.538.111,BAJO,C,,
SENSORES RPM | FISPA 30096/ FIAT BR,VER46440840,BAJO,C,,
SENSORES RPM | FISPA 30123/ ALFA RO,VER46469912,BAJO,C,,
SENSORES RPM | FISPA30070/ FIAT 500,VER46798368,BAJO,C,,
DISTRIBUIDOR CO | FORD SIERRA 1.6,VER5043,ALTO,C,,
DISTRIBUIDOR CO | FORD FALCON -F100 6,VER5047,ALTO,B,,
DISTRIBUIDOR CO | CHEVROLET 400 - PICK,VER5052,ALTO,B,,
CAPTOR DE DISTR | FIAT - PEUGEOT - REN,VER517,BAJO,A,,
CAPTOR DE DISTR | RENAULT 9-11-12-19 P,VER522,BAJO,B,,
CAPTOR DE DISTR | FIAT DUNA-UNO-REGATT,VER523,BAJO,C,,
MAP - SENSORES | ,VER5269565,BAJO,C,,
SENSORES RPM | ,VER5944390,BAJO,C,,
SENSORES DE DET | ,VER5946.03,BAJO,C,,
SENSORES DE DET | ,VER5946.15,BAJO,C,,
SENSORES DE DET | ,VER5946.21,BAJO,C,,
SENSORES DE DET | ,VER5946.22,BAJO,C,,
SENSORES DE DET | ,VER5946.25,BAJO,C,,
SENSORES DE DET | FISPA 12014/ CITROËN,VER594624,BAJO,C,,
SENSORES MAF - | ROYALTEK RT 7036/ BM,VER5WK9605,BAJO,C,,
SENSORES MAF - | ROYALTEK RT 7037/ CI,VER5WK9628Z,MEDIO,D,,
SENSORES DE DET | ,VER6235703,BAJO,C,,
SENSORES RPM | ,VER7700101971,BAJO,C,,
SENSORES RPM | ,VER7700103069,BAJO,C,,
SENSORES MAF - | ROYALTEK RT 7038/ RE,VER7700105010,MEDIO,C,,
MAP - SENSORES | ROYALTEL RT 2593/ RE,VER7700105867,BAJO,C,,
SENSORES RPM | ,VER7700108073,BAJO,C,,
SENSORES MAF - | ROYALTEK RT 7039/ RE,VER7700109812,BAJO,C,,
MAP - SENSORES | FISPA 40026/ CLIO 1.,VER7700111957,BAJO,C,,
SENSORES MAF - | ,VER7700314057,BAJO,C,,
SENSORES RPM | ,VER7700720341,BAJO,C,,
SENSORES RPM | ,VER7700875184,BAJO,C,,
SENSORES DE DET | ,VER78905377,BAJO,C,,
TPS - SENSORES | ,VER80057,BAJO,C,,
MAP - SENSORES | ROYALTEK RT 75080/ R,VER8200375080,BAJO,C,,
SENSORES RPM | ROYALTEK RT 6647/ RE,VER820046847,BAJO,C,,
SENSORES RPM | ,VER90010,BAJO,C,,
SENSORES RPM | FISPA 30010/ OPEL KA,VER90213515,BAJO,C,,
SENSORES MAF - | ROYALTEK RT 7041/ BM,VER928400527,MEDIO,C,,
MAP - SENSORES | ,VER92VB-9F479,BAJO,C,,
SENSORES RPM | ROYALTEK RT 073AA/ F,VER95BF12K073,BAJO,C,,
SENSORES MAF - | ROYALTEK RT 7051/ FO,VER96FB12B579,MEDIO,D,,
SENSORES MAF - | ROYALTEK RT 7045/ FO,VER96FP12B579,BAJO,C,,
SENSORES MAF - | ROYALYEK RT 7046/ VO,VER986280101,MEDIO,C,,
MOTORES PASO A | ,VERB0301,BAJO,C,,
MOTORES PASO A | ,VERB1300,BAJO,C,,
MOTORES PASO A | ,VERB2001,BAJO,C,,
MOTORES PASO A | ,VERD5174,BAJO,C,,
MOTORES PASO A | ,VERD5177,BAJO,C,,
MAP - SENSORES | ,VERE6EF9F479A,BAJO,C,,
MAP - SENSORES | ROYALTEK RT PRT0304/,VERPRT03/04,BAJO,C,,
MAP - SENSORES | ,VERPRT0302,BAJO,C,,
MAP - SENSORES | ROYALTEK RT PRT0600/,VERPRT0600,BAJO,C,,
KITS DE REPARAC | ,VERR001,BAJO,C,,
KITS DE REPARAC | ,VERR002,BAJO,C,,
AROS Y TAPONES | ,VERR302,BAJO,D,,
AROS Y TAPONES | ,VERR303,BAJO,D,,
CONJUNTOS DE KI | ,VERRF001-200,MEDIO,C,,
CONJUNTOS DE KI | ,VERRF002-200,MEDIO,C,,
SENSORES RPM | RT SEN8D/ FIAT TIPO,VERSEN8D,BAJO,C,,
SENSORES RPM | ,VERSEN8I,BAJO,C,,
SENSORES RPM | ROYALTEK RT SEN8I3/,VERSEN8I3,BAJO,C,,
SENSORES RPM | ROYALTEK RT SEN8M/ F,VERSEN8M,BAJO,C,,
MAP - SENSORES | ,VERTPRT03C,BAJO,C,,
CAPTOR DE DISTR | GAREF CABLE LARGO -,VERVK-9355,BAJO,C,,
AVANCE AL VACIO | FIAT MARELLI ELECTRO,VERVK991,BAJO,C,,
AVANCE AL VACIO | RENAULT MARELLI ELEC,VERVK992,BAJO,C,,
AVANCE AL VACIO | RENAULT 9-11-19 INDI,VERVK995,BAJO,C,,
CONMUTADOR DE L | P.306 - CONMUTADOR D,VUA1000,BAJO,C,,
CONMUTADOR DE L | P.306 - CONMUTADOR D,VUA1001,BAJO,C,,
CONMUTADOR DE L | P.306 - CONMUTADOR D,VUA1002,BAJO,C,,
CONMUTADOR DE L | P.306 - CONMUTADOR D,VUA1003,BAJO,D,,
CONMUTADOR DE L | P.306 N5 - CONMUTADO,VUA1004,BAJO,C,,
CONMUTADOR DE L | P.306 - CONMUTADOR D,VUA1005,BAJO,C,,
CONMUTADOR DE L | P.PARTNER - CONMUTAD,VUA1006,BAJO,C,,
CONMUTADOR DE L | P.PARTNER - CONMUTAD,VUA1007,BAJO,C,,
CONMUTADOR DE L | R.CLIO 1 - CONMUTADO,VUA1010,BAJO,C,,
CONMUTADOR DE L | R.19 - CONMUTADOR DE,VUA1011,BAJO,C,,
CONMUTADOR DE L | RENAULT MEGANE FASE,VUA1014,BAJO,D,,
CONMUTADOR DE L | RENAULT MEGANE FASE,VUA1016,BAJO,C,,
CONMUTADOR DE L | RENAULT MEGANE FASE,VUA1018,BAJO,C,,
CONMUTADOR DE L | RENAULT SCENIC LUCES,VUA1026,BAJO,D,,
CONMUTADOR DE L | RENAULT SCENIC LIMPI,VUA1027,BAJO,D,,
ESPEJO RETROVIS | RENAULT 12TS H-91 -,VUA103,BAJO,C,,
CONMUTADOR DE L | MB SPRINTER - CONMUT,VUA1030,ALTO,C,,
INTERRUPTOR DE | FIAT PALIO / SIENA /,VUA1033,BAJO,C,,
ESPEJO RETROVIS | RENAULT 12L H-91 - N,VUA104,BAJO,D,,
LLAVE - TECLA | P.PARTNER - TECLA AL,VUA1040,BAJO,C,,
LLAVE - TECLA | P.PARTNER - TECLA AL,VUA1041,BAJO,C,,
LLAVE - TECLA | R. 9/11/18 - TECLA B,VUA1052,BAJO,C,,
LLAVE - TECLA | R.CLIO - TECLA ALZA,VUA1054,BAJO,C,,
TECLA | R. CLIO - TECLA BALI,VUA1057,BAJO,C,,
LLAVE - TECLA | R.19 / R.MASTER - TE,VUA1058,BAJO,C,,
LLAVE - TECLA | R.19 / R.MASTER - TE,VUA1059,BAJO,C,,
LLAVE - TECLA | R.MEGANE / R.CLIO2 /,VUA1063,BAJO,C,,
TECLA | R.19 - TECLA BALIZA,VUA1069,BAJO,C,,
TECLA | P.206 - tecla baliza,VUA1071/1,BAJO,C,,
LLAVE - TECLA | VW GOL / COUNTRY / S,VUA1072,BAJO,C,,
CONMUTADOR DE L | R.TRAFIC - CONMUTADO,VUA1073,BAJO,C,,
CONMUTADOR DE L | R. EXPRESS - CONMUTA,VUA1074,BAJO,C,,
CONMUTADOR DE L | R.12 / TORINO - CONM,VUA1075,BAJO,C,,
CONMUTADOR DE L | PALANCA LAVA Y LIMPI,VUA1075/1,BAJO,C,,
LLAVE - TECLA | VW GOL / COUNTRY / S,VUA1077,BAJO,C,,
TECLA | R.12 - TECLA BALIZA,VUA1078,BAJO,C,,
LLAVE - TECLA | P.505 / P.205 / P.40,VUA1079,BAJO,C,,
CONMUTADOR DE L | PEUGEOT 206 1998/200,VUA1081,BAJO,C,,
CONMUTADOR DE L | PEUGEOT 206-03,VUA1082,BAJO,C,,
CONMUTADOR DE L | VW GOL / COUNTRY / S,VUA1083,MEDIO,C,,
TECLA | FIAT PALIO - SIENA A,VUA1084,MEDIO,C,,
CONMUTADOR DE L | CONMUTADOR DE LUCES,VUA1086,MEDIO,C,,
CONMUTADOR DE L | CONMUTADOR DE LUCES,VUA1087,MEDIO,C,,
LLAVE ROTATIVA | LLAVE ROTATIVA DE LU,VUA1088,MEDIO,C,,
LLAVE - TECLA | R. KANGOO - TECLA BA,VUA1089,BAJO,C,,
INTERRUPTOR DE | P.405 - todos - NACI,VUA1113,BAJO,D,,
INTERRUPTOR DE | P.306 hasta 1998 - N,VUA1114,BAJO,D,,
INTERRUPTOR DE | P.306 desde 1998 - N,VUA1115,BAJO,C,,
INTERRUPTOR DE | P.Partner - NACIONAL,VUA1116,BAJO,D,,
INTERRUPTOR DE | R.Kangoo / Twingo -,VUA1119,BAJO,C,,
CONMUTADOR DE L | R.TWINGO - CONMUTADO,VUA1120,BAJO,C,,
CONMUTADOR DE L | R.TWINGO - CONMUTADO,VUA1121,BAJO,D,,
CONMUTADOR DE L | VW POLO / GOLF - CON,VUA1124,MEDIO,C,,
CONMUTADOR DE L | VW GOLF IV / VARIANT,VUA1126,BAJO,D,,
LLAVE - TECLA | FIAT PALIO / SIENA -,VUA1142,BAJO,C,,
LLAVE - TECLA | RENAULT MEGANE 6 TER,VUA1143,BAJO,C,,
LLAVE - TECLA | RENAULT TWINGO 5 TER,VUA1144,BAJO,D,,
LLAVE - TECLA | R.MEGANE / R.SCENIC,VUA1146,BAJO,C,,
LLAVE - TECLA | RENAULT 21 FARO NEBL,VUA1148,BAJO,D,,
LLAVE - TECLA | RENAULT KANGOO LUNET,VUA1150,BAJO,D,,
LLAVE - TECLA | R. 9/11/18 - TECLA A,VUA1153,BAJO,C,,
CONMUTADOR DE L | P.106 - CONMUTADOR D,VUA1155,BAJO,D,,
LLAVE - TECLA | EUROCARGO / EUROTECH,VUA1162,BAJO,C,,
LLAVE - TECLA | EUROCARGO / EUROTECH,VUA1165,BAJO,C,,
LLAVE - TECLA | EUROCARGO / EUROTECH,VUA1167,MEDIO,D,,
LLAVE - TECLA | EUROCARGO / EUROTECH,VUA1168,MEDIO,C,,
LLAVE - TECLA | FIAT PALIO / SIENA -,VUA1170,BAJO,C,,
LLAVE - TECLA | FIAT PALIO / SIENA -,VUA1171,BAJO,C,,
LLAVE - TECLA | FIAT PALIO / SIENA -,VUA1172,BAJO,C,,
LLAVE - TECLA | FIAT PALIO / SIENA -,VUA1173,BAJO,D,,
TECLA | F. ESCORT / F.MONDEO,VUA1174,BAJO,C,,
INTERRUPTOR DE | GM CORSA / D-20 - 4,VUA1177,BAJO,C,,
INTERRUPTOR DE | GM CORSA / VECTRA /,VUA1178,BAJO,C,,
LLAVE - TECLA | PEUGEOT 306 N5- PART,VUA1179,BAJO,D,,
INTERRUPTOR DE | P.206 HASTA 2001 - N,VUA1186,BAJO,C,,
INTERRUPTOR DE | P.206 DESDE 2001 - N,VUA1187,BAJO,C,,
CONMUTADOR DE L | FIAT PALIO / WEEKEND,VUA1191,MEDIO,C,,
CONMUTADOR DE L | CONMUTADOR COMPLETO,VUA1191/1,MEDIO,D,,
FLOTANTE DE NIV | FIAT PALIO / SIENA /,VUA1194,BAJO,C,,
CONMUTADOR DE L | FIAT 128 - CONMUTADO,VUA12,MEDIO,C,,
LLAVE - TECLA | VW GOLF IV / BORA -,VUA1212,BAJO,C,,
LLAVE - TECLA | VW POLO - TECLA ALZA,VUA1214,BAJO,C,,
CONMUTADOR DE L | PALANCA DE LUCES Y G,VUA1218,BAJO,D,,
CONMUTADOR DE L | VW GOLF IV / BORA -,VUA1219,MEDIO,C,,
CONMUTADOR DE L | F.RANGER / EXPLORER,VUA1222,MEDIO,C,,
CONMUTADOR DE L | R.CLIO 2 - CONMUTADO,VUA1223,MEDIO,C,,
CONMUTADOR DE L | R.CLIO 2 - CONMUTADO,VUA1224,MEDIO,C,,
CONMUTADOR DE L | R.KANGOO - CONMUTADO,VUA1225,MEDIO,C,,
CONMUTADOR DE L | R.SCENIC - CONMUTADO,VUA1226,MEDIO,C,,
CONMUTADOR DE L | R.SCENIC - CONMUTADO,VUA1227,MEDIO,C,,
CONMUTADOR DE L | R.MEGANE - CONMUTADO,VUA1228,MEDIO,C,,
CONMUTADOR DE L | R.MEGANE - CONMUTADO,VUA1229,MEDIO,C,,
CONMUTADOR DE L | R.KANGOO - CONMUTADO,VUA1232,MEDIO,C,,
CONMUTADOR DE L | R.MEGANE / KANGOO /,VUA1233,MEDIO,C,,
CONMUTADOR DE L | F-TRANSIT - CONMUTAD,VUA1234,BAJO,D,,
CONMUTADOR DE L | F-TRANSIT - CONMUTAD,VUA1235,BAJO,D,,
LLAVE - TECLA | R. EXPRESS - TECLA B,VUA1252,BAJO,C,,
FLOTANTE DE NIV | F. FIESTA NUEVO DESD,VUA1260,BAJO,C,,
FLOTANTE DE NIV | GM CORSA / CLASSIC M,VUA1261,BAJO,C,,
"TECLA | R,CLIO 2 - TECLA BAL",VUA1262,BAJO,C,,
FLOTANTE DE NIV | FIAT UNO MPI - IE -,VUA1263,BAJO,C,,
FLOTANTE DE NIV | GM CORSA NUEVO MOTOR,VUA1266,BAJO,C,,
FLOTANTE DE NIV | GM ASTRA MOTOR INYEC,VUA1267,BAJO,C,,
LLAVE - TECLA | VW GOLF IV / BORA -,VUA1270,BAJO,D,,
INTERRUPTOR DE | GM ASTRA / VECTRA HA,VUA1272,BAJO,C,,
INTERRUPTOR DE | VW FOX / SURAN / CRO,VUA1273,BAJO,C,,
TECLA | R.FUEGO - TECLA ALZA,VUA1274,BAJO,C,,
FLOTANTE DE NIV | GM ASTRA / ZAFIRA MO,VUA1275,BAJO,C,,
FLOTANTE DE NIV | GM BLAZER MOTOR INYE,VUA1276,BAJO,C,,
FLOTANTE DE NIV | F.F-100 MOTOR 4.9 NA,VUA1277,BAJO,C,,
FLOTANTE DE NIV | F. FOCUS MOTOR NAFTE,VUA1278,BAJO,C,,
LLAVE - TECLA | R.CLIO - TECLA ALZA,VUA1279,BAJO,C,,
CONMUTADOR DE L | FIAT UNO FIRE - CONM,VUA1280,MEDIO,C,,
CONMUTADOR DE L | FIAT UNO FIRE / FIOR,VUA1281,MEDIO,C,,
CONMUTADOR DE L | GM C-20 / D-20 - CON,VUA1283,BAJO,C,,
LLAVE - TECLA | GM ASTRA - LLAVE TEC,VUA1285,BAJO,C,,
CONMUTADOR DE L | GM ASTRA - CONMUTADO,VUA1287,MEDIO,C,,
CONMUTADOR DE L | GM ASTRA - CONMUTADO,VUA1288,MEDIO,D,,
LLAVE - TECLA | F. ECOSPORT / F.RANG,VUA1292,BAJO,C,,
LLAVE - TECLA | F. ESCORT / F.MONDEO,VUA1293,BAJO,C,,
TECLA | R.TRAFFIC - TECLA BA,VUA1294,BAJO,C,,
TECLA | R. 9/11/18 - TECLA B,VUA1295,BAJO,C,,
TECLA | R.19 / R.MASTER - TE,VUA1301,BAJO,C,,
TECLA | R.21 - TECLA BALIZA,VUA1302,BAJO,C,,
LLAVE - TECLA | R.21 - TECLA ALZA VI,VUA1303,BAJO,C,,
LLAVE - TECLA | R.21 - TECLA ALZA VI,VUA1304,BAJO,C,,
TECLA | VW FOX / SURAN / CRO,VUA1305,BAJO,C,,
TECLA | VW FOX / SURAN / CRO,VUA1307,BAJO,C,,
TECLA | FOX - SURAN - TREND,VUA1308,BAJO,C,,
TECLA | R.CLIO 2 / SCENIC -,VUA1311,BAJO,C,,
TECLA | R.MEGANE - TECLA ALZ,VUA1312,BAJO,C,,
TECLA | R.MEGANE / R. CLIO 2,VUA1313,BAJO,C,,
TECLA | R.MEGANE - TECLA ALZ,VUA1314,BAJO,C,,
TECLA | R.MEGANE - TECLA ALZ,VUA1315,BAJO,C,,
TECLA | R.MEGANE - TECLA ALZ,VUA1316,BAJO,C,,
TECLA | R.CLIO 2 / SCENIC -,VUA1317,BAJO,C,,
TECLA | R.MEGANE / R.KANGOO,VUA1318,BAJO,C,,
TECLA | R.MEGANE / R.CLIO 2,VUA1319,BAJO,C,,
TECLA | R.MEGANE / R.SCENIC,VUA1320,BAJO,C,,
TECLA | R.TWINGO - TECLA ALZ,VUA1321,BAJO,D,,
TECLA | R.TWINGO - TECLA ALZ,VUA1322,BAJO,D,,
TECLA | R.TWINGO - TECLA ALZ,VUA1324,BAJO,D,,
TECLA | F. ECOSPORT / F.RANG,VUA1325,BAJO,C,,
LLAVE - TECLA | GM CORSA 2 / MERIVA,VUA1326,BAJO,C,,
TECLA | GM CORSA 2 / MERIVA,VUA1327,BAJO,C,,
TECLA | GM CORSA 2 / MERIVA,VUA1328,BAJO,C,,
TECLA | FIAT PALIO / SIENA -,VUA1330,BAJO,C,,
TECLA | FIAT PALIO / SIENA -,VUA1331,BAJO,C,,
TECLA | FUN / CELTA - TECLA,VUA1332,BAJO,C,,
CONMUTADOR DE L | R.MASTER / TRAFFIC 2,VUA1333,MEDIO,C,,
CONMUTADOR DE L | FUN / CELTA - CONMUT,VUA1334,MEDIO,C,,
CONMUTADOR DE L | FIAT SIENA - CONMUTA,VUA1335,MEDIO,C,,
CONMUTADOR DE L | FIAT SIENA - CONMUTA,VUA1335/1,MEDIO,C,,
CONMUTADOR DE L | FIAT UNO NUEVO 2010,VUA1335/2,MEDIO,C,,
"CONMUTADOR DE L | CONMUTADOR DE LUCES,",VUA1336,MEDIO,D,,
"CONMUTADOR DE L | CONMUTADOR DE LUCES,",VUA1336/1,MEDIO,C,,
TECLA | R.MEGANE 2 / R.LAGUN,VUA1337,BAJO,C,,
TECLA | F. ECOSPORT / F.RANG,VUA1338,BAJO,C,,
"INTERRUPTOR DE | FIAT PALIO, SIENA, W",VUA1339,BAJO,C,,
TECLA | VW GOLF IV / BORA -,VUA1359,BAJO,C,,
CONMUTADOR DE L | VW FOX / SURAN / CRO,VUA1363,MEDIO,C,,
CONMUTADOR DE L | VW FOX / SURAN / CRO,VUA1364,MEDIO,C,,
CONMUTADOR DE L | VW FOX / SURAN / CRO,VUA1366,MEDIO,C,,
CONMUTADOR DE L | VW VENTO - CONMUTADO,VUA1367,MEDIO,C,,
LLAVE - TECLA | R.LOGAN / R.SANDERO,VUA1368,BAJO,C,,
LLAVE - TECLA | P.307 / 308 - TECLA,VUA1377,MEDIO,C,,
LLAVE - TECLA | P.307 / 308 - TECLA,VUA1378,MEDIO,C,,
LLAVE - TECLA | VW Vento - tecla bal,VUA1382,BAJO,D,,
LLAVE - TECLA | FIAT PALIO / SIENA -,VUA1388,BAJO,C,,
TECLA | FIAT PALIO / SIENA -,VUA1389,BAJO,C,,
LLAVE - TECLA | FIAT PALIO / SIENA -,VUA1390,MEDIO,C,,
LLAVE- TECLA | FIAT PUNTO / LINEA -,VUA1393,MEDIO,C,,
LLAVE - TECLA | VW VENTO / BORA NUEV,VUA1394,MEDIO,C,,
LLAVE - TECLA | VW POLO - TECLA BALI,VUA1395,BAJO,C,,
LLAVE - TECLA | VW POLO - TECLA ALZA,VUA1396,BAJO,C,,
CONMUTADOR DE L | FIAT 125 - CONMUTADO,VUA14,MEDIO,C,,
FLOTANTE DE NIV | VW GOL / COUNTRY MOT,VUA1400,BAJO,C,,
"FLOTANTE DE NIV | VW SAVEIRO MOTOR 1,6",VUA1401,BAJO,C,,
FLOTANTE DE NIV | VW FOX / SURAN / CRO,VUA1402,BAJO,C,,
FLOTANTE DE NIV | VW GOLF IV / BORA MO,VUA1403,BAJO,C,,
FLOTANTE DE NIV | F. ESCORT MOTOR NAFT,VUA1404,BAJO,D,,
FLOTANTE DE NIV | F. FIESTA / KA - MOT,VUA1405,MEDIO,C,,
FLOTANTE DE NIV | F. RANGER MOTOR TURB,VUA1406,BAJO,C,,
FLOTANTE DE NIV | R. CLIO 2 - MOTOR NA,VUA1407,MEDIO,C,,
FLOTANTE DE NIV | R.MEGANE/SCENIC - MO,VUA1408,BAJO,D,,
"FLOTANTE DE NIV | P.206 1,4-1,6 NAFTA",VUA1409,BAJO,C,,
"FLOTANTE DE NIV | P.307 1,6-2,0 NAFTA",VUA1410,BAJO,C,,
FLOTANTE DE NIV | FIAT UNO FIRE NAFTA/,VUA1411,BAJO,C,,
FLOTANTE DE NIV | FIAT FIORINO FIRE NA,VUA1412,BAJO,C,,
LLAVE - TECLA | FIAT UNO NUEVO - TEC,VUA1415,BAJO,C,,
LLAVE - TECLA | FIAT UNO NUEVO - TEC,VUA1416,BAJO,C,,
LLAVE - TECLA | FIAT PLAIO / SIENA -,VUA1418,MEDIO,C,,
LLAVE - TECLA | VW GOL TREND / VOYAG,VUA1419,MEDIO,C,,
TECLA | F. F-100 / 250 / CAM,VUA1420,BAJO,C,,
LLAVE - TECLA | MB CAMIONES Y OMNIBU,VUA1421,BAJO,C,,
LLAVE - TECLA | HILUX - TECLA BALIZA,VUA1422,BAJO,C,,
LLAVE - TECLA | VW FOX / SURAN / CRO,VUA1423,BAJO,C,,
LLAVE- TECLA | VW FOX / SURAN / CRO,VUA1424,BAJO,C,,
SENSOR NIVEL DE | R. 4 Y 4 L TODOS LOS,VUA1428,BAJO,D,,
SENSOR NIVEL DE | R. 4S Y 4F FURGON -,VUA1429,BAJO,D,,
LLAVE - TECLA | R. 6 TODOS,VUA1430,BAJO,C,,
FLOTANTE | F. ESCORT GHIA / LX,VUA1431,MEDIO,C,,
LLAVE - TECLA | GM MONZA MOTOR NAFTE,VUA1432,BAJO,D,,
LLAVE - TECLA | PICK-UP MOTOR NAFTER,VUA1433,BAJO,D,,
LLAVE - TECLA | P.PARTNER - TECLA CI,VUA1456,BAJO,C,,
LLAVE - TECLA | P.PARTNER - TECLA AI,VUA1457,BAJO,D,,
TECLA | VW FOX / SURAN / CRO,VUA1458,BAJO,C,,
FLOTANTE DE NIV | CLIO 1 I 1.4-1.6-1.8,VUA1460,BAJO,C,,
LLAVE DE LUCES | S10 - BLAZER,VUA1461,MEDIO,C,,
FLOTANTE DE NIV | FIAT PALIO/SIENA MOT,VUA1463,BAJO,C,,
FLOTANTE DE NIV | FIAT PALIO WEEKEND M,VUA1464,BAJO,C,,
FLOTANTE DE NIV | PEUGEOT 206 MOTOR 1.,VUA1467,MEDIO,C,,
SENSOR NIVEL DE | 207 COMPACT I 1.4 NA,VUA1468,MEDIO,C,,
FLOTANTE DE NIV | PEUGEOT 307 MOTOR 1.,VUA1470,BAJO,C,,
FLOTANTE DE NIV | CITROEN C3 MOTOR 1.4,VUA1472,BAJO,C,,
FLOTANTE DE NIV | CITROEN C4 MOTOR 1.6,VUA1473,BAJO,D,,
FLOTANTE DE NIV | FORD KA MOTOR 1.0 Y,VUA1476,MEDIO,C,,
FLOTANTE DE NIV | VOLKSWAGEN FOX / CRO,VUA1477,MEDIO,C,,
FLOTANTE DE NIV | VOLKSWAGEN GOL III /,VUA1478,MEDIO,C,,
FLOTANTE DE NIV | VOLKSWAGEN POLO - MO,VUA1479,MEDIO,C,,
FLOTANTE DE NIV | CHEVROLET MERIVA MOT,VUA1480,BAJO,C,,
FLOTANTE DE NIV | CHEVROLET ZAFIRA - T,VUA1481,BAJO,C,,
FLOTANTE DE NIV | CHEVROLET S-10 MOTOR,VUA1483,MEDIO,C,,
FLOTANTE DE NIV | CHEVROLET S-10 CABIN,VUA1484,BAJO,D,,
FLOTANTE DE NIV | SUZUKI FUN / CHEVROL,VUA1487,BAJO,C,,
FLOTANTE DE NIV | Honda Fit motor 1.4,VUA1490,BAJO,D,,
FLOTANTE DE NIV | IVECO - CAMIÓN CON T,VUA1508,MEDIO,D,,
FLOTANTE DE NIV | M.BENZ - 1933/2533/2,VUA1517,MEDIO,C,,
CONMUTADOR DE L | GM CRUZE/SPIN/ONIX/P,VUA1530,MEDIO,C,,
TECLA | R.SANDERO / LOGAN -,VUA1534,BAJO,C,,
TELCA | GM CLASSIC - TELA AL,VUA1535,MEDIO,C,,
TECLA | GM AGILE - CONMUTADO,VUA1536,MEDIO,C,,
TECLA | GM CORSA 1 - TECLA A,VUA1538,BAJO,C,,
TECLA | GM CORSA 1 - TECLA A,VUA1539,BAJO,C,,
TECLA | VW GACEL - TECLA BAL,VUA1540,BAJO,C,,
TECLA | GM CRUZE / SPIN - TE,VUA1541,BAJO,C,,
LLAVE - TECLA | GM AGILE - TECLA ELE,VUA1542,BAJO,C,,
LLAVE - TECLA | GM CELTA - TECLA ELE,VUA1543,BAJO,D,,
LLAVE - TECLA | ALZA CRISTAL SIMPLE,VUA1550,BAJO,C,,
LLAVE - TECLA | ALZA CRISTAL DOBLE S,VUA1551,BAJO,C,,
LLAVE - TECLA | ALZA CRISTAL CUADRUP,VUA1552,BAJO,C,,
LLAVE - TECLA | FAROS NEBLINERO RENA,VUA1556,BAJO,C,,
SENSOR NIVEL DE | PUNTO/LÍNEA I 1.4-1.,VUA1560,MEDIO,C,,
SENSOR NIVEL DE | RANGER I 2.5-2.8 TUR,VUA1562,MEDIO,C,,
SENSOR NIVEL DE | SANDERO/DUSTER I 1.6,VUA1563,MEDIO,C,,
SENSOR NIVEL DE | CLIO 2/SYMBOL I 1.2-,VUA1564,MEDIO,C,,
SENSOR NIVEL DE | 308/408 I 1.6-2.0 NA,VUA1565,MEDIO,C,,
SENSOR NIVEL DE | ONIX/PRISMA I 1.4-1.,VUA1566,MEDIO,C,,
SENSOR NIVEL DE | F 250 I 3.9-4.2 NAFT,VUA1567,MEDIO,D,,
SENSOR NIVEL DE | CAMIÓN K-112/R-112/R,VUA1580,ALTO,D,,
SENSOR NIVEL DE | IVECO - DAILY - TANQ,VUA1585,ALTO,D,,
SENSOR NIVEL DE | SCANIA - SERIE 4 - 1,VUA1589,MEDIO,D,,
LLAVE - TECLA | RENAULT LOGAN - SAND,VUA1590,MEDIO,C,,
LLAVE - TECLA | ALZA CRISTAL SIMPLE,VUA1591,BAJO,C,,
LLAVE - TECLA | ALZA CRISTAL DOBLE C,VUA1592,BAJO,C,,
LLAVE - TECLA | ALZA CRISTAL CUADRUP,VUA1593,MEDIO,C,,
CONMUTADOR LUCE | R.SANDERO / LOGAN /,VUA1594,MEDIO,C,,
CONMUTADOR DE L | R.SANDERO / LOGAN /,VUA1594/1,MEDIO,C,,
LLAVE - TECLA | SIMPLE PALIO-SIENA 2,VUA1596,BAJO,D,,
LLAVE - TECLA | SIMPLE DUSTER - SAND,VUA1598,BAJO,C,,
LLAVE - TECLA | DOBLE SANDERO - LOGA,VUA1599,BAJO,C,,
CONMUTADOR DE L | FIAT 125 / MIRAFIORI,VUA16,MEDIO,C,,
SENSOR NIVEL DE | CHEVROLET CORSA I 1.,VUA1601,MEDIO,C,,
SENSOR NIVEL DE | FORD ESCORT/ORION I,VUA1610,ALTO,C,,
SENSOR NIVEL DE | FORD ESCORT I 1.6-1.,VUA1611,ALTO,C,,
SENSOR NIVEL DE | FORD FIESTA/KA I 1.0,VUA1612,MEDIO,C,,
SENSOR NIVEL DE | FORD RANGER I TURBO,VUA1614,ALTO,C,,
SENSOR NIVEL DE | PEUGEOT 206 I 1.6 NA,VUA1615,ALTO,C,,
SENSOR NIVEL DE | PEUGEOT 306 I 1.8-2.,VUA1619,ALTO,D,,
SENSOR NIVEL DE | RENAULT CLIO 2 I 1.2,VUA1624,ALTO,C,,
SENSOR NIVEL DE | RENAULT KANGOO I SER,VUA1625,MEDIO,D,,
SENSOR NIVEL DE | RENAULT MEGANE I SER,VUA1627,ALTO,C,,
SENSOR NIVEL DE | VW GOL/COUNTRY I MOT,VUA1631,ALTO,C,,
SENSOR NIVEL DE | VW POLO I MOTOR 1.6-,VUA1633,MEDIO,D,,
SENSOR NIVEL DE | VW GOLF/BORA/SEAT I,VUA1636,ALTO,D,,
SENSOR NIVEL DE | VW VENTO I MOTOR NAF,VUA1638,ALTO,C,,
SENSOR NIVEL DE | RENAULT KANGOO I MOT,VUA1644,ALTO,D,,
CONMUTADOR DE L | FIAT 128 EUROPA / SU,VUA18,MEDIO,C,,
CONMUTADOR DE L | FIAT 128 EUROPA / SU,VUA20,MEDIO,D,,
FLOTANTE DE NIV | R. 12 TODOS - NACION,VUA201,BAJO,C,,
FLOTANTE DE NIV | R. 18 SIN TUBO DE AS,VUA202,BAJO,C,,
FLOTANTE DE NIV | R. 18 CON TUBO DE AS,VUA203,BAJO,C,,
FLOTANTE DE NIV | R. 18 DIESEL - NACIO,VUA204,MEDIO,C,,
FLOTANTE DE NIV | R. 18 BREAK - NACION,VUA205,MEDIO,C,,
FLOTANTE DE NIV | R. FUEGO - NACIONAL,VUA206,MEDIO,C,,
FLOTANTE DE NIV | R. 9 / 11 / 19 MOTOR,VUA207,MEDIO,C,,
FLOTANTE DE NIV | R. TRAFIC MOTOR NAFT,VUA208,MEDIO,C,,
FLOTANTE DE NIV | R. TRAFIC MOTOR DIES,VUA209,MEDIO,C,,
FLOTANTE DE NIV | MB 1112-1114-1517 -,VUA210,BAJO,C,,
FLOTANTE DE NIV | MB 608 corto - NACIO,VUA211,BAJO,D,,
FLOTANTE DE NIV | MB 608 LARGO - NACIO,VUA212,BAJO,C,,
FLOTANTE DE NIV | F. Escort nafta moto,VUA219,MEDIO,D,,
CONMUTADOR DE L | FIAT 128 EUROPA / SU,VUA22,MEDIO,C,,
FLOTANTE DE NIV | F-100 DIESEL DESDE 1,VUA220,MEDIO,C,,
FLOTANTE DE NIV | GM C-20 / D-20 / SIL,VUA224,MEDIO,C,,
FLOTANTE DE NIV | GM CORSA / CLASSIC M,VUA227,BAJO,C,,
FLOTANTE DE NIV | GM VECTRA MOTOR INYE,VUA229,BAJO,C,,
CONMUTADOR DE L | FIAT 133 - CONMUTADO,VUA23,MEDIO,D,,
FLOTANTE DE NIV | VW GOL / SAVEIRO MOT,VUA232,MEDIO,C,,
FLOTANTE DE NIV | FIAT DUCATO - 1 TUBO,VUA239,BAJO,C,,
FLOTANTE DE NIV | FIAT DUCATO - 2 TUBO,VUA240,BAJO,C,,
"FLOTANTE DE NIV | FIAT DUCATO 1,9 - 2,",VUA240/1,MEDIO,C,,
FLOTANTE DE NIV | VW GOL / COUNTRY / S,VUA247,BAJO,C,,
FLOTANTE DE NIV | F. GALAXY MOTOR INYE,VUA248,BAJO,D,,
FLOTANTE DE NIV | F. ESCORT / ORION MO,VUA249,BAJO,C,,
FLOTANTE DE NIV | FIAT PALIO / SIENA /,VUA251,BAJO,C,,
FLOTANTE DE NIV | F-100-250 MOTOR NAFT,VUA261,BAJO,C,,
FLOTANTE DE NIV | F-100 MOTOR NAFTERO,VUA262,BAJO,C,,
FLOTANTE DE NIV | F-100 MOTOR DIESEL 1,VUA263,BAJO,C,,
FLOTANTE DE NIV | F. TAUNUS - 1 TUBO -,VUA264,BAJO,C,,
FLOTANTE DE NIV | F. TAUNUS - 2 TUBOS,VUA265,BAJO,C,,
FLOTANTE DE NIV | F. FALCON MOTOR NAFT,VUA266,MEDIO,C,,
FLOTANTE DE NIV | F. FALCON MOTOR NAFT,VUA267,MEDIO,C,,
FLOTANTE DE NIV | F. FALCON MOTOR DIES,VUA268,MEDIO,C,,
FLOTANTE DE NIV | VW 1500 SIN ESPÍA DE,VUA271,BAJO,D,,
FLOTANTE DE NIV | VW 1500 CON ESPÍA DE,VUA272,BAJO,C,,
FLOTANTE DE NIV | VW 1500 CON ESPÍA DE,VUA273,BAJO,C,,
FLOTANTE DE NIV | VW 1500 CON ESPÍA DE,VUA274,BAJO,C,,
FLOTANTE DE NIV | VW GACEL SIN ESPÍA D,VUA275,MEDIO,C,,
FLOTANTE DE NIV | VW GACEL CON ESPÍA D,VUA276,MEDIO,C,,
FLOTANTE DE NIV | VW SENDA DIESEL DESD,VUA276/1,MEDIO,C,,
FLOTANTE DE NIV | F.SIERRA L-GL 2 TUBO,VUA277,BAJO,C,,
FLOTANTE DE NIV | F-100 MOTOR NAFTERO,VUA279,BAJO,C,,
FLOTANTE DE NIV | F-100 MOTOR DIESEL -,VUA280,BAJO,D,,
CONMUTADOR DE L | MB 1214 - CONMUTADOR,VUA30,MEDIO,C,,
CONMUTADOR DE L | MB 1114 - CONMUTADOR,VUA30/1,MEDIO,C,,
CONMUTADOR DE L | MB 1114 - CONMUTADOR,VUA30/1A,MEDIO,C,,
CONMUTADOR DE L | MB 1114 - CONMUTADOR,VUA30/1B,MEDIO,C,,
CONMUTADOR DE L | MB 608 - CONMUTADOR,VUA30/2,MEDIO,C,,
CONMUTADOR DE L | MB 608 - CONMUTADOR,VUA30/2A,MEDIO,C,,
CONMUTADOR DE L | MB 608 - CONMUTADOR,VUA30/2B,MEDIO,C,,
CONMUTADOR DE L | MB 1314 / 1318 / OH,VUA30/3,MEDIO,C,,
CONMUTADOR DE L | MB 1314 / 1318 / OH,VUA30/3A,MEDIO,C,,
CONMUTADOR DE L | MB 1314 / 1318 / OH,VUA30/3B,MEDIO,C,,
CONMUTADOR DE L | PALANCA LUCES GUIÑAD,VUA300,BAJO,D,,
CONMUTADOR DE L | PEUGEOT 504 AUTO-P U,VUA301,BAJO,C,,
CONMUTADOR DE L | PEUGEOT 504 AUTO-P U,VUA302,BAJO,C,,
CONMUTADOR DE L | PEUGEOT 505 1SERIE L,VUA303,BAJO,C,,
CONMUTADOR DE L | P.505 GAMA - CONMUTA,VUA304,BAJO,C,,
CONMUTADOR DE L | P.205 / 405 - CONMUT,VUA305,BAJO,C,,
CONMUTADOR DE L | R. 9 /11 - CONMUTADO,VUA306,BAJO,C,,
CONMUTADOR DE L | R. 21 - CONMUTADOR D,VUA308,BAJO,D,,
CONMUTADOR DE L | MB 1214 - CONMUTADOR,VUA30A,MEDIO,C,,
CONMUTADOR DE L | MB 1214 - CONMUTADOR,VUA30B,MEDIO,C,,
CONMUTADOR DE L | FIAT 147 / SPAZIO /,VUA31,MEDIO,C,,
CONMUTADOR DE L | R.18 / FUEGO - CONMU,VUA310,BAJO,C,,
CONMUTADOR DE L | FIAT 147 / SPAZIO /,VUA34,MEDIO,C,,
CONMUTADOR DE L | FIAT 147 / SPAZIO /,VUA35,MEDIO,C,,
CONMUTADOR DE L | FIAT 147 / SPAZIO /,VUA36,MEDIO,C,,
CONMUTADOR DE L | P.504 / PICK-UP - CO,VUA39,MEDIO,C,,
CONMUTADOR DE L | P.504 / PICK-UP - CO,VUA40,MEDIO,C,,
CONMUTADOR DE L | FIAT UNO / DUNA / DU,VUA401,MEDIO,C,,
CONMUTADOR DE L | FIAT UNO / DUNA WEEK,VUA404,MEDIO,C,,
CONMUTADOR DE L | FIAT UNO / DUNA - CO,VUA405,MEDIO,C,,
CONMUTADOR DE L | FIAT TIPO,VUA407,BAJO,C,,
CONMUTADOR DE L | P.504 / PICK-UP - CO,VUA41,MEDIO,C,,
CONMUTADOR DE L | P.504 / TAXI - CONMU,VUA41/1,MEDIO,C,,
CONMUTADOR DE L | FIAT PALIO / WEEKEND,VUA417,MEDIO,C,,
CONMUTADOR DE L | FIAT PALIO / SIENA -,VUA418,MEDIO,C,,
CONMUTADOR DE L | LAIKA / NIVA - CONMU,VUA42,MEDIO,C,,
CONMUTADOR DE L | F.F-100 - CONMUTADOR,VUA425,BAJO,C,,
CONMUTADOR DE L | F.F-100 - CONMUTADOR,VUA426,BAJO,C,,
CONMUTADOR DE L | FORD ESCORT >97-ORIO,VUA432,MEDIO,C,,
CONMUTADOR DE L | FORD ESCORT/ORION --,VUA433,MEDIO,C,,
CONMUTADOR DE L | FORD ESCORT 97>-ORIO,VUA434,MEDIO,D,,
CONMUTADOR DE L | FORD FIESTA 97>-KA 9,VUA435,MEDIO,C,,
CONMUTADOR DE L | FORD FIESTA 02>-COUR,VUA436,MEDIO,C,,
CONMUTADOR DE L | FORD KA >99 SIN BALI,VUA437,MEDIO,C,,
CONMUTADOR LUCE | RENAULT FLUENCES DES,VUA439,MEDIO,D,,
TECLA | FORD ESCORT 92-94 2,VUA440,BAJO,C,,
LLAVE - TECLA | F.ESCORT - TECLA ALZ,VUA441,BAJO,C,,
LLAVE - TECLA | F.ESCORT - TECLA ALZ,VUA445,BAJO,C,,
LLAVE - TECLA | F. F-100 - TECLA ALZ,VUA459,BAJO,C,,
LLAVE - TECLA | F. FIESTA - TECLA AL,VUA460,BAJO,C,,
LLAVE - TECLA | F. FIESTA - TECLA AL,VUA461,BAJO,C,,
LLAVE - TECLA | F. KA - TECLA ALZA V,VUA462,BAJO,C,,
LLAVE - TECLA | F. KA - TECLA ALZA V,VUA463,BAJO,C,,
LLAVE - TECLA | F. KA - TECLA BALIZA,VUA464,BAJO,C,,
LLAVE - TECLA | FIAT DUCATO - TECLA,VUA486,BAJO,D,,
LLAVE - TECLA | FIAT DUCATO - TECLA,VUA487,BAJO,D,,
LLAVE - TECLA | FIAT DUCATO - TECLA,VUA488,BAJO,D,,
LLAVE - TECLA | FIAT DUCATO - TECLA,VUA489,BAJO,D,,
FLOTANTE DE NIV | F. FALCON 1962/1982,VUA49,BAJO,C,,
FLOTANTE DE NIV | FIAT - FIORINO NAFTA,VUA50,BAJO,C,,
TECLA | FIAT DUNA - UNO ALZA,VUA506,BAJO,C,,
TECLA | FIAT DUNA - UNO ALZA,VUA507,BAJO,C,,
FLOTANTE DE NIV | FIAT 600 TODOS - NAC,VUA51,BAJO,C,,
LLAVE - TECLA | FIAT DUNA / UNO / WE,VUA510,BAJO,D,,
LLAVE - TECLA | FIAT DUNA / UNO / WE,VUA511,BAJO,C,,
LLAVE - TECLA | FIAT DUNA / UNO / WE,VUA512,BAJO,C,,
LLAVE - TECLA | FIAT DUCATO - TECLA,VUA514,BAJO,C,,
LLAVE - TECLA | P.405 - TECLA BALIZA,VUA519,BAJO,C,,
FLOTANTE DE NIV | FIAT 125 TODOS - NAC,VUA52,BAJO,C,,
LLAVE - TECLA | P.405 - TECLA FAROS,VUA522,BAJO,C,,
LLAVE - TECLA | P.405 DESDE 1993 / P,VUA523,BAJO,C,,
LLAVE - TECLA | P.405 DESDE 1993 / P,VUA524,BAJO,C,,
LLAVE - TECLA | PEUGEOT 405 DESDE -9,VUA527,BAJO,D,,
FLOTANTE DE NIV | FIAT 128 - 2 TUBOS -,VUA53,BAJO,C,,
LLAVE - TECLA | P.306 - TECLA ALZA V,VUA531,BAJO,C,,
LLAVE - TECLA | P.306- TECLA ALZA VI,VUA532,BAJO,C,,
LLAVE - TECLA | P.206 / 306 N5 - TEC,VUA534,BAJO,C,,
LLAVE - TECLA | P.206 / 306 N5 - TEC,VUA535/1,MEDIO,C,,
LLAVE - TECLA | FIAT DUNA / UNO HAST,VUA536,BAJO,C,,
LLAVE - TECLA | FIAT SPAZIO-DUNA-UNO,VUA539,BAJO,D,,
FLOTANTE DE NIV | FIAT 128 EUROPA Y SU,VUA54,BAJO,C,,
LLAVE - TECLA | FIAT PALIO / SIENA -,VUA544,BAJO,C,,
LLAVE - TECLA | FIAT SPAZIO / 147 /,VUA547,BAJO,C,,
LLAVE - TECLA | VW GOL / SENDA / SAV,VUA553,BAJO,C,,
LLAVE - TECLA | VW GOL / SENDA / SAV,VUA554,BAJO,C,,
LLAVE - TECLA | VW GOL / SENDA / SAV,VUA556,BAJO,C,,
FLOTANTE DE NIV | FIAT 147 - MODELO BR,VUA56,BAJO,D,,
LLAVE - TECLA | VW SANTANA / QUANTUM,VUA566,BAJO,C,,
LLAVE - TECLA | VW GOL / SAVEIRO - T,VUA568,BAJO,C,,
FLOTANTE DE NIV | FIAT 147 / SPAZIO /,VUA57,BAJO,C,,
LLAVE - TECLA | VW GOL / COUNTRY / S,VUA573,BAJO,D,,
LLAVE - TECLA | VW GOL / COUNTRY / S,VUA579,MEDIO,D,,
FLOTANTE DE NIV | FIAT 1500 - TODOS -,VUA58,BAJO,C,,
LLAVE - TECLA | VW GOL / COUNTRY / S,VUA580,MEDIO,C,,
CONMUTADOR DE L | VW POLO / CADDY - CO,VUA581,BAJO,C,,
CONMUTADOR DE L | VOLKSWAGEN POLO-CADD,VUA582,BAJO,D,,
CONMUTADOR DE L | VW GOL / COUNTRY / S,VUA586,BAJO,C,,
CONMUTADOR DE L | VW GOL / COUNTRY / S,VUA589,BAJO,C,,
FLOTANTE DE NIV | P. 504 PRIMERA SERIE,VUA59,BAJO,C,,
CONMUTADOR DE L | FORD ESCORT 84-95 -,VUA595,MEDIO,C,,
FLOTANTE DE NIV | P. 404 TODOS - NACIO,VUA60,BAJO,D,,
FLOTANTE DE NIV | P. 504 T5 - NACIONAL,VUA61,BAJO,C,,
FLOTANTE DE NIV | P. 504 T5 PICK-UP DE,VUA61/1,BAJO,C,,
FLOTANTE DE NIV | FIAT IVECO CAMIÓN -,VUA66,BAJO,C,,
FLOTANTE DE NIV | FIAT REGATA - TODOS,VUA68,BAJO,C,,
CONMUTADOR DE L | FIAT 1500 - NACIONAL,VUA7,BAJO,D,,
FLOTANTE DE NIV | FIAT DUNA / UNO / WE,VUA70,MEDIO,C,,
FLOTANTE DE NIV | FIAT DUNA / UNO / WE,VUA70/1,MEDIO,C,,
FLOTANTE DE NIV | FIAT DUNA / UNO / WE,VUA70/2,MEDIO,C,,
TECLA ALZA CRIS | R. FLUENCE/DUSTER/SA,VUA700,BAJO,C,,
TECLA ALZA CRIS | R. FLUENCE/DUSTER/SA,VUA701,BAJO,C,,
CRISTAL ESPEJO | VW UP! - TECLA ALZA,VUA705,BAJO,C,,
LLAVE TECLA | R. FLUENCE / MEGANE,VUA706,BAJO,C,,
LLAVE TECLA CUA | VW AMAROK/VENTO - TE,VUA707,BAJO,C,,
LLAVE ROTATIVA | F-RANGER CONMUTADOR,VUA708,BAJO,C,,
LLAVE TECLA | FORD - TECLA ALZA CR,VUA709,BAJO,D,,
LLAVE TECLA | FORD - TECLA ALZA CR,VUA710,BAJO,C,,
TECLA | F. RANGER 2012-2017,VUA711,BAJO,D,,
TECLA | TECLA BALIZA ILUMINA,VUA716,BAJO,C,,
LLAVE TECLA | TECLA BALIZA Y CIERR,VUA722,BAJO,D,,
LLAVE - TECLA | GM CORSA / CLASSIC -,VUA807,BAJO,C,,
LLAVE - TECLA | CHEVROLET CORSA CON,VUA808,BAJO,C,,
LLAVE - TECLA | CHEVROLET KADETT-PAN,VUA809,BAJO,C,,
LLAVE - TECLA | CHEVROLET MONZA RECT,VUA811,BAJO,D,,
LLAVE - TECLA | CHEVROLET CORSA FARO,VUA814,BAJO,C,,
CONMUTADOR DE L | GM CORSA / CORSA CLA,VUA818,BAJO,C,,
CONMUTADOR DE L | GM CORSA / CORSA CLA,VUA819,BAJO,C,,
CONMUTADOR DE L | GM C-20 / D-20 - LLA,VUA820,BAJO,C,,
CONMUTADOR DE L | CHEVROLET CORSA - VE,VUA821,BAJO,C,,
CONMUTADOR DE L | CHEVROLET KADETT-IPA,VUA822,BAJO,C,,
CONMUTADOR DE L | GM CORSA/VECTRA - CO,VUA827,BAJO,C,,
CONMUTADOR DE L | GM CORSA/VECTRA - CO,VUA828,BAJO,C,,
LLAVE - TECLA | FIAT PALIO / SIENA L,VUA843,BAJO,C,,
LLAVE - TECLA | FIAT PALIO / SIENA L,VUA844,BAJO,C,,
LLAVE - TECLA | FIAT PALIO / SIENA B,VUA845,BAJO,D,,
LLAVE - TECLA | FIAT PALIO / SIENA B,VUA846,BAJO,D,,
INTERRUPTOR DE | P.505 GAMA DESDE 198,VUA861,BAJO,C,,
INTERRUPTOR DE | R.12 hasta 1979 - NA,VUA862,BAJO,D,,
INTERRUPTOR DE | R.12 DESDE 1979 - NA,VUA863,BAJO,C,,
INTERRUPTOR DE | R.Torino desde 1980,VUA864,BAJO,D,,
INTERRUPTOR DE | R.18 Y FUEGO - NACIO,VUA865,BAJO,C,,
INTERRUPTOR DE | R.9 / 11 / 4 / TRAFF,VUA866,BAJO,C,,
INTERRUPTOR DE | R.21 - NACIONAL -,VUA867,BAJO,D,,
INTERRUPTOR DE | F.Escort hasta 1994,VUA896,BAJO,D,,
INTERRUPTOR DE | F.Escort / Orion 199,VUA897,BAJO,D,,
INTERRUPTOR DE | F.Sierra,VUA898,BAJO,D,,
CONMUTADOR DE L | FIAT 125 - CONMUTADO,VUA9,MEDIO,C,,
LLAVE - TECLA | VW GOL / COUNTRY / S,VUA917,BAJO,C,,
CONMUTADOR DE L | VW GOL / COUNTRY / S,VUA920,BAJO,C,,
CONMUTADOR DE L | VW GOL / COUNTRY / S,VUA921,BAJO,C,,
INTERRUPTOR DE | VW GOL / SENDA / SAV,VUA922,BAJO,C,,
INTERRUPTOR DE | VW GOL / COUNTRY / S,VUA924,BAJO,C,,
INTERRUPTOR DE | VW GOL / COUNTRY / S,VUA925,BAJO,C,,
INTERRUPTOR DE | VW GOLF 3 - 5 TERMIN,VUA926,BAJO,C,,
INTERRUPTOR DE | R.19 / CLIO 1 1994/1,VUA941,BAJO,C,,
INTERRUPTOR DE | FIAT DUNA / UNO / WE,VUA942,BAJO,C,,
INTERRUPTOR DE | R. Express - NACIONA,VUA949,BAJO,D,,
INTERRUPTOR DE | F.TAUNUS - NACIONAL,VUA950,BAJO,D,,
INTERRUPTOR DE | F.Escort desde 1997,VUA951,BAJO,D,,
INTERRUPTOR DE | F.FIESTA / KA DESDE,VUA952,BAJO,D,,
INTERRUPTOR DE | F.FALCON 1978/1988 -,VUA953,BAJO,C,,
INTERRUPTOR DE | VW POLO - 6 TERMINAL,VUA954,BAJO,C,,
LLAVE - TECLA | FIAT 128 EUROPA Y SU,VUA958,BAJO,C,,
LLAVE - TECLA | FIAT 128 EUROPA Y SU,VUA959,BAJO,C,,
LLAVE - TECLA | P.504 GR II - TECLA,VUA964,BAJO,C,,
LLAVE - TECLA | P.504 SR - TECLA ALZ,VUA965,BAJO,C,,
LLAVE - TECLA | P.504 GR II - TECLA,VUA966,BAJO,D,,
LLAVE - TECLA | P.504 GR II - TECLA,VUA967,BAJO,C,,
LLAVE - TECLA | P.504 SR - TECLA BAL,VUA968,BAJO,C,,
LLAVE - TECLA | P.504 SR - TECLA LUN,VUA969,BAJO,C,,
LLAVE - TECLA | P.504 SR - TECLA LUC,VUA971,BAJO,C,,
LLAVE - TECLA | MB CAMIONES Y OMNIBU,VUA981,BAJO,D,,
LLAVE - TECLA | F. FALCON - TECLA LU,VUA986,BAJO,C,,
LLAVE - TECLA | F. FALCON - TECLA LI,VUA989,BAJO,C,,
LLAVE - TECLA | F. SIERRA - TECLA AL,VUA991,BAJO,C,,
CONMUTADOR DE L | P.405 - CONMUTADOR D,VUA996,BAJO,C,,
CONMUTADOR DE L | P.405 - CONMUTADOR D,VUA997,BAJO,D,,
CONMUTADOR DE L | P.306 - CONMUTADOR D,VUA998,BAJO,C,,
LIQUIDO PARA FR | TIPO 3 DOT 3 - SERVI,WAG10041114,BAJO,A,,
LIQUIDO PARA FR | TIPO 4 DOT 4 - ALTA,WAG10067262,BAJO,A,,
LIQUIDO PARA FR | TIPO 3 DOT 3 - SERVI,WAG10109360,BAJO,A,,
LIQUIDO PARA FR | TIPO 4 DOT 4 - ALTA,WAG10130500,BAJO,A,,
LIQUIDO PARA FR | TIPO 4 DOT 4 - ALTA,WAG10130501,BAJO,B,,
LIQUIDO PARA FR | TIPO 5 DOT 5.1 - NO,WAG10130555,BAJO,C,,
WAGNER ANTICONG | ANTICONGELANTE REFRI,WAG10130682,MEDIO,C,,
WAGNER ANTICONG | ANTICONGELANTE REFRI,WAG10130684,MEDIO,D,,
LIQUIDO PARA FR | TIPO 4 DOT 4- MOTORC,WAG10130705,BAJO,C,,
ANTICONGELANTE | ANTICONGELANTE REFRI,WAG10130727,BAJO,C,,
ANTICONGELANTE | ANTICONGELANTE REFRI,WAG10130728,BAJO,C,,
ANTICONGELANTE | ANTICONGELANTE REFRI,WAG10130730,BAJO,C,,
LIQUIDO PARA FR | TIPO 3 DOT 3 - SERVI,WAG30130024,BAJO,A,,
WD-40 3.78 L | LUBRICANTE Y DESENGR,WD4ST01995,ALTO,C,,
WD-40 155 G | LUBRICANTE Y DESENGR,WD4ST02180,BAJO,A,,
WD-40 311 G | LUBRICANTE Y DESENGR,WD4ST02181,BAJO,A,,
WD-40 FT220 G | LUBRICANTE Y DESENGR,WD4ST03035,BAJO,A,,
WD-40 LIMPIADOR | LIMPIADOR DE CONTACT,WD4ST03093,BAJO,B,,
WD-40 PENETRANT | PENTETRANTE QUITA OX,WD4ST03096,BAJO,C,,
BATERIA WILLARD | LARGO 350 ANCHO 175,WILUB1030AG,ALTO,C,,
BATERIA WILLARD | LARGO 517 ANCHO 226,WILUB1100,ALTO,D,,
BATERIA WILLARD | LARGO 517 ANCHO 226,WILUB1240,ALTO,C,,
BATERIA WILLARD | LARGO 517 ANCHO 226,WILUB1240 IZQ,ALTO,C,,
BATERIA WILLARD | LARGO 198 ANCHO 126,WILUB325AGNS4,ALTO,C,,
BATERIA WILLARD | LARGO 236 ANCHO 126,WILUB425AGNS6,ALTO,C,,
BATERIA WILLARD | LARGO 207 ANCHO 175,WILUB450AG,ALTO,C,,
BATERIA WILLARD | LARGO 207 ANCHO 175,WILUB550Ag,ALTO,C,,
BATERIA WILLARD | LARGO 242 ANCHO 175,WILUB620AG,ALTO,B,,
BATERIA WILLARD | LARGO 207 ANCHO 175,WILUB670AG,ALTO,C,,
BATERIA WILLARD | LARGO 242 ANCHO 175,WILUB730AG,ALTO,C,,
BATERIA WILLARD | LARGO 276 ANCHO 175,WILUB740AG,ALTO,C,,
BATERIA WILLARD | LARGO 276 ANCHO 175,WILUB820AG,ALTO,C,,
BATERIA WILLARD | LARGO 276 ANCHO 175,WILUB840AG,ALTO,C,,
BATERIA WILLARD | LARGO 331 ANCHO 174,WILUB920AG,ALTO,C,,
BATERIA WILLARD | LARGO 302 ANCHO 170,WILUB930AGN70,ALTO,C,,
IMPULSOR DE ARR | CHEVROLET APACHE (CO,ZEN#0013,BAJO,C,,
IMPULSOR DE ARR | CHEVROLET APACHE (CO,ZEN#0020,BAJO,C,,
IMPULSOR DE ARR | CHEVROLET D 20 (COD.,ZEN#0024,MEDIO,C,,
IMPULSOR DE ARR | MERCEDES BENZ MOTOR,ZEN#0025,MEDIO,D,,
IMPULSOR DE ARR | FORD PICK UP MWM BRA,ZEN#0028,MEDIO,D,,
PIÑON | Pinon BNG 9 dientes,ZEN#0035,ALTO,C,,
IMPULSOR DE ARR | DODGE POLARA Y CAMIO,ZEN#0050,MEDIO,C,,
IMPULSOR DE ARR | CASE (COD. ANT: 2038,ZEN#0052,MEDIO,D,,
IMPULSOR DE ARR | FORD RANGER (COD. AN,ZEN#0053,BAJO,C,,
IMPULSOR DE ARR | VW KOMBI BRASILERA (,ZEN#0065,BAJO,D,,
IMPULSOR DE ARR | VW GOL 1600 Y SAVEIR,ZEN#0068,BAJO,D,,
IMPULSOR DE ARR | FORD MOTOR MWM BRASI,ZEN#0085,MEDIO,C,,
PIÑON | PINON KB SCANIA 11 D,ZEN#0087,ALTO,D,,
IMPULSOR DE ARR | CASE/ GHEL 10 DIENTE,ZEN#0093,MEDIO,D,,
IMPULSOR DE ARR | PERKINS 4 Y 6 CILIND,ZEN#0102,BAJO,C,,
IMPULSOR DE ARR | M.BENZ D-78 H-82 Y D,ZEN#0105,BAJO,C,,
IMPULSOR DE ARR | CHEVETTE/ FORD GALAX,ZEN#0108,BAJO,C,,
IMPULSOR DE ARR | CATERPILLAR 11 DIENT,ZEN#0110,ALTO,C,,
IMPULSOR DE ARR | FIAT DUNA/ 147 BRASI,ZEN#0111,BAJO,C,,
IMPULSOR DE ARR | CLARK 12 DIENTES BUJ,ZEN#0117,ALTO,D,,
IMPULSOR DE ARR | PERKINS BRASILERO 10,ZEN#0118,MEDIO,C,,
IMPULSOR DE ARR | FIAT 128 Y PEUGEOT (,ZEN#0120,BAJO,C,,
ARBOL | INTERMEDIO SCANIA FK,ZEN#0133,ALTO,D,,
IMPULSOR DE ARR | TOYOTA COROLLA/ HILU,ZEN#0140,MEDIO,C,,
IMPULSOR DE ARR | MAZDA 323/616/618/92,ZEN#0144,BAJO,C,,
IMPULSOR DE ARR | PERKINS M50 (COD. AN,ZEN#0150,MEDIO,D,,
IMPULSOR DE ARR | TRACTOR MASSEY FERGU,ZEN#0155,MEDIO,D,,
IMPULSOR DE ARR | PEUGEOT 404/ 504/ 50,ZEN#0158,BAJO,C,,
IMPULSOR DE ARR | FORD FALCON H-77 (CO,ZEN#0160,BAJO,C,,
IMPULSOR DE ARR | CHEVROLET Y FORD FAL,ZEN#0161,BAJO,C,,
IMPULSOR DE ARR | FORD FALCON D-77 (CO,ZEN#0162,BAJO,C,,
IMPULSOR DE ARR | TRACTOR JOHN DEERE 1,ZEN#0182,ALTO,D,,
IMPULSOR DE ARR | FIAT 128 Y RENAULT 4,ZEN#0183,BAJO,C,,
IMPULSOR DE ARR | CAMION MACK 11 DIENT,ZEN#0188,ALTO,D,,
IMPULSOR DE ARR | FIAT 125 Y LADA 11 D,ZEN#0213,MEDIO,C,,
PIÑON | PINON KB M. BENZ 9 D,ZEN#0218,MEDIO,D,,
IMPULSOR DE ARR | RENAULT EXPRESS CAJA,ZEN#0222,MEDIO,C,,
IMPULSOR DE ARR | FURGON M.BENZ 180 DI,ZEN#0228,MEDIO,D,,
IMPULSOR DE ARR | FORD TAUNUS Y SIERRA,ZEN#0238,BAJO,C,,
IMPULSOR DE ARR | CHEVROLET VECTRA (CO,ZEN#0243,MEDIO,C,,
IMPULSOR DE ARR | RENAULT 21/18/ FUEGO,ZEN#0248,BAJO,C,,
IMPULSOR DE ARR | PEUGEOT 504/ 505 (CO,ZEN#0287,BAJO,D,,
IMPULSOR DE ARR | FURGON FIAT IVECO (C,ZEN#0291,MEDIO,C,,
IMPULSOR DE ARR | VW SAVEIRO/ GOL/ FOR,ZEN#0293,BAJO,D,,
IMPULSOR DE ARR | ALFA ROMEO/ FIAT ALL,ZEN#0310,MEDIO,D,,
IMPULSOR DE ARR | Fiat Iveco Turbo (co,ZEN#0315,MEDIO,D,,
IMPULSOR DE ARR | MERCEDES BENZ 220/ U,ZEN#0319,MEDIO,D,,
IMPULSOR DE ARR | FORD ESCORT GHIA/ 1.,ZEN#0323,BAJO,D,,
IMPULSOR DE ARR | VW SAVEIRO/ SENDA DI,ZEN#0348,BAJO,C,,
IMPULSOR DE ARR | MITSUBISHI/ MAZDA Y,ZEN#0352,BAJO,C,,
IMPULSOR DE ARR | PEUGEOT XD2 FRANCES,ZEN#0365,MEDIO,D,,
IMPULSOR DE ARR | SCANIA FRONTAL P93 (,ZEN#0367,MEDIO,D,,
IMPULSOR DE ARR | NISSAN/ TOYOTA/ DATS,ZEN#0376,MEDIO,D,,
IMPULSOR DE ARR | DATSUN/ NISSAN 8 DIE,ZEN#0382,MEDIO,C,,
IMPULSOR DE ARR | FIAT REGATTA/ UNO/ D,ZEN#0389,BAJO,C,,
IMPULSOR DE ARR | ASIA MOTORS/ RENAULT,ZEN#0392,MEDIO,C,,
IMPULSOR DE ARR | FIAT SPAZIO Y DUNA D,ZEN#0394,MEDIO,C,,
IMPULSOR DE ARR | FIAT 10 ESTRIAS 9 DI,ZEN#0395,MEDIO,D,,
IMPULSOR DE ARR | DODGE 1500 Y PEUGEOT,ZEN#0397,BAJO,C,,
IMPULSOR DE ARR | RENAULT 18/ FUEGO (C,ZEN#0404,MEDIO,C,,
IMPULSOR DE ARR | FIAT DUCATO 9 DIENTE,ZEN#0407,MEDIO,C,,
IMPULSOR DE ARR | FURGON M.BENZ 180 DI,ZEN#0420,BAJO,C,,
IMPULSOR DE ARR | M.BENZ/ DEUTZ/ FIAT,ZEN#0438,MEDIO,C,,
IMPULSOR DE ARR | PERKINS 4 Y 6 CILIND,ZEN#0439,MEDIO,C,,
IMPULSOR DE ARR | MERCEDES BENZ 608/ 1,ZEN#0440,MEDIO,C,,
IMPULSOR DE ARR | M.BENZ Y DEUTZ AN 11,ZEN#0441,BAJO,C,,
IMPULSOR DE ARR | VW GACEL Y CARAT (CO,ZEN#0443,BAJO,C,,
IMPULSOR DE ARR | RENAULT 12/18 1.4L/,ZEN#0445,BAJO,C,,
IMPULSOR DE ARR | ISUZU/ NISSAN/ DATSU,ZEN#0448,MEDIO,C,,
IMPULSOR DE ARR | KIA SEPHIA/ MAZDA 32,ZEN#0450,BAJO,D,,
IMPULSOR DE ARR | FIAT 600 (COD. ANT:,ZEN#0453,MEDIO,C,,
IMPULSOR DE ARR | CITROEN (COD. ANT: 2,ZEN#0458,MEDIO,D,,
IMPULSOR DE ARR | PEUGEOT DIESEL LIGER,ZEN#0460,MEDIO,C,,
IMPULSOR DE ARR | RASTROJERO IME (COD.,ZEN#0462,MEDIO,C,,
IMPULSOR DE ARR | DODGE 1500 (COD. ANT,ZEN#0463,BAJO,C,,
IMPULSOR DE ARR | VW GACEL/ FORD ESCOR,ZEN#0467,BAJO,C,,
IMPULSOR DE ARR | RENAULT 18 CON HORQU,ZEN#0468,BAJO,C,,
IMPULSOR DE ARR | FORD SIERRA 1600 (CO,ZEN#0469,MEDIO,C,,
IMPULSOR DE ARR | TOYOTA COROLLA/ BMW,ZEN#0475,MEDIO,C,,
IMPULSOR DE ARR | PEUGEOT 205/ 405/ AL,ZEN#0482,BAJO,C,,
IMPULSOR DE ARR | JOHN DEERE 10 DIENTE,ZEN#0492,MEDIO,D,,
IMPULSOR DE ARR | TRACTOR ZANELLO MOTO,ZEN#0497,MEDIO,C,,
IMPULSOR DE ARR | TOYOTA COROLLA (COD.,ZEN#0498,MEDIO,C,,
IMPULSOR DE ARR | SUBARU/ NISSAN/ DATS,ZEN#0519,MEDIO,C,,
IMPULSOR DE ARR | FORD FIESTA 1.3 NAFT,ZEN#0520,BAJO,C,,
IMPULSOR DE ARR | FORD TRANSIT (COD. A,ZEN#0528,MEDIO,D,,
IMPULSOR DE ARR | CHRYSLER NEON (COD.,ZEN#0532,MEDIO,D,,
IMPULSOR DE ARR | FIAT 1600 6 ESTRIAS,ZEN#0533,MEDIO,D,,
IMPULSOR DE ARR | LADA (COD. ANT: 2010,ZEN#0540,MEDIO,D,,
IMPULSOR DE ARR | FORD TRANSIT (COD. A,ZEN#0541,MEDIO,D,,
IMPULSOR DE ARR | DELCO REMY (COD. ANT,ZEN#0556,ALTO,D,,
IMPULSOR DE ARR | Ssangyong 2.3/ 2.5 (,ZEN#0572,MEDIO,D,,
IMPULSOR DE ARR | JEEP CHEROKEE/ FIAT,ZEN#0573,MEDIO,C,,
IMPULSOR DE ARR | FIAT DUNA DIESEL 1.7,ZEN#0575,BAJO,C,,
IMPULSOR DE ARR | SUZUKI SWIFT 1.3 (CO,ZEN#0576,BAJO,C,,
IMPULSOR DE ARR | VW GOLF TD MEXICANO/,ZEN#0579,MEDIO,C,,
IMPULSOR DE ARR | Tractor Fiat 544 (co,ZEN#0594,MEDIO,C,,
IMPULSOR DE ARR | MITSUBISHI ECLIPSE/G,ZEN#0595,BAJO,C,,
IMPULSOR DE ARR | AUTOELEVADOR CLARK (,ZEN#0596,MEDIO,C,,
IMPULSOR DE ARR | Mitsubishi (cod. Ant,ZEN#0597,BAJO,D,,
IMPULSOR DE ARR | VW KOMBI (COD. ANT:,ZEN#0605,MEDIO,C,,
IMPULSOR DE ARR | DODGE 1500 (COD. ANT,ZEN#0609,MEDIO,D,,
IMPULSOR DE ARR | CHEVROLET LUMINA (CO,ZEN#0612,BAJO,C,,
IMPULSOR DE ARR | VOLKSWAGEN TRANSPORT,ZEN#0613,MEDIO,D,,
IMPULSOR DE ARR | SUZUKI VITARA (COD.,ZEN#0617,MEDIO,C,,
IMPULSOR DE ARR | VW Golf TD (eje 11mm,ZEN#0619,MEDIO,D,,
IMPULSOR DE ARR | FORD CARGO 12 DIENTE,ZEN#0624,MEDIO,C,,
IMPULSOR DE ARR | FORD CARGO 10 DIENTE,ZEN#0625,MEDIO,D,,
IMPULSOR DE ARR | FORD 700 D/14000 (CO,ZEN#0629,MEDIO,D,,
IMPULSOR DE ARR | RENAULT CLIO/ EXPRES,ZEN#0630,BAJO,C,,
IMPULSOR DE ARR | FIAT DUCATO DIESEL 9,ZEN#0631,MEDIO,D,,
IMPULSOR DE ARR | FIAT DUCATO DIESEL (,ZEN#0632,MEDIO,C,,
IMPULSOR DE ARR | NISSAN/ DATSUN (COD.,ZEN#0634,MEDIO,C,,
IMPULSOR DE ARR | FORD ESCORT XR3/ VW,ZEN#0639,MEDIO,C,,
IMPULSOR DE ARR | CHRYSLER SPIRIT (COD,ZEN#0641,MEDIO,C,,
IMPULSOR DE ARR | PEUGEOT 205 DIESEL/,ZEN#0646,MEDIO,D,,
IMPULSOR DE ARR | Delco Remy (cod. Ant,ZEN#0650,MEDIO,D,,
IMPULSOR DE ARR | MERCEDES BENZ 712 IN,ZEN#0651,MEDIO,C,,
IMPULSOR DE ARR | RENAULT TRAFIC/ 18 D,ZEN#0656,BAJO,C,,
IMPULSOR DE ARR | MERCEDES BENZ SPRINT,ZEN#0657,MEDIO,C,,
IMPULSOR DE ARR | NISSAN PATHFINDER 3.,ZEN#0687,MEDIO,D,,
IMPULSOR DE ARR | PEUGEOT 405/ 306 11,ZEN#0706,MEDIO,C,,
IMPULSOR DE ARR | RASTROJERO CAZOLETA,ZEN#0709,MEDIO,C,,
IMPULSOR DE ARR | FIAT 1500 3 ESTRIAS,ZEN#0713,MEDIO,C,,
IMPULSOR DE ARR | DODGE Y VW 1500 (COD,ZEN#0714,BAJO,C,,
IMPULSOR DE ARR | RASTROJERO IME REFOR,ZEN#0720,MEDIO,C,,
IMPULSOR DE ARR | FORD ESCORT GIRO IZQ,ZEN#0729,MEDIO,C,,
IMPULSOR DE ARR | RENAULT 4/6/12 (COD.,ZEN#0731,BAJO,C,,
IMPULSOR DE ARR | RENAULT TRAFIC (COD.,ZEN#0732,MEDIO,C,,
IMPULSOR DE ARR | CHEVROLET LUV/ ISUZU,ZEN#0737,ALTO,C,,
IMPULSOR DE ARR | FIAT REGATTA 2000/ S,ZEN#0740,MEDIO,C,,
IMPULSOR DE ARR | PEUGEOT 504/ 505 MOT,ZEN#0741,BAJO,C,,
IMPULSOR DE ARR | FORD SIERRA 1.6 PINO,ZEN#0742,MEDIO,C,,
IMPULSOR DE ARR | FIAT 128/ 147/ REGAT,ZEN#0743,BAJO,C,,
IMPULSOR DE ARR | FIAT 600 (COD. ANT:,ZEN#0744,BAJO,C,,
IMPULSOR DE ARR | CHEVROLET VECTRA (CO,ZEN#0745,BAJO,C,,
IMPULSOR DE ARR | RENAULT 19 (COD. ANT,ZEN#0747,MEDIO,C,,
IMPULSOR DE ARR | FORD PICK UP MWM D-9,ZEN#0748,MEDIO,C,,
IMPULSOR DE ARR | Jet Ski Kawasaki/ Ya,ZEN#0749,ALTO,D,,
IMPULSOR DE ARR | cuatriciclos Kawasak,ZEN#0751,ALTO,D,,
IMPULSOR DE ARR | FORD ESCORT (COD. AN,ZEN#0753,MEDIO,C,,
IMPULSOR DE ARR | CHEVROLET S10/ BLAZE,ZEN#0756,MEDIO,C,,
IMPULSOR DE ARR | FORD ESCORT CAJA MQ,ZEN#0762,MEDIO,C,,
IMPULSOR DE ARR | Suzuki Swift (cod. A,ZEN#0765,MEDIO,D,,
IMPULSOR DE ARR | CHEVROLET VECTRA (CO,ZEN#0770,BAJO,C,,
IMPULSOR DE ARR | RENAULT 18/ TRAFIC D,ZEN#0771,MEDIO,D,,
IMPULSOR DE ARR | MWM 9 DIENTES 3 ESTR,ZEN#0772,MEDIO,C,,
IMPULSOR DE ARR | JET SKI SEA DOO (COD,ZEN#0773,MEDIO,D,,
IMPULSOR DE ARR | PEUGEOT 205 GTI/405/,ZEN#0775,BAJO,C,,
IMPULSOR DE ARR | FIAT TIPO/ PALIO (CO,ZEN#0779,MEDIO,C,,
IMPULSOR DE ARR | tractores/ motopala,ZEN#0785,MEDIO,D,,
IMPULSOR DE ARR | RENAULT 12 (COD. ANT,ZEN#0786,BAJO,C,,
IMPULSOR DE ARR | PEUGEOT 405 (COD. AN,ZEN#0787,MEDIO,C,,
IMPULSOR DE ARR | Nissan con reduccion,ZEN#0790,ALTO,D,,
IMPULSOR DE ARR | NISSAN CON REDUCCION,ZEN#0791,ALTO,D,,
IMPULSOR DE ARR | FORD ESCORT MOTOR AU,ZEN#0798,MEDIO,C,,
IMPULSOR DE ARR | VW GOLF (COD. ANT: 2,ZEN#0799,MEDIO,C,,
IMPULSOR DE ARR | PEUGEOT 205/ 306/ 40,ZEN#0800,MEDIO,C,,
IMPULSOR DE ARR | CHRYSLER CHEROKEE (C,ZEN#0801,MEDIO,C,,
IMPULSOR DE ARR | PEUGEOT 405 DIESEL (,ZEN#0806,MEDIO,C,,
IMPULSOR DE ARR | SUZUKI SWIFT 1.3 (CO,ZEN#0808,MEDIO,C,,
IMPULSOR DE ARR | TOYOTA ETIOS/ COROLL,ZEN#0809,MEDIO,C,,
IMPULSOR DE ARR | Honda Accord/ Civic/,ZEN#0815,ALTO,D,,
IMPULSOR DE ARR | FORD MONDEO CLX 16V.,ZEN#0823,MEDIO,C,,
IMPULSOR DE ARR | JEEP CHEROKEE (COD.,ZEN#0825,MEDIO,D,,
IMPULSOR DE ARR | CHEVROLET D20 MOTOR,ZEN#0826,MEDIO,C,,
IMPULSOR DE ARR | MITSUBISHI (COD. ANT,ZEN#0836,MEDIO,C,,
IMPULSOR DE ARR | CHEVROLET CORSA 1.4,ZEN#0837,BAJO,C,,
IMPULSOR DE ARR | FIAT DUCATO (COD. AN,ZEN#0838,MEDIO,C,,
IMPULSOR DE ARR | RENAULT LAGUNA/ NEVA,ZEN#0843,MEDIO,C,,
IMPULSOR DE ARR | FIAT PALIO/ UNO (COD,ZEN#0846,MEDIO,C,,
IMPULSOR DE ARR | DELCO REMY (COD. ANT,ZEN#0850,MEDIO,D,,
IMPULSOR DE ARR | CHRYSLER NEON (COD.,ZEN#0852,MEDIO,C,,
IMPULSOR DE ARR | FURGON ASIA TOWNER (,ZEN#0854,MEDIO,C,,
IMPULSOR DE ARR | FIAT PALIO/ UNO (COD,ZEN#0855,BAJO,C,,
IMPULSOR DE ARR | MERCEDES BENZ INYECC,ZEN#0858,MEDIO,C,,
IMPULSOR DE ARR | FORD ESCORT/ ORION/,ZEN#0860,MEDIO,C,,
IMPULSOR DE ARR | CHEVROLET S10/ BLAZE,ZEN#0861,MEDIO,C,,
IMPULSOR DE ARR | DATSUN/ NISSAN PRIME,ZEN#0863,MEDIO,C,,
IMPULSOR DE ARR | VW GOL/ SENDA/ SAVEI,ZEN#0866,BAJO,C,,
IMPULSOR DE ARR | PEUGEOT DIESEL LIGER,ZEN#0868,BAJO,C,,
IMPULSOR DE ARR | FIAT DUCATO DIESEL (,ZEN#0875,MEDIO,C,,
IMPULSOR DE ARR | FIAT TEMPRA 1.8/2.0/,ZEN#0878,BAJO,C,,
IMPULSOR DE ARR | AUTOELEVADOR (COD. A,ZEN#0887,ALTO,D,,
IMPULSOR DE ARR | FORD KA (COD. ANT: 2,ZEN#0890,MEDIO,C,,
IMPULSOR DE ARR | Volkswagen Transport,ZEN#0900,MEDIO,D,,
IMPULSOR DE ARR | AUTOELEVADOR DAEWO (,ZEN#0906,MEDIO,D,,
IMPULSOR DE ARR | FORD TRANSIT 2.5 DIE,ZEN#0907,MEDIO,C,,
IMPULSOR DE ARR | RENAULT MASTER (COD.,ZEN#0910,MEDIO,D,,
IMPULSOR DE ARR | Delco Remy (cod. Ant,ZEN#0914,ALTO,D,,
IMPULSOR DE ARR | CHEVROLET SILVERADO,ZEN#0915,MEDIO,C,,
IMPULSOR DE ARR | FORD F100/ 250/ CHEV,ZEN#0916,MEDIO,C,,
IMPULSOR DE ARR | TOYOTA HI LUX 2.8 D/,ZEN#0921,ALTO,D,,
IMPULSOR DE ARR | FIAT PALIO/ SIENA DI,ZEN#0925,BAJO,C,,
IMPULSOR DE ARR | DEUTZ 1011 (COD. ANT,ZEN#0929,MEDIO,D,,
IMPULSOR DE ARR | VW POLO DIESEL 1.9 (,ZEN#0932,MEDIO,C,,
IMPULSOR DE ARR | VW GOL 1000 MI (COD.,ZEN#0933,MEDIO,C,,
IMPULSOR DE ARR | RENAULT 19/ CLIO/ EX,ZEN#0935,BAJO,C,,
IMPULSOR DE ARR | PEUGEOT 405 DIESEL (,ZEN#0936,MEDIO,C,,
IMPULSOR DE ARR | VW TRANSPORTER/ POLO,ZEN#0937,MEDIO,C,,
IMPULSOR DE ARR | FORD FIESTA 1.3/ FIA,ZEN#0938,MEDIO,C,,
IMPULSOR DE ARR | VW GOL MI 1.6/ SAVEI,ZEN#0942,BAJO,C,,
IMPULSOR DE ARR | RENAULT CLIO/ 19 (CO,ZEN#0945,MEDIO,C,,
IMPULSOR DE ARR | CASE EHC/ JOHN DEERE,ZEN#0948,MEDIO,D,,
IMPULSOR DE ARR | TOYOTA HILUX 2.8 (CO,ZEN#0954,ALTO,C,,
EMBRAGUE PARA I | MITSUBISHI/ NISSAN/,ZEN#0957,ALTO,D,,
IMPULSOR DE ARR | ROVER 216 (COD. ANT:,ZEN#0960,MEDIO,D,,
IMPULSOR DE ARR | MERCEDES BENZ 190D/,ZEN#0961,MEDIO,C,,
IMPULSOR DE ARR | FORD ESCORT TD/ FIES,ZEN#0962,MEDIO,C,,
IMPULSOR DE ARR | RENAULT TWINGO 1.2/,ZEN#0965,BAJO,C,,
IMPULSOR DE ARR | BMW 318/324/524 D/ L,ZEN#0969,MEDIO,D,,
IMPULSOR DE ARR | VW GOLF/ PASSAT 1.9,ZEN#0972,MEDIO,D,,
IMPULSOR DE ARR | FORD ESCORT 1.8/ FIE,ZEN#0975,MEDIO,C,,
IMPULSOR DE ARR | PEUGEOT 106/ 206/ CI,ZEN#0976,BAJO,C,,
IMPULSOR DE ARR | CHEVROLET PICK UP SI,ZEN#0978,MEDIO,C,,
IMPULSOR DE ARR | PEUGEOT 504 / 505 XD,ZEN#0983,MEDIO,C,,
IMPULSOR DE ARR | M.BENZ MOTOR 28MT 24,ZEN#0985,MEDIO,D,,
IMPULSOR DE ARR | FORD ESCORT MOTOR ZE,ZEN#0990,BAJO,C,,
IMPULSOR DE ARR | CHEVROLET PICK UP SI,ZEN#0991,MEDIO,C,,
IMPULSOR DE ARR | BMW 316/ A.ROMEO/ F.,ZEN#0997,MEDIO,C,,
IMPULSOR DE ARR | FIAT MAREA 20V./ TOY,ZEN#0998,MEDIO,C,,
IMPULSOR DE ARR | FIAT PALIO WEEKEND/,ZEN#0999,MEDIO,C,,
IMPULSOR DE ARR | CHEVROLET ZAFIRA/ CO,ZEN#10003,BAJO,C,,
IMPULSOR DE ARR | VOLKSWAGEN BORA TDI,ZEN#1017,MEDIO,D,,
IMPULSOR DE ARR | NISSAN 200 SX/ PRIME,ZEN#1020,MEDIO,C,,
IMPULSOR DE ARR | FORD F-350/400 MWM (,ZEN#1022,MEDIO,D,,
IMPULSOR DE ARR | RENAULT CLIO/ EXPRES,ZEN#1023,MEDIO,C,,
IMPULSOR DE ARR | MITSUBISHI L200/ L30,ZEN#1024,MEDIO,C,,
IMPULSOR DE ARR | FIAT DUCATO 2.5/2.8,ZEN#1025,MEDIO,D,,
IMPULSOR DE ARR | FORD F-100 MOTOR CUM,ZEN#1026,MEDIO,D,,
IMPULSOR DE ARR | CITROEN ZX/ XANTIA D,ZEN#1030,MEDIO,C,,
IMPULSOR DE ARR | PEUGEOT 206/ MERCEDE,ZEN#1031,MEDIO,C,,
IMPULSOR DE ARR | ALFA ROMEO 156 JTD/,ZEN#1033,MEDIO,C,,
IMPULSOR DE ARR | CITROEN/ MERCEDES BE,ZEN#1037,MEDIO,C,,
IMPULSOR DE ARR | NEW HOLLAND/ MERCEDE,ZEN#1038,MEDIO,C,,
EMBRAGUE PARA I | MITSUBISHI PAJERO 2.,ZEN#1047,ALTO,C,,
IMPULSOR DE ARR | DAEWO TICO (COD. ANT,ZEN#1048,MEDIO,C,,
IMPULSOR DE ARR | M.BENZ SPRINTER 2.3/,ZEN#1057,MEDIO,D,,
IMPULSOR DE ARR | RENAULT CLIO 1.6/ CL,ZEN#1058,BAJO,C,,
IMPULSOR DE ARR | NISSAN/ DATSUN (COD.,ZEN#1062,MEDIO,D,,
IMPULSOR DE ARR | CHEVROLET S10 DIESEL,ZEN#1063,BAJO,C,,
IMPULSOR DE ARR | SUZUKI FUN/ RENAULT,ZEN#1064,BAJO,C,,
IMPULSOR DE ARR | VOLKSWAGEN FOX/ GOLF,ZEN#1069,MEDIO,C,,
IMPULSOR DE ARR | FIAT DUCATO (COD. AN,ZEN#1070,MEDIO,C,,
IMPULSOR DE ARR | PEUGEOT BOXER 2.5 TD,ZEN#1072,MEDIO,D,,
IMPULSOR DE ARR | CITROEN XSARA/ ZX DI,ZEN#1074,MEDIO,C,,
IMPULSOR DE ARR | FORD F350/ F450 HEAV,ZEN#1082,MEDIO,D,,
IMPULSOR DE ARR | FORD CARGO/ F100/ F1,ZEN#1090,MEDIO,D,,
IMPULSOR DE ARR | VOLKSWAGEN CAMIONES/,ZEN#1091,MEDIO,C,,
IMPULSOR DE ARR | CAMIONES Y OMNIBUS C,ZEN#1092,MEDIO,C,,
IMPULSOR DE ARR | TOYOTA HI LUX 3.0 SW,ZEN#1097,ALTO,C,,
IMPULSOR DE ARR | AUDI A3 1.6/1.8T/TT/,ZEN#1108,MEDIO,C,,
IMPULSOR DE ARR | MERCEDES BENZ BRASIL,ZEN#1112,MEDIO,D,,
IMPULSOR DE ARR | ALFA ROMEO 145/ 146/,ZEN#1113,MEDIO,D,,
IMPULSOR DE ARR | FIAT DUCATO (COD. AN,ZEN#1117,MEDIO,C,,
IMPULSOR DE ARR | VW GOL/ SAVEIRO/ SEN,ZEN#1133,MEDIO,C,,
IMPULSOR DE ARR | FIAT DUNA/ UNO/ RENA,ZEN#1134,MEDIO,C,,
IMPULSOR DE ARR | CITROEN AX/BX/ PEUGE,ZEN#1152,MEDIO,C,,
IMPULSOR DE ARR | RENAULT CLIO I/ II/,ZEN#1153,MEDIO,C,,
IMPULSOR DE ARR | TOYOTA COROLLA (COD.,ZEN#1155,MEDIO,C,,
IMPULSOR DE ARR | Ford Ka 1.3 (cod. An,ZEN#1156,MEDIO,C,,
IMPULSOR DE ARR | FIAT IVECO EUROCARGO,ZEN#1157,MEDIO,C,,
IMPULSOR DE ARR | FIAT IVECO DAILY (CO,ZEN#1158,MEDIO,C,,
IMPULSOR DE ARR | CAMION RENAULT MIDLI,ZEN#1159,MEDIO,C,,
IMPULSOR DE ARR | RENAULT LAGUNA (COD.,ZEN#1162,MEDIO,C,,
IMPULSOR DE ARR | NISSAN FRONTIER (COD,ZEN#1168,MEDIO,C,,
IMPULSOR DE ARR | FIAT BRAVO/ BRAVA/ M,ZEN#1169,MEDIO,C,,
IMPULSOR DE ARR | TOYOTA CAMRY DESDE 1,ZEN#1170,MEDIO,C,,
IMPULSOR DE ARR | FORD ESCORT/ FIESTA,ZEN#1171,MEDIO,C,,
IMPULSOR DE ARR | RENAULT EXPRESS 1.6,ZEN#1172,MEDIO,C,,
IMPULSOR DE ARR | NISSAN/ DATSUN (COD.,ZEN#1174,MEDIO,C,,
IMPULSOR DE ARR | VW GOL III/ COUNTRY,ZEN#1177,MEDIO,C,,
IMPULSOR DE ARR | VOLVO FL 180/ 220/ 2,ZEN#1179,MEDIO,C,,
IMPULSOR DE ARR | FORD MOTOR CUMMINS S,ZEN#1190,ALTO,D,,
IMPULSOR DE ARR | FORD RANGER (COD. AN,ZEN#1192,BAJO,C,,
IMPULSOR DE ARR | FORD ESCORT (COD. AN,ZEN#1193,MEDIO,C,,
IMPULSOR DE ARR | BOBCAT/ CLARK/ DEUTZ,ZEN#1195,MEDIO,D,,
COMPONENTE IMPU | COMPONENTE IMPULSOR,ZEN#1200,MEDIO,C,,
IMPULSOR DE ARR | AUTOELEVADOR HYSTER,ZEN#1205,ALTO,C,,
IMPULSOR DE ARR | FORD ESCORT/ FIESTA/,ZEN#1208,BAJO,C,,
IMPULSOR DE ARR | CHEVROLET CORSA/ AST,ZEN#1209,MEDIO,C,,
IMPULSOR DE ARR | DELCO REMY (COD. ANT,ZEN#1210,ALTO,D,,
IMPULSOR DE ARR | FORD RANGER (COD. AN,ZEN#1217,MEDIO,C,,
IMPULSOR DE ARR | VW GOL 1.0 II/ III (,ZEN#1222,MEDIO,C,,
IMPULSOR DE ARR | VW GOL III/ COUNTRY/,ZEN#1223,MEDIO,C,,
IMPULSOR DE ARR | FORD ECOSPORT 1.4 TD,ZEN#1226,MEDIO,D,,
IMPULSOR DE ARR | FORD ESCORT TD/ MOND,ZEN#1228,MEDIO,C,,
PIÑON | MITSUBISHI CANTER (C,ZEN#12658,BAJO,D,,
PIÑON | SCANIA SERIE 4 ( PAR,ZEN#12839,BAJO,C,,
PIÑON | 29MT 10 DIENTES/ 32.,ZEN#12955,BAJO,D,,
PIÑON | 29MT 10 DIENTES/ 40.,ZEN#12957,BAJO,D,,
PIÑON | 29MT 9 DIENTES/ 36.0,ZEN#12961,BAJO,D,,
PIÑON | PARA IMPULSOR ZEN180,ZEN#12967,BAJO,D,,
PIÑON | VOLKSWAGEN CAMIONES,ZEN#12972,BAJO,D,,
IMPULSOR DE ARR | MERCEDES BENZ D-78 H,ZEN#1364,MEDIO,C,,
IMPULSOR DE ARR | FORD CARGO 1618/ F10,ZEN#1372,MEDIO,C,,
IMPULSOR DE ARR | MERCEDES BENZ SPRINT,ZEN#1458,MEDIO,C,,
IMPULSOR DE ARR | VOLKSWAGEN FOX (COD.,ZEN#1468,MEDIO,C,,
IMPULSOR DE ARR | MERCEDES BENZ SPRINT,ZEN#1469,MEDIO,C,,
IMPULSOR DE ARR | MERCEDES BENZ CLASE,ZEN#1471,BAJO,C,,
IMPULSOR DE ARR | CHRYSLER NEON/ STRAT,ZEN#1478,BAJO,C,,
IMPULSOR DE ARR | FORD ECO SPORT (COD.,ZEN#1482,MEDIO,C,,
IMPULSOR DE ARR | SEAT AROSA 1.0/ 1.4/,ZEN#1484,MEDIO,C,,
IMPULSOR DE ARR | MERCEDES BENZ CLASE,ZEN#1485,MEDIO,C,,
IMPULSOR DE ARR | ROVER 100/ 200/ 25/,ZEN#1496,MEDIO,D,,
IMPULSOR DE ARR | VOLKSWAGEN CAMION (C,ZEN#1523,MEDIO,C,,
IMPULSOR DE ARR | FORD KA/ FIESTA/ ECO,ZEN#1533,BAJO,C,,
IMPULSOR DE ARR | VOLKSWAGEN FOX/ POLO,ZEN#1534,BAJO,C,,
IMPULSOR DE ARR | CHRYSLER JEEP LIBERT,ZEN#1538,MEDIO,D,,
IMPULSOR DE ARR | FORD TRANSIT 2.4/ MO,ZEN#1539,MEDIO,C,,
IMPULSOR DE ARR | CHRYSLER NEON (COD.,ZEN#1545,MEDIO,D,,
IMPULSOR DE ARR | TOYOTA COROLLA 1.8 1,ZEN#1547,MEDIO,C,,
IMPULSOR DE ARR | AGRALE VOLARE (COD.,ZEN#1550,MEDIO,D,,
IMPULSOR DE ARR | FORD RANGER V6 (COD.,ZEN#1553,BAJO,C,,
IMPULSOR DE ARR | CHEVROLET CORSA 1.7,ZEN#1557,MEDIO,C,,
IMPULSOR DE ARR | FIAT MAREA/ BRAVA/ P,ZEN#1561,MEDIO,C,,
IMPULSOR DE ARR | TOYOTA HI-LUX (COD.,ZEN#1562,BAJO,C,,
IMPULSOR DE ARR | MITSUBISHI L200/ L30,ZEN#1567,MEDIO,C,,
IMPULSOR DE ARR | RENAULT (COD. ANT: 2,ZEN#1574,MEDIO,C,,
IMPULSOR DE ARR | PEUGEOT PARTNER/ 306,ZEN#1576,MEDIO,C,,
IMPULSOR DE ARR | FORD ESCAPE 2.3L/ RA,ZEN#1585,MEDIO,C,,
IMPULSOR DE ARR | NISSAN LIFT TRUCK/ D,ZEN#1592,MEDIO,C,,
IMPULSOR DE ARR | JOHN DEERE 4045 4 CI,ZEN#1595,MEDIO,C,,
IMPULSOR DE ARR | TRACTOR AGRALE MOTOR,ZEN#1596,MEDIO,C,,
IMPULSOR DE ARR | FORD FIESTA 1.6/ 1.4,ZEN#1597,MEDIO,C,,
IMPULSOR DE ARR | VALMET VALTRA (COD.,ZEN#1600,MEDIO,C,,
IMPULSOR DE ARR | KIA BESTA 2.2/2.7 (C,ZEN#1601,ALTO,C,,
IMPULSOR DE ARR | MASSEY FERGUSON COSE,ZEN#1602,MEDIO,D,,
IMPULSOR DE ARR | FORD CARGO/ VOLKSWAG,ZEN#1603,ALTO,D,,
IMPULSOR DE ARR | ZANELLO TRACTOR 160/,ZEN#1604,MEDIO,D,,
IMPULSOR DE ARR | Kia Pop Prime (cod.,ZEN#1605,MEDIO,D,,
IMPULSOR DE ARR | MITSUBISHI L200/ HYU,ZEN#1607,MEDIO,D,,
IMPULSOR DE ARR | FORD ECOSPORT (COD.,ZEN#1612,MEDIO,C,,
IMPULSOR DE ARR | JOHN DEERE/ NEW HOLL,ZEN#1616,MEDIO,C,,
IMPULSOR DE ARR | FORD RANGER (COD. AN,ZEN#1617,MEDIO,C,,
IMPULSOR DE ARR | RENAULT MASTER 2005,ZEN#1618,MEDIO,C,,
IMPULSOR DE ARR | CHEVROLET MERIVA/ TI,ZEN#1619,MEDIO,C,,
IMPULSOR DE ARR | DAEWO DAMAS (COD. AN,ZEN#1620,MEDIO,C,,
IMPULSOR DE ARR | RETROESCAVADORA MOTO,ZEN#1622,MEDIO,C,,
IMPULSOR DE ARR | FORD CARGO/ VOLKSWAG,ZEN#1623,MEDIO,C,,
IMPULSOR DE ARR | MERCEDES BENZ E270 C,ZEN#1629,MEDIO,D,,
IMPULSOR DE ARR | ALFA ROMEO 156/ 166,ZEN#1630,MEDIO,C,,
IMPULSOR DE ARR | AUDI A4/ A8/ VW PASS,ZEN#1631,MEDIO,D,,
IMPULSOR DE ARR | FORD RANGER/ F1000 M,ZEN#1635,MEDIO,C,,
IMPULSOR DE ARR | JOHN DEERE 6605/7705,ZEN#1637,MEDIO,C,,
IMPULSOR DE ARR | MERCEDES BENZ O364/O,ZEN#1638,MEDIO,C,,
IMPULSOR DE ARR | FIAT PUNTO 1.3 JTD 1,ZEN#1641,BAJO,C,,
IMPULSOR DE ARR | CITROEN JUMPER/ PEUG,ZEN#1642,MEDIO,C,,
IMPULSOR DE ARR | MAZDA B2000 (COD. AN,ZEN#1646,BAJO,C,,
IMPULSOR DE ARR | TRACTORES JOHN DEERE,ZEN#1647,MEDIO,D,,
IMPULSOR DE ARR | FORD CARGO 1622/2422,ZEN#1648,MEDIO,D,,
IMPULSOR DE ARR | DUCATO 2.3/2.8 TD/ B,ZEN#1650,MEDIO,C,,
IMPULSOR DE ARR | OMNIBUS PUMA (COD. A,ZEN#1651,MEDIO,D,,
IMPULSOR DE ARR | VOLKSWAGEN BORA 1.9T,ZEN#1655,MEDIO,C,,
IMPULSOR DE ARR | SCANIA P230/ 310/ 38,ZEN#1658,ALTO,C,,
IMPULSOR DE ARR | SCANIA VOLVO FH/ FM,ZEN#1661,ALTO,C,,
IMPULSOR DE ARR | FIAT UNO 2011/ PALIO,ZEN#1666,BAJO,C,,
IMPULSOR DE ARR | RENAULT LOGAN/ SANDE,ZEN#1674,BAJO,C,,
IMPULSOR DE ARR | FORD F250/ F350 (COD,ZEN#1675,MEDIO,D,,
IMPULSOR DE ARR | NEW HOLLAND/ MASSEY,ZEN#1678,MEDIO,C,,
IMPULSOR DE ARR | MERCEDES BENZ 29MT (,ZEN#1679,MEDIO,D,,
IMPULSOR DE ARR | FORD CON MOTOR CUMMI,ZEN#1684,MEDIO,C,,
IMPULSOR DE ARR | FIAT PUNTO/ STRADA/,ZEN#1685,MEDIO,C,,
IMPULSOR DE ARR | FORD KA 2010/ FIESTA,ZEN#1686,BAJO,C,,
IMPULSOR DE ARR | RENAULT MASTER 2.5 (,ZEN#1692,MEDIO,C,,
IMPULSOR DE ARR | KIA CERATO/ PICANTO/,ZEN#1695,MEDIO,C,,
IMPULSOR DE ARR | MERCEDES BENZ SPRINT,ZEN#1696,MEDIO,C,,
IMPULSOR DE ARR | FORD CARGO (COD. ANT,ZEN#1697,MEDIO,D,,
IMPULSOR DE ARR | CASE/ MASSEY FERGUSO,ZEN#1698,MEDIO,C,,
IMPULSOR DE ARR | VALTRA 685/ 685 ATS,ZEN#1699,MEDIO,D,,
IMPULSOR DE ARR | CASE/ NEW HOLLAND (C,ZEN#1700,MEDIO,D,,
IMPULSOR DE ARR | CASE/ MASSEY FERGUSO,ZEN#1701,MEDIO,D,,
IMPULSOR DE ARR | Nissan Xtrail 2.0-2.,ZEN#1702,MEDIO,D,,
IMPULSOR DE ARR | JOHN DEERE TRACTORES,ZEN#1709,MEDIO,D,,
IMPULSOR DE ARR | VOLKSWAGEN GOL 5TA G,ZEN#1712,MEDIO,C,,
IMPULSOR DE ARR | FORD FOCUS II/ C-MAX,ZEN#1714,MEDIO,C,,
IMPULSOR DE ARR | ALFA ROMEO 156 1.9JT,ZEN#1718,MEDIO,D,,
IMPULSOR DE ARR | CASE/ NEW HOLLAND MO,ZEN#1719,MEDIO,D,,
IMPULSOR DE ARR | BMW SERIE 1-3-5-6-7/,ZEN#1720,BAJO,C,,
IMPULSOR DE ARR | MOTORES M100R (VALTR,ZEN#1726,MEDIO,D,,
IMPULSOR DE ARR | RENAULT CLIO/ DUSTER,ZEN#1735,BAJO,C,,
IMPULSOR DE ARR | VOLKSWAGEN 5140/ 815,ZEN#1736,MEDIO,D,,
IMPULSOR DE ARR | VOLKSWAGEN (COD. ANT,ZEN#1741,MEDIO,D,,
IMPULSOR DE ARR | FORD CARGO (COD. ANT,ZEN#1743,MEDIO,C,,
IMPULSOR DE ARR | CHEVROLET PRISMA/ ON,ZEN#1745,BAJO,C,,
IMPULSOR DE ARR | TRACTOR DEUTZ - ESCA,ZEN#1751,MEDIO,D,,
IMPULSOR DE ARR | FIAT PUNTO/PALIO/DOB,ZEN#1752,BAJO,C,,
IMPULSOR DE ARR | JOHN DEERE/ BOBCAT/,ZEN#1754,ALTO,D,,
IMPULSOR DE ARR | RENAULT LOGAN/ SANDE,ZEN#1755,MEDIO,C,,
IMPULSOR DE ARR | RENAULT CLIO II/ KAN,ZEN#1756,MEDIO,C,,
IMPULSOR DE ARR | RENAULT DUSTER 2.0/,ZEN#1757,BAJO,C,,
"IMPULSOR DE ARR | CITROEN BERLINGO 1,6",ZEN#1758,MEDIO,C,,
IMPULSOR DE ARR | HONDA FIT/ CITY (COD,ZEN#1759,MEDIO,C,,
"IMPULSOR DE ARR | NISSAN MARCH 1,6 (CO",ZEN#1761,MEDIO,C,,
"IMPULSOR DE ARR | NISSAN TIIDA 1,8/ SE",ZEN#1762,MEDIO,C,,
"IMPULSOR DE ARR | CITROEN BERLINGO 1,4",ZEN#1763,BAJO,C,,
IMPULSOR DE ARR | FORD MONDEO 2.5/ RAN,ZEN#1764,BAJO,C,,
IMPULSOR DE ARR | VOLKSWAGEN AMAROK (C,ZEN#1768,MEDIO,C,,
IMPULSOR DE ARR | DODGE JOURNEY 2.4/ J,ZEN#1771,MEDIO,C,,
IMPULSOR DE ARR | CITROEN BERLINGO/ RE,ZEN#1774,MEDIO,C,,
IMPULSOR DE ARR | HYUNDAI ELANTRA/ TIB,ZEN#1775,BAJO,C,,
IMPULSOR DE ARR | CHEVROLET S10 2.8 20,ZEN#1776,MEDIO,C,,
IMPULSOR DE ARR | FIAT BRAVO 1.4/ SIEN,ZEN#1779,MEDIO,C,,
IMPULSOR DE ARR | VOLKSWAGEN CAMIONES,ZEN#1784,MEDIO,D,,
IMPULSOR DE ARR | FORD CARGO M101R/ VO,ZEN#1785,MEDIO,C,,
IMPULSOR DE ARR | FORD ECOSPORT/ FOCUS,ZEN#1787,BAJO,C,,
IMPULSOR DE ARR | FORD ECOSPORT/ FOCUS,ZEN#1788,MEDIO,C,,
IMPULSOR DE ARR | FIAT DUCATO 2.3 MULT,ZEN#1790,MEDIO,C,,
IMPULSOR DE ARR | FORD ECOSPORT/ FIEST,ZEN#1791,BAJO,C,,
IMPULSOR DE ARR | RENAULT LOGAN SANDER,ZEN#1801,MEDIO,C,,
IMPULSOR DE ARR | VOLKSWAGEN UP - GOLF,ZEN#1803,MEDIO,C,,
IMPULSOR DE ARR | AGRALE/ CASE/ FIAT A,ZEN#1805,MEDIO,C,,
IMPULSOR DE ARR | SCANIA 124 (COD. ANT,ZEN#1806,ALTO,C,,
IMPULSOR DE ARR | FORD RANGER 2.2/ 3.2,ZEN#1807,BAJO,C,,
IMPULSOR DE ARR | MERCEDES BENZ ACTROS,ZEN#1808,MEDIO,D,,
IMPULSOR DE ARR | FORD CARGO ELECTRONI,ZEN#1809,ALTO,C,,
IMPULSOR DE ARR | FIAT ALLIS/ MACK/ NE,ZEN#1810,ALTO,D,,
IMPULSOR DE ARR | CITROEN BERLINGO/ C4,ZEN#1812,MEDIO,C,,
IMPULSOR DE ARR | TOYOTA COROLLA/ HILU,ZEN#1813,MEDIO,C,,
IMPULSOR DE ARR | IVECO DAILY 2008 (CO,ZEN#1815,BAJO,C,,
IMPULSOR DE ARR | CITROEN BERLINGO/ C3,ZEN#1822,MEDIO,C,,
IMPULSOR DE ARR | FORD FIESTA 2015 (CO,ZEN#1825,MEDIO,C,,
IMPULSOR DE ARR | AUDI A1 1.2/ 1.4/ A3,ZEN#1826,MEDIO,D,,
IMPULSOR DE ARR | CON REDUCCION DAIHAT,ZEN#1827,ALTO,D,,
IMPULSOR DE ARR | CON REDUCCION CASE/,ZEN#1829,ALTO,D,,
IMPULSOR DE ARR | CON REDUCCION TOYOTA,ZEN#1830,ALTO,C,,
IMPULSOR DE ARR | CON REDUCCION BOBCAT,ZEN#1831,ALTO,C,,
IMPULSOR DE ARR | CATERPILLAR/ FORD 65,ZEN#1837,ALTO,D,,
IMPULSOR DE ARR | RENAULT MASTER/ MEGA,ZEN#1838,MEDIO,C,,
IMPULSOR DE ARR | FORD F250/ 350/ 4000,ZEN#1845,MEDIO,C,,
IMPULSOR DE ARR | AUDI A3 1.9 TDI/ 2.0,ZEN#1856,MEDIO,D,,
IMPULSOR DE ARR | FORD TRANSIT/ CITROE,ZEN#1874,MEDIO,C,,
IMPULSOR DE ARR | CON PLANETARIO INTEG,ZEN#1875,MEDIO,C,,
"IMPULSOR DE ARR | APLICACIONES FIAT, P",ZEN#1877,MEDIO,C,,
IMPULSOR DE ARR | CON PLANETARIO INTEG,ZEN#1879,MEDIO,C,,
IMPULSOR DE ARR | FIAT DOBLO/ PUNTO/ S,ZEN#1882,BAJO,C,,
IMPULSOR DE ARR | MERCEDES BENZ 1215/,ZEN#1888,ALTO,C,,
IMPULSOR DE ARR | VOLKSWAGEN/ AUDI A3,ZEN#1890,MEDIO,D,,
IMPULSOR DE ARR | AUDI A3 2010 A 2013/,ZEN#1891,MEDIO,C,,
IMPULSOR DE ARR | VOLKSWAGEN GOL/ FOX/,ZEN#1893,MEDIO,C,,
IMPULSOR DE ARR | FIAT TORO / DOBLO (C,ZEN#1899,MEDIO,C,,
IMPULSOR DE ARR | FIAT 500/ FIORINO/ P,ZEN#1908,BAJO,C,,
IMPULSOR DE ARR | CHEVROLET COBAL/ CRU,ZEN#1911,BAJO,C,,
IMPULSOR DE ARR | TOYOTA HI LUX (COD.,ZEN#1914,MEDIO,C,,
IMPULSOR DE ARR | RENAULT DUSTER/ OROC,ZEN#1915,MEDIO,C,,
IMPULSOR DE ARR | TOYOTA HILUX (COD. A,ZEN#1919,MEDIO,D,,
IMPULSOR DE ARR | RENAULT PREMIUM VW 2,ZEN#1921,MEDIO,C,,
IMPULSOR DE ARR | CHEVROLET CRUZE 1.4T,ZEN#1922,MEDIO,D,,
IMPULSOR DE ARR | FORD FIESTA/ FOCUS (,ZEN#1933,MEDIO,C,,
IMPULSOR DE ARR | VOLKSWAGEN UP/ FOX/,ZEN#1934,MEDIO,C,,
IMPULSOR DE ARR | JOHN DEERE 5045D 3.0,ZEN#1937,MEDIO,D,,
IMPULSOR DE ARR | CHEVROLET S10 LS DD4,ZEN#1946,BAJO,C,,
IMPULSOR DE ARR | JOHN DEERE COSECHADO,ZEN#1952,MEDIO,D,,
IMPULSOR DE ARR | Denso Toyota Hilux 2,ZEN#2004,MEDIO,C,,
TAPA TRASERA | TAPA TRASERA MWM,ZEN#2402,BAJO,D,,
TAPA DE ALTERNA | TAPA DE ALTERNADOR V,ZEN#3118,MEDIO,D,,
POLEA DE ALTERN | SISTEMA RUEDA LIBRE,ZEN#5374,MEDIO,C,,
POLEA DE ALTERN | SISTEMA RUEDA LIBRE,ZEN#5375,MEDIO,D,,
POLEA DE ALTERN | SISTEMA RUEDA LIBRE,ZEN#5376,MEDIO,D,,
POLEA DE ALTERN | SISTEMA RUEDA LIBRE,ZEN#5378,MEDIO,C,,
POLEA DE ALTERN | sistema rueda libre,ZEN#5379,MEDIO,D,,
POLEA DE ALTERN | SISTEMA RUEDA LIBRE,ZEN#5380,MEDIO,C,,
POLEA DE ALTERN | SISTEMA RUEDA LIBRE,ZEN#5381,MEDIO,C,,
POLEA DE ALTERN | SISTEMA RUEDA LIBRE,ZEN#5382,MEDIO,D,,
POLEA DE ALTERN | SISTEMA RUEDA LIBRE,ZEN#5383,MEDIO,C,,
POLEA DE ALTERN | SISTEMA RUEDA LIBRE,ZEN#5384,MEDIO,D,,
POLEA DE ALTERN | sistema rueda libre,ZEN#5388,MEDIO,D,,
POLEA DE ALTERN | SISTEMA RUEDA LIBRE,ZEN#5389,MEDIO,C,,
POLEA DE ALTERN | SISTEMA RUEDA LIBRE,ZEN#5390,MEDIO,D,,
POLEA DE ALTERN | SISTEMA RUEDA LIBRE,ZEN#5392,MEDIO,D,,
POLEA DE ALTERN | SISTEMA RUEDA LIBRE,ZEN#5393,MEDIO,D,,
POLEA DE ALTERN | SISTEMA RUEDA LIBRE,ZEN#5395,MEDIO,C,,
POLEA DE ALTERN | SISTEMA RUEDA LIBRE,ZEN#5396,MEDIO,C,,
POLEA DE ALTERN | SISTEMA RUEDA LIBRE,ZEN#5403,MEDIO,C,,
POLEA DE ALTERN | sistema rueda libre,ZEN#5408,MEDIO,D,,
POLEA DE ALTERN | SISTEMA RUEDA LIBRE,ZEN#5409,MEDIO,C,,
POLEA DE ALTERN | SISTEMA RUEDA LIBRE,ZEN#5410,MEDIO,C,,
POLEA DE ALTERN | SISTEMA RUEDA LIBRE,ZEN#5422,MEDIO,D,,
POLEA DE ALTERN | SISTEMA RUEDA LIBRE,ZEN#5423,MEDIO,C,,
POLEA DE ALTERN | SISTEMA RUEDA LIBRE,ZEN#5435,MEDIO,D,,
POLEA DE ALTERN | SISTEMA RUEDA LIBRE,ZEN#5437,MEDIO,C,,
POLEA DE ALTERN | SISTEMA RUEDA LIBRE,ZEN#5449,MEDIO,C,,
POLEA DE ALTERN | SISTEMA RUEDA LIBRE,ZEN#5450,MEDIO,C,,
POLEA DE ALTERN | SISTEMA RUEDA LIBRE,ZEN#5452,MEDIO,C,,
POLEA DE ALTERN | SISTEMA RUEDA LIBRE,ZEN#5453,MEDIO,C,,
POLEA DE ALTERN | SISTEMA RUEDA LIBRE,ZEN#5455,MEDIO,D,,
POLEA DE ALTERN | SISTEMA RUEDA LIBRE,ZEN#5457,MEDIO,C,,
POLEA DE ALTERN | SISTEMA RUEDA LIBRE,ZEN#5459,MEDIO,D,,
POLEA DE ALTERN | SISTEMA RUEDA LIBRE,ZEN#5461,MEDIO,D,,
POLEA DE ALTERN | SISTEMA RUEDA LIBRE,ZEN#5462,MEDIO,C,,
POLEA DE ALTERN | SISTEMA RUEDA LIBRE,ZEN#5464,MEDIO,C,,
POLEA DE ALTERN | SISTEMA RUEDA LIBRE,ZEN#5467,MEDIO,C,,
POLEA DE ALTERN | SISTEMA RUEDA LIBRE,ZEN#5468,MEDIO,C,,
POLEA DE ALTERN | SISTEMA RUEDA LIBRE,ZEN#5492,MEDIO,C,,
POLEA DE ALTERN | SISTEMA RUEDA LIBRE,ZEN#5493,MEDIO,C,,
POLEA DE ALTERN | sistema rueda libre,ZEN#5502,MEDIO,D,,
POLEA DE ALTERN | SISTEMA RUEDA LIBRE,ZEN#5503,MEDIO,D,,
POLEA DE ALTERN | SISTEMA RUEDA LIBRE,ZEN#5507,MEDIO,C,,
POLEA DE ALTERN | SISTEMA RUEDA LIBRE,ZEN#5509,MEDIO,C,,
POLEA DE ALTERN | SISTEMA RUEDA LIBRE,ZEN#5510,MEDIO,D,,
POLEA DE ALTERN | SISTEMA RUEDA LIBRE,ZEN#5512,MEDIO,C,,
POLEA DE ALTERN | SISTEMA RUEDA LIBRE,ZEN#5513,MEDIO,D,,
POLEA DE ALTERN | SISTEMA RUEDA LIBRE,ZEN#5514,MEDIO,C,,
POLEA DE ALTERN | sistema rueda libre,ZEN#5519,MEDIO,D,,
POLEA DE ALTERN | SISTEMA RUEDA LIBRE,ZEN#5522,MEDIO,C,,
POLEA DE ALTERN | SISTEMA RUEDA LIBRE,ZEN#5524,MEDIO,D,,
POLEA DE ALTERN | SISTEMA RUEDA LIBRE,ZEN#5562,MEDIO,C,,
POLEA DE ALTERN | SISTEMA RUEDA LIBRE,ZEN#5565,MEDIO,C,,
POLEA DE ALTERN | SISTEMA RUEDA LIBRE,ZEN#5567,MEDIO,C,,
POLEA DE ALTERN | SISTEMA RUEDA LIBRE,ZEN#5575,MEDIO,C,,
POLEA DE ALTERN | SISTEMA RUEDA LIBRE,ZEN#5580,MEDIO,C,,
POLEA DE ALTERN | SISTEMA RUEDA LIBRE,ZEN#5581,MEDIO,C,,
POLEA DE ALTERN | SISTEMA RUEDA LIBRE,ZEN#5584,MEDIO,C,,
POLEA DE ALTERN | SISTEMA RUEDA LIBRE,ZEN#5587,MEDIO,D,,
POLEA DE ALTERN | sistema rueda libre,ZEN#5594,MEDIO,C,,
POLEA DE ALTERN | SISTEMA RUEDA LIBRE,ZEN#5607,MEDIO,C,,
POLEA DE ALTERN | SISTEMA RUEDA LIBRE,ZEN#5622,MEDIO,C,,
POLEA DE ALTERN | SISTEMA RUEDA LIBRE,ZEN#5629,MEDIO,C,,
POLEA DE ALTERN | SISTEMA RUEDA LIBRE,ZEN#5644,MEDIO,C,,
POLEA DE ALTERN | SISTEMA RUEDA LIBRE,ZEN#5663,MEDIO,C,,
POLEA DE ALTERN | sistema rueda libre,ZEN#5668,MEDIO,D,,
POLEA DE ALTERN | SISTEMA RUEDA LIBRE,ZEN#5670,MEDIO,C,,
POLEA DE ALTERN | SISTEMA RUEDA LIBRE,ZEN#5675,MEDIO,C,,
POLEA DE ALTERN | SISTEMA RUEDA LIBRE,ZEN#5676,MEDIO,C,,
POLEA DE ALTERN | SISTEMA RUEDA LIBRE,ZEN#5677,MEDIO,C,,
POLEA DE ALTERN | SISTEMA RUEDA LIBRE,ZEN#5678,MEDIO,C,,
POLEA DE ALTERN | SISTEMA RUEDA LIBRE,ZEN#5697,MEDIO,C,,
POLEA DE ALTERN | SISTEMA RUEDA LIBRE,ZEN#5706,MEDIO,C,,
POLEA DE ALTERN | sistema rueda libre,ZEN#5707,MEDIO,C,,
POLEA DE ALTERN | SISTEMA RUEDA LIBRE,ZEN#5708,MEDIO,C,,
POLEA DE ALTERN | CON AMORTIGUACION RU,ZEN#6006,ALTO,C,,
PIÑON | 9 DIENTES (COD. ANT:,ZEN#9186,BAJO,C,,
PIÑON | 11 DIENTES (COD. ANT,ZEN#9301,BAJO,C,,
EJE CON PINON | PARA EQUIPOS CON RED,ZEN#9488,BAJO,D,,
SOLENOIDE DE AR | KIA CERATO/ FORTE/ S,ZM_1-261,MEDIO,C,,
SOLENOIDE DE AR | MERCEDES BENZ 1362L/,ZM_1-362,ALTO,D,,
SOLENOIDE DE AR | FORD COURRIER/ FIEST,ZM_1-371,MEDIO,C,,
SOLENOIDE DE AR | NISSAN/ RENAULT LAGU,ZM_1-379,MEDIO,C,,
SOLENOIDE DE AR | ALFA ROMEO 145/ 146/,ZM_1-381,MEDIO,C,,
SOLENOIDE DE AR | RELE AUXILIAR RENAUL,ZM_1-408,MEDIO,D,,
SOLENOIDE DE AR | BOBINA 1.2/ 1.4 KW 1,ZM_1-421,BAJO,D,,
SOLENOIDE DE AR | Chevrolet Vectra/ As,ZM_1-473,MEDIO,C,,
SOLENOIDE DE AR | FIAT PALIO 1.6 16V.1,ZM_1-475,MEDIO,C,,
SOLENOIDE DE AR | FORD CARGO 1217/1417,ZM_1-482,MEDIO,D,,
SOLENOIDE DE AR | MWM X10 229 SERIES/,ZM_1-483,MEDIO,D,,
SOLENOIDE DE AR | ALLIS MOTOR DEUTZ/ C,ZM_1-484,MEDIO,C,,
SOLENOIDE DE AR | CASE/ CATERPILLAR/ C,ZM_1-485,MEDIO,C,,
SOLENOIDE DE AR | RENAULT CLIO 1.3/ 1.,ZM_1-491,MEDIO,C,,
SOLENOIDE DE AR | Citroen (cod. Ant: 5,ZM_1-492,MEDIO,D,,
SOLENOIDE DE AR | VOLKSWAGEN TRANSPORT,ZM_1-493,MEDIO,D,,
SOLENOIDE DE AR | FIAT MOTORES 1.3 JTD,ZM_1-495,MEDIO,C,,
SOLENOIDE DE AR | AUDI A3 2003/2004/ S,ZM_1-498,MEDIO,C,,
SOLENOIDE DE AR | Ford F4000/ tractor,ZM_1-518,MEDIO,D,,
SOLENOIDE DE AR | MERCEDES BENZ CLASE,ZM_1-590,MEDIO,C,,
SOLENOIDE DE AR | CITROEN/ PEUGEOT 1.9,ZM_1-592,MEDIO,D,,
SOLENOIDE DE AR | RENAULT CLIO 1.9D/ 2,ZM_1-594,MEDIO,D,,
SOLENOIDE DE AR | RENAULT TORINO CORTO,ZM_1-595,MEDIO,C,,
SOLENOIDE DE AR | HONDA HRV 1.6 16V./,ZM_1-608,MEDIO,D,,
SOLENOIDE DE AR | MERCEDES BENZ 712/ 9,ZM_1-639,MEDIO,C,,
SOLENOIDE DE AR | HONDA/ ISUZU/ KOMATS,ZM_1-684,MEDIO,C,,
SOLENOIDE DE AR | JEEP CHEROKEE/ WRANG,ZM_1-695,MEDIO,C,,
SOLENOIDE DE AR | NISSAN SENTRA/ TIIDA,ZM_1-710,MEDIO,C,,
SOLENOIDE DE AR | JOHN DEERE/ RENAULT,ZM_1-716,MEDIO,D,,
SOLENOIDE DE AR | Nissan Pathfinder/ T,ZM_1-717,MEDIO,D,,
SOLENOIDE DE AR | Nissan 12v. (cod. An,ZM_1-719,MEDIO,D,,
SOLENOIDE DE AR | FIAT IVECO EUROCARGO,ZM_1-732,MEDIO,C,,
SOLENOIDE DE AR | FORD TAURUS/ AEROSTA,ZM_1-760,MEDIO,C,,
SOLENOIDE DE AR | FORD KA/ ESCORT/ MON,ZM_1-761,MEDIO,C,,
SOLENOIDE DE AR | VOLKSWAGEN FOX (COD.,ZM_1-773,MEDIO,C,,
SOLENOIDE DE AR | RENAULT CLIO/ LAGUNA,ZM_1-777,MEDIO,C,,
SOLENOIDE DE AR | FIAT/ DEUTZ/ M.BENZ,ZM_1-801,MEDIO,C,,
SOLENOIDE DE AR | PEUGEOT 504/ 505 XD2,ZM_1-803,MEDIO,C,,
SOLENOIDE DE AR | M.BENZ 1720A/ CASE/,ZM_1-818,MEDIO,C,,
SOLENOIDE DE AR | CASE FARM/ MASSEY FE,ZM_1-825,MEDIO,D,,
SOLENOIDE DE AR | CHEVROLET ASTRA 1.8/,ZM_1-865,MEDIO,D,,
SOLENOIDE DE AR | VOLKSWAGEN GOL 1.0 M,ZM_1-972,MEDIO,C,,
SOLENOIDE DE AR | Mercedes Benz Clase,ZM_1-973,MEDIO,D,,
SOLENOIDE DE AR | FIAT MOTOR FIRE (COD,ZM_1-974,MEDIO,C,,
SOLENOIDE DE AR | TOYOTA COROLLA LINEA,ZM_1-978,MEDIO,C,,
SOLENOIDE DE AR | CHRYSLER PT CRUISER,ZM_1-979,MEDIO,D,,
SOLENOIDE DE AR | NISSAN TERRANO 2.7 T,ZM_1-981,MEDIO,C,,
SOLENOIDE DE AR | CITROEN AX/ XSARA/ C,ZM_1-993,MEDIO,C,,
SOLENOIDE DE AR | FORD FOCUS/ FIESTA N,ZM_1-995,MEDIO,C,,
SOLENOIDE DE AR | MOTO HONDA NX200/ XR,ZM_101,BAJO,D,,
SOLENOIDE DE AR | MERCEDES BENZ CLASE,ZM_2-371,MEDIO,D,,
SOLENOIDE DE AR | CITROEN JUMPER 2.8/,ZM_2-381,MEDIO,C,,
SOLENOIDE DE AR | Fiat Strada (cod. An,ZM_2-382,MEDIO,D,,
SOLENOIDE DE AR | Citroen C5/ Peugeot,ZM_2-397,MEDIO,D,,
SOLENOIDE DE AR | AUXILIAR UNIVERSAL 2,ZM_2-401,BAJO,C,,
SOLENOIDE DE AR | FIAT DUCATO 2.8/ IVE,ZM_2-479,MEDIO,C,,
SOLENOIDE DE AR | FORD CAMIONES MWM P1,ZM_2-482,MEDIO,C,,
SOLENOIDE DE AR | DAEWO ESPERO/ LANOS/,ZM_2-484,MEDIO,C,,
SOLENOIDE DE AR | PEUGEOT 504 DIES/ AG,ZM_2-485,MEDIO,C,,
SOLENOIDE DE AR | RENAULT CLIO 1.6/ KA,ZM_2-491,MEDIO,C,,
SOLENOIDE DE AR | PEUGEOT 206 DESDE 20,ZM_2-492,MEDIO,C,,
SOLENOIDE DE AR | CITROEN BERLINGO/ PE,ZM_2-494,MEDIO,C,,
SOLENOIDE DE AR | RENAUL MEGANE/ SCENI,ZM_2-495,MEDIO,C,,
SOLENOIDE DE AR | RENAULT MASTER 2.2/,ZM_2-496,MEDIO,C,,
SOLENOIDE DE AR | RENAULT CLIO/ LOGAN/,ZM_2-498,MEDIO,C,,
SOLENOIDE DE AR | VOLKSWAGEN TRANSPORT,ZM_2-573,MEDIO,D,,
SOLENOIDE DE AR | FIAT PALIO 16V./ SIE,ZM_2-595,MEDIO,C,,
SOLENOIDE DE AR | Nissan/ Isuzu 24v. (,ZM_2-689,MEDIO,D,,
SOLENOIDE DE AR | CHEVROLET BLAZER/ S1,ZM_2-695,MEDIO,C,,
SOLENOIDE DE AR | CHEVROLET SILVERADO,ZM_2-716,MEDIO,C,,
SOLENOIDE DE AR | NISSAN ALMERA/ PRIME,ZM_2-719,MEDIO,D,,
SOLENOIDE DE AR | FORD EXPLORER 12V. (,ZM_2-762,MEDIO,D,,
SOLENOIDE DE AR | Lada Laika/ Niva 1.5,ZM_2-773,MEDIO,D,,
SOLENOIDE DE AR | ,ZM_2-818,MEDIO,C,,
SOLENOIDE DE AR | FIAT PALIO/ STRADA 1,ZM_2-860,MEDIO,C,,
SOLENOIDE DE AR | VOLVO CAMIONES 2009-,ZM_2-897,MEDIO,C,,
SOLENOIDE DE AR | FIAT UNO 12V. (COD.,ZM_2-974,MEDIO,C,,
SOLENOIDE DE AR | TOYOTA COROLLA DESDE,ZM_2-978,MEDIO,C,,
SOLENOIDE DE AR | RENAULT MASTER 1.9/,ZM_2-993,MEDIO,C,,
SOLENOIDE DE AR | CHEVROLET AGILE/ MON,ZM_261,MEDIO,C,,
SOLENOIDE DE AR | SCANIA P Y R 24V.,ZM_291,MEDIO,C,,
SOLENOIDE DE AR | Citroen Jumper 2.2/,ZM_3-381,MEDIO,D,,
SOLENOIDE DE AR | IVECO DAILY 35S14-45,ZM_3-382,MEDIO,C,,
SOLENOIDE DE AR | FIAT DUCATO 2.8 TDI/,ZM_3-395,MEDIO,C,,
SOLENOIDE DE AR | AUDI A3 1.6/ 1.8T/ S,ZM_3-482,MEDIO,C,,
SOLENOIDE DE AR | Ford Escort/ Fiesta/,ZM_3-484,MEDIO,D,,
SOLENOIDE DE AR | VOLKSWAGEN CAMIONES,ZM_3-485,MEDIO,C,,
SOLENOIDE DE AR | VOLVO S40 1.9 DI/TDI,ZM_3-491,MEDIO,D,,
SOLENOIDE DE AR | PEUGEOT 206/ RENAULT,ZM_3-492,MEDIO,C,,
SOLENOIDE DE AR | CITROEN SAXO 1.4/ BE,ZM_3-494,MEDIO,C,,
SOLENOIDE DE AR | FIAT SIENA/ PALIO 1.,ZM_3-495,MEDIO,C,,
SOLENOIDE DE AR | CITROEN BERLINGO/C3/,ZM_3-497,MEDIO,C,,
SOLENOIDE DE AR | VOLKSWAGEN AMAROK 2.,ZM_3-498,MEDIO,C,,
SOLENOIDE DE AR | FORD CARGO 24V.,ZM_3-536,MEDIO,C,,
SOLENOIDE DE AR | MERCEDES BENZ ELECTR,ZM_3-571,MEDIO,D,,
SOLENOIDE DE AR | FIAT PALIO 1.0 12V.,ZM_3-595,MEDIO,C,,
SOLENOIDE DE AR | SCANIA SERIE P/ R/ T,ZM_3-639,MEDIO,C,,
SOLENOIDE DE AR | FORD TRACTORES 12V.,ZM_3-640,MEDIO,D,,
SOLENOIDE DE AR | RENAULT/ FIAT TIPO 1,ZM_3-651,MEDIO,C,,
SOLENOIDE DE AR | ASIA TOWER (COD. ANT,ZM_3-698,MEDIO,D,,
SOLENOIDE DE AR | NISSAN SENTRA 12V.,ZM_3-777,MEDIO,D,,
SOLENOIDE DE AR | FORD FOCUS/ EXPLORER,ZM_3-795,MEDIO,D,,
SOLENOIDE DE AR | CITROEN XSARA/ PICAS,ZM_3-973,MEDIO,C,,
SOLENOIDE DE AR | TOYOTA HILUX 3.0TD,ZM_3-978,MEDIO,C,,
SOLENOIDE DE AR | ALFA ROMEO 147/ 156/,ZM_3-993,MEDIO,D,,
SOLENOIDE DE AR | CLARK/ CUMMINS/ PERK,ZM_352,ALTO,D,,
SOLENOIDE DE AR | MERCEDES BENZ/ VOLKS,ZM_360,ALTO,C,,
SOLENOIDE DE AR | FORD ESCORT/ FIESTA/,ZM_371,MEDIO,C,,
SOLENOIDE DE AR | RENAULT LAGUNA/ SAFR,ZM_372,MEDIO,D,,
SOLENOIDE DE AR | RENAULT CLIO 1.1/ 1.,ZM_373,MEDIO,D,,
SOLENOIDE DE AR | RENAULT CLIO 1.2/ 1.,ZM_374,MEDIO,C,,
SOLENOIDE DE AR | CITROEN BERLINGO 1.8,ZM_376,MEDIO,C,,
SOLENOIDE DE AR | CITROEN BERLINGO1.4/,ZM_377,MEDIO,C,,
SOLENOIDE DE AR | BMW SERIE 3 DESDE 88,ZM_378,MEDIO,D,,
SOLENOIDE DE AR | RENAULT CLIO/ MEGANE,ZM_379,MEDIO,D,,
SOLENOIDE DE AR | AUDI A3/ VOLSKWAGEN,ZM_381,MEDIO,C,,
SOLENOIDE DE AR | VOLKSWAGEN FOX/ GOL/,ZM_382,MEDIO,C,,
SOLENOIDE DE AR | HYUNDAI I20/ KIA CER,ZM_391,MEDIO,C,,
SOLENOIDE DE AR | FORD ESCORT/ FIESTA,ZM_395,MEDIO,C,,
SOLENOIDE DE AR | FIAT PALIO/ SIENA/ U,ZM_4-381,MEDIO,C,,
SOLENOIDE DE AR | FORD ECOSPORT/ KA/ F,ZM_4-391,MEDIO,C,,
SOLENOIDE DE AR | FIAT PALIO/ SIENA MO,ZM_4-395,MEDIO,C,,
SOLENOIDE DE AR | AGRALE MOTOR MWM/ FO,ZM_4-482,MEDIO,C,,
SOLENOIDE DE AR | VW GOL 1.6/ 2.0 MOTO,ZM_4-485,MEDIO,C,,
SOLENOIDE DE AR | Hyundai/ Kia 12v.,ZM_4-491,MEDIO,D,,
SOLENOIDE DE AR | VOLKSWAGEN 1.0/1.6 C,ZM_4-492,MEDIO,C,,
SOLENOIDE DE AR | FIAT 147/ DUNA/ REGA,ZM_4-495,MEDIO,C,,
SOLENOIDE DE AR | FIAT PALIO 1.6 12V.,ZM_4-595,MEDIO,C,,
SOLENOIDE DE AR | FIAT DUNA/ UNO/ REGA,ZM_4-651,MEDIO,D,,
SOLENOIDE DE AR | MITSUBISHI/ MAZDA/ N,ZM_4-698,MEDIO,C,,
SOLENOIDE DE AR | VOLKSWAGEN CADDY/ GO,ZM_4-773,MEDIO,D,,
SOLENOIDE DE AR | PEUGEOT 306/ 405 1.9,ZM_4-973,MEDIO,C,,
SOLENOIDE DE AR | Chrysler Stratus (co,ZM_4-992,MEDIO,D,,
SOLENOIDE DE AR | FORD/ CHEVROLET/ DOD,ZM_401,BAJO,C,,
SOLENOIDE DE AR | AUXILIAR MERCEDES BE,ZM_403,MEDIO,C,,
SOLENOIDE DE AR | AUXILIAR MERCEDES BE,ZM_409,MEDIO,C,,
SOLENOIDE DE AR | CHEVROLET CORSA/ COM,ZM_410,MEDIO,C,,
SOLENOIDE DE AR | CHEVROLET ASTRA 1.7,ZM_411,MEDIO,D,,
BOBINA DE MOTOR | BOBINA TOYOTA 12V. (,ZM_41993,BAJO,D,,
SOLENOIDE DE AR | BOBINA 1.2/ 1.4/ 1.8,ZM_421,BAJO,D,,
SOLENOIDE DE AR | CORTE DE BOMBA INYEC,ZM_441,ALTO,D,,
SOLENOIDE DE AR | Toyota Pick up 37 MT,ZM_450,ALTO,D,,
SOLENOIDE DE AR | FORD CARGO/ VOLKSWAG,ZM_452,ALTO,D,,
SOLENOIDE DE AR | MOTOR 37 MT 12V. (CO,ZM_454,ALTO,D,,
SOLENOIDE DE AR | M.BENZ MOTOR 37 MT 2,ZM_460,ALTO,D,,
SOLENOIDE DE AR | CATERPILLAR/ CASE MO,ZM_461,ALTO,D,,
SOLENOIDE DE AR | MOTOR 37 MT SERIE DD,ZM_467,ALTO,D,,
SOLENOIDE DE AR | RENAULT 11/ 18/ FORD,ZM_471,MEDIO,C,,
SOLENOIDE DE AR | BMW/ MERCEDES BENZ/,ZM_475,MEDIO,D,,
SOLENOIDE DE AR | CAMIONES VOLKSWAGEN,ZM_476,MEDIO,D,,
SOLENOIDE DE AR | RENAULT CLIO 1.6 12V,ZM_478,MEDIO,C,,
SOLENOIDE DE AR | FIAT DIESEL 12V. (CO,ZM_479,MEDIO,C,,
SOLENOIDE DE AR | FORD F100/ F250/ CHE,ZM_480,MEDIO,C,,
SOLENOIDE DE AR | CHEVROLET SILVERADO,ZM_481,MEDIO,D,,
SOLENOIDE DE AR | FORD F100 MWM 6 CIL.,ZM_482,MEDIO,C,,
SOLENOIDE DE AR | FORD CAMIONES MWM 5.,ZM_483,MEDIO,D,,
SOLENOIDE DE AR | CITROEN JUMPER 2.8 1,ZM_484,MEDIO,C,,
SOLENOIDE DE AR | CITROEN BERLINGO/ C5,ZM_485,MEDIO,C,,
SOLENOIDE DE AR | CASE/ CATERPILLAR/ C,ZM_486,MEDIO,D,,
SOLENOIDE DE AR | RENAULT MEGANE/ SENI,ZM_490,MEDIO,C,,
SOLENOIDE DE AR | PEUGEOT/ SUZUKI/ CIT,ZM_491,MEDIO,C,,
SOLENOIDE DE AR | VALEO 12V. (COD. ANT,ZM_492,MEDIO,C,,
SOLENOIDE DE AR | SUZUKI FUN (COD. ANT,ZM_494,MEDIO,C,,
SOLENOIDE DE AR | MERCEDES BENZ 168 SE,ZM_495,MEDIO,C,,
SOLENOIDE DE AR | RENAULT CLIO/ EXPRES,ZM_496,MEDIO,C,,
SOLENOIDE DE AR | CITROEN XSARA/ JUMPE,ZM_497,MEDIO,C,,
SOLENOIDE DE AR | FORD ECOSPORT 1.0/ 1,ZM_498,MEDIO,C,,
SOLENOIDE DE AR | Mercedes Benz 180/ 2,ZM_5-381,MEDIO,D,,
SOLENOIDE DE AR | CITROEN BERLINGO/ PE,ZM_5-391,BAJO,C,,
SOLENOIDE DE AR | CHEVROLET ASTRA/ COR,ZM_5-395,MEDIO,D,,
"SOLENOIDE DE AR | MERCEDES BENZ 712, 9",ZM_5-409,MEDIO,D,,
SOLENOIDE DE AR | CHEVROLET ASTRA/ CAL,ZM_5-473,MEDIO,D,,
SOLENOIDE DE AR | VOLKSWAGEN CAMIONES/,ZM_5-485,MEDIO,C,,
SOLENOIDE DE AR | VOLKSWAGEN GOLF/ BOR,ZM_5-492,MEDIO,D,,
SOLENOIDE DE AR | RENAULT CLIO/ LOGAN/,ZM_5-494,MEDIO,C,,
SOLENOIDE DE AR | FIAT REGATTA/ LANCIA,ZM_5-651,MEDIO,D,,
SOLENOIDE DE AR | Ford F350/ F400 5.0/,ZM_5-777,MEDIO,D,,
SOLENOIDE DE AR | MERCEDES BENZ ATEGO/,ZM_5-898,MEDIO,D,,
SOLENOIDE DE AR | KOMATSU AUTOELEVADOR,ZM_5-981,MEDIO,D,,
SOLENOIDE DE AR | CITROEN C4/ C5 1.8/,ZM_5-993,MEDIO,C,,
SOLENOIDE DE AR | FORD/ CHEVROLET MOTO,ZM_501,MEDIO,C,,
SOLENOIDE DE AR | Ford Galaxy/ F100/ F,ZM_503,MEDIO,D,,
SOLENOIDE DE AR | VW SAVEIRO/ GOL 1.6/,ZM_511,MEDIO,C,,
SOLENOIDE DE AR | VW SENDA/ SAVEIRO DI,ZM_512,MEDIO,D,,
SOLENOIDE DE AR | VW SAVEIRO DIESEL/ G,ZM_513,MEDIO,C,,
SOLENOIDE DE AR | VW PASSAT/ GOL/ SAVE,ZM_516,MEDIO,D,,
SOLENOIDE DE AR | camiones Ford 4000 4,ZM_518,MEDIO,D,,
SOLENOIDE DE AR | MASSEY FERGUSON CON,ZM_519,MEDIO,D,,
SOLENOIDE DE AR | VW/ Audi/ Porsche 12,ZM_521,MEDIO,D,,
SOLENOIDE DE AR | CHEVETTE/ AUDI/ OPEL,ZM_522,MEDIO,D,,
SOLENOIDE DE AR | MERCEDES BENZ BRASIL,ZM_531,MEDIO,C,,
SOLENOIDE DE AR | RASTROJERO EJD 12V.,ZM_533,MEDIO,D,,
SOLENOIDE DE AR | Agrale/ CBT/ Fiat Al,ZM_534,MEDIO,D,,
SOLENOIDE DE AR | MERCEDES BENZ BRASIL,ZM_536,MEDIO,C,,
SOLENOIDE DE AR | FORD CARGO/ TRACTOR,ZM_537,MEDIO,D,,
SOLENOIDE DE AR | Case/ Deutz/ Ford/ M,ZM_543,MEDIO,D,,
SOLENOIDE DE AR | FIAT IVECO DAILY/ ME,ZM_544,MEDIO,D,,
SOLENOIDE DE AR | IVECO 24V. (COD. ANT,ZM_545,MEDIO,D,,
SOLENOIDE DE AR | CHEVROLET APACHE (CO,ZM_551,MEDIO,D,,
SOLENOIDE DE AR | Delco Remy 12v. (cod,ZM_555,MEDIO,D,,
SOLENOIDE DE AR | PEUGEOT/ DODGE 1500,ZM_560,MEDIO,D,,
SOLENOIDE DE AR | RENAULT/ FIAT 128 MO,ZM_561,MEDIO,C,,
SOLENOIDE DE AR | VW GOL/ FORD ESCORT,ZM_571,MEDIO,C,,
SOLENOIDE DE AR | CHEVROLET MONZA/ KAD,ZM_572,MEDIO,C,,
SOLENOIDE DE AR | CHEVETTE/ FIAT 147/,ZM_573,MEDIO,C,,
SOLENOIDE DE AR | FIAT DUNA 1500/ UNO,ZM_574,MEDIO,C,,
SOLENOIDE DE AR | VOLKSWAGEN SCIROCCO,ZM_576,MEDIO,D,,
SOLENOIDE DE AR | Ford Fiesta 1.6 (cod,ZM_578,MEDIO,D,,
SOLENOIDE DE AR | LADA NIVA/ SAMARA (C,ZM_579,MEDIO,D,,
SOLENOIDE DE AR | Ford Escort/ Galaxy/,ZM_580,MEDIO,C,,
SOLENOIDE DE AR | Honda/ Nissan 12v. (,ZM_581,MEDIO,D,,
SOLENOIDE DE AR | NISSAN PICK UP DIESE,ZM_582,MEDIO,D,,
SOLENOIDE DE AR | NISSAN (COD. ANT: 55,ZM_583,MEDIO,C,,
SOLENOIDE DE AR | HONDA ACCORD/ CIVIC/,ZM_584,MEDIO,D,,
SOLENOIDE DE AR | PEUGEOT 405/ RENAULT,ZM_590,MEDIO,C,,
SOLENOIDE DE AR | CHEVROLET CORSA (COD,ZM_591,MEDIO,C,,
SOLENOIDE DE AR | Renault 4/ 12/ Trafi,ZM_592,MEDIO,D,,
SOLENOIDE DE AR | PEUGEOT 505/ RENAULT,ZM_593,MEDIO,D,,
SOLENOIDE DE AR | RENAULT CLIO 1.2/ 1.,ZM_594,MEDIO,C,,
SOLENOIDE DE AR | PEUGEOT 306/ 405 (CO,ZM_595,MEDIO,C,,
SOLENOIDE DE AR | PEUGEOT/ RENAULT (CO,ZM_596,MEDIO,C,,
SOLENOIDE DE AR | PEUGEOT/ CITROEN/ RE,ZM_597,MEDIO,C,,
SOLENOIDE DE AR | PEUGEOT 205 (COD. AN,ZM_599,MEDIO,C,,
SOLENOIDE DE AR | RENAULT LOGAN/ SANDE,ZM_6-271,MEDIO,C,,
SOLENOIDE DE AR | FIAT PALIO/ BRAVO/ B,ZM_6-395,MEDIO,D,,
SOLENOIDE DE AR | RENAULT SANDERO/ CLI,ZM_6-492,MEDIO,C,,
SOLENOIDE DE AR | CHEVROLET AVEO/ SONI,ZM_6-494,MEDIO,C,,
SOLENOIDE DE AR | FIAT PALIO/ SIENA 12,ZM_6-595,MEDIO,C,,
SOLENOIDE DE AR | ALFA ROMEO 145 TD/ 1,ZM_6-651,MEDIO,C,,
SOLENOIDE DE AR | CHEVROLET ASTRA/ VEC,ZM_6-860,MEDIO,D,,
SOLENOIDE DE AR | VOLKSWAGEN 5-140E/ 8,ZM_6-972,MEDIO,C,,
SOLENOIDE DE AR | RENAULT LOGAN/ SANDE,ZM_6-993,MEDIO,D,,
SOLENOIDE DE AR | HONDA CIVIC/ ACCORD/,ZM_603,MEDIO,D,,
SOLENOIDE DE AR | HONDA ACCORD/ CRX/ C,ZM_606,MEDIO,C,,
SOLENOIDE DE AR | HONDA PRELUDE 4 CILI,ZM_607,MEDIO,D,,
SOLENOIDE DE AR | Honda Civic 1.6/ Del,ZM_608,MEDIO,D,,
SOLENOIDE DE AR | M50/ Case/ Clark/ Ma,ZM_610,ALTO,D,,
SOLENOIDE DE AR | M127/ CASE/ CLARK/ M,ZM_613,MEDIO,D,,
SOLENOIDE DE AR | TRACTORES FORD 12V.,ZM_614,MEDIO,D,,
SOLENOIDE DE AR | FORD RANGER/ ROVER (,ZM_615,MEDIO,D,,
SOLENOIDE DE AR | SERIE JF/ ALFA ROMEO,ZM_631,MEDIO,D,,
SOLENOIDE DE AR | NASHVILLE 12V. (COD.,ZM_634,MEDIO,C,,
SOLENOIDE DE AR | NASHVILLE 24V. (COD.,ZM_635,MEDIO,D,,
SOLENOIDE DE AR | Scania P93/ Volvo ar,ZM_638,MEDIO,C,,
SOLENOIDE DE AR | FIAT/ PEUGEOT/ DODGE,ZM_650,MEDIO,C,,
SOLENOIDE DE AR | FIAT UNO/ DUNA DIESE,ZM_651,MEDIO,C,,
SOLENOIDE DE AR | Peugeot diesel 12v.,ZM_653,MEDIO,D,,
SOLENOIDE DE AR | FIAT DIESEL/ ALFA RO,ZM_654,MEDIO,D,,
SOLENOIDE DE AR | FIAT DUCATO/ IVECO D,ZM_655,MEDIO,C,,
SOLENOIDE DE AR | Fiat Iveco 24v./ Fia,ZM_656,MEDIO,C,,
SOLENOIDE DE AR | FIAT IVECO/ RENAULT,ZM_657,MEDIO,D,,
SOLENOIDE DE AR | DAIHATSU/ TOYOTA/ SU,ZM_660,MEDIO,D,,
SOLENOIDE DE AR | SUZUKI/ TOYOTA CELIC,ZM_661,MEDIO,D,,
SOLENOIDE DE AR | Toyota Celica/ Land,ZM_662,MEDIO,D,,
SOLENOIDE DE AR | CHRYSLER/ DODGE RAM,ZM_665,MEDIO,C,,
SOLENOIDE DE AR | VW GOL GTI/ FORD GAL,ZM_671,MEDIO,C,,
SOLENOIDE DE AR | PEUGEOT 205/ CITROEN,ZM_672,MEDIO,D,,
SOLENOIDE DE AR | Mercedes Benz 180/ B,ZM_674,MEDIO,D,,
SOLENOIDE DE AR | Chrysler Caravan/ Da,ZM_675,MEDIO,D,,
SOLENOIDE DE AR | Jeep Cherokee (cod.,ZM_677,MEDIO,D,,
SOLENOIDE DE AR | CITROEN SAXO/ XSARA/,ZM_679,MEDIO,C,,
SOLENOIDE DE AR | NISSAN/ HONDA (COD.,ZM_680,MEDIO,D,,
SOLENOIDE DE AR | NISSAN PICKUP/ MAXIM,ZM_681,MEDIO,D,,
SOLENOIDE DE AR | Nissan Sentra 12v. (,ZM_682,MEDIO,D,,
SOLENOIDE DE AR | Honda/ Nissan/ Isuzu,ZM_683,MEDIO,D,,
SOLENOIDE DE AR | CHEVROLET LUV/ ISUZU,ZM_684,MEDIO,C,,
SOLENOIDE DE AR | ISUZU DIESEL 12V. (C,ZM_685,MEDIO,C,,
SOLENOIDE DE AR | CHEVROLET LUV NAFTA,ZM_686,MEDIO,D,,
SOLENOIDE DE AR | NISSAN PICK UP DIESE,ZM_688,MEDIO,D,,
SOLENOIDE DE AR | NISSAN 310/ SENTRA/,ZM_690,MEDIO,D,,
SOLENOIDE DE AR | MITSUBISHI/ MAZDA/ H,ZM_691,MEDIO,D,,
SOLENOIDE DE AR | Mazda Pick up/ Nissa,ZM_692,MEDIO,D,,
SOLENOIDE DE AR | FORD RANGER DIESEL/,ZM_695,MEDIO,C,,
SOLENOIDE DE AR | MITSUBISHI/ SUBARU/,ZM_697,MEDIO,C,,
SOLENOIDE DE AR | MITSUBISHI/ MAZDA/ N,ZM_698,MEDIO,C,,
SOLENOIDE DE AR | AUDI A3/ BMW SERIE 3,ZM_7-381,MEDIO,C,,
SOLENOIDE DE AR | RENAULT CLIO/ LOGAN/,ZM_7-492,MEDIO,D,,
SOLENOIDE DE AR | CHEVROLET S10/ TRAIL,ZM_7-494,MEDIO,C,,
SOLENOIDE DE AR | RENAULT CLIO/ KANGOO,ZM_7-495,MEDIO,C,,
SOLENOIDE DE AR | FIAT BRAVO/ BRAVA/ M,ZM_7-595,MEDIO,C,,
SOLENOIDE DE AR | FIAT UNO 1.2 12V. (C,ZM_7-651,MEDIO,D,,
SOLENOIDE DE AR | Audi A4/ A6/ Volkswa,ZM_7-773,MEDIO,D,,
SOLENOIDE DE AR | FORD FOCUS/ ECOSPORT,ZM_7-860,MEDIO,C,,
SOLENOIDE DE AR | HONDA CIVIC (COD. AN,ZM_702,MEDIO,D,,
SOLENOIDE DE AR | CHEVROLET/ ISUZU/ TO,ZM_703,MEDIO,D,,
SOLENOIDE DE AR | DAIHATSU/ SUBARU/ TO,ZM_704,MEDIO,C,,
SOLENOIDE DE AR | DAIHATSU (COD. ANT:,ZM_708,MEDIO,D,,
SOLENOIDE DE AR | Honda Civic 1.5/ CRX,ZM_712,MEDIO,D,,
SOLENOIDE DE AR | Nissan Van/ Pick up,ZM_713,MEDIO,D,,
SOLENOIDE DE AR | FORD ESCORT/ ORION/,ZM_716,MEDIO,C,,
SOLENOIDE DE AR | ISUZU TROOPER 3.2L/,ZM_717,MEDIO,D,,
SOLENOIDE DE AR | NISSAN 12V. (COD. AN,ZM_719,MEDIO,D,,
SOLENOIDE DE AR | MERCEDES BENZ ARRANQ,ZM_731,MEDIO,C,,
SOLENOIDE DE AR | FORD F250 CON MOTOR,ZM_735,MEDIO,C,,
SOLENOIDE DE AR | CAMIONES IVECO/ RENA,ZM_740,MEDIO,D,,
SOLENOIDE DE AR | FORD KA/ RANGER/ EXP,ZM_760,MEDIO,D,,
SOLENOIDE DE AR | FORD FIESTA/ ESCORT/,ZM_761,MEDIO,C,,
SOLENOIDE DE AR | FORD POWER STROKE DI,ZM_766,MEDIO,D,,
SOLENOIDE DE AR | FORD RANGER 2.5/ 3.0,ZM_769,MEDIO,D,,
SOLENOIDE DE AR | MERCEDES BENZ 450/ 3,ZM_772,MEDIO,D,,
SOLENOIDE DE AR | FORD ESCORT 1.8/ MON,ZM_773,MEDIO,C,,
SOLENOIDE DE AR | CHEVROLET VECTRA/ OM,ZM_775,MEDIO,D,,
SOLENOIDE DE AR | RENAULT 19/ CLIO DIE,ZM_777,MEDIO,C,,
SOLENOIDE DE AR | RENAULT CLIO 1.4/ 1.,ZM_779,MEDIO,C,,
SOLENOIDE DE AR | ISUZU TROOPER/ PICKU,ZM_781,MEDIO,D,,
SOLENOIDE DE AR | Mitsubishi/ Hyundai/,ZM_790,MEDIO,D,,
SOLENOIDE DE AR | NISSAN SENTRA (COD.,ZM_792,MEDIO,C,,
SOLENOIDE DE AR | Mitsubishi/ Nissan/,ZM_794,MEDIO,D,,
SOLENOIDE DE AR | MITSUBISHI PMGR STAR,ZM_795,MEDIO,C,,
SOLENOIDE DE AR | Mitsubishi Colt/ Gal,ZM_798,MEDIO,D,,
SOLENOIDE DE AR | MITSUBISHI/ NISSAN (,ZM_799,MEDIO,D,,
SOLENOIDE DE AR | RENAULT DUSTER/ LOGA,ZM_8-494,MEDIO,C,,
SOLENOIDE DE AR | CITROEN BERLINGO/ XA,ZM_8-860,MEDIO,C,,
SOLENOIDE DE AR | PERKINS AN 115/ PEUG,ZM_801,MEDIO,C,,
SOLENOIDE DE AR | M.BENZ AN 115/ DEUTZ,ZM_802,MEDIO,C,,
SOLENOIDE DE AR | FORD F100/ CHEVROLET,ZM_803,MEDIO,D,,
SOLENOIDE DE AR | CUMMINS MOTOR 28 MT,ZM_805,MEDIO,C,,
SOLENOIDE DE AR | MOTOR 28 MT 24V. (CO,ZM_810,ALTO,D,,
SOLENOIDE DE AR | MERCEDES BENZ 28 MT,ZM_815,ALTO,D,,
SOLENOIDE DE AR | 28 MT 12V. (COD. ANT,ZM_817,MEDIO,D,,
SOLENOIDE DE AR | MERCEDES BENZ 1418/,ZM_818,MEDIO,D,,
SOLENOIDE DE AR | FORD F100/ ECONO FAL,ZM_821,MEDIO,C,,
SOLENOIDE DE AR | FORD FALCON/ TAUNUS,ZM_822,MEDIO,C,,
SOLENOIDE DE AR | NEW HOLLAND/ CASE/ M,ZM_826,MEDIO,D,,
SOLENOIDE DE AR | MERCEDES BENZ SUPER,ZM_831,ALTO,C,,
SOLENOIDE DE AR | MERCEDES BENZ SUPER,ZM_832,ALTO,C,,
SOLENOIDE DE AR | MERCEDES BENZ,ZM_835,ALTO,D,,
SOLENOIDE DE AR | CATERPILLAR 3126/ C7,ZM_840,ALTO,D,,
SOLENOIDE DE AR | CHEVROLET BLAZER (CO,ZM_860,MEDIO,C,,
SOLENOIDE DE AR | CHEVROLET LUMINA/ IS,ZM_861,MEDIO,C,,
SOLENOIDE DE AR | CHEVROLET LUMINA/ IS,ZM_862,MEDIO,D,,
SOLENOIDE DE AR | DAEWO SUPER SLALOM/,ZM_864,MEDIO,D,,
SOLENOIDE DE AR | CHEVROLET CORSA/ AST,ZM_865,MEDIO,D,,
SOLENOIDE DE AR | VW GOL/ SAVEIRO/ SEN,ZM_871,MEDIO,C,,
SOLENOIDE DE AR | CHEVROLET MONZA (COD,ZM_872,MEDIO,C,,
SOLENOIDE DE AR | CITROEN BERLINGO D/J,ZM_873,MEDIO,D,,
SOLENOIDE DE AR | Volkswagen Quantum/,ZM_875,MEDIO,D,,
SOLENOIDE DE AR | FIAT TEMPRA/ UNO/ DU,ZM_878,MEDIO,C,,
SOLENOIDE DE AR | VW GOL 1000 (COD. AN,ZM_879,MEDIO,D,,
SOLENOIDE DE AR | FORD TRANSIT/ RANGER,ZM_890,MEDIO,D,,
SOLENOIDE DE AR | FORD RANGER/ MITSUBI,ZM_891,MEDIO,C,,
SOLENOIDE DE AR | CAMIONES FORD 12V. (,ZM_892,MEDIO,C,,
SOLENOIDE DE AR | MITSUBISHI/ NISSAN/,ZM_893,MEDIO,D,,
SOLENOIDE DE AR | MITSUBISHI/ MAZDA DI,ZM_894,MEDIO,C,,
SOLENOIDE DE AR | MITSUBISHI/ MAZDA DI,ZM_896,MEDIO,D,,
SOLENOIDE DE AR | ,ZM_898,MEDIO,D,,
SOLENOIDE DE AR | FIAT BRAVO/ BRAVA/ M,ZM_9-595,MEDIO,C,,
SOLENOIDE DE AR | CASE/ FORD CARGO 161,ZM_9-636,MEDIO,D,,
AUTOMATICO DE A | AUTOMATICO DE ARRANQ,ZM_901,MEDIO,C,,
SOLENOIDE DE AR | AUTOMATICO DE EMPUJE,ZM_902,MEDIO,C,,
SOLENOIDE DE AR | AUTOMATICO DE ARRANQ,ZM_903,MEDIO,C,,
SOLENOIDE DE AR | CATERPILLAR 24V. (CO,ZM_950,ALTO,D,,
SOLENOIDE DE AR | CATERPILLAR/ CASE 12,ZM_951,ALTO,D,,
SOLENOIDE DE AR | FORD FIESTA/ FOCUS 1,ZM_961,MEDIO,C,,
SOLENOIDE DE AR | VW GOL/ SENDA DIESEL,ZM_971,MEDIO,C,,
SOLENOIDE DE AR | VW GOLF 2000/ POLO D,ZM_972,MEDIO,C,,
SOLENOIDE DE AR | FORD FIESTA 1.4 (COD,ZM_973,MEDIO,C,,
SOLENOIDE DE AR | FIAT PALIO/ WEEK-END,ZM_974,MEDIO,C,,
SOLENOIDE DE AR | CHEVROLET S10 DIESEL,ZM_975,MEDIO,C,,
SOLENOIDE DE AR | LAND ROVER DEFENDER,ZM_976,MEDIO,D,,
SOLENOIDE DE AR | FIAT DUCATO 2.5 D/TD,ZM_977,MEDIO,C,,
SOLENOIDE DE AR | TOYOTA COROLLA DESDE,ZM_978,MEDIO,C,,
SOLENOIDE DE AR | Chrysler Neon/ Strat,ZM_979,MEDIO,D,,
SOLENOIDE DE AR | Nissan 2.5/ 2.3 dies,ZM_980,MEDIO,D,,
SOLENOIDE DE AR | ISUZU 3.3 DIESEL/ TL,ZM_981,MEDIO,C,,
SOLENOIDE DE AR | Chrysler Stratus/ Se,ZM_992,MEDIO,D,,
SOLENOIDE DE AR | JEEP JPX 12V. (COD.,ZM_993,MEDIO,C,,
SOLENOIDE DE AR | RENAULT KANGOO/ LOGA,ZM_995,MEDIO,C,,